Passport,Destination,Requirement
Afghanistan,Albania,
Afghanistan,Algeria,
Afghanistan,Andorra,
Afghanistan,Angola,
Afghanistan,Antigua and Barbuda,
Afghanistan,Argentina,
Afghanistan,Armenia,
Afghanistan,Australia,
Afghanistan,Austria,
Afghanistan,Azerbaijan,
Afghanistan,Bahamas,
Afghanistan,Bahrain,
Afghanistan,Bangladesh,
Afghanistan,Barbados,
Afghanistan,Belarus,
Afghanistan,Belgium,
Afghanistan,Belize,
Afghanistan,Benin,
Afghanistan,Bhutan,
Afghanistan,Bolivia,
Afghanistan,Bosnia and Herzegovina,
Afghanistan,Botswana,
Afghanistan,Brazil,
Afghanistan,Brunei,
Afghanistan,Bulgaria,
Afghanistan,Burkina Faso,
Afghanistan,Burundi,
Afghanistan,Cambodia,
Afghanistan,Cameroon,
Afghanistan,Canada,
Afghanistan,Cape Verde,
Afghanistan,Central African Republic,
Afghanistan,Chad,
Afghanistan,Chile,
Afghanistan,China,
Afghanistan,Colombia,
Afghanistan,Comoros,
Afghanistan,Congo,
Afghanistan,DR Congo,
Afghanistan,Costa Rica,
Afghanistan,Ivory Coast,
Afghanistan,Croatia,
Afghanistan,Cuba,
Afghanistan,Cyprus,
Afghanistan,Czech Republic,
Afghanistan,Denmark,
Afghanistan,Djibouti,
Afghanistan,Dominica,
Afghanistan,Dominican Republic,
Afghanistan,Ecuador,
Afghanistan,Egypt,
Afghanistan,El Salvador,
Afghanistan,Equatorial Guinea,
Afghanistan,Eritrea,
Afghanistan,Estonia,
Afghanistan,Swaziland,
Afghanistan,Ethiopia,
Afghanistan,Fiji,
Afghanistan,Finland,
Afghanistan,France,
Afghanistan,Gabon,
Afghanistan,Gambia,
Afghanistan,Georgia,
Afghanistan,Germany,
Afghanistan,Ghana,
Afghanistan,Greece,
Afghanistan,Grenada,
Afghanistan,Guatemala,
Afghanistan,Guinea,
Afghanistan,Guinea-Bissau,
Afghanistan,Guyana,
Afghanistan,Haiti,
Afghanistan,Honduras,
Afghanistan,Hong Kong,
Afghanistan,Hungary,
Afghanistan,Iceland,
Afghanistan,India,
Afghanistan,Indonesia,
Afghanistan,Iran,
Afghanistan,Iraq,
Afghanistan,Ireland,
Afghanistan,Israel,
Afghanistan,Italy,
Afghanistan,Jamaica,
Afghanistan,Japan,
Afghanistan,Jordan,
Afghanistan,Kazakhstan,
Afghanistan,Kenya,
Afghanistan,Kiribati,
Afghanistan,Kosovo,
Afghanistan,Kuwait,
Afghanistan,Kyrgyzstan,
Afghanistan,Laos,
Afghanistan,Latvia,
Afghanistan,Lebanon,
Afghanistan,Lesotho,
Afghanistan,Liberia,
Afghanistan,Libya,
Afghanistan,Liechtenstein,
Afghanistan,Lithuania,
Afghanistan,Luxembourg,
Afghanistan,Macao,
Afghanistan,Madagascar,
Afghanistan,Malawi,
Afghanistan,Malaysia,
Afghanistan,Maldives,
Afghanistan,Mali,
Afghanistan,Malta,
Afghanistan,Marshall Islands,
Afghanistan,Mauritania,
Afghanistan,Mauritius,
Afghanistan,Mexico,
Afghanistan,Micronesia,
Afghanistan,Moldova,
Afghanistan,Monaco,
Afghanistan,Mongolia,
Afghanistan,Montenegro,
Afghanistan,Morocco,
Afghanistan,Mozambique,
Afghanistan,Myanmar,
Afghanistan,Namibia,
Afghanistan,Nauru,
Afghanistan,Nepal,
Afghanistan,Netherlands,
Afghanistan,New Zealand,
Afghanistan,Nicaragua,
Afghanistan,Niger,
Afghanistan,Nigeria,
Afghanistan,North Korea,
Afghanistan,North Macedonia,
Afghanistan,Norway,
Afghanistan,Oman,
Afghanistan,Pakistan,
Afghanistan,Palau,
Afghanistan,Palestine,
Afghanistan,Panama,
Afghanistan,Papua New Guinea,
Afghanistan,Paraguay,
Afghanistan,Peru,
Afghanistan,Philippines,
Afghanistan,Poland,
Afghanistan,Portugal,
Afghanistan,Qatar,
Afghanistan,Romania,
Afghanistan,Russia,
Afghanistan,Rwanda,
Afghanistan,Saint Kitts and Nevis,
Afghanistan,Saint Lucia,
Afghanistan,Samoa,
Afghanistan,San Marino,
Afghanistan,Sao Tome and Principe,
Afghanistan,Saudi Arabia,
Afghanistan,Senegal,
Afghanistan,Serbia,
Afghanistan,Seychelles,
Afghanistan,Sierra Leone,
Afghanistan,Singapore,
Afghanistan,Slovakia,
Afghanistan,Slovenia,
Afghanistan,Solomon Islands,
Afghanistan,Somalia,
Afghanistan,South Africa,
Afghanistan,South Korea,
Afghanistan,South Sudan,
Afghanistan,Spain,
Afghanistan,Sri Lanka,
Afghanistan,Saint Vincent and the Grenadines,
Afghanistan,Sudan,
Afghanistan,Suriname,
Afghanistan,Sweden,
Afghanistan,Switzerland,
Afghanistan,Syria,
Afghanistan,Taiwan,
Afghanistan,Tajikistan,
Afghanistan,Tanzania,
Afghanistan,Thailand,
Afghanistan,Timor-Leste,
Afghanistan,Togo,
Afghanistan,Tonga,
Afghanistan,Trinidad and Tobago,
Afghanistan,Tunisia,
Afghanistan,Turkmenistan,
Afghanistan,Tuvalu,
Afghanistan,Turkey,
Afghanistan,Uganda,
Afghanistan,Ukraine,
Afghanistan,United Arab Emirates,
Afghanistan,United Kingdom,
Afghanistan,United States,
Afghanistan,Uruguay,
Afghanistan,Uzbekistan,
Afghanistan,Vanuatu,
Afghanistan,Vatican,
Afghanistan,Venezuela,
Afghanistan,Vietnam,
Afghanistan,Yemen,
Afghanistan,Zambia,
Afghanistan,Zimbabwe,
Afghanistan,Afghanistan,-1
Albania,Albania,-1
Albania,Algeria,
Albania,Andorra,
Albania,Angola,
Albania,Antigua and Barbuda,
Albania,Argentina,
Albania,Armenia,
Albania,Australia,
Albania,Austria,
Albania,Azerbaijan,
Albania,Bahamas,
Albania,Bahrain,
Albania,Bangladesh,
Albania,Barbados,
Albania,Belarus,
Albania,Belgium,
Albania,Belize,
Albania,Benin,
Albania,Bhutan,
Albania,Bolivia,
Albania,Bosnia and Herzegovina,
Albania,Botswana,
Albania,Brazil,
Albania,Brunei,
Albania,Bulgaria,
Albania,Burkina Faso,
Albania,Burundi,
Albania,Cambodia,
Albania,Cameroon,
Albania,Canada,
Albania,Cape Verde,
Albania,Central African Republic,
Albania,Chad,
Albania,Chile,
Albania,China,
Albania,Colombia,
Albania,Comoros,
Albania,Congo,
Albania,DR Congo,
Albania,Costa Rica,
Albania,Ivory Coast,
Albania,Croatia,
Albania,Cuba,
Albania,Cyprus,
Albania,Czech Republic,
Albania,Denmark,
Albania,Djibouti,
Albania,Dominica,
Albania,Dominican Republic,
Albania,Ecuador,
Albania,Egypt,
Albania,El Salvador,
Albania,Equatorial Guinea,
Albania,Eritrea,
Albania,Estonia,
Albania,Swaziland,
Albania,Ethiopia,
Albania,Fiji,
Albania,Finland,
Albania,France,
Albania,Gabon,
Albania,Gambia,
Albania,Georgia,
Albania,Germany,
Albania,Ghana,
Albania,Greece,
Albania,Grenada,
Albania,Guatemala,
Albania,Guinea,
Albania,Guinea-Bissau,
Albania,Guyana,
Albania,Haiti,
Albania,Honduras,
Albania,Hong Kong,
Albania,Hungary,
Albania,Iceland,
Albania,India,
Albania,Indonesia,
Albania,Iran,
Albania,Iraq,
Albania,Ireland,
Albania,Israel,
Albania,Italy,
Albania,Jamaica,
Albania,Japan,
Albania,Jordan,
Albania,Kazakhstan,
Albania,Kenya,
Albania,Kiribati,
Albania,Kosovo,
Albania,Kuwait,
Albania,Kyrgyzstan,
Albania,Laos,
Albania,Latvia,
Albania,Lebanon,
Albania,Lesotho,
Albania,Liberia,
Albania,Libya,
Albania,Liechtenstein,
Albania,Lithuania,
Albania,Luxembourg,
Albania,Macao,
Albania,Madagascar,
Albania,Malawi,
Albania,Malaysia,
Albania,Maldives,
Albania,Mali,
Albania,Malta,
Albania,Marshall Islands,
Albania,Mauritania,
Albania,Mauritius,
Albania,Mexico,
Albania,Micronesia,
Albania,Moldova,
Albania,Monaco,
Albania,Mongolia,
Albania,Montenegro,
Albania,Morocco,
Albania,Mozambique,
Albania,Myanmar,
Albania,Namibia,
Albania,Nauru,
Albania,Nepal,
Albania,Netherlands,
Albania,New Zealand,
Albania,Nicaragua,
Albania,Niger,
Albania,Nigeria,
Albania,North Korea,
Albania,North Macedonia,
Albania,Norway,
Albania,Oman,
Albania,Pakistan,
Albania,Palau,
Albania,Palestine,
Albania,Panama,
Albania,Papua New Guinea,
Albania,Paraguay,
Albania,Peru,
Albania,Philippines,
Albania,Poland,
Albania,Portugal,
Albania,Qatar,
Albania,Romania,
Albania,Russia,
Albania,Rwanda,
Albania,Saint Kitts and Nevis,
Albania,Saint Lucia,
Albania,Samoa,
Albania,San Marino,
Albania,Sao Tome and Principe,
Albania,Saudi Arabia,
Albania,Senegal,
Albania,Serbia,
Albania,Seychelles,
Albania,Sierra Leone,
Albania,Singapore,
Albania,Slovakia,
Albania,Slovenia,
Albania,Solomon Islands,
Albania,Somalia,
Albania,South Africa,
Albania,South Korea,
Albania,South Sudan,
Albania,Spain,
Albania,Sri Lanka,
Albania,Saint Vincent and the Grenadines,
Albania,Sudan,
Albania,Suriname,
Albania,Sweden,
Albania,Switzerland,
Albania,Syria,
Albania,Taiwan,
Albania,Tajikistan,
Albania,Tanzania,
Albania,Thailand,
Albania,Timor-Leste,
Albania,Togo,
Albania,Tonga,
Albania,Trinidad and Tobago,
Albania,Tunisia,
Albania,Turkmenistan,
Albania,Tuvalu,
Albania,Turkey,
Albania,Uganda,
Albania,Ukraine,
Albania,United Arab Emirates,
Albania,United Kingdom,
Albania,United States,
Albania,Uruguay,
Albania,Uzbekistan,
Albania,Vanuatu,
Albania,Vatican,
Albania,Venezuela,
Albania,Vietnam,
Albania,Yemen,
Albania,Zambia,
Albania,Zimbabwe,
Albania,Afghanistan,
Algeria,Albania,
Algeria,Algeria,-1
Algeria,Andorra,
Algeria,Angola,
Algeria,Antigua and Barbuda,
Algeria,Argentina,
Algeria,Armenia,
Algeria,Australia,
Algeria,Austria,
Algeria,Azerbaijan,
Algeria,Bahamas,
Algeria,Bahrain,
Algeria,Bangladesh,
Algeria,Barbados,
Algeria,Belarus,
Algeria,Belgium,
Algeria,Belize,
Algeria,Benin,
Algeria,Bhutan,
Algeria,Bolivia,
Algeria,Bosnia and Herzegovina,
Algeria,Botswana,
Algeria,Brazil,
Algeria,Brunei,
Algeria,Bulgaria,
Algeria,Burkina Faso,
Algeria,Burundi,
Algeria,Cambodia,
Algeria,Cameroon,
Algeria,Canada,
Algeria,Cape Verde,
Algeria,Central African Republic,
Algeria,Chad,
Algeria,Chile,
Algeria,China,
Algeria,Colombia,
Algeria,Comoros,
Algeria,Congo,
Algeria,DR Congo,
Algeria,Costa Rica,
Algeria,Ivory Coast,
Algeria,Croatia,
Algeria,Cuba,
Algeria,Cyprus,
Algeria,Czech Republic,
Algeria,Denmark,
Algeria,Djibouti,
Algeria,Dominica,
Algeria,Dominican Republic,
Algeria,Ecuador,
Algeria,Egypt,
Algeria,El Salvador,
Algeria,Equatorial Guinea,
Algeria,Eritrea,
Algeria,Estonia,
Algeria,Swaziland,
Algeria,Ethiopia,
Algeria,Fiji,
Algeria,Finland,
Algeria,France,
Algeria,Gabon,
Algeria,Gambia,
Algeria,Georgia,
Algeria,Germany,
Algeria,Ghana,
Algeria,Greece,
Algeria,Grenada,
Algeria,Guatemala,
Algeria,Guinea,
Algeria,Guinea-Bissau,
Algeria,Guyana,
Algeria,Haiti,
Algeria,Honduras,
Algeria,Hong Kong,
Algeria,Hungary,
Algeria,Iceland,
Algeria,India,
Algeria,Indonesia,
Algeria,Iran,
Algeria,Iraq,
Algeria,Ireland,
Algeria,Israel,
Algeria,Italy,
Algeria,Jamaica,
Algeria,Japan,
Algeria,Jordan,
Algeria,Kazakhstan,
Algeria,Kenya,
Algeria,Kiribati,
Algeria,Kosovo,
Algeria,Kuwait,
Algeria,Kyrgyzstan,
Algeria,Laos,
Algeria,Latvia,
Algeria,Lebanon,
Algeria,Lesotho,
Algeria,Liberia,
Algeria,Libya,
Algeria,Liechtenstein,
Algeria,Lithuania,
Algeria,Luxembourg,
Algeria,Macao,
Algeria,Madagascar,
Algeria,Malawi,
Algeria,Malaysia,
Algeria,Maldives,
Algeria,Mali,
Algeria,Malta,
Algeria,Marshall Islands,
Algeria,Mauritania,
Algeria,Mauritius,
Algeria,Mexico,
Algeria,Micronesia,
Algeria,Moldova,
Algeria,Monaco,
Algeria,Mongolia,
Algeria,Montenegro,
Algeria,Morocco,
Algeria,Mozambique,
Algeria,Myanmar,
Algeria,Namibia,
Algeria,Nauru,
Algeria,Nepal,
Algeria,Netherlands,
Algeria,New Zealand,
Algeria,Nicaragua,
Algeria,Niger,
Algeria,Nigeria,
Algeria,North Korea,
Algeria,North Macedonia,
Algeria,Norway,
Algeria,Oman,
Algeria,Pakistan,
Algeria,Palau,
Algeria,Palestine,
Algeria,Panama,
Algeria,Papua New Guinea,
Algeria,Paraguay,
Algeria,Peru,
Algeria,Philippines,
Algeria,Poland,
Algeria,Portugal,
Algeria,Qatar,
Algeria,Romania,
Algeria,Russia,
Algeria,Rwanda,
Algeria,Saint Kitts and Nevis,
Algeria,Saint Lucia,
Algeria,Samoa,
Algeria,San Marino,
Algeria,Sao Tome and Principe,
Algeria,Saudi Arabia,
Algeria,Senegal,
Algeria,Serbia,
Algeria,Seychelles,
Algeria,Sierra Leone,
Algeria,Singapore,
Algeria,Slovakia,
Algeria,Slovenia,
Algeria,Solomon Islands,
Algeria,Somalia,
Algeria,South Africa,
Algeria,South Korea,
Algeria,South Sudan,
Algeria,Spain,
Algeria,Sri Lanka,
Algeria,Saint Vincent and the Grenadines,
Algeria,Sudan,
Algeria,Suriname,
Algeria,Sweden,
Algeria,Switzerland,
Algeria,Syria,
Algeria,Taiwan,
Algeria,Tajikistan,
Algeria,Tanzania,
Algeria,Thailand,
Algeria,Timor-Leste,
Algeria,Togo,
Algeria,Tonga,
Algeria,Trinidad and Tobago,
Algeria,Tunisia,
Algeria,Turkmenistan,
Algeria,Tuvalu,
Algeria,Turkey,
Algeria,Uganda,
Algeria,Ukraine,
Algeria,United Arab Emirates,
Algeria,United Kingdom,
Algeria,United States,
Algeria,Uruguay,
Algeria,Uzbekistan,
Algeria,Vanuatu,
Algeria,Vatican,
Algeria,Venezuela,
Algeria,Vietnam,
Algeria,Yemen,
Algeria,Zambia,
Algeria,Zimbabwe,
Algeria,Afghanistan,
Andorra,Albania,
Andorra,Algeria,
Andorra,Andorra,-1
Andorra,Angola,
Andorra,Antigua and Barbuda,
Andorra,Argentina,
Andorra,Armenia,
Andorra,Australia,
Andorra,Austria,
Andorra,Azerbaijan,
Andorra,Bahamas,
Andorra,Bahrain,
Andorra,Bangladesh,
Andorra,Barbados,
Andorra,Belarus,
Andorra,Belgium,
Andorra,Belize,
Andorra,Benin,
Andorra,Bhutan,
Andorra,Bolivia,
Andorra,Bosnia and Herzegovina,
Andorra,Botswana,
Andorra,Brazil,
Andorra,Brunei,
Andorra,Bulgaria,
Andorra,Burkina Faso,
Andorra,Burundi,
Andorra,Cambodia,
Andorra,Cameroon,
Andorra,Canada,
Andorra,Cape Verde,
Andorra,Central African Republic,
Andorra,Chad,
Andorra,Chile,
Andorra,China,
Andorra,Colombia,
Andorra,Comoros,
Andorra,Congo,
Andorra,DR Congo,
Andorra,Costa Rica,
Andorra,Ivory Coast,
Andorra,Croatia,
Andorra,Cuba,
Andorra,Cyprus,
Andorra,Czech Republic,
Andorra,Denmark,
Andorra,Djibouti,
Andorra,Dominica,
Andorra,Dominican Republic,
Andorra,Ecuador,
Andorra,Egypt,
Andorra,El Salvador,
Andorra,Equatorial Guinea,
Andorra,Eritrea,
Andorra,Estonia,
Andorra,Swaziland,
Andorra,Ethiopia,
Andorra,Fiji,
Andorra,Finland,
Andorra,France,
Andorra,Gabon,
Andorra,Gambia,
Andorra,Georgia,
Andorra,Germany,
Andorra,Ghana,
Andorra,Greece,
Andorra,Grenada,
Andorra,Guatemala,
Andorra,Guinea,
Andorra,Guinea-Bissau,
Andorra,Guyana,
Andorra,Haiti,
Andorra,Honduras,
Andorra,Hong Kong,
Andorra,Hungary,
Andorra,Iceland,
Andorra,India,
Andorra,Indonesia,
Andorra,Iran,
Andorra,Iraq,
Andorra,Ireland,
Andorra,Israel,
Andorra,Italy,
Andorra,Jamaica,
Andorra,Japan,
Andorra,Jordan,
Andorra,Kazakhstan,
Andorra,Kenya,
Andorra,Kiribati,
Andorra,Kosovo,
Andorra,Kuwait,
Andorra,Kyrgyzstan,
Andorra,Laos,
Andorra,Latvia,
Andorra,Lebanon,
Andorra,Lesotho,
Andorra,Liberia,
Andorra,Libya,
Andorra,Liechtenstein,
Andorra,Lithuania,
Andorra,Luxembourg,
Andorra,Macao,
Andorra,Madagascar,
Andorra,Malawi,
Andorra,Malaysia,
Andorra,Maldives,
Andorra,Mali,
Andorra,Malta,
Andorra,Marshall Islands,
Andorra,Mauritania,
Andorra,Mauritius,
Andorra,Mexico,
Andorra,Micronesia,
Andorra,Moldova,
Andorra,Monaco,
Andorra,Mongolia,
Andorra,Montenegro,
Andorra,Morocco,
Andorra,Mozambique,
Andorra,Myanmar,
Andorra,Namibia,
Andorra,Nauru,
Andorra,Nepal,
Andorra,Netherlands,
Andorra,New Zealand,
Andorra,Nicaragua,
Andorra,Niger,
Andorra,Nigeria,
Andorra,North Korea,
Andorra,North Macedonia,
Andorra,Norway,
Andorra,Oman,
Andorra,Pakistan,
Andorra,Palau,
Andorra,Palestine,
Andorra,Panama,
Andorra,Papua New Guinea,
Andorra,Paraguay,
Andorra,Peru,
Andorra,Philippines,
Andorra,Poland,
Andorra,Portugal,
Andorra,Qatar,
Andorra,Romania,
Andorra,Russia,
Andorra,Rwanda,
Andorra,Saint Kitts and Nevis,
Andorra,Saint Lucia,
Andorra,Samoa,
Andorra,San Marino,
Andorra,Sao Tome and Principe,
Andorra,Saudi Arabia,
Andorra,Senegal,
Andorra,Serbia,
Andorra,Seychelles,
Andorra,Sierra Leone,
Andorra,Singapore,
Andorra,Slovakia,
Andorra,Slovenia,
Andorra,Solomon Islands,
Andorra,Somalia,
Andorra,South Africa,
Andorra,South Korea,
Andorra,South Sudan,
Andorra,Spain,
Andorra,Sri Lanka,
Andorra,Saint Vincent and the Grenadines,
Andorra,Sudan,
Andorra,Suriname,
Andorra,Sweden,
Andorra,Switzerland,
Andorra,Syria,
Andorra,Taiwan,
Andorra,Tajikistan,
Andorra,Tanzania,
Andorra,Thailand,
Andorra,Timor-Leste,
Andorra,Togo,
Andorra,Tonga,
Andorra,Trinidad and Tobago,
Andorra,Tunisia,
Andorra,Turkmenistan,
Andorra,Tuvalu,
Andorra,Turkey,
Andorra,Uganda,
Andorra,Ukraine,
Andorra,United Arab Emirates,
Andorra,United Kingdom,
Andorra,United States,
Andorra,Uruguay,
Andorra,Uzbekistan,
Andorra,Vanuatu,
Andorra,Vatican,
Andorra,Venezuela,
Andorra,Vietnam,
Andorra,Yemen,
Andorra,Zambia,
Andorra,Zimbabwe,
Andorra,Afghanistan,
Angola,Albania,
Angola,Algeria,
Angola,Andorra,
Angola,Angola,-1
Angola,Antigua and Barbuda,
Angola,Argentina,
Angola,Armenia,
Angola,Australia,
Angola,Austria,
Angola,Azerbaijan,
Angola,Bahamas,
Angola,Bahrain,
Angola,Bangladesh,
Angola,Barbados,
Angola,Belarus,
Angola,Belgium,
Angola,Belize,
Angola,Benin,
Angola,Bhutan,
Angola,Bolivia,
Angola,Bosnia and Herzegovina,
Angola,Botswana,
Angola,Brazil,
Angola,Brunei,
Angola,Bulgaria,
Angola,Burkina Faso,
Angola,Burundi,
Angola,Cambodia,
Angola,Cameroon,
Angola,Canada,
Angola,Cape Verde,
Angola,Central African Republic,
Angola,Chad,
Angola,Chile,
Angola,China,
Angola,Colombia,
Angola,Comoros,
Angola,Congo,
Angola,DR Congo,
Angola,Costa Rica,
Angola,Ivory Coast,
Angola,Croatia,
Angola,Cuba,
Angola,Cyprus,
Angola,Czech Republic,
Angola,Denmark,
Angola,Djibouti,
Angola,Dominica,
Angola,Dominican Republic,
Angola,Ecuador,
Angola,Egypt,
Angola,El Salvador,
Angola,Equatorial Guinea,
Angola,Eritrea,
Angola,Estonia,
Angola,Swaziland,
Angola,Ethiopia,
Angola,Fiji,
Angola,Finland,
Angola,France,
Angola,Gabon,
Angola,Gambia,
Angola,Georgia,
Angola,Germany,
Angola,Ghana,
Angola,Greece,
Angola,Grenada,
Angola,Guatemala,
Angola,Guinea,
Angola,Guinea-Bissau,
Angola,Guyana,
Angola,Haiti,
Angola,Honduras,
Angola,Hong Kong,
Angola,Hungary,
Angola,Iceland,
Angola,India,
Angola,Indonesia,
Angola,Iran,
Angola,Iraq,
Angola,Ireland,
Angola,Israel,
Angola,Italy,
Angola,Jamaica,
Angola,Japan,
Angola,Jordan,
Angola,Kazakhstan,
Angola,Kenya,
Angola,Kiribati,
Angola,Kosovo,
Angola,Kuwait,
Angola,Kyrgyzstan,
Angola,Laos,
Angola,Latvia,
Angola,Lebanon,
Angola,Lesotho,
Angola,Liberia,
Angola,Libya,
Angola,Liechtenstein,
Angola,Lithuania,
Angola,Luxembourg,
Angola,Macao,
Angola,Madagascar,
Angola,Malawi,
Angola,Malaysia,
Angola,Maldives,
Angola,Mali,
Angola,Malta,
Angola,Marshall Islands,
Angola,Mauritania,
Angola,Mauritius,
Angola,Mexico,
Angola,Micronesia,
Angola,Moldova,
Angola,Monaco,
Angola,Mongolia,
Angola,Montenegro,
Angola,Morocco,
Angola,Mozambique,
Angola,Myanmar,
Angola,Namibia,
Angola,Nauru,
Angola,Nepal,
Angola,Netherlands,
Angola,New Zealand,
Angola,Nicaragua,
Angola,Niger,
Angola,Nigeria,
Angola,North Korea,
Angola,North Macedonia,
Angola,Norway,
Angola,Oman,
Angola,Pakistan,
Angola,Palau,
Angola,Palestine,
Angola,Panama,
Angola,Papua New Guinea,
Angola,Paraguay,
Angola,Peru,
Angola,Philippines,
Angola,Poland,
Angola,Portugal,
Angola,Qatar,
Angola,Romania,
Angola,Russia,
Angola,Rwanda,
Angola,Saint Kitts and Nevis,
Angola,Saint Lucia,
Angola,Samoa,
Angola,San Marino,
Angola,Sao Tome and Principe,
Angola,Saudi Arabia,
Angola,Senegal,
Angola,Serbia,
Angola,Seychelles,
Angola,Sierra Leone,
Angola,Singapore,
Angola,Slovakia,
Angola,Slovenia,
Angola,Solomon Islands,
Angola,Somalia,
Angola,South Africa,
Angola,South Korea,
Angola,South Sudan,
Angola,Spain,
Angola,Sri Lanka,
Angola,Saint Vincent and the Grenadines,
Angola,Sudan,
Angola,Suriname,
Angola,Sweden,
Angola,Switzerland,
Angola,Syria,
Angola,Taiwan,
Angola,Tajikistan,
Angola,Tanzania,
Angola,Thailand,
Angola,Timor-Leste,
Angola,Togo,
Angola,Tonga,
Angola,Trinidad and Tobago,
Angola,Tunisia,
Angola,Turkmenistan,
Angola,Tuvalu,
Angola,Turkey,
Angola,Uganda,
Angola,Ukraine,
Angola,United Arab Emirates,
Angola,United Kingdom,
Angola,United States,
Angola,Uruguay,
Angola,Uzbekistan,
Angola,Vanuatu,
Angola,Vatican,
Angola,Venezuela,
Angola,Vietnam,
Angola,Yemen,
Angola,Zambia,
Angola,Zimbabwe,
Angola,Afghanistan,
Antigua and Barbuda,Albania,
Antigua and Barbuda,Algeria,
Antigua and Barbuda,Andorra,
Antigua and Barbuda,Angola,
Antigua and Barbuda,Antigua and Barbuda,-1
Antigua and Barbuda,Argentina,
Antigua and Barbuda,Armenia,
Antigua and Barbuda,Australia,
Antigua and Barbuda,Austria,
Antigua and Barbuda,Azerbaijan,
Antigua and Barbuda,Bahamas,
Antigua and Barbuda,Bahrain,
Antigua and Barbuda,Bangladesh,
Antigua and Barbuda,Barbados,
Antigua and Barbuda,Belarus,
Antigua and Barbuda,Belgium,
Antigua and Barbuda,Belize,
Antigua and Barbuda,Benin,
Antigua and Barbuda,Bhutan,
Antigua and Barbuda,Bolivia,
Antigua and Barbuda,Bosnia and Herzegovina,
Antigua and Barbuda,Botswana,
Antigua and Barbuda,Brazil,
Antigua and Barbuda,Brunei,
Antigua and Barbuda,Bulgaria,
Antigua and Barbuda,Burkina Faso,
Antigua and Barbuda,Burundi,
Antigua and Barbuda,Cambodia,
Antigua and Barbuda,Cameroon,
Antigua and Barbuda,Canada,
Antigua and Barbuda,Cape Verde,
Antigua and Barbuda,Central African Republic,
Antigua and Barbuda,Chad,
Antigua and Barbuda,Chile,
Antigua and Barbuda,China,
Antigua and Barbuda,Colombia,
Antigua and Barbuda,Comoros,
Antigua and Barbuda,Congo,
Antigua and Barbuda,DR Congo,
Antigua and Barbuda,Costa Rica,
Antigua and Barbuda,Ivory Coast,
Antigua and Barbuda,Croatia,
Antigua and Barbuda,Cuba,
Antigua and Barbuda,Cyprus,
Antigua and Barbuda,Czech Republic,
Antigua and Barbuda,Denmark,
Antigua and Barbuda,Djibouti,
Antigua and Barbuda,Dominica,
Antigua and Barbuda,Dominican Republic,
Antigua and Barbuda,Ecuador,
Antigua and Barbuda,Egypt,
Antigua and Barbuda,El Salvador,
Antigua and Barbuda,Equatorial Guinea,
Antigua and Barbuda,Eritrea,
Antigua and Barbuda,Estonia,
Antigua and Barbuda,Swaziland,
Antigua and Barbuda,Ethiopia,
Antigua and Barbuda,Fiji,
Antigua and Barbuda,Finland,
Antigua and Barbuda,France,
Antigua and Barbuda,Gabon,
Antigua and Barbuda,Gambia,
Antigua and Barbuda,Georgia,
Antigua and Barbuda,Germany,
Antigua and Barbuda,Ghana,
Antigua and Barbuda,Greece,
Antigua and Barbuda,Grenada,
Antigua and Barbuda,Guatemala,
Antigua and Barbuda,Guinea,
Antigua and Barbuda,Guinea-Bissau,
Antigua and Barbuda,Guyana,
Antigua and Barbuda,Haiti,
Antigua and Barbuda,Honduras,
Antigua and Barbuda,Hong Kong,
Antigua and Barbuda,Hungary,
Antigua and Barbuda,Iceland,
Antigua and Barbuda,India,
Antigua and Barbuda,Indonesia,
Antigua and Barbuda,Iran,
Antigua and Barbuda,Iraq,
Antigua and Barbuda,Ireland,
Antigua and Barbuda,Israel,
Antigua and Barbuda,Italy,
Antigua and Barbuda,Jamaica,
Antigua and Barbuda,Japan,
Antigua and Barbuda,Jordan,
Antigua and Barbuda,Kazakhstan,
Antigua and Barbuda,Kenya,
Antigua and Barbuda,Kiribati,
Antigua and Barbuda,Kosovo,
Antigua and Barbuda,Kuwait,
Antigua and Barbuda,Kyrgyzstan,
Antigua and Barbuda,Laos,
Antigua and Barbuda,Latvia,
Antigua and Barbuda,Lebanon,
Antigua and Barbuda,Lesotho,
Antigua and Barbuda,Liberia,
Antigua and Barbuda,Libya,
Antigua and Barbuda,Liechtenstein,
Antigua and Barbuda,Lithuania,
Antigua and Barbuda,Luxembourg,
Antigua and Barbuda,Macao,
Antigua and Barbuda,Madagascar,
Antigua and Barbuda,Malawi,
Antigua and Barbuda,Malaysia,
Antigua and Barbuda,Maldives,
Antigua and Barbuda,Mali,
Antigua and Barbuda,Malta,
Antigua and Barbuda,Marshall Islands,
Antigua and Barbuda,Mauritania,
Antigua and Barbuda,Mauritius,
Antigua and Barbuda,Mexico,
Antigua and Barbuda,Micronesia,
Antigua and Barbuda,Moldova,
Antigua and Barbuda,Monaco,
Antigua and Barbuda,Mongolia,
Antigua and Barbuda,Montenegro,
Antigua and Barbuda,Morocco,
Antigua and Barbuda,Mozambique,
Antigua and Barbuda,Myanmar,
Antigua and Barbuda,Namibia,
Antigua and Barbuda,Nauru,
Antigua and Barbuda,Nepal,
Antigua and Barbuda,Netherlands,
Antigua and Barbuda,New Zealand,
Antigua and Barbuda,Nicaragua,
Antigua and Barbuda,Niger,
Antigua and Barbuda,Nigeria,
Antigua and Barbuda,North Korea,
Antigua and Barbuda,North Macedonia,
Antigua and Barbuda,Norway,
Antigua and Barbuda,Oman,
Antigua and Barbuda,Pakistan,
Antigua and Barbuda,Palau,
Antigua and Barbuda,Palestine,
Antigua and Barbuda,Panama,
Antigua and Barbuda,Papua New Guinea,
Antigua and Barbuda,Paraguay,
Antigua and Barbuda,Peru,
Antigua and Barbuda,Philippines,
Antigua and Barbuda,Poland,
Antigua and Barbuda,Portugal,
Antigua and Barbuda,Qatar,
Antigua and Barbuda,Romania,
Antigua and Barbuda,Russia,
Antigua and Barbuda,Rwanda,
Antigua and Barbuda,Saint Kitts and Nevis,
Antigua and Barbuda,Saint Lucia,
Antigua and Barbuda,Samoa,
Antigua and Barbuda,San Marino,
Antigua and Barbuda,Sao Tome and Principe,
Antigua and Barbuda,Saudi Arabia,
Antigua and Barbuda,Senegal,
Antigua and Barbuda,Serbia,
Antigua and Barbuda,Seychelles,
Antigua and Barbuda,Sierra Leone,
Antigua and Barbuda,Singapore,
Antigua and Barbuda,Slovakia,
Antigua and Barbuda,Slovenia,
Antigua and Barbuda,Solomon Islands,
Antigua and Barbuda,Somalia,
Antigua and Barbuda,South Africa,
Antigua and Barbuda,South Korea,
Antigua and Barbuda,South Sudan,
Antigua and Barbuda,Spain,
Antigua and Barbuda,Sri Lanka,
Antigua and Barbuda,Saint Vincent and the Grenadines,
Antigua and Barbuda,Sudan,
Antigua and Barbuda,Suriname,
Antigua and Barbuda,Sweden,
Antigua and Barbuda,Switzerland,
Antigua and Barbuda,Syria,
Antigua and Barbuda,Taiwan,
Antigua and Barbuda,Tajikistan,
Antigua and Barbuda,Tanzania,
Antigua and Barbuda,Thailand,
Antigua and Barbuda,Timor-Leste,
Antigua and Barbuda,Togo,
Antigua and Barbuda,Tonga,
Antigua and Barbuda,Trinidad and Tobago,
Antigua and Barbuda,Tunisia,
Antigua and Barbuda,Turkmenistan,
Antigua and Barbuda,Tuvalu,
Antigua and Barbuda,Turkey,
Antigua and Barbuda,Uganda,
Antigua and Barbuda,Ukraine,
Antigua and Barbuda,United Arab Emirates,
Antigua and Barbuda,United Kingdom,
Antigua and Barbuda,United States,
Antigua and Barbuda,Uruguay,
Antigua and Barbuda,Uzbekistan,
Antigua and Barbuda,Vanuatu,
Antigua and Barbuda,Vatican,
Antigua and Barbuda,Venezuela,
Antigua and Barbuda,Vietnam,
Antigua and Barbuda,Yemen,
Antigua and Barbuda,Zambia,
Antigua and Barbuda,Zimbabwe,
Antigua and Barbuda,Afghanistan,
Argentina,Albania,
Argentina,Algeria,
Argentina,Andorra,
Argentina,Angola,
Argentina,Antigua and Barbuda,
Argentina,Argentina,-1
Argentina,Armenia,
Argentina,Australia,
Argentina,Austria,
Argentina,Azerbaijan,
Argentina,Bahamas,
Argentina,Bahrain,
Argentina,Bangladesh,
Argentina,Barbados,
Argentina,Belarus,
Argentina,Belgium,
Argentina,Belize,
Argentina,Benin,
Argentina,Bhutan,
Argentina,Bolivia,
Argentina,Bosnia and Herzegovina,
Argentina,Botswana,
Argentina,Brazil,
Argentina,Brunei,
Argentina,Bulgaria,
Argentina,Burkina Faso,
Argentina,Burundi,
Argentina,Cambodia,
Argentina,Cameroon,
Argentina,Canada,
Argentina,Cape Verde,
Argentina,Central African Republic,
Argentina,Chad,
Argentina,Chile,
Argentina,China,
Argentina,Colombia,
Argentina,Comoros,
Argentina,Congo,
Argentina,DR Congo,
Argentina,Costa Rica,
Argentina,Ivory Coast,
Argentina,Croatia,
Argentina,Cuba,
Argentina,Cyprus,
Argentina,Czech Republic,
Argentina,Denmark,
Argentina,Djibouti,
Argentina,Dominica,
Argentina,Dominican Republic,
Argentina,Ecuador,
Argentina,Egypt,
Argentina,El Salvador,
Argentina,Equatorial Guinea,
Argentina,Eritrea,
Argentina,Estonia,
Argentina,Swaziland,
Argentina,Ethiopia,
Argentina,Fiji,
Argentina,Finland,
Argentina,France,
Argentina,Gabon,
Argentina,Gambia,
Argentina,Georgia,
Argentina,Germany,
Argentina,Ghana,
Argentina,Greece,
Argentina,Grenada,
Argentina,Guatemala,
Argentina,Guinea,
Argentina,Guinea-Bissau,
Argentina,Guyana,
Argentina,Haiti,
Argentina,Honduras,
Argentina,Hong Kong,
Argentina,Hungary,
Argentina,Iceland,
Argentina,India,
Argentina,Indonesia,
Argentina,Iran,
Argentina,Iraq,
Argentina,Ireland,
Argentina,Israel,
Argentina,Italy,
Argentina,Jamaica,
Argentina,Japan,
Argentina,Jordan,
Argentina,Kazakhstan,
Argentina,Kenya,
Argentina,Kiribati,
Argentina,Kosovo,
Argentina,Kuwait,
Argentina,Kyrgyzstan,
Argentina,Laos,
Argentina,Latvia,
Argentina,Lebanon,
Argentina,Lesotho,
Argentina,Liberia,
Argentina,Libya,
Argentina,Liechtenstein,
Argentina,Lithuania,
Argentina,Luxembourg,
Argentina,Macao,
Argentina,Madagascar,
Argentina,Malawi,
Argentina,Malaysia,
Argentina,Maldives,
Argentina,Mali,
Argentina,Malta,
Argentina,Marshall Islands,
Argentina,Mauritania,
Argentina,Mauritius,
Argentina,Mexico,
Argentina,Micronesia,
Argentina,Moldova,
Argentina,Monaco,
Argentina,Mongolia,
Argentina,Montenegro,
Argentina,Morocco,
Argentina,Mozambique,
Argentina,Myanmar,
Argentina,Namibia,
Argentina,Nauru,
Argentina,Nepal,
Argentina,Netherlands,
Argentina,New Zealand,
Argentina,Nicaragua,
Argentina,Niger,
Argentina,Nigeria,
Argentina,North Korea,
Argentina,North Macedonia,
Argentina,Norway,
Argentina,Oman,
Argentina,Pakistan,
Argentina,Palau,
Argentina,Palestine,
Argentina,Panama,
Argentina,Papua New Guinea,
Argentina,Paraguay,
Argentina,Peru,
Argentina,Philippines,
Argentina,Poland,
Argentina,Portugal,
Argentina,Qatar,
Argentina,Romania,
Argentina,Russia,
Argentina,Rwanda,
Argentina,Saint Kitts and Nevis,
Argentina,Saint Lucia,
Argentina,Samoa,
Argentina,San Marino,
Argentina,Sao Tome and Principe,
Argentina,Saudi Arabia,
Argentina,Senegal,
Argentina,Serbia,
Argentina,Seychelles,
Argentina,Sierra Leone,
Argentina,Singapore,
Argentina,Slovakia,
Argentina,Slovenia,
Argentina,Solomon Islands,
Argentina,Somalia,
Argentina,South Africa,
Argentina,South Korea,
Argentina,South Sudan,
Argentina,Spain,
Argentina,Sri Lanka,
Argentina,Saint Vincent and the Grenadines,
Argentina,Sudan,
Argentina,Suriname,
Argentina,Sweden,
Argentina,Switzerland,
Argentina,Syria,
Argentina,Taiwan,
Argentina,Tajikistan,
Argentina,Tanzania,
Argentina,Thailand,
Argentina,Timor-Leste,
Argentina,Togo,
Argentina,Tonga,
Argentina,Trinidad and Tobago,
Argentina,Tunisia,
Argentina,Turkmenistan,
Argentina,Tuvalu,
Argentina,Turkey,
Argentina,Uganda,
Argentina,Ukraine,
Argentina,United Arab Emirates,
Argentina,United Kingdom,
Argentina,United States,
Argentina,Uruguay,
Argentina,Uzbekistan,
Argentina,Vanuatu,
Argentina,Vatican,
Argentina,Venezuela,
Argentina,Vietnam,
Argentina,Yemen,
Argentina,Zambia,
Argentina,Zimbabwe,
Argentina,Afghanistan,
Armenia,Albania,
Armenia,Algeria,
Armenia,Andorra,
Armenia,Angola,
Armenia,Antigua and Barbuda,
Armenia,Argentina,
Armenia,Armenia,-1
Armenia,Australia,
Armenia,Austria,
Armenia,Azerbaijan,
Armenia,Bahamas,
Armenia,Bahrain,
Armenia,Bangladesh,
Armenia,Barbados,
Armenia,Belarus,
Armenia,Belgium,
Armenia,Belize,
Armenia,Benin,
Armenia,Bhutan,
Armenia,Bolivia,
Armenia,Bosnia and Herzegovina,
Armenia,Botswana,
Armenia,Brazil,
Armenia,Brunei,
Armenia,Bulgaria,
Armenia,Burkina Faso,
Armenia,Burundi,
Armenia,Cambodia,
Armenia,Cameroon,
Armenia,Canada,
Armenia,Cape Verde,
Armenia,Central African Republic,
Armenia,Chad,
Armenia,Chile,
Armenia,China,
Armenia,Colombia,
Armenia,Comoros,
Armenia,Congo,
Armenia,DR Congo,
Armenia,Costa Rica,
Armenia,Ivory Coast,
Armenia,Croatia,
Armenia,Cuba,
Armenia,Cyprus,
Armenia,Czech Republic,
Armenia,Denmark,
Armenia,Djibouti,
Armenia,Dominica,
Armenia,Dominican Republic,
Armenia,Ecuador,
Armenia,Egypt,
Armenia,El Salvador,
Armenia,Equatorial Guinea,
Armenia,Eritrea,
Armenia,Estonia,
Armenia,Swaziland,
Armenia,Ethiopia,
Armenia,Fiji,
Armenia,Finland,
Armenia,France,
Armenia,Gabon,
Armenia,Gambia,
Armenia,Georgia,
Armenia,Germany,
Armenia,Ghana,
Armenia,Greece,
Armenia,Grenada,
Armenia,Guatemala,
Armenia,Guinea,
Armenia,Guinea-Bissau,
Armenia,Guyana,
Armenia,Haiti,
Armenia,Honduras,
Armenia,Hong Kong,
Armenia,Hungary,
Armenia,Iceland,
Armenia,India,
Armenia,Indonesia,
Armenia,Iran,
Armenia,Iraq,
Armenia,Ireland,
Armenia,Israel,
Armenia,Italy,
Armenia,Jamaica,
Armenia,Japan,
Armenia,Jordan,
Armenia,Kazakhstan,
Armenia,Kenya,
Armenia,Kiribati,
Armenia,Kosovo,
Armenia,Kuwait,
Armenia,Kyrgyzstan,
Armenia,Laos,
Armenia,Latvia,
Armenia,Lebanon,
Armenia,Lesotho,
Armenia,Liberia,
Armenia,Libya,
Armenia,Liechtenstein,
Armenia,Lithuania,
Armenia,Luxembourg,
Armenia,Macao,
Armenia,Madagascar,
Armenia,Malawi,
Armenia,Malaysia,
Armenia,Maldives,
Armenia,Mali,
Armenia,Malta,
Armenia,Marshall Islands,
Armenia,Mauritania,
Armenia,Mauritius,
Armenia,Mexico,
Armenia,Micronesia,
Armenia,Moldova,
Armenia,Monaco,
Armenia,Mongolia,
Armenia,Montenegro,
Armenia,Morocco,
Armenia,Mozambique,
Armenia,Myanmar,
Armenia,Namibia,
Armenia,Nauru,
Armenia,Nepal,
Armenia,Netherlands,
Armenia,New Zealand,
Armenia,Nicaragua,
Armenia,Niger,
Armenia,Nigeria,
Armenia,North Korea,
Armenia,North Macedonia,
Armenia,Norway,
Armenia,Oman,
Armenia,Pakistan,
Armenia,Palau,
Armenia,Palestine,
Armenia,Panama,
Armenia,Papua New Guinea,
Armenia,Paraguay,
Armenia,Peru,
Armenia,Philippines,
Armenia,Poland,
Armenia,Portugal,
Armenia,Qatar,
Armenia,Romania,
Armenia,Russia,
Armenia,Rwanda,
Armenia,Saint Kitts and Nevis,
Armenia,Saint Lucia,
Armenia,Samoa,
Armenia,San Marino,
Armenia,Sao Tome and Principe,
Armenia,Saudi Arabia,
Armenia,Senegal,
Armenia,Serbia,
Armenia,Seychelles,
Armenia,Sierra Leone,
Armenia,Singapore,
Armenia,Slovakia,
Armenia,Slovenia,
Armenia,Solomon Islands,
Armenia,Somalia,
Armenia,South Africa,
Armenia,South Korea,
Armenia,South Sudan,
Armenia,Spain,
Armenia,Sri Lanka,
Armenia,Saint Vincent and the Grenadines,
Armenia,Sudan,
Armenia,Suriname,
Armenia,Sweden,
Armenia,Switzerland,
Armenia,Syria,
Armenia,Taiwan,
Armenia,Tajikistan,
Armenia,Tanzania,
Armenia,Thailand,
Armenia,Timor-Leste,
Armenia,Togo,
Armenia,Tonga,
Armenia,Trinidad and Tobago,
Armenia,Tunisia,
Armenia,Turkmenistan,
Armenia,Tuvalu,
Armenia,Turkey,
Armenia,Uganda,
Armenia,Ukraine,
Armenia,United Arab Emirates,
Armenia,United Kingdom,
Armenia,United States,
Armenia,Uruguay,
Armenia,Uzbekistan,
Armenia,Vanuatu,
Armenia,Vatican,
Armenia,Venezuela,
Armenia,Vietnam,
Armenia,Yemen,
Armenia,Zambia,
Armenia,Zimbabwe,
Armenia,Afghanistan,
Australia,Albania,
Australia,Algeria,
Australia,Andorra,
Australia,Angola,
Australia,Antigua and Barbuda,
Australia,Argentina,
Australia,Armenia,
Australia,Australia,-1
Australia,Austria,
Australia,Azerbaijan,
Australia,Bahamas,
Australia,Bahrain,
Australia,Bangladesh,
Australia,Barbados,
Australia,Belarus,
Australia,Belgium,
Australia,Belize,
Australia,Benin,
Australia,Bhutan,
Australia,Bolivia,
Australia,Bosnia and Herzegovina,
Australia,Botswana,
Australia,Brazil,
Australia,Brunei,
Australia,Bulgaria,
Australia,Burkina Faso,
Australia,Burundi,
Australia,Cambodia,
Australia,Cameroon,
Australia,Canada,
Australia,Cape Verde,
Australia,Central African Republic,
Australia,Chad,
Australia,Chile,
Australia,China,
Australia,Colombia,
Australia,Comoros,
Australia,Congo,
Australia,DR Congo,
Australia,Costa Rica,
Australia,Ivory Coast,
Australia,Croatia,
Australia,Cuba,
Australia,Cyprus,
Australia,Czech Republic,
Australia,Denmark,
Australia,Djibouti,
Australia,Dominica,
Australia,Dominican Republic,
Australia,Ecuador,
Australia,Egypt,
Australia,El Salvador,
Australia,Equatorial Guinea,
Australia,Eritrea,
Australia,Estonia,
Australia,Swaziland,
Australia,Ethiopia,
Australia,Fiji,
Australia,Finland,
Australia,France,
Australia,Gabon,
Australia,Gambia,
Australia,Georgia,
Australia,Germany,
Australia,Ghana,
Australia,Greece,
Australia,Grenada,
Australia,Guatemala,
Australia,Guinea,
Australia,Guinea-Bissau,
Australia,Guyana,
Australia,Haiti,
Australia,Honduras,
Australia,Hong Kong,
Australia,Hungary,
Australia,Iceland,
Australia,India,
Australia,Indonesia,
Australia,Iran,
Australia,Iraq,
Australia,Ireland,
Australia,Israel,
Australia,Italy,
Australia,Jamaica,
Australia,Japan,
Australia,Jordan,
Australia,Kazakhstan,
Australia,Kenya,
Australia,Kiribati,
Australia,Kosovo,
Australia,Kuwait,
Australia,Kyrgyzstan,
Australia,Laos,
Australia,Latvia,
Australia,Lebanon,
Australia,Lesotho,
Australia,Liberia,
Australia,Libya,
Australia,Liechtenstein,
Australia,Lithuania,
Australia,Luxembourg,
Australia,Macao,
Australia,Madagascar,
Australia,Malawi,
Australia,Malaysia,
Australia,Maldives,
Australia,Mali,
Australia,Malta,
Australia,Marshall Islands,
Australia,Mauritania,
Australia,Mauritius,
Australia,Mexico,
Australia,Micronesia,
Australia,Moldova,
Australia,Monaco,
Australia,Mongolia,
Australia,Montenegro,
Australia,Morocco,
Australia,Mozambique,
Australia,Myanmar,
Australia,Namibia,
Australia,Nauru,
Australia,Nepal,
Australia,Netherlands,
Australia,New Zealand,
Australia,Nicaragua,
Australia,Niger,
Australia,Nigeria,
Australia,North Korea,
Australia,North Macedonia,
Australia,Norway,
Australia,Oman,
Australia,Pakistan,
Australia,Palau,
Australia,Palestine,
Australia,Panama,
Australia,Papua New Guinea,
Australia,Paraguay,
Australia,Peru,
Australia,Philippines,
Australia,Poland,
Australia,Portugal,
Australia,Qatar,
Australia,Romania,
Australia,Russia,
Australia,Rwanda,
Australia,Saint Kitts and Nevis,
Australia,Saint Lucia,
Australia,Samoa,
Australia,San Marino,
Australia,Sao Tome and Principe,
Australia,Saudi Arabia,
Australia,Senegal,
Australia,Serbia,
Australia,Seychelles,
Australia,Sierra Leone,
Australia,Singapore,
Australia,Slovakia,
Australia,Slovenia,
Australia,Solomon Islands,
Australia,Somalia,
Australia,South Africa,
Australia,South Korea,
Australia,South Sudan,
Australia,Spain,
Australia,Sri Lanka,
Australia,Saint Vincent and the Grenadines,
Australia,Sudan,
Australia,Suriname,
Australia,Sweden,
Australia,Switzerland,
Australia,Syria,
Australia,Taiwan,
Australia,Tajikistan,
Australia,Tanzania,
Australia,Thailand,
Australia,Timor-Leste,
Australia,Togo,
Australia,Tonga,
Australia,Trinidad and Tobago,
Australia,Tunisia,
Australia,Turkmenistan,
Australia,Tuvalu,
Australia,Turkey,
Australia,Uganda,
Australia,Ukraine,
Australia,United Arab Emirates,
Australia,United Kingdom,
Australia,United States,
Australia,Uruguay,
Australia,Uzbekistan,
Australia,Vanuatu,
Australia,Vatican,
Australia,Venezuela,
Australia,Vietnam,
Australia,Yemen,
Australia,Zambia,
Australia,Zimbabwe,
Australia,Afghanistan,
Austria,Albania,
Austria,Algeria,
Austria,Andorra,
Austria,Angola,
Austria,Antigua and Barbuda,
Austria,Argentina,
Austria,Armenia,
Austria,Australia,
Austria,Austria,-1
Austria,Azerbaijan,
Austria,Bahamas,
Austria,Bahrain,
Austria,Bangladesh,
Austria,Barbados,
Austria,Belarus,
Austria,Belgium,
Austria,Belize,
Austria,Benin,
Austria,Bhutan,
Austria,Bolivia,
Austria,Bosnia and Herzegovina,
Austria,Botswana,
Austria,Brazil,
Austria,Brunei,
Austria,Bulgaria,
Austria,Burkina Faso,
Austria,Burundi,
Austria,Cambodia,
Austria,Cameroon,
Austria,Canada,
Austria,Cape Verde,
Austria,Central African Republic,
Austria,Chad,
Austria,Chile,
Austria,China,
Austria,Colombia,
Austria,Comoros,
Austria,Congo,
Austria,DR Congo,
Austria,Costa Rica,
Austria,Ivory Coast,
Austria,Croatia,
Austria,Cuba,
Austria,Cyprus,
Austria,Czech Republic,
Austria,Denmark,
Austria,Djibouti,
Austria,Dominica,
Austria,Dominican Republic,
Austria,Ecuador,
Austria,Egypt,
Austria,El Salvador,
Austria,Equatorial Guinea,
Austria,Eritrea,
Austria,Estonia,
Austria,Swaziland,
Austria,Ethiopia,
Austria,Fiji,
Austria,Finland,
Austria,France,
Austria,Gabon,
Austria,Gambia,
Austria,Georgia,
Austria,Germany,
Austria,Ghana,
Austria,Greece,
Austria,Grenada,
Austria,Guatemala,
Austria,Guinea,
Austria,Guinea-Bissau,
Austria,Guyana,
Austria,Haiti,
Austria,Honduras,
Austria,Hong Kong,
Austria,Hungary,
Austria,Iceland,
Austria,India,
Austria,Indonesia,
Austria,Iran,
Austria,Iraq,
Austria,Ireland,
Austria,Israel,
Austria,Italy,
Austria,Jamaica,
Austria,Japan,
Austria,Jordan,
Austria,Kazakhstan,
Austria,Kenya,
Austria,Kiribati,
Austria,Kosovo,
Austria,Kuwait,
Austria,Kyrgyzstan,
Austria,Laos,
Austria,Latvia,
Austria,Lebanon,
Austria,Lesotho,
Austria,Liberia,
Austria,Libya,
Austria,Liechtenstein,
Austria,Lithuania,
Austria,Luxembourg,
Austria,Macao,
Austria,Madagascar,
Austria,Malawi,
Austria,Malaysia,
Austria,Maldives,
Austria,Mali,
Austria,Malta,
Austria,Marshall Islands,
Austria,Mauritania,
Austria,Mauritius,
Austria,Mexico,
Austria,Micronesia,
Austria,Moldova,
Austria,Monaco,
Austria,Mongolia,
Austria,Montenegro,
Austria,Morocco,
Austria,Mozambique,
Austria,Myanmar,
Austria,Namibia,
Austria,Nauru,
Austria,Nepal,
Austria,Netherlands,
Austria,New Zealand,
Austria,Nicaragua,
Austria,Niger,
Austria,Nigeria,
Austria,North Korea,
Austria,North Macedonia,
Austria,Norway,
Austria,Oman,
Austria,Pakistan,
Austria,Palau,
Austria,Palestine,
Austria,Panama,
Austria,Papua New Guinea,
Austria,Paraguay,
Austria,Peru,
Austria,Philippines,
Austria,Poland,
Austria,Portugal,
Austria,Qatar,
Austria,Romania,
Austria,Russia,
Austria,Rwanda,
Austria,Saint Kitts and Nevis,
Austria,Saint Lucia,
Austria,Samoa,
Austria,San Marino,
Austria,Sao Tome and Principe,
Austria,Saudi Arabia,
Austria,Senegal,
Austria,Serbia,
Austria,Seychelles,
Austria,Sierra Leone,
Austria,Singapore,
Austria,Slovakia,
Austria,Slovenia,
Austria,Solomon Islands,
Austria,Somalia,
Austria,South Africa,
Austria,South Korea,
Austria,South Sudan,
Austria,Spain,
Austria,Sri Lanka,
Austria,Saint Vincent and the Grenadines,
Austria,Sudan,
Austria,Suriname,
Austria,Sweden,
Austria,Switzerland,
Austria,Syria,
Austria,Taiwan,
Austria,Tajikistan,
Austria,Tanzania,
Austria,Thailand,
Austria,Timor-Leste,
Austria,Togo,
Austria,Tonga,
Austria,Trinidad and Tobago,
Austria,Tunisia,
Austria,Turkmenistan,
Austria,Tuvalu,
Austria,Turkey,
Austria,Uganda,
Austria,Ukraine,
Austria,United Arab Emirates,
Austria,United Kingdom,
Austria,United States,
Austria,Uruguay,
Austria,Uzbekistan,
Austria,Vanuatu,
Austria,Vatican,
Austria,Venezuela,
Austria,Vietnam,
Austria,Yemen,
Austria,Zambia,
Austria,Zimbabwe,
Austria,Afghanistan,
Azerbaijan,Albania,
Azerbaijan,Algeria,
Azerbaijan,Andorra,
Azerbaijan,Angola,
Azerbaijan,Antigua and Barbuda,
Azerbaijan,Argentina,
Azerbaijan,Armenia,
Azerbaijan,Australia,
Azerbaijan,Austria,
Azerbaijan,Azerbaijan,-1
Azerbaijan,Bahamas,
Azerbaijan,Bahrain,
Azerbaijan,Bangladesh,
Azerbaijan,Barbados,
Azerbaijan,Belarus,
Azerbaijan,Belgium,
Azerbaijan,Belize,
Azerbaijan,Benin,
Azerbaijan,Bhutan,
Azerbaijan,Bolivia,
Azerbaijan,Bosnia and Herzegovina,
Azerbaijan,Botswana,
Azerbaijan,Brazil,
Azerbaijan,Brunei,
Azerbaijan,Bulgaria,
Azerbaijan,Burkina Faso,
Azerbaijan,Burundi,
Azerbaijan,Cambodia,
Azerbaijan,Cameroon,
Azerbaijan,Canada,
Azerbaijan,Cape Verde,
Azerbaijan,Central African Republic,
Azerbaijan,Chad,
Azerbaijan,Chile,
Azerbaijan,China,
Azerbaijan,Colombia,
Azerbaijan,Comoros,
Azerbaijan,Congo,
Azerbaijan,DR Congo,
Azerbaijan,Costa Rica,
Azerbaijan,Ivory Coast,
Azerbaijan,Croatia,
Azerbaijan,Cuba,
Azerbaijan,Cyprus,
Azerbaijan,Czech Republic,
Azerbaijan,Denmark,
Azerbaijan,Djibouti,
Azerbaijan,Dominica,
Azerbaijan,Dominican Republic,
Azerbaijan,Ecuador,
Azerbaijan,Egypt,
Azerbaijan,El Salvador,
Azerbaijan,Equatorial Guinea,
Azerbaijan,Eritrea,
Azerbaijan,Estonia,
Azerbaijan,Swaziland,
Azerbaijan,Ethiopia,
Azerbaijan,Fiji,
Azerbaijan,Finland,
Azerbaijan,France,
Azerbaijan,Gabon,
Azerbaijan,Gambia,
Azerbaijan,Georgia,
Azerbaijan,Germany,
Azerbaijan,Ghana,
Azerbaijan,Greece,
Azerbaijan,Grenada,
Azerbaijan,Guatemala,
Azerbaijan,Guinea,
Azerbaijan,Guinea-Bissau,
Azerbaijan,Guyana,
Azerbaijan,Haiti,
Azerbaijan,Honduras,
Azerbaijan,Hong Kong,
Azerbaijan,Hungary,
Azerbaijan,Iceland,
Azerbaijan,India,
Azerbaijan,Indonesia,
Azerbaijan,Iran,
Azerbaijan,Iraq,
Azerbaijan,Ireland,
Azerbaijan,Israel,
Azerbaijan,Italy,
Azerbaijan,Jamaica,
Azerbaijan,Japan,
Azerbaijan,Jordan,
Azerbaijan,Kazakhstan,
Azerbaijan,Kenya,
Azerbaijan,Kiribati,
Azerbaijan,Kosovo,
Azerbaijan,Kuwait,
Azerbaijan,Kyrgyzstan,
Azerbaijan,Laos,
Azerbaijan,Latvia,
Azerbaijan,Lebanon,
Azerbaijan,Lesotho,
Azerbaijan,Liberia,
Azerbaijan,Libya,
Azerbaijan,Liechtenstein,
Azerbaijan,Lithuania,
Azerbaijan,Luxembourg,
Azerbaijan,Macao,
Azerbaijan,Madagascar,
Azerbaijan,Malawi,
Azerbaijan,Malaysia,
Azerbaijan,Maldives,
Azerbaijan,Mali,
Azerbaijan,Malta,
Azerbaijan,Marshall Islands,
Azerbaijan,Mauritania,
Azerbaijan,Mauritius,
Azerbaijan,Mexico,
Azerbaijan,Micronesia,
Azerbaijan,Moldova,
Azerbaijan,Monaco,
Azerbaijan,Mongolia,
Azerbaijan,Montenegro,
Azerbaijan,Morocco,
Azerbaijan,Mozambique,
Azerbaijan,Myanmar,
Azerbaijan,Namibia,
Azerbaijan,Nauru,
Azerbaijan,Nepal,
Azerbaijan,Netherlands,
Azerbaijan,New Zealand,
Azerbaijan,Nicaragua,
Azerbaijan,Niger,
Azerbaijan,Nigeria,
Azerbaijan,North Korea,
Azerbaijan,North Macedonia,
Azerbaijan,Norway,
Azerbaijan,Oman,
Azerbaijan,Pakistan,
Azerbaijan,Palau,
Azerbaijan,Palestine,
Azerbaijan,Panama,
Azerbaijan,Papua New Guinea,
Azerbaijan,Paraguay,
Azerbaijan,Peru,
Azerbaijan,Philippines,
Azerbaijan,Poland,
Azerbaijan,Portugal,
Azerbaijan,Qatar,
Azerbaijan,Romania,
Azerbaijan,Russia,
Azerbaijan,Rwanda,
Azerbaijan,Saint Kitts and Nevis,
Azerbaijan,Saint Lucia,
Azerbaijan,Samoa,
Azerbaijan,San Marino,
Azerbaijan,Sao Tome and Principe,
Azerbaijan,Saudi Arabia,
Azerbaijan,Senegal,
Azerbaijan,Serbia,
Azerbaijan,Seychelles,
Azerbaijan,Sierra Leone,
Azerbaijan,Singapore,
Azerbaijan,Slovakia,
Azerbaijan,Slovenia,
Azerbaijan,Solomon Islands,
Azerbaijan,Somalia,
Azerbaijan,South Africa,
Azerbaijan,South Korea,
Azerbaijan,South Sudan,
Azerbaijan,Spain,
Azerbaijan,Sri Lanka,
Azerbaijan,Saint Vincent and the Grenadines,
Azerbaijan,Sudan,
Azerbaijan,Suriname,
Azerbaijan,Sweden,
Azerbaijan,Switzerland,
Azerbaijan,Syria,
Azerbaijan,Taiwan,
Azerbaijan,Tajikistan,
Azerbaijan,Tanzania,
Azerbaijan,Thailand,
Azerbaijan,Timor-Leste,
Azerbaijan,Togo,
Azerbaijan,Tonga,
Azerbaijan,Trinidad and Tobago,
Azerbaijan,Tunisia,
Azerbaijan,Turkmenistan,
Azerbaijan,Tuvalu,
Azerbaijan,Turkey,
Azerbaijan,Uganda,
Azerbaijan,Ukraine,
Azerbaijan,United Arab Emirates,
Azerbaijan,United Kingdom,
Azerbaijan,United States,
Azerbaijan,Uruguay,
Azerbaijan,Uzbekistan,
Azerbaijan,Vanuatu,
Azerbaijan,Vatican,
Azerbaijan,Venezuela,
Azerbaijan,Vietnam,
Azerbaijan,Yemen,
Azerbaijan,Zambia,
Azerbaijan,Zimbabwe,
Azerbaijan,Afghanistan,
Bahamas,Albania,
Bahamas,Algeria,
Bahamas,Andorra,
Bahamas,Angola,
Bahamas,Antigua and Barbuda,
Bahamas,Argentina,
Bahamas,Armenia,
Bahamas,Australia,
Bahamas,Austria,
Bahamas,Azerbaijan,
Bahamas,Bahamas,-1
Bahamas,Bahrain,
Bahamas,Bangladesh,
Bahamas,Barbados,
Bahamas,Belarus,
Bahamas,Belgium,
Bahamas,Belize,
Bahamas,Benin,
Bahamas,Bhutan,
Bahamas,Bolivia,
Bahamas,Bosnia and Herzegovina,
Bahamas,Botswana,
Bahamas,Brazil,
Bahamas,Brunei,
Bahamas,Bulgaria,
Bahamas,Burkina Faso,
Bahamas,Burundi,
Bahamas,Cambodia,
Bahamas,Cameroon,
Bahamas,Canada,
Bahamas,Cape Verde,
Bahamas,Central African Republic,
Bahamas,Chad,
Bahamas,Chile,
Bahamas,China,
Bahamas,Colombia,
Bahamas,Comoros,
Bahamas,Congo,
Bahamas,DR Congo,
Bahamas,Costa Rica,
Bahamas,Ivory Coast,
Bahamas,Croatia,
Bahamas,Cuba,
Bahamas,Cyprus,
Bahamas,Czech Republic,
Bahamas,Denmark,
Bahamas,Djibouti,
Bahamas,Dominica,
Bahamas,Dominican Republic,
Bahamas,Ecuador,
Bahamas,Egypt,
Bahamas,El Salvador,
Bahamas,Equatorial Guinea,
Bahamas,Eritrea,
Bahamas,Estonia,
Bahamas,Swaziland,
Bahamas,Ethiopia,
Bahamas,Fiji,
Bahamas,Finland,
Bahamas,France,
Bahamas,Gabon,
Bahamas,Gambia,
Bahamas,Georgia,
Bahamas,Germany,
Bahamas,Ghana,
Bahamas,Greece,
Bahamas,Grenada,
Bahamas,Guatemala,
Bahamas,Guinea,
Bahamas,Guinea-Bissau,
Bahamas,Guyana,
Bahamas,Haiti,
Bahamas,Honduras,
Bahamas,Hong Kong,
Bahamas,Hungary,
Bahamas,Iceland,
Bahamas,India,
Bahamas,Indonesia,
Bahamas,Iran,
Bahamas,Iraq,
Bahamas,Ireland,
Bahamas,Israel,
Bahamas,Italy,
Bahamas,Jamaica,
Bahamas,Japan,
Bahamas,Jordan,
Bahamas,Kazakhstan,
Bahamas,Kenya,
Bahamas,Kiribati,
Bahamas,Kosovo,
Bahamas,Kuwait,
Bahamas,Kyrgyzstan,
Bahamas,Laos,
Bahamas,Latvia,
Bahamas,Lebanon,
Bahamas,Lesotho,
Bahamas,Liberia,
Bahamas,Libya,
Bahamas,Liechtenstein,
Bahamas,Lithuania,
Bahamas,Luxembourg,
Bahamas,Macao,
Bahamas,Madagascar,
Bahamas,Malawi,
Bahamas,Malaysia,
Bahamas,Maldives,
Bahamas,Mali,
Bahamas,Malta,
Bahamas,Marshall Islands,
Bahamas,Mauritania,
Bahamas,Mauritius,
Bahamas,Mexico,
Bahamas,Micronesia,
Bahamas,Moldova,
Bahamas,Monaco,
Bahamas,Mongolia,
Bahamas,Montenegro,
Bahamas,Morocco,
Bahamas,Mozambique,
Bahamas,Myanmar,
Bahamas,Namibia,
Bahamas,Nauru,
Bahamas,Nepal,
Bahamas,Netherlands,
Bahamas,New Zealand,
Bahamas,Nicaragua,
Bahamas,Niger,
Bahamas,Nigeria,
Bahamas,North Korea,
Bahamas,North Macedonia,
Bahamas,Norway,
Bahamas,Oman,
Bahamas,Pakistan,
Bahamas,Palau,
Bahamas,Palestine,
Bahamas,Panama,
Bahamas,Papua New Guinea,
Bahamas,Paraguay,
Bahamas,Peru,
Bahamas,Philippines,
Bahamas,Poland,
Bahamas,Portugal,
Bahamas,Qatar,
Bahamas,Romania,
Bahamas,Russia,
Bahamas,Rwanda,
Bahamas,Saint Kitts and Nevis,
Bahamas,Saint Lucia,
Bahamas,Samoa,
Bahamas,San Marino,
Bahamas,Sao Tome and Principe,
Bahamas,Saudi Arabia,
Bahamas,Senegal,
Bahamas,Serbia,
Bahamas,Seychelles,
Bahamas,Sierra Leone,
Bahamas,Singapore,
Bahamas,Slovakia,
Bahamas,Slovenia,
Bahamas,Solomon Islands,
Bahamas,Somalia,
Bahamas,South Africa,
Bahamas,South Korea,
Bahamas,South Sudan,
Bahamas,Spain,
Bahamas,Sri Lanka,
Bahamas,Saint Vincent and the Grenadines,
Bahamas,Sudan,
Bahamas,Suriname,
Bahamas,Sweden,
Bahamas,Switzerland,
Bahamas,Syria,
Bahamas,Taiwan,
Bahamas,Tajikistan,
Bahamas,Tanzania,
Bahamas,Thailand,
Bahamas,Timor-Leste,
Bahamas,Togo,
Bahamas,Tonga,
Bahamas,Trinidad and Tobago,
Bahamas,Tunisia,
Bahamas,Turkmenistan,
Bahamas,Tuvalu,
Bahamas,Turkey,
Bahamas,Uganda,
Bahamas,Ukraine,
Bahamas,United Arab Emirates,
Bahamas,United Kingdom,
Bahamas,United States,
Bahamas,Uruguay,
Bahamas,Uzbekistan,
Bahamas,Vanuatu,
Bahamas,Vatican,
Bahamas,Venezuela,
Bahamas,Vietnam,
Bahamas,Yemen,
Bahamas,Zambia,
Bahamas,Zimbabwe,
Bahamas,Afghanistan,
Bahrain,Albania,
Bahrain,Algeria,
Bahrain,Andorra,
Bahrain,Angola,
Bahrain,Antigua and Barbuda,
Bahrain,Argentina,
Bahrain,Armenia,
Bahrain,Australia,
Bahrain,Austria,
Bahrain,Azerbaijan,
Bahrain,Bahamas,
Bahrain,Bahrain,-1
Bahrain,Bangladesh,
Bahrain,Barbados,
Bahrain,Belarus,
Bahrain,Belgium,
Bahrain,Belize,
Bahrain,Benin,
Bahrain,Bhutan,
Bahrain,Bolivia,
Bahrain,Bosnia and Herzegovina,
Bahrain,Botswana,
Bahrain,Brazil,
Bahrain,Brunei,
Bahrain,Bulgaria,
Bahrain,Burkina Faso,
Bahrain,Burundi,
Bahrain,Cambodia,
Bahrain,Cameroon,
Bahrain,Canada,
Bahrain,Cape Verde,
Bahrain,Central African Republic,
Bahrain,Chad,
Bahrain,Chile,
Bahrain,China,
Bahrain,Colombia,
Bahrain,Comoros,
Bahrain,Congo,
Bahrain,DR Congo,
Bahrain,Costa Rica,
Bahrain,Ivory Coast,
Bahrain,Croatia,
Bahrain,Cuba,
Bahrain,Cyprus,
Bahrain,Czech Republic,
Bahrain,Denmark,
Bahrain,Djibouti,
Bahrain,Dominica,
Bahrain,Dominican Republic,
Bahrain,Ecuador,
Bahrain,Egypt,
Bahrain,El Salvador,
Bahrain,Equatorial Guinea,
Bahrain,Eritrea,
Bahrain,Estonia,
Bahrain,Swaziland,
Bahrain,Ethiopia,
Bahrain,Fiji,
Bahrain,Finland,
Bahrain,France,
Bahrain,Gabon,
Bahrain,Gambia,
Bahrain,Georgia,
Bahrain,Germany,
Bahrain,Ghana,
Bahrain,Greece,
Bahrain,Grenada,
Bahrain,Guatemala,
Bahrain,Guinea,
Bahrain,Guinea-Bissau,
Bahrain,Guyana,
Bahrain,Haiti,
Bahrain,Honduras,
Bahrain,Hong Kong,
Bahrain,Hungary,
Bahrain,Iceland,
Bahrain,India,
Bahrain,Indonesia,
Bahrain,Iran,
Bahrain,Iraq,
Bahrain,Ireland,
Bahrain,Israel,
Bahrain,Italy,
Bahrain,Jamaica,
Bahrain,Japan,
Bahrain,Jordan,
Bahrain,Kazakhstan,
Bahrain,Kenya,
Bahrain,Kiribati,
Bahrain,Kosovo,
Bahrain,Kuwait,
Bahrain,Kyrgyzstan,
Bahrain,Laos,
Bahrain,Latvia,
Bahrain,Lebanon,
Bahrain,Lesotho,
Bahrain,Liberia,
Bahrain,Libya,
Bahrain,Liechtenstein,
Bahrain,Lithuania,
Bahrain,Luxembourg,
Bahrain,Macao,
Bahrain,Madagascar,
Bahrain,Malawi,
Bahrain,Malaysia,
Bahrain,Maldives,
Bahrain,Mali,
Bahrain,Malta,
Bahrain,Marshall Islands,
Bahrain,Mauritania,
Bahrain,Mauritius,
Bahrain,Mexico,
Bahrain,Micronesia,
Bahrain,Moldova,
Bahrain,Monaco,
Bahrain,Mongolia,
Bahrain,Montenegro,
Bahrain,Morocco,
Bahrain,Mozambique,
Bahrain,Myanmar,
Bahrain,Namibia,
Bahrain,Nauru,
Bahrain,Nepal,
Bahrain,Netherlands,
Bahrain,New Zealand,
Bahrain,Nicaragua,
Bahrain,Niger,
Bahrain,Nigeria,
Bahrain,North Korea,
Bahrain,North Macedonia,
Bahrain,Norway,
Bahrain,Oman,
Bahrain,Pakistan,
Bahrain,Palau,
Bahrain,Palestine,
Bahrain,Panama,
Bahrain,Papua New Guinea,
Bahrain,Paraguay,
Bahrain,Peru,
Bahrain,Philippines,
Bahrain,Poland,
Bahrain,Portugal,
Bahrain,Qatar,
Bahrain,Romania,
Bahrain,Russia,
Bahrain,Rwanda,
Bahrain,Saint Kitts and Nevis,
Bahrain,Saint Lucia,
Bahrain,Samoa,
Bahrain,San Marino,
Bahrain,Sao Tome and Principe,
Bahrain,Saudi Arabia,
Bahrain,Senegal,
Bahrain,Serbia,
Bahrain,Seychelles,
Bahrain,Sierra Leone,
Bahrain,Singapore,
Bahrain,Slovakia,
Bahrain,Slovenia,
Bahrain,Solomon Islands,
Bahrain,Somalia,
Bahrain,South Africa,
Bahrain,South Korea,
Bahrain,South Sudan,
Bahrain,Spain,
Bahrain,Sri Lanka,
Bahrain,Saint Vincent and the Grenadines,
Bahrain,Sudan,
Bahrain,Suriname,
Bahrain,Sweden,
Bahrain,Switzerland,
Bahrain,Syria,
Bahrain,Taiwan,
Bahrain,Tajikistan,
Bahrain,Tanzania,
Bahrain,Thailand,
Bahrain,Timor-Leste,
Bahrain,Togo,
Bahrain,Tonga,
Bahrain,Trinidad and Tobago,
Bahrain,Tunisia,
Bahrain,Turkmenistan,
Bahrain,Tuvalu,
Bahrain,Turkey,
Bahrain,Uganda,
Bahrain,Ukraine,
Bahrain,United Arab Emirates,
Bahrain,United Kingdom,
Bahrain,United States,
Bahrain,Uruguay,
Bahrain,Uzbekistan,
Bahrain,Vanuatu,
Bahrain,Vatican,
Bahrain,Venezuela,
Bahrain,Vietnam,
Bahrain,Yemen,
Bahrain,Zambia,
Bahrain,Zimbabwe,
Bahrain,Afghanistan,
Bangladesh,Albania,
Bangladesh,Algeria,
Bangladesh,Andorra,
Bangladesh,Angola,
Bangladesh,Antigua and Barbuda,
Bangladesh,Argentina,
Bangladesh,Armenia,
Bangladesh,Australia,
Bangladesh,Austria,
Bangladesh,Azerbaijan,
Bangladesh,Bahamas,
Bangladesh,Bahrain,
Bangladesh,Bangladesh,-1
Bangladesh,Barbados,
Bangladesh,Belarus,
Bangladesh,Belgium,
Bangladesh,Belize,
Bangladesh,Benin,
Bangladesh,Bhutan,
Bangladesh,Bolivia,
Bangladesh,Bosnia and Herzegovina,
Bangladesh,Botswana,
Bangladesh,Brazil,
Bangladesh,Brunei,
Bangladesh,Bulgaria,
Bangladesh,Burkina Faso,
Bangladesh,Burundi,
Bangladesh,Cambodia,
Bangladesh,Cameroon,
Bangladesh,Canada,
Bangladesh,Cape Verde,
Bangladesh,Central African Republic,
Bangladesh,Chad,
Bangladesh,Chile,
Bangladesh,China,
Bangladesh,Colombia,
Bangladesh,Comoros,
Bangladesh,Congo,
Bangladesh,DR Congo,
Bangladesh,Costa Rica,
Bangladesh,Ivory Coast,
Bangladesh,Croatia,
Bangladesh,Cuba,
Bangladesh,Cyprus,
Bangladesh,Czech Republic,
Bangladesh,Denmark,
Bangladesh,Djibouti,
Bangladesh,Dominica,
Bangladesh,Dominican Republic,
Bangladesh,Ecuador,
Bangladesh,Egypt,
Bangladesh,El Salvador,
Bangladesh,Equatorial Guinea,
Bangladesh,Eritrea,
Bangladesh,Estonia,
Bangladesh,Swaziland,
Bangladesh,Ethiopia,
Bangladesh,Fiji,
Bangladesh,Finland,
Bangladesh,France,
Bangladesh,Gabon,
Bangladesh,Gambia,
Bangladesh,Georgia,
Bangladesh,Germany,
Bangladesh,Ghana,
Bangladesh,Greece,
Bangladesh,Grenada,
Bangladesh,Guatemala,
Bangladesh,Guinea,
Bangladesh,Guinea-Bissau,
Bangladesh,Guyana,
Bangladesh,Haiti,
Bangladesh,Honduras,
Bangladesh,Hong Kong,
Bangladesh,Hungary,
Bangladesh,Iceland,
Bangladesh,India,
Bangladesh,Indonesia,
Bangladesh,Iran,
Bangladesh,Iraq,
Bangladesh,Ireland,
Bangladesh,Israel,
Bangladesh,Italy,
Bangladesh,Jamaica,
Bangladesh,Japan,
Bangladesh,Jordan,
Bangladesh,Kazakhstan,
Bangladesh,Kenya,
Bangladesh,Kiribati,
Bangladesh,Kosovo,
Bangladesh,Kuwait,
Bangladesh,Kyrgyzstan,
Bangladesh,Laos,
Bangladesh,Latvia,
Bangladesh,Lebanon,
Bangladesh,Lesotho,
Bangladesh,Liberia,
Bangladesh,Libya,
Bangladesh,Liechtenstein,
Bangladesh,Lithuania,
Bangladesh,Luxembourg,
Bangladesh,Macao,
Bangladesh,Madagascar,
Bangladesh,Malawi,
Bangladesh,Malaysia,
Bangladesh,Maldives,
Bangladesh,Mali,
Bangladesh,Malta,
Bangladesh,Marshall Islands,
Bangladesh,Mauritania,
Bangladesh,Mauritius,
Bangladesh,Mexico,
Bangladesh,Micronesia,
Bangladesh,Moldova,
Bangladesh,Monaco,
Bangladesh,Mongolia,
Bangladesh,Montenegro,
Bangladesh,Morocco,
Bangladesh,Mozambique,
Bangladesh,Myanmar,
Bangladesh,Namibia,
Bangladesh,Nauru,
Bangladesh,Nepal,
Bangladesh,Netherlands,
Bangladesh,New Zealand,
Bangladesh,Nicaragua,
Bangladesh,Niger,
Bangladesh,Nigeria,
Bangladesh,North Korea,
Bangladesh,North Macedonia,
Bangladesh,Norway,
Bangladesh,Oman,
Bangladesh,Pakistan,
Bangladesh,Palau,
Bangladesh,Palestine,
Bangladesh,Panama,
Bangladesh,Papua New Guinea,
Bangladesh,Paraguay,
Bangladesh,Peru,
Bangladesh,Philippines,
Bangladesh,Poland,
Bangladesh,Portugal,
Bangladesh,Qatar,
Bangladesh,Romania,
Bangladesh,Russia,
Bangladesh,Rwanda,
Bangladesh,Saint Kitts and Nevis,
Bangladesh,Saint Lucia,
Bangladesh,Samoa,
Bangladesh,San Marino,
Bangladesh,Sao Tome and Principe,
Bangladesh,Saudi Arabia,
Bangladesh,Senegal,
Bangladesh,Serbia,
Bangladesh,Seychelles,
Bangladesh,Sierra Leone,
Bangladesh,Singapore,
Bangladesh,Slovakia,
Bangladesh,Slovenia,
Bangladesh,Solomon Islands,
Bangladesh,Somalia,
Bangladesh,South Africa,
Bangladesh,South Korea,
Bangladesh,South Sudan,
Bangladesh,Spain,
Bangladesh,Sri Lanka,
Bangladesh,Saint Vincent and the Grenadines,
Bangladesh,Sudan,
Bangladesh,Suriname,
Bangladesh,Sweden,
Bangladesh,Switzerland,
Bangladesh,Syria,
Bangladesh,Taiwan,
Bangladesh,Tajikistan,
Bangladesh,Tanzania,
Bangladesh,Thailand,
Bangladesh,Timor-Leste,
Bangladesh,Togo,
Bangladesh,Tonga,
Bangladesh,Trinidad and Tobago,
Bangladesh,Tunisia,
Bangladesh,Turkmenistan,
Bangladesh,Tuvalu,
Bangladesh,Turkey,
Bangladesh,Uganda,
Bangladesh,Ukraine,
Bangladesh,United Arab Emirates,
Bangladesh,United Kingdom,
Bangladesh,United States,
Bangladesh,Uruguay,
Bangladesh,Uzbekistan,
Bangladesh,Vanuatu,
Bangladesh,Vatican,
Bangladesh,Venezuela,
Bangladesh,Vietnam,
Bangladesh,Yemen,
Bangladesh,Zambia,
Bangladesh,Zimbabwe,
Bangladesh,Afghanistan,
Barbados,Albania,
Barbados,Algeria,
Barbados,Andorra,
Barbados,Angola,
Barbados,Antigua and Barbuda,
Barbados,Argentina,
Barbados,Armenia,
Barbados,Australia,
Barbados,Austria,
Barbados,Azerbaijan,
Barbados,Bahamas,
Barbados,Bahrain,
Barbados,Bangladesh,
Barbados,Barbados,-1
Barbados,Belarus,
Barbados,Belgium,
Barbados,Belize,
Barbados,Benin,
Barbados,Bhutan,
Barbados,Bolivia,
Barbados,Bosnia and Herzegovina,
Barbados,Botswana,
Barbados,Brazil,
Barbados,Brunei,
Barbados,Bulgaria,
Barbados,Burkina Faso,
Barbados,Burundi,
Barbados,Cambodia,
Barbados,Cameroon,
Barbados,Canada,
Barbados,Cape Verde,
Barbados,Central African Republic,
Barbados,Chad,
Barbados,Chile,
Barbados,China,
Barbados,Colombia,
Barbados,Comoros,
Barbados,Congo,
Barbados,DR Congo,
Barbados,Costa Rica,
Barbados,Ivory Coast,
Barbados,Croatia,
Barbados,Cuba,
Barbados,Cyprus,
Barbados,Czech Republic,
Barbados,Denmark,
Barbados,Djibouti,
Barbados,Dominica,
Barbados,Dominican Republic,
Barbados,Ecuador,
Barbados,Egypt,
Barbados,El Salvador,
Barbados,Equatorial Guinea,
Barbados,Eritrea,
Barbados,Estonia,
Barbados,Swaziland,
Barbados,Ethiopia,
Barbados,Fiji,
Barbados,Finland,
Barbados,France,
Barbados,Gabon,
Barbados,Gambia,
Barbados,Georgia,
Barbados,Germany,
Barbados,Ghana,
Barbados,Greece,
Barbados,Grenada,
Barbados,Guatemala,
Barbados,Guinea,
Barbados,Guinea-Bissau,
Barbados,Guyana,
Barbados,Haiti,
Barbados,Honduras,
Barbados,Hong Kong,
Barbados,Hungary,
Barbados,Iceland,
Barbados,India,
Barbados,Indonesia,
Barbados,Iran,
Barbados,Iraq,
Barbados,Ireland,
Barbados,Israel,
Barbados,Italy,
Barbados,Jamaica,
Barbados,Japan,
Barbados,Jordan,
Barbados,Kazakhstan,
Barbados,Kenya,
Barbados,Kiribati,
Barbados,Kosovo,
Barbados,Kuwait,
Barbados,Kyrgyzstan,
Barbados,Laos,
Barbados,Latvia,
Barbados,Lebanon,
Barbados,Lesotho,
Barbados,Liberia,
Barbados,Libya,
Barbados,Liechtenstein,
Barbados,Lithuania,
Barbados,Luxembourg,
Barbados,Macao,
Barbados,Madagascar,
Barbados,Malawi,
Barbados,Malaysia,
Barbados,Maldives,
Barbados,Mali,
Barbados,Malta,
Barbados,Marshall Islands,
Barbados,Mauritania,
Barbados,Mauritius,
Barbados,Mexico,
Barbados,Micronesia,
Barbados,Moldova,
Barbados,Monaco,
Barbados,Mongolia,
Barbados,Montenegro,
Barbados,Morocco,
Barbados,Mozambique,
Barbados,Myanmar,
Barbados,Namibia,
Barbados,Nauru,
Barbados,Nepal,
Barbados,Netherlands,
Barbados,New Zealand,
Barbados,Nicaragua,
Barbados,Niger,
Barbados,Nigeria,
Barbados,North Korea,
Barbados,North Macedonia,
Barbados,Norway,
Barbados,Oman,
Barbados,Pakistan,
Barbados,Palau,
Barbados,Palestine,
Barbados,Panama,
Barbados,Papua New Guinea,
Barbados,Paraguay,
Barbados,Peru,
Barbados,Philippines,
Barbados,Poland,
Barbados,Portugal,
Barbados,Qatar,
Barbados,Romania,
Barbados,Russia,
Barbados,Rwanda,
Barbados,Saint Kitts and Nevis,
Barbados,Saint Lucia,
Barbados,Samoa,
Barbados,San Marino,
Barbados,Sao Tome and Principe,
Barbados,Saudi Arabia,
Barbados,Senegal,
Barbados,Serbia,
Barbados,Seychelles,
Barbados,Sierra Leone,
Barbados,Singapore,
Barbados,Slovakia,
Barbados,Slovenia,
Barbados,Solomon Islands,
Barbados,Somalia,
Barbados,South Africa,
Barbados,South Korea,
Barbados,South Sudan,
Barbados,Spain,
Barbados,Sri Lanka,
Barbados,Saint Vincent and the Grenadines,
Barbados,Sudan,
Barbados,Suriname,
Barbados,Sweden,
Barbados,Switzerland,
Barbados,Syria,
Barbados,Taiwan,
Barbados,Tajikistan,
Barbados,Tanzania,
Barbados,Thailand,
Barbados,Timor-Leste,
Barbados,Togo,
Barbados,Tonga,
Barbados,Trinidad and Tobago,
Barbados,Tunisia,
Barbados,Turkmenistan,
Barbados,Tuvalu,
Barbados,Turkey,
Barbados,Uganda,
Barbados,Ukraine,
Barbados,United Arab Emirates,
Barbados,United Kingdom,
Barbados,United States,
Barbados,Uruguay,
Barbados,Uzbekistan,
Barbados,Vanuatu,
Barbados,Vatican,
Barbados,Venezuela,
Barbados,Vietnam,
Barbados,Yemen,
Barbados,Zambia,
Barbados,Zimbabwe,
Barbados,Afghanistan,
Belarus,Albania,
Belarus,Algeria,
Belarus,Andorra,
Belarus,Angola,
Belarus,Antigua and Barbuda,
Belarus,Argentina,
Belarus,Armenia,
Belarus,Australia,
Belarus,Austria,
Belarus,Azerbaijan,
Belarus,Bahamas,
Belarus,Bahrain,
Belarus,Bangladesh,
Belarus,Barbados,
Belarus,Belarus,-1
Belarus,Belgium,
Belarus,Belize,
Belarus,Benin,
Belarus,Bhutan,
Belarus,Bolivia,
Belarus,Bosnia and Herzegovina,
Belarus,Botswana,
Belarus,Brazil,
Belarus,Brunei,
Belarus,Bulgaria,
Belarus,Burkina Faso,
Belarus,Burundi,
Belarus,Cambodia,
Belarus,Cameroon,
Belarus,Canada,
Belarus,Cape Verde,
Belarus,Central African Republic,
Belarus,Chad,
Belarus,Chile,
Belarus,China,
Belarus,Colombia,
Belarus,Comoros,
Belarus,Congo,
Belarus,DR Congo,
Belarus,Costa Rica,
Belarus,Ivory Coast,
Belarus,Croatia,
Belarus,Cuba,
Belarus,Cyprus,
Belarus,Czech Republic,
Belarus,Denmark,
Belarus,Djibouti,
Belarus,Dominica,
Belarus,Dominican Republic,
Belarus,Ecuador,
Belarus,Egypt,
Belarus,El Salvador,
Belarus,Equatorial Guinea,
Belarus,Eritrea,
Belarus,Estonia,
Belarus,Swaziland,
Belarus,Ethiopia,
Belarus,Fiji,
Belarus,Finland,
Belarus,France,
Belarus,Gabon,
Belarus,Gambia,
Belarus,Georgia,
Belarus,Germany,
Belarus,Ghana,
Belarus,Greece,
Belarus,Grenada,
Belarus,Guatemala,
Belarus,Guinea,
Belarus,Guinea-Bissau,
Belarus,Guyana,
Belarus,Haiti,
Belarus,Honduras,
Belarus,Hong Kong,
Belarus,Hungary,
Belarus,Iceland,
Belarus,India,
Belarus,Indonesia,
Belarus,Iran,
Belarus,Iraq,
Belarus,Ireland,
Belarus,Israel,
Belarus,Italy,
Belarus,Jamaica,
Belarus,Japan,
Belarus,Jordan,
Belarus,Kazakhstan,
Belarus,Kenya,
Belarus,Kiribati,
Belarus,Kosovo,
Belarus,Kuwait,
Belarus,Kyrgyzstan,
Belarus,Laos,
Belarus,Latvia,
Belarus,Lebanon,
Belarus,Lesotho,
Belarus,Liberia,
Belarus,Libya,
Belarus,Liechtenstein,
Belarus,Lithuania,
Belarus,Luxembourg,
Belarus,Macao,
Belarus,Madagascar,
Belarus,Malawi,
Belarus,Malaysia,
Belarus,Maldives,
Belarus,Mali,
Belarus,Malta,
Belarus,Marshall Islands,
Belarus,Mauritania,
Belarus,Mauritius,
Belarus,Mexico,
Belarus,Micronesia,
Belarus,Moldova,
Belarus,Monaco,
Belarus,Mongolia,
Belarus,Montenegro,
Belarus,Morocco,
Belarus,Mozambique,
Belarus,Myanmar,
Belarus,Namibia,
Belarus,Nauru,
Belarus,Nepal,
Belarus,Netherlands,
Belarus,New Zealand,
Belarus,Nicaragua,
Belarus,Niger,
Belarus,Nigeria,
Belarus,North Korea,
Belarus,North Macedonia,
Belarus,Norway,
Belarus,Oman,
Belarus,Pakistan,
Belarus,Palau,
Belarus,Palestine,
Belarus,Panama,
Belarus,Papua New Guinea,
Belarus,Paraguay,
Belarus,Peru,
Belarus,Philippines,
Belarus,Poland,
Belarus,Portugal,
Belarus,Qatar,
Belarus,Romania,
Belarus,Russia,
Belarus,Rwanda,
Belarus,Saint Kitts and Nevis,
Belarus,Saint Lucia,
Belarus,Samoa,
Belarus,San Marino,
Belarus,Sao Tome and Principe,
Belarus,Saudi Arabia,
Belarus,Senegal,
Belarus,Serbia,
Belarus,Seychelles,
Belarus,Sierra Leone,
Belarus,Singapore,
Belarus,Slovakia,
Belarus,Slovenia,
Belarus,Solomon Islands,
Belarus,Somalia,
Belarus,South Africa,
Belarus,South Korea,
Belarus,South Sudan,
Belarus,Spain,
Belarus,Sri Lanka,
Belarus,Saint Vincent and the Grenadines,
Belarus,Sudan,
Belarus,Suriname,
Belarus,Sweden,
Belarus,Switzerland,
Belarus,Syria,
Belarus,Taiwan,
Belarus,Tajikistan,
Belarus,Tanzania,
Belarus,Thailand,
Belarus,Timor-Leste,
Belarus,Togo,
Belarus,Tonga,
Belarus,Trinidad and Tobago,
Belarus,Tunisia,
Belarus,Turkmenistan,
Belarus,Tuvalu,
Belarus,Turkey,
Belarus,Uganda,
Belarus,Ukraine,
Belarus,United Arab Emirates,
Belarus,United Kingdom,
Belarus,United States,
Belarus,Uruguay,
Belarus,Uzbekistan,
Belarus,Vanuatu,
Belarus,Vatican,
Belarus,Venezuela,
Belarus,Vietnam,
Belarus,Yemen,
Belarus,Zambia,
Belarus,Zimbabwe,
Belarus,Afghanistan,
Belgium,Albania,
Belgium,Algeria,
Belgium,Andorra,
Belgium,Angola,
Belgium,Antigua and Barbuda,
Belgium,Argentina,
Belgium,Armenia,
Belgium,Australia,
Belgium,Austria,
Belgium,Azerbaijan,
Belgium,Bahamas,
Belgium,Bahrain,
Belgium,Bangladesh,
Belgium,Barbados,
Belgium,Belarus,
Belgium,Belgium,-1
Belgium,Belize,
Belgium,Benin,
Belgium,Bhutan,
Belgium,Bolivia,
Belgium,Bosnia and Herzegovina,
Belgium,Botswana,
Belgium,Brazil,
Belgium,Brunei,
Belgium,Bulgaria,
Belgium,Burkina Faso,
Belgium,Burundi,
Belgium,Cambodia,
Belgium,Cameroon,
Belgium,Canada,
Belgium,Cape Verde,
Belgium,Central African Republic,
Belgium,Chad,
Belgium,Chile,
Belgium,China,
Belgium,Colombia,
Belgium,Comoros,
Belgium,Congo,
Belgium,DR Congo,
Belgium,Costa Rica,
Belgium,Ivory Coast,
Belgium,Croatia,
Belgium,Cuba,
Belgium,Cyprus,
Belgium,Czech Republic,
Belgium,Denmark,
Belgium,Djibouti,
Belgium,Dominica,
Belgium,Dominican Republic,
Belgium,Ecuador,
Belgium,Egypt,
Belgium,El Salvador,
Belgium,Equatorial Guinea,
Belgium,Eritrea,
Belgium,Estonia,
Belgium,Swaziland,
Belgium,Ethiopia,
Belgium,Fiji,
Belgium,Finland,
Belgium,France,
Belgium,Gabon,
Belgium,Gambia,
Belgium,Georgia,
Belgium,Germany,
Belgium,Ghana,
Belgium,Greece,
Belgium,Grenada,
Belgium,Guatemala,
Belgium,Guinea,
Belgium,Guinea-Bissau,
Belgium,Guyana,
Belgium,Haiti,
Belgium,Honduras,
Belgium,Hong Kong,
Belgium,Hungary,
Belgium,Iceland,
Belgium,India,
Belgium,Indonesia,
Belgium,Iran,
Belgium,Iraq,
Belgium,Ireland,
Belgium,Israel,
Belgium,Italy,
Belgium,Jamaica,
Belgium,Japan,
Belgium,Jordan,
Belgium,Kazakhstan,
Belgium,Kenya,
Belgium,Kiribati,
Belgium,Kosovo,
Belgium,Kuwait,
Belgium,Kyrgyzstan,
Belgium,Laos,
Belgium,Latvia,
Belgium,Lebanon,
Belgium,Lesotho,
Belgium,Liberia,
Belgium,Libya,
Belgium,Liechtenstein,
Belgium,Lithuania,
Belgium,Luxembourg,
Belgium,Macao,
Belgium,Madagascar,
Belgium,Malawi,
Belgium,Malaysia,
Belgium,Maldives,
Belgium,Mali,
Belgium,Malta,
Belgium,Marshall Islands,
Belgium,Mauritania,
Belgium,Mauritius,
Belgium,Mexico,
Belgium,Micronesia,
Belgium,Moldova,
Belgium,Monaco,
Belgium,Mongolia,
Belgium,Montenegro,
Belgium,Morocco,
Belgium,Mozambique,
Belgium,Myanmar,
Belgium,Namibia,
Belgium,Nauru,
Belgium,Nepal,
Belgium,Netherlands,
Belgium,New Zealand,
Belgium,Nicaragua,
Belgium,Niger,
Belgium,Nigeria,
Belgium,North Korea,
Belgium,North Macedonia,
Belgium,Norway,
Belgium,Oman,
Belgium,Pakistan,
Belgium,Palau,
Belgium,Palestine,
Belgium,Panama,
Belgium,Papua New Guinea,
Belgium,Paraguay,
Belgium,Peru,
Belgium,Philippines,
Belgium,Poland,
Belgium,Portugal,
Belgium,Qatar,
Belgium,Romania,
Belgium,Russia,
Belgium,Rwanda,
Belgium,Saint Kitts and Nevis,
Belgium,Saint Lucia,
Belgium,Samoa,
Belgium,San Marino,
Belgium,Sao Tome and Principe,
Belgium,Saudi Arabia,
Belgium,Senegal,
Belgium,Serbia,
Belgium,Seychelles,
Belgium,Sierra Leone,
Belgium,Singapore,
Belgium,Slovakia,
Belgium,Slovenia,
Belgium,Solomon Islands,
Belgium,Somalia,
Belgium,South Africa,
Belgium,South Korea,
Belgium,South Sudan,
Belgium,Spain,
Belgium,Sri Lanka,
Belgium,Saint Vincent and the Grenadines,
Belgium,Sudan,
Belgium,Suriname,
Belgium,Sweden,
Belgium,Switzerland,
Belgium,Syria,
Belgium,Taiwan,
Belgium,Tajikistan,
Belgium,Tanzania,
Belgium,Thailand,
Belgium,Timor-Leste,
Belgium,Togo,
Belgium,Tonga,
Belgium,Trinidad and Tobago,
Belgium,Tunisia,
Belgium,Turkmenistan,
Belgium,Tuvalu,
Belgium,Turkey,
Belgium,Uganda,
Belgium,Ukraine,
Belgium,United Arab Emirates,
Belgium,United Kingdom,
Belgium,United States,
Belgium,Uruguay,
Belgium,Uzbekistan,
Belgium,Vanuatu,
Belgium,Vatican,
Belgium,Venezuela,
Belgium,Vietnam,
Belgium,Yemen,
Belgium,Zambia,
Belgium,Zimbabwe,
Belgium,Afghanistan,
Belize,Albania,
Belize,Algeria,
Belize,Andorra,
Belize,Angola,
Belize,Antigua and Barbuda,
Belize,Argentina,
Belize,Armenia,
Belize,Australia,
Belize,Austria,
Belize,Azerbaijan,
Belize,Bahamas,
Belize,Bahrain,
Belize,Bangladesh,
Belize,Barbados,
Belize,Belarus,
Belize,Belgium,
Belize,Belize,-1
Belize,Benin,
Belize,Bhutan,
Belize,Bolivia,
Belize,Bosnia and Herzegovina,
Belize,Botswana,
Belize,Brazil,
Belize,Brunei,
Belize,Bulgaria,
Belize,Burkina Faso,
Belize,Burundi,
Belize,Cambodia,
Belize,Cameroon,
Belize,Canada,
Belize,Cape Verde,
Belize,Central African Republic,
Belize,Chad,
Belize,Chile,
Belize,China,
Belize,Colombia,
Belize,Comoros,
Belize,Congo,
Belize,DR Congo,
Belize,Costa Rica,
Belize,Ivory Coast,
Belize,Croatia,
Belize,Cuba,
Belize,Cyprus,
Belize,Czech Republic,
Belize,Denmark,
Belize,Djibouti,
Belize,Dominica,
Belize,Dominican Republic,
Belize,Ecuador,
Belize,Egypt,
Belize,El Salvador,
Belize,Equatorial Guinea,
Belize,Eritrea,
Belize,Estonia,
Belize,Swaziland,
Belize,Ethiopia,
Belize,Fiji,
Belize,Finland,
Belize,France,
Belize,Gabon,
Belize,Gambia,
Belize,Georgia,
Belize,Germany,
Belize,Ghana,
Belize,Greece,
Belize,Grenada,
Belize,Guatemala,
Belize,Guinea,
Belize,Guinea-Bissau,
Belize,Guyana,
Belize,Haiti,
Belize,Honduras,
Belize,Hong Kong,
Belize,Hungary,
Belize,Iceland,
Belize,India,
Belize,Indonesia,
Belize,Iran,
Belize,Iraq,
Belize,Ireland,
Belize,Israel,
Belize,Italy,
Belize,Jamaica,
Belize,Japan,
Belize,Jordan,
Belize,Kazakhstan,
Belize,Kenya,
Belize,Kiribati,
Belize,Kosovo,
Belize,Kuwait,
Belize,Kyrgyzstan,
Belize,Laos,
Belize,Latvia,
Belize,Lebanon,
Belize,Lesotho,
Belize,Liberia,
Belize,Libya,
Belize,Liechtenstein,
Belize,Lithuania,
Belize,Luxembourg,
Belize,Macao,
Belize,Madagascar,
Belize,Malawi,
Belize,Malaysia,
Belize,Maldives,
Belize,Mali,
Belize,Malta,
Belize,Marshall Islands,
Belize,Mauritania,
Belize,Mauritius,
Belize,Mexico,
Belize,Micronesia,
Belize,Moldova,
Belize,Monaco,
Belize,Mongolia,
Belize,Montenegro,
Belize,Morocco,
Belize,Mozambique,
Belize,Myanmar,
Belize,Namibia,
Belize,Nauru,
Belize,Nepal,
Belize,Netherlands,
Belize,New Zealand,
Belize,Nicaragua,
Belize,Niger,
Belize,Nigeria,
Belize,North Korea,
Belize,North Macedonia,
Belize,Norway,
Belize,Oman,
Belize,Pakistan,
Belize,Palau,
Belize,Palestine,
Belize,Panama,
Belize,Papua New Guinea,
Belize,Paraguay,
Belize,Peru,
Belize,Philippines,
Belize,Poland,
Belize,Portugal,
Belize,Qatar,
Belize,Romania,
Belize,Russia,
Belize,Rwanda,
Belize,Saint Kitts and Nevis,
Belize,Saint Lucia,
Belize,Samoa,
Belize,San Marino,
Belize,Sao Tome and Principe,
Belize,Saudi Arabia,
Belize,Senegal,
Belize,Serbia,
Belize,Seychelles,
Belize,Sierra Leone,
Belize,Singapore,
Belize,Slovakia,
Belize,Slovenia,
Belize,Solomon Islands,
Belize,Somalia,
Belize,South Africa,
Belize,South Korea,
Belize,South Sudan,
Belize,Spain,
Belize,Sri Lanka,
Belize,Saint Vincent and the Grenadines,
Belize,Sudan,
Belize,Suriname,
Belize,Sweden,
Belize,Switzerland,
Belize,Syria,
Belize,Taiwan,
Belize,Tajikistan,
Belize,Tanzania,
Belize,Thailand,
Belize,Timor-Leste,
Belize,Togo,
Belize,Tonga,
Belize,Trinidad and Tobago,
Belize,Tunisia,
Belize,Turkmenistan,
Belize,Tuvalu,
Belize,Turkey,
Belize,Uganda,
Belize,Ukraine,
Belize,United Arab Emirates,
Belize,United Kingdom,
Belize,United States,
Belize,Uruguay,
Belize,Uzbekistan,
Belize,Vanuatu,
Belize,Vatican,
Belize,Venezuela,
Belize,Vietnam,
Belize,Yemen,
Belize,Zambia,
Belize,Zimbabwe,
Belize,Afghanistan,
Benin,Albania,
Benin,Algeria,
Benin,Andorra,
Benin,Angola,
Benin,Antigua and Barbuda,
Benin,Argentina,
Benin,Armenia,
Benin,Australia,
Benin,Austria,
Benin,Azerbaijan,
Benin,Bahamas,
Benin,Bahrain,
Benin,Bangladesh,
Benin,Barbados,
Benin,Belarus,
Benin,Belgium,
Benin,Belize,
Benin,Benin,-1
Benin,Bhutan,
Benin,Bolivia,
Benin,Bosnia and Herzegovina,
Benin,Botswana,
Benin,Brazil,
Benin,Brunei,
Benin,Bulgaria,
Benin,Burkina Faso,
Benin,Burundi,
Benin,Cambodia,
Benin,Cameroon,
Benin,Canada,
Benin,Cape Verde,
Benin,Central African Republic,
Benin,Chad,
Benin,Chile,
Benin,China,
Benin,Colombia,
Benin,Comoros,
Benin,Congo,
Benin,DR Congo,
Benin,Costa Rica,
Benin,Ivory Coast,
Benin,Croatia,
Benin,Cuba,
Benin,Cyprus,
Benin,Czech Republic,
Benin,Denmark,
Benin,Djibouti,
Benin,Dominica,
Benin,Dominican Republic,
Benin,Ecuador,
Benin,Egypt,
Benin,El Salvador,
Benin,Equatorial Guinea,
Benin,Eritrea,
Benin,Estonia,
Benin,Swaziland,
Benin,Ethiopia,
Benin,Fiji,
Benin,Finland,
Benin,France,
Benin,Gabon,
Benin,Gambia,
Benin,Georgia,
Benin,Germany,
Benin,Ghana,
Benin,Greece,
Benin,Grenada,
Benin,Guatemala,
Benin,Guinea,
Benin,Guinea-Bissau,
Benin,Guyana,
Benin,Haiti,
Benin,Honduras,
Benin,Hong Kong,
Benin,Hungary,
Benin,Iceland,
Benin,India,
Benin,Indonesia,
Benin,Iran,
Benin,Iraq,
Benin,Ireland,
Benin,Israel,
Benin,Italy,
Benin,Jamaica,
Benin,Japan,
Benin,Jordan,
Benin,Kazakhstan,
Benin,Kenya,
Benin,Kiribati,
Benin,Kosovo,
Benin,Kuwait,
Benin,Kyrgyzstan,
Benin,Laos,
Benin,Latvia,
Benin,Lebanon,
Benin,Lesotho,
Benin,Liberia,
Benin,Libya,
Benin,Liechtenstein,
Benin,Lithuania,
Benin,Luxembourg,
Benin,Macao,
Benin,Madagascar,
Benin,Malawi,
Benin,Malaysia,
Benin,Maldives,
Benin,Mali,
Benin,Malta,
Benin,Marshall Islands,
Benin,Mauritania,
Benin,Mauritius,
Benin,Mexico,
Benin,Micronesia,
Benin,Moldova,
Benin,Monaco,
Benin,Mongolia,
Benin,Montenegro,
Benin,Morocco,
Benin,Mozambique,
Benin,Myanmar,
Benin,Namibia,
Benin,Nauru,
Benin,Nepal,
Benin,Netherlands,
Benin,New Zealand,
Benin,Nicaragua,
Benin,Niger,
Benin,Nigeria,
Benin,North Korea,
Benin,North Macedonia,
Benin,Norway,
Benin,Oman,
Benin,Pakistan,
Benin,Palau,
Benin,Palestine,
Benin,Panama,
Benin,Papua New Guinea,
Benin,Paraguay,
Benin,Peru,
Benin,Philippines,
Benin,Poland,
Benin,Portugal,
Benin,Qatar,
Benin,Romania,
Benin,Russia,
Benin,Rwanda,
Benin,Saint Kitts and Nevis,
Benin,Saint Lucia,
Benin,Samoa,
Benin,San Marino,
Benin,Sao Tome and Principe,
Benin,Saudi Arabia,
Benin,Senegal,
Benin,Serbia,
Benin,Seychelles,
Benin,Sierra Leone,
Benin,Singapore,
Benin,Slovakia,
Benin,Slovenia,
Benin,Solomon Islands,
Benin,Somalia,
Benin,South Africa,
Benin,South Korea,
Benin,South Sudan,
Benin,Spain,
Benin,Sri Lanka,
Benin,Saint Vincent and the Grenadines,
Benin,Sudan,
Benin,Suriname,
Benin,Sweden,
Benin,Switzerland,
Benin,Syria,
Benin,Taiwan,
Benin,Tajikistan,
Benin,Tanzania,
Benin,Thailand,
Benin,Timor-Leste,
Benin,Togo,
Benin,Tonga,
Benin,Trinidad and Tobago,
Benin,Tunisia,
Benin,Turkmenistan,
Benin,Tuvalu,
Benin,Turkey,
Benin,Uganda,
Benin,Ukraine,
Benin,United Arab Emirates,
Benin,United Kingdom,
Benin,United States,
Benin,Uruguay,
Benin,Uzbekistan,
Benin,Vanuatu,
Benin,Vatican,
Benin,Venezuela,
Benin,Vietnam,
Benin,Yemen,
Benin,Zambia,
Benin,Zimbabwe,
Benin,Afghanistan,
Bhutan,Albania,
Bhutan,Algeria,
Bhutan,Andorra,
Bhutan,Angola,
Bhutan,Antigua and Barbuda,
Bhutan,Argentina,
Bhutan,Armenia,
Bhutan,Australia,
Bhutan,Austria,
Bhutan,Azerbaijan,
Bhutan,Bahamas,
Bhutan,Bahrain,
Bhutan,Bangladesh,
Bhutan,Barbados,
Bhutan,Belarus,
Bhutan,Belgium,
Bhutan,Belize,
Bhutan,Benin,
Bhutan,Bhutan,-1
Bhutan,Bolivia,
Bhutan,Bosnia and Herzegovina,
Bhutan,Botswana,
Bhutan,Brazil,
Bhutan,Brunei,
Bhutan,Bulgaria,
Bhutan,Burkina Faso,
Bhutan,Burundi,
Bhutan,Cambodia,
Bhutan,Cameroon,
Bhutan,Canada,
Bhutan,Cape Verde,
Bhutan,Central African Republic,
Bhutan,Chad,
Bhutan,Chile,
Bhutan,China,
Bhutan,Colombia,
Bhutan,Comoros,
Bhutan,Congo,
Bhutan,DR Congo,
Bhutan,Costa Rica,
Bhutan,Ivory Coast,
Bhutan,Croatia,
Bhutan,Cuba,
Bhutan,Cyprus,
Bhutan,Czech Republic,
Bhutan,Denmark,
Bhutan,Djibouti,
Bhutan,Dominica,
Bhutan,Dominican Republic,
Bhutan,Ecuador,
Bhutan,Egypt,
Bhutan,El Salvador,
Bhutan,Equatorial Guinea,
Bhutan,Eritrea,
Bhutan,Estonia,
Bhutan,Swaziland,
Bhutan,Ethiopia,
Bhutan,Fiji,
Bhutan,Finland,
Bhutan,France,
Bhutan,Gabon,
Bhutan,Gambia,
Bhutan,Georgia,
Bhutan,Germany,
Bhutan,Ghana,
Bhutan,Greece,
Bhutan,Grenada,
Bhutan,Guatemala,
Bhutan,Guinea,
Bhutan,Guinea-Bissau,
Bhutan,Guyana,
Bhutan,Haiti,
Bhutan,Honduras,
Bhutan,Hong Kong,
Bhutan,Hungary,
Bhutan,Iceland,
Bhutan,India,
Bhutan,Indonesia,
Bhutan,Iran,
Bhutan,Iraq,
Bhutan,Ireland,
Bhutan,Israel,
Bhutan,Italy,
Bhutan,Jamaica,
Bhutan,Japan,
Bhutan,Jordan,
Bhutan,Kazakhstan,
Bhutan,Kenya,
Bhutan,Kiribati,
Bhutan,Kosovo,
Bhutan,Kuwait,
Bhutan,Kyrgyzstan,
Bhutan,Laos,
Bhutan,Latvia,
Bhutan,Lebanon,
Bhutan,Lesotho,
Bhutan,Liberia,
Bhutan,Libya,
Bhutan,Liechtenstein,
Bhutan,Lithuania,
Bhutan,Luxembourg,
Bhutan,Macao,
Bhutan,Madagascar,
Bhutan,Malawi,
Bhutan,Malaysia,
Bhutan,Maldives,
Bhutan,Mali,
Bhutan,Malta,
Bhutan,Marshall Islands,
Bhutan,Mauritania,
Bhutan,Mauritius,
Bhutan,Mexico,
Bhutan,Micronesia,
Bhutan,Moldova,
Bhutan,Monaco,
Bhutan,Mongolia,
Bhutan,Montenegro,
Bhutan,Morocco,
Bhutan,Mozambique,
Bhutan,Myanmar,
Bhutan,Namibia,
Bhutan,Nauru,
Bhutan,Nepal,
Bhutan,Netherlands,
Bhutan,New Zealand,
Bhutan,Nicaragua,
Bhutan,Niger,
Bhutan,Nigeria,
Bhutan,North Korea,
Bhutan,North Macedonia,
Bhutan,Norway,
Bhutan,Oman,
Bhutan,Pakistan,
Bhutan,Palau,
Bhutan,Palestine,
Bhutan,Panama,
Bhutan,Papua New Guinea,
Bhutan,Paraguay,
Bhutan,Peru,
Bhutan,Philippines,
Bhutan,Poland,
Bhutan,Portugal,
Bhutan,Qatar,
Bhutan,Romania,
Bhutan,Russia,
Bhutan,Rwanda,
Bhutan,Saint Kitts and Nevis,
Bhutan,Saint Lucia,
Bhutan,Samoa,
Bhutan,San Marino,
Bhutan,Sao Tome and Principe,
Bhutan,Saudi Arabia,
Bhutan,Senegal,
Bhutan,Serbia,
Bhutan,Seychelles,
Bhutan,Sierra Leone,
Bhutan,Singapore,
Bhutan,Slovakia,
Bhutan,Slovenia,
Bhutan,Solomon Islands,
Bhutan,Somalia,
Bhutan,South Africa,
Bhutan,South Korea,
Bhutan,South Sudan,
Bhutan,Spain,
Bhutan,Sri Lanka,
Bhutan,Saint Vincent and the Grenadines,
Bhutan,Sudan,
Bhutan,Suriname,
Bhutan,Sweden,
Bhutan,Switzerland,
Bhutan,Syria,
Bhutan,Taiwan,
Bhutan,Tajikistan,
Bhutan,Tanzania,
Bhutan,Thailand,
Bhutan,Timor-Leste,
Bhutan,Togo,
Bhutan,Tonga,
Bhutan,Trinidad and Tobago,
Bhutan,Tunisia,
Bhutan,Turkmenistan,
Bhutan,Tuvalu,
Bhutan,Turkey,
Bhutan,Uganda,
Bhutan,Ukraine,
Bhutan,United Arab Emirates,
Bhutan,United Kingdom,
Bhutan,United States,
Bhutan,Uruguay,
Bhutan,Uzbekistan,
Bhutan,Vanuatu,
Bhutan,Vatican,
Bhutan,Venezuela,
Bhutan,Vietnam,
Bhutan,Yemen,
Bhutan,Zambia,
Bhutan,Zimbabwe,
Bhutan,Afghanistan,
Bolivia,Albania,
Bolivia,Algeria,
Bolivia,Andorra,
Bolivia,Angola,
Bolivia,Antigua and Barbuda,
Bolivia,Argentina,
Bolivia,Armenia,
Bolivia,Australia,
Bolivia,Austria,
Bolivia,Azerbaijan,
Bolivia,Bahamas,
Bolivia,Bahrain,
Bolivia,Bangladesh,
Bolivia,Barbados,
Bolivia,Belarus,
Bolivia,Belgium,
Bolivia,Belize,
Bolivia,Benin,
Bolivia,Bhutan,
Bolivia,Bolivia,-1
Bolivia,Bosnia and Herzegovina,
Bolivia,Botswana,
Bolivia,Brazil,
Bolivia,Brunei,
Bolivia,Bulgaria,
Bolivia,Burkina Faso,
Bolivia,Burundi,
Bolivia,Cambodia,
Bolivia,Cameroon,
Bolivia,Canada,
Bolivia,Cape Verde,
Bolivia,Central African Republic,
Bolivia,Chad,
Bolivia,Chile,
Bolivia,China,
Bolivia,Colombia,
Bolivia,Comoros,
Bolivia,Congo,
Bolivia,DR Congo,
Bolivia,Costa Rica,
Bolivia,Ivory Coast,
Bolivia,Croatia,
Bolivia,Cuba,
Bolivia,Cyprus,
Bolivia,Czech Republic,
Bolivia,Denmark,
Bolivia,Djibouti,
Bolivia,Dominica,
Bolivia,Dominican Republic,
Bolivia,Ecuador,
Bolivia,Egypt,
Bolivia,El Salvador,
Bolivia,Equatorial Guinea,
Bolivia,Eritrea,
Bolivia,Estonia,
Bolivia,Swaziland,
Bolivia,Ethiopia,
Bolivia,Fiji,
Bolivia,Finland,
Bolivia,France,
Bolivia,Gabon,
Bolivia,Gambia,
Bolivia,Georgia,
Bolivia,Germany,
Bolivia,Ghana,
Bolivia,Greece,
Bolivia,Grenada,
Bolivia,Guatemala,
Bolivia,Guinea,
Bolivia,Guinea-Bissau,
Bolivia,Guyana,
Bolivia,Haiti,
Bolivia,Honduras,
Bolivia,Hong Kong,
Bolivia,Hungary,
Bolivia,Iceland,
Bolivia,India,
Bolivia,Indonesia,
Bolivia,Iran,
Bolivia,Iraq,
Bolivia,Ireland,
Bolivia,Israel,
Bolivia,Italy,
Bolivia,Jamaica,
Bolivia,Japan,
Bolivia,Jordan,
Bolivia,Kazakhstan,
Bolivia,Kenya,
Bolivia,Kiribati,
Bolivia,Kosovo,
Bolivia,Kuwait,
Bolivia,Kyrgyzstan,
Bolivia,Laos,
Bolivia,Latvia,
Bolivia,Lebanon,
Bolivia,Lesotho,
Bolivia,Liberia,
Bolivia,Libya,
Bolivia,Liechtenstein,
Bolivia,Lithuania,
Bolivia,Luxembourg,
Bolivia,Macao,
Bolivia,Madagascar,
Bolivia,Malawi,
Bolivia,Malaysia,
Bolivia,Maldives,
Bolivia,Mali,
Bolivia,Malta,
Bolivia,Marshall Islands,
Bolivia,Mauritania,
Bolivia,Mauritius,
Bolivia,Mexico,
Bolivia,Micronesia,
Bolivia,Moldova,
Bolivia,Monaco,
Bolivia,Mongolia,
Bolivia,Montenegro,
Bolivia,Morocco,
Bolivia,Mozambique,
Bolivia,Myanmar,
Bolivia,Namibia,
Bolivia,Nauru,
Bolivia,Nepal,
Bolivia,Netherlands,
Bolivia,New Zealand,
Bolivia,Nicaragua,
Bolivia,Niger,
Bolivia,Nigeria,
Bolivia,North Korea,
Bolivia,North Macedonia,
Bolivia,Norway,
Bolivia,Oman,
Bolivia,Pakistan,
Bolivia,Palau,
Bolivia,Palestine,
Bolivia,Panama,
Bolivia,Papua New Guinea,
Bolivia,Paraguay,
Bolivia,Peru,
Bolivia,Philippines,
Bolivia,Poland,
Bolivia,Portugal,
Bolivia,Qatar,
Bolivia,Romania,
Bolivia,Russia,
Bolivia,Rwanda,
Bolivia,Saint Kitts and Nevis,
Bolivia,Saint Lucia,
Bolivia,Samoa,
Bolivia,San Marino,
Bolivia,Sao Tome and Principe,
Bolivia,Saudi Arabia,
Bolivia,Senegal,
Bolivia,Serbia,
Bolivia,Seychelles,
Bolivia,Sierra Leone,
Bolivia,Singapore,
Bolivia,Slovakia,
Bolivia,Slovenia,
Bolivia,Solomon Islands,
Bolivia,Somalia,
Bolivia,South Africa,
Bolivia,South Korea,
Bolivia,South Sudan,
Bolivia,Spain,
Bolivia,Sri Lanka,
Bolivia,Saint Vincent and the Grenadines,
Bolivia,Sudan,
Bolivia,Suriname,
Bolivia,Sweden,
Bolivia,Switzerland,
Bolivia,Syria,
Bolivia,Taiwan,
Bolivia,Tajikistan,
Bolivia,Tanzania,
Bolivia,Thailand,
Bolivia,Timor-Leste,
Bolivia,Togo,
Bolivia,Tonga,
Bolivia,Trinidad and Tobago,
Bolivia,Tunisia,
Bolivia,Turkmenistan,
Bolivia,Tuvalu,
Bolivia,Turkey,
Bolivia,Uganda,
Bolivia,Ukraine,
Bolivia,United Arab Emirates,
Bolivia,United Kingdom,
Bolivia,United States,
Bolivia,Uruguay,
Bolivia,Uzbekistan,
Bolivia,Vanuatu,
Bolivia,Vatican,
Bolivia,Venezuela,
Bolivia,Vietnam,
Bolivia,Yemen,
Bolivia,Zambia,
Bolivia,Zimbabwe,
Bolivia,Afghanistan,
Bosnia and Herzegovina,Albania,
Bosnia and Herzegovina,Algeria,
Bosnia and Herzegovina,Andorra,
Bosnia and Herzegovina,Angola,
Bosnia and Herzegovina,Antigua and Barbuda,
Bosnia and Herzegovina,Argentina,
Bosnia and Herzegovina,Armenia,
Bosnia and Herzegovina,Australia,
Bosnia and Herzegovina,Austria,
Bosnia and Herzegovina,Azerbaijan,
Bosnia and Herzegovina,Bahamas,
Bosnia and Herzegovina,Bahrain,
Bosnia and Herzegovina,Bangladesh,
Bosnia and Herzegovina,Barbados,
Bosnia and Herzegovina,Belarus,
Bosnia and Herzegovina,Belgium,
Bosnia and Herzegovina,Belize,
Bosnia and Herzegovina,Benin,
Bosnia and Herzegovina,Bhutan,
Bosnia and Herzegovina,Bolivia,
Bosnia and Herzegovina,Bosnia and Herzegovina,-1
Bosnia and Herzegovina,Botswana,
Bosnia and Herzegovina,Brazil,
Bosnia and Herzegovina,Brunei,
Bosnia and Herzegovina,Bulgaria,
Bosnia and Herzegovina,Burkina Faso,
Bosnia and Herzegovina,Burundi,
Bosnia and Herzegovina,Cambodia,
Bosnia and Herzegovina,Cameroon,
Bosnia and Herzegovina,Canada,
Bosnia and Herzegovina,Cape Verde,
Bosnia and Herzegovina,Central African Republic,
Bosnia and Herzegovina,Chad,
Bosnia and Herzegovina,Chile,
Bosnia and Herzegovina,China,
Bosnia and Herzegovina,Colombia,
Bosnia and Herzegovina,Comoros,
Bosnia and Herzegovina,Congo,
Bosnia and Herzegovina,DR Congo,
Bosnia and Herzegovina,Costa Rica,
Bosnia and Herzegovina,Ivory Coast,
Bosnia and Herzegovina,Croatia,
Bosnia and Herzegovina,Cuba,
Bosnia and Herzegovina,Cyprus,
Bosnia and Herzegovina,Czech Republic,
Bosnia and Herzegovina,Denmark,
Bosnia and Herzegovina,Djibouti,
Bosnia and Herzegovina,Dominica,
Bosnia and Herzegovina,Dominican Republic,
Bosnia and Herzegovina,Ecuador,
Bosnia and Herzegovina,Egypt,
Bosnia and Herzegovina,El Salvador,
Bosnia and Herzegovina,Equatorial Guinea,
Bosnia and Herzegovina,Eritrea,
Bosnia and Herzegovina,Estonia,
Bosnia and Herzegovina,Swaziland,
Bosnia and Herzegovina,Ethiopia,
Bosnia and Herzegovina,Fiji,
Bosnia and Herzegovina,Finland,
Bosnia and Herzegovina,France,
Bosnia and Herzegovina,Gabon,
Bosnia and Herzegovina,Gambia,
Bosnia and Herzegovina,Georgia,
Bosnia and Herzegovina,Germany,
Bosnia and Herzegovina,Ghana,
Bosnia and Herzegovina,Greece,
Bosnia and Herzegovina,Grenada,
Bosnia and Herzegovina,Guatemala,
Bosnia and Herzegovina,Guinea,
Bosnia and Herzegovina,Guinea-Bissau,
Bosnia and Herzegovina,Guyana,
Bosnia and Herzegovina,Haiti,
Bosnia and Herzegovina,Honduras,
Bosnia and Herzegovina,Hong Kong,
Bosnia and Herzegovina,Hungary,
Bosnia and Herzegovina,Iceland,
Bosnia and Herzegovina,India,
Bosnia and Herzegovina,Indonesia,
Bosnia and Herzegovina,Iran,
Bosnia and Herzegovina,Iraq,
Bosnia and Herzegovina,Ireland,
Bosnia and Herzegovina,Israel,
Bosnia and Herzegovina,Italy,
Bosnia and Herzegovina,Jamaica,
Bosnia and Herzegovina,Japan,
Bosnia and Herzegovina,Jordan,
Bosnia and Herzegovina,Kazakhstan,
Bosnia and Herzegovina,Kenya,
Bosnia and Herzegovina,Kiribati,
Bosnia and Herzegovina,Kosovo,
Bosnia and Herzegovina,Kuwait,
Bosnia and Herzegovina,Kyrgyzstan,
Bosnia and Herzegovina,Laos,
Bosnia and Herzegovina,Latvia,
Bosnia and Herzegovina,Lebanon,
Bosnia and Herzegovina,Lesotho,
Bosnia and Herzegovina,Liberia,
Bosnia and Herzegovina,Libya,
Bosnia and Herzegovina,Liechtenstein,
Bosnia and Herzegovina,Lithuania,
Bosnia and Herzegovina,Luxembourg,
Bosnia and Herzegovina,Macao,
Bosnia and Herzegovina,Madagascar,
Bosnia and Herzegovina,Malawi,
Bosnia and Herzegovina,Malaysia,
Bosnia and Herzegovina,Maldives,
Bosnia and Herzegovina,Mali,
Bosnia and Herzegovina,Malta,
Bosnia and Herzegovina,Marshall Islands,
Bosnia and Herzegovina,Mauritania,
Bosnia and Herzegovina,Mauritius,
Bosnia and Herzegovina,Mexico,
Bosnia and Herzegovina,Micronesia,
Bosnia and Herzegovina,Moldova,
Bosnia and Herzegovina,Monaco,
Bosnia and Herzegovina,Mongolia,
Bosnia and Herzegovina,Montenegro,
Bosnia and Herzegovina,Morocco,
Bosnia and Herzegovina,Mozambique,
Bosnia and Herzegovina,Myanmar,
Bosnia and Herzegovina,Namibia,
Bosnia and Herzegovina,Nauru,
Bosnia and Herzegovina,Nepal,
Bosnia and Herzegovina,Netherlands,
Bosnia and Herzegovina,New Zealand,
Bosnia and Herzegovina,Nicaragua,
Bosnia and Herzegovina,Niger,
Bosnia and Herzegovina,Nigeria,
Bosnia and Herzegovina,North Korea,
Bosnia and Herzegovina,North Macedonia,
Bosnia and Herzegovina,Norway,
Bosnia and Herzegovina,Oman,
Bosnia and Herzegovina,Pakistan,
Bosnia and Herzegovina,Palau,
Bosnia and Herzegovina,Palestine,
Bosnia and Herzegovina,Panama,
Bosnia and Herzegovina,Papua New Guinea,
Bosnia and Herzegovina,Paraguay,
Bosnia and Herzegovina,Peru,
Bosnia and Herzegovina,Philippines,
Bosnia and Herzegovina,Poland,
Bosnia and Herzegovina,Portugal,
Bosnia and Herzegovina,Qatar,
Bosnia and Herzegovina,Romania,
Bosnia and Herzegovina,Russia,
Bosnia and Herzegovina,Rwanda,
Bosnia and Herzegovina,Saint Kitts and Nevis,
Bosnia and Herzegovina,Saint Lucia,
Bosnia and Herzegovina,Samoa,
Bosnia and Herzegovina,San Marino,
Bosnia and Herzegovina,Sao Tome and Principe,
Bosnia and Herzegovina,Saudi Arabia,
Bosnia and Herzegovina,Senegal,
Bosnia and Herzegovina,Serbia,
Bosnia and Herzegovina,Seychelles,
Bosnia and Herzegovina,Sierra Leone,
Bosnia and Herzegovina,Singapore,
Bosnia and Herzegovina,Slovakia,
Bosnia and Herzegovina,Slovenia,
Bosnia and Herzegovina,Solomon Islands,
Bosnia and Herzegovina,Somalia,
Bosnia and Herzegovina,South Africa,
Bosnia and Herzegovina,South Korea,
Bosnia and Herzegovina,South Sudan,
Bosnia and Herzegovina,Spain,
Bosnia and Herzegovina,Sri Lanka,
Bosnia and Herzegovina,Saint Vincent and the Grenadines,
Bosnia and Herzegovina,Sudan,
Bosnia and Herzegovina,Suriname,
Bosnia and Herzegovina,Sweden,
Bosnia and Herzegovina,Switzerland,
Bosnia and Herzegovina,Syria,
Bosnia and Herzegovina,Taiwan,
Bosnia and Herzegovina,Tajikistan,
Bosnia and Herzegovina,Tanzania,
Bosnia and Herzegovina,Thailand,
Bosnia and Herzegovina,Timor-Leste,
Bosnia and Herzegovina,Togo,
Bosnia and Herzegovina,Tonga,
Bosnia and Herzegovina,Trinidad and Tobago,
Bosnia and Herzegovina,Tunisia,
Bosnia and Herzegovina,Turkmenistan,
Bosnia and Herzegovina,Tuvalu,
Bosnia and Herzegovina,Turkey,
Bosnia and Herzegovina,Uganda,
Bosnia and Herzegovina,Ukraine,
Bosnia and Herzegovina,United Arab Emirates,
Bosnia and Herzegovina,United Kingdom,
Bosnia and Herzegovina,United States,
Bosnia and Herzegovina,Uruguay,
Bosnia and Herzegovina,Uzbekistan,
Bosnia and Herzegovina,Vanuatu,
Bosnia and Herzegovina,Vatican,
Bosnia and Herzegovina,Venezuela,
Bosnia and Herzegovina,Vietnam,
Bosnia and Herzegovina,Yemen,
Bosnia and Herzegovina,Zambia,
Bosnia and Herzegovina,Zimbabwe,
Bosnia and Herzegovina,Afghanistan,
Botswana,Albania,
Botswana,Algeria,
Botswana,Andorra,
Botswana,Angola,
Botswana,Antigua and Barbuda,
Botswana,Argentina,
Botswana,Armenia,
Botswana,Australia,
Botswana,Austria,
Botswana,Azerbaijan,
Botswana,Bahamas,
Botswana,Bahrain,
Botswana,Bangladesh,
Botswana,Barbados,
Botswana,Belarus,
Botswana,Belgium,
Botswana,Belize,
Botswana,Benin,
Botswana,Bhutan,
Botswana,Bolivia,
Botswana,Bosnia and Herzegovina,
Botswana,Botswana,-1
Botswana,Brazil,
Botswana,Brunei,
Botswana,Bulgaria,
Botswana,Burkina Faso,
Botswana,Burundi,
Botswana,Cambodia,
Botswana,Cameroon,
Botswana,Canada,
Botswana,Cape Verde,
Botswana,Central African Republic,
Botswana,Chad,
Botswana,Chile,
Botswana,China,
Botswana,Colombia,
Botswana,Comoros,
Botswana,Congo,
Botswana,DR Congo,
Botswana,Costa Rica,
Botswana,Ivory Coast,
Botswana,Croatia,
Botswana,Cuba,
Botswana,Cyprus,
Botswana,Czech Republic,
Botswana,Denmark,
Botswana,Djibouti,
Botswana,Dominica,
Botswana,Dominican Republic,
Botswana,Ecuador,
Botswana,Egypt,
Botswana,El Salvador,
Botswana,Equatorial Guinea,
Botswana,Eritrea,
Botswana,Estonia,
Botswana,Swaziland,
Botswana,Ethiopia,
Botswana,Fiji,
Botswana,Finland,
Botswana,France,
Botswana,Gabon,
Botswana,Gambia,
Botswana,Georgia,
Botswana,Germany,
Botswana,Ghana,
Botswana,Greece,
Botswana,Grenada,
Botswana,Guatemala,
Botswana,Guinea,
Botswana,Guinea-Bissau,
Botswana,Guyana,
Botswana,Haiti,
Botswana,Honduras,
Botswana,Hong Kong,
Botswana,Hungary,
Botswana,Iceland,
Botswana,India,
Botswana,Indonesia,
Botswana,Iran,
Botswana,Iraq,
Botswana,Ireland,
Botswana,Israel,
Botswana,Italy,
Botswana,Jamaica,
Botswana,Japan,
Botswana,Jordan,
Botswana,Kazakhstan,
Botswana,Kenya,
Botswana,Kiribati,
Botswana,Kosovo,
Botswana,Kuwait,
Botswana,Kyrgyzstan,
Botswana,Laos,
Botswana,Latvia,
Botswana,Lebanon,
Botswana,Lesotho,
Botswana,Liberia,
Botswana,Libya,
Botswana,Liechtenstein,
Botswana,Lithuania,
Botswana,Luxembourg,
Botswana,Macao,
Botswana,Madagascar,
Botswana,Malawi,
Botswana,Malaysia,
Botswana,Maldives,
Botswana,Mali,
Botswana,Malta,
Botswana,Marshall Islands,
Botswana,Mauritania,
Botswana,Mauritius,
Botswana,Mexico,
Botswana,Micronesia,
Botswana,Moldova,
Botswana,Monaco,
Botswana,Mongolia,
Botswana,Montenegro,
Botswana,Morocco,
Botswana,Mozambique,
Botswana,Myanmar,
Botswana,Namibia,
Botswana,Nauru,
Botswana,Nepal,
Botswana,Netherlands,
Botswana,New Zealand,
Botswana,Nicaragua,
Botswana,Niger,
Botswana,Nigeria,
Botswana,North Korea,
Botswana,North Macedonia,
Botswana,Norway,
Botswana,Oman,
Botswana,Pakistan,
Botswana,Palau,
Botswana,Palestine,
Botswana,Panama,
Botswana,Papua New Guinea,
Botswana,Paraguay,
Botswana,Peru,
Botswana,Philippines,
Botswana,Poland,
Botswana,Portugal,
Botswana,Qatar,
Botswana,Romania,
Botswana,Russia,
Botswana,Rwanda,
Botswana,Saint Kitts and Nevis,
Botswana,Saint Lucia,
Botswana,Samoa,
Botswana,San Marino,
Botswana,Sao Tome and Principe,
Botswana,Saudi Arabia,
Botswana,Senegal,
Botswana,Serbia,
Botswana,Seychelles,
Botswana,Sierra Leone,
Botswana,Singapore,
Botswana,Slovakia,
Botswana,Slovenia,
Botswana,Solomon Islands,
Botswana,Somalia,
Botswana,South Africa,
Botswana,South Korea,
Botswana,South Sudan,
Botswana,Spain,
Botswana,Sri Lanka,
Botswana,Saint Vincent and the Grenadines,
Botswana,Sudan,
Botswana,Suriname,
Botswana,Sweden,
Botswana,Switzerland,
Botswana,Syria,
Botswana,Taiwan,
Botswana,Tajikistan,
Botswana,Tanzania,
Botswana,Thailand,
Botswana,Timor-Leste,
Botswana,Togo,
Botswana,Tonga,
Botswana,Trinidad and Tobago,
Botswana,Tunisia,
Botswana,Turkmenistan,
Botswana,Tuvalu,
Botswana,Turkey,
Botswana,Uganda,
Botswana,Ukraine,
Botswana,United Arab Emirates,
Botswana,United Kingdom,
Botswana,United States,
Botswana,Uruguay,
Botswana,Uzbekistan,
Botswana,Vanuatu,
Botswana,Vatican,
Botswana,Venezuela,
Botswana,Vietnam,
Botswana,Yemen,
Botswana,Zambia,
Botswana,Zimbabwe,
Botswana,Afghanistan,
Brazil,Albania,
Brazil,Algeria,
Brazil,Andorra,
Brazil,Angola,
Brazil,Antigua and Barbuda,
Brazil,Argentina,
Brazil,Armenia,
Brazil,Australia,
Brazil,Austria,
Brazil,Azerbaijan,
Brazil,Bahamas,
Brazil,Bahrain,
Brazil,Bangladesh,
Brazil,Barbados,
Brazil,Belarus,
Brazil,Belgium,
Brazil,Belize,
Brazil,Benin,
Brazil,Bhutan,
Brazil,Bolivia,
Brazil,Bosnia and Herzegovina,
Brazil,Botswana,
Brazil,Brazil,-1
Brazil,Brunei,
Brazil,Bulgaria,
Brazil,Burkina Faso,
Brazil,Burundi,
Brazil,Cambodia,
Brazil,Cameroon,
Brazil,Canada,
Brazil,Cape Verde,
Brazil,Central African Republic,
Brazil,Chad,
Brazil,Chile,
Brazil,China,
Brazil,Colombia,
Brazil,Comoros,
Brazil,Congo,
Brazil,DR Congo,
Brazil,Costa Rica,
Brazil,Ivory Coast,
Brazil,Croatia,
Brazil,Cuba,
Brazil,Cyprus,
Brazil,Czech Republic,
Brazil,Denmark,
Brazil,Djibouti,
Brazil,Dominica,
Brazil,Dominican Republic,
Brazil,Ecuador,
Brazil,Egypt,
Brazil,El Salvador,
Brazil,Equatorial Guinea,
Brazil,Eritrea,
Brazil,Estonia,
Brazil,Swaziland,
Brazil,Ethiopia,
Brazil,Fiji,
Brazil,Finland,
Brazil,France,
Brazil,Gabon,
Brazil,Gambia,
Brazil,Georgia,
Brazil,Germany,
Brazil,Ghana,
Brazil,Greece,
Brazil,Grenada,
Brazil,Guatemala,
Brazil,Guinea,
Brazil,Guinea-Bissau,
Brazil,Guyana,
Brazil,Haiti,
Brazil,Honduras,
Brazil,Hong Kong,
Brazil,Hungary,
Brazil,Iceland,
Brazil,India,
Brazil,Indonesia,
Brazil,Iran,
Brazil,Iraq,
Brazil,Ireland,
Brazil,Israel,
Brazil,Italy,
Brazil,Jamaica,
Brazil,Japan,
Brazil,Jordan,
Brazil,Kazakhstan,
Brazil,Kenya,
Brazil,Kiribati,
Brazil,Kosovo,
Brazil,Kuwait,
Brazil,Kyrgyzstan,
Brazil,Laos,
Brazil,Latvia,
Brazil,Lebanon,
Brazil,Lesotho,
Brazil,Liberia,
Brazil,Libya,
Brazil,Liechtenstein,
Brazil,Lithuania,
Brazil,Luxembourg,
Brazil,Macao,
Brazil,Madagascar,
Brazil,Malawi,
Brazil,Malaysia,
Brazil,Maldives,
Brazil,Mali,
Brazil,Malta,
Brazil,Marshall Islands,
Brazil,Mauritania,
Brazil,Mauritius,
Brazil,Mexico,
Brazil,Micronesia,
Brazil,Moldova,
Brazil,Monaco,
Brazil,Mongolia,
Brazil,Montenegro,
Brazil,Morocco,
Brazil,Mozambique,
Brazil,Myanmar,
Brazil,Namibia,
Brazil,Nauru,
Brazil,Nepal,
Brazil,Netherlands,
Brazil,New Zealand,
Brazil,Nicaragua,
Brazil,Niger,
Brazil,Nigeria,
Brazil,North Korea,
Brazil,North Macedonia,
Brazil,Norway,
Brazil,Oman,
Brazil,Pakistan,
Brazil,Palau,
Brazil,Palestine,
Brazil,Panama,
Brazil,Papua New Guinea,
Brazil,Paraguay,
Brazil,Peru,
Brazil,Philippines,
Brazil,Poland,
Brazil,Portugal,
Brazil,Qatar,
Brazil,Romania,
Brazil,Russia,
Brazil,Rwanda,
Brazil,Saint Kitts and Nevis,
Brazil,Saint Lucia,
Brazil,Samoa,
Brazil,San Marino,
Brazil,Sao Tome and Principe,
Brazil,Saudi Arabia,
Brazil,Senegal,
Brazil,Serbia,
Brazil,Seychelles,
Brazil,Sierra Leone,
Brazil,Singapore,
Brazil,Slovakia,
Brazil,Slovenia,
Brazil,Solomon Islands,
Brazil,Somalia,
Brazil,South Africa,
Brazil,South Korea,
Brazil,South Sudan,
Brazil,Spain,
Brazil,Sri Lanka,
Brazil,Saint Vincent and the Grenadines,
Brazil,Sudan,
Brazil,Suriname,
Brazil,Sweden,
Brazil,Switzerland,
Brazil,Syria,
Brazil,Taiwan,
Brazil,Tajikistan,
Brazil,Tanzania,
Brazil,Thailand,
Brazil,Timor-Leste,
Brazil,Togo,
Brazil,Tonga,
Brazil,Trinidad and Tobago,
Brazil,Tunisia,
Brazil,Turkmenistan,
Brazil,Tuvalu,
Brazil,Turkey,
Brazil,Uganda,
Brazil,Ukraine,
Brazil,United Arab Emirates,
Brazil,United Kingdom,
Brazil,United States,
Brazil,Uruguay,
Brazil,Uzbekistan,
Brazil,Vanuatu,
Brazil,Vatican,
Brazil,Venezuela,
Brazil,Vietnam,
Brazil,Yemen,
Brazil,Zambia,
Brazil,Zimbabwe,
Brazil,Afghanistan,
Brunei,Albania,
Brunei,Algeria,
Brunei,Andorra,
Brunei,Angola,
Brunei,Antigua and Barbuda,
Brunei,Argentina,
Brunei,Armenia,
Brunei,Australia,
Brunei,Austria,
Brunei,Azerbaijan,
Brunei,Bahamas,
Brunei,Bahrain,
Brunei,Bangladesh,
Brunei,Barbados,
Brunei,Belarus,
Brunei,Belgium,
Brunei,Belize,
Brunei,Benin,
Brunei,Bhutan,
Brunei,Bolivia,
Brunei,Bosnia and Herzegovina,
Brunei,Botswana,
Brunei,Brazil,
Brunei,Brunei,-1
Brunei,Bulgaria,
Brunei,Burkina Faso,
Brunei,Burundi,
Brunei,Cambodia,
Brunei,Cameroon,
Brunei,Canada,
Brunei,Cape Verde,
Brunei,Central African Republic,
Brunei,Chad,
Brunei,Chile,
Brunei,China,
Brunei,Colombia,
Brunei,Comoros,
Brunei,Congo,
Brunei,DR Congo,
Brunei,Costa Rica,
Brunei,Ivory Coast,
Brunei,Croatia,
Brunei,Cuba,
Brunei,Cyprus,
Brunei,Czech Republic,
Brunei,Denmark,
Brunei,Djibouti,
Brunei,Dominica,
Brunei,Dominican Republic,
Brunei,Ecuador,
Brunei,Egypt,
Brunei,El Salvador,
Brunei,Equatorial Guinea,
Brunei,Eritrea,
Brunei,Estonia,
Brunei,Swaziland,
Brunei,Ethiopia,
Brunei,Fiji,
Brunei,Finland,
Brunei,France,
Brunei,Gabon,
Brunei,Gambia,
Brunei,Georgia,
Brunei,Germany,
Brunei,Ghana,
Brunei,Greece,
Brunei,Grenada,
Brunei,Guatemala,
Brunei,Guinea,
Brunei,Guinea-Bissau,
Brunei,Guyana,
Brunei,Haiti,
Brunei,Honduras,
Brunei,Hong Kong,
Brunei,Hungary,
Brunei,Iceland,
Brunei,India,
Brunei,Indonesia,
Brunei,Iran,
Brunei,Iraq,
Brunei,Ireland,
Brunei,Israel,
Brunei,Italy,
Brunei,Jamaica,
Brunei,Japan,
Brunei,Jordan,
Brunei,Kazakhstan,
Brunei,Kenya,
Brunei,Kiribati,
Brunei,Kosovo,
Brunei,Kuwait,
Brunei,Kyrgyzstan,
Brunei,Laos,
Brunei,Latvia,
Brunei,Lebanon,
Brunei,Lesotho,
Brunei,Liberia,
Brunei,Libya,
Brunei,Liechtenstein,
Brunei,Lithuania,
Brunei,Luxembourg,
Brunei,Macao,
Brunei,Madagascar,
Brunei,Malawi,
Brunei,Malaysia,
Brunei,Maldives,
Brunei,Mali,
Brunei,Malta,
Brunei,Marshall Islands,
Brunei,Mauritania,
Brunei,Mauritius,
Brunei,Mexico,
Brunei,Micronesia,
Brunei,Moldova,
Brunei,Monaco,
Brunei,Mongolia,
Brunei,Montenegro,
Brunei,Morocco,
Brunei,Mozambique,
Brunei,Myanmar,
Brunei,Namibia,
Brunei,Nauru,
Brunei,Nepal,
Brunei,Netherlands,
Brunei,New Zealand,
Brunei,Nicaragua,
Brunei,Niger,
Brunei,Nigeria,
Brunei,North Korea,
Brunei,North Macedonia,
Brunei,Norway,
Brunei,Oman,
Brunei,Pakistan,
Brunei,Palau,
Brunei,Palestine,
Brunei,Panama,
Brunei,Papua New Guinea,
Brunei,Paraguay,
Brunei,Peru,
Brunei,Philippines,
Brunei,Poland,
Brunei,Portugal,
Brunei,Qatar,
Brunei,Romania,
Brunei,Russia,
Brunei,Rwanda,
Brunei,Saint Kitts and Nevis,
Brunei,Saint Lucia,
Brunei,Samoa,
Brunei,San Marino,
Brunei,Sao Tome and Principe,
Brunei,Saudi Arabia,
Brunei,Senegal,
Brunei,Serbia,
Brunei,Seychelles,
Brunei,Sierra Leone,
Brunei,Singapore,
Brunei,Slovakia,
Brunei,Slovenia,
Brunei,Solomon Islands,
Brunei,Somalia,
Brunei,South Africa,
Brunei,South Korea,
Brunei,South Sudan,
Brunei,Spain,
Brunei,Sri Lanka,
Brunei,Saint Vincent and the Grenadines,
Brunei,Sudan,
Brunei,Suriname,
Brunei,Sweden,
Brunei,Switzerland,
Brunei,Syria,
Brunei,Taiwan,
Brunei,Tajikistan,
Brunei,Tanzania,
Brunei,Thailand,
Brunei,Timor-Leste,
Brunei,Togo,
Brunei,Tonga,
Brunei,Trinidad and Tobago,
Brunei,Tunisia,
Brunei,Turkmenistan,
Brunei,Tuvalu,
Brunei,Turkey,
Brunei,Uganda,
Brunei,Ukraine,
Brunei,United Arab Emirates,
Brunei,United Kingdom,
Brunei,United States,
Brunei,Uruguay,
Brunei,Uzbekistan,
Brunei,Vanuatu,
Brunei,Vatican,
Brunei,Venezuela,
Brunei,Vietnam,
Brunei,Yemen,
Brunei,Zambia,
Brunei,Zimbabwe,
Brunei,Afghanistan,
Bulgaria,Albania,
Bulgaria,Algeria,
Bulgaria,Andorra,
Bulgaria,Angola,
Bulgaria,Antigua and Barbuda,
Bulgaria,Argentina,
Bulgaria,Armenia,
Bulgaria,Australia,
Bulgaria,Austria,
Bulgaria,Azerbaijan,
Bulgaria,Bahamas,
Bulgaria,Bahrain,
Bulgaria,Bangladesh,
Bulgaria,Barbados,
Bulgaria,Belarus,
Bulgaria,Belgium,
Bulgaria,Belize,
Bulgaria,Benin,
Bulgaria,Bhutan,
Bulgaria,Bolivia,
Bulgaria,Bosnia and Herzegovina,
Bulgaria,Botswana,
Bulgaria,Brazil,
Bulgaria,Brunei,
Bulgaria,Bulgaria,-1
Bulgaria,Burkina Faso,
Bulgaria,Burundi,
Bulgaria,Cambodia,
Bulgaria,Cameroon,
Bulgaria,Canada,
Bulgaria,Cape Verde,
Bulgaria,Central African Republic,
Bulgaria,Chad,
Bulgaria,Chile,
Bulgaria,China,
Bulgaria,Colombia,
Bulgaria,Comoros,
Bulgaria,Congo,
Bulgaria,DR Congo,
Bulgaria,Costa Rica,
Bulgaria,Ivory Coast,
Bulgaria,Croatia,
Bulgaria,Cuba,
Bulgaria,Cyprus,
Bulgaria,Czech Republic,
Bulgaria,Denmark,
Bulgaria,Djibouti,
Bulgaria,Dominica,
Bulgaria,Dominican Republic,
Bulgaria,Ecuador,
Bulgaria,Egypt,
Bulgaria,El Salvador,
Bulgaria,Equatorial Guinea,
Bulgaria,Eritrea,
Bulgaria,Estonia,
Bulgaria,Swaziland,
Bulgaria,Ethiopia,
Bulgaria,Fiji,
Bulgaria,Finland,
Bulgaria,France,
Bulgaria,Gabon,
Bulgaria,Gambia,
Bulgaria,Georgia,
Bulgaria,Germany,
Bulgaria,Ghana,
Bulgaria,Greece,
Bulgaria,Grenada,
Bulgaria,Guatemala,
Bulgaria,Guinea,
Bulgaria,Guinea-Bissau,
Bulgaria,Guyana,
Bulgaria,Haiti,
Bulgaria,Honduras,
Bulgaria,Hong Kong,
Bulgaria,Hungary,
Bulgaria,Iceland,
Bulgaria,India,
Bulgaria,Indonesia,
Bulgaria,Iran,
Bulgaria,Iraq,
Bulgaria,Ireland,
Bulgaria,Israel,
Bulgaria,Italy,
Bulgaria,Jamaica,
Bulgaria,Japan,
Bulgaria,Jordan,
Bulgaria,Kazakhstan,
Bulgaria,Kenya,
Bulgaria,Kiribati,
Bulgaria,Kosovo,
Bulgaria,Kuwait,
Bulgaria,Kyrgyzstan,
Bulgaria,Laos,
Bulgaria,Latvia,
Bulgaria,Lebanon,
Bulgaria,Lesotho,
Bulgaria,Liberia,
Bulgaria,Libya,
Bulgaria,Liechtenstein,
Bulgaria,Lithuania,
Bulgaria,Luxembourg,
Bulgaria,Macao,
Bulgaria,Madagascar,
Bulgaria,Malawi,
Bulgaria,Malaysia,
Bulgaria,Maldives,
Bulgaria,Mali,
Bulgaria,Malta,
Bulgaria,Marshall Islands,
Bulgaria,Mauritania,
Bulgaria,Mauritius,
Bulgaria,Mexico,
Bulgaria,Micronesia,
Bulgaria,Moldova,
Bulgaria,Monaco,
Bulgaria,Mongolia,
Bulgaria,Montenegro,
Bulgaria,Morocco,
Bulgaria,Mozambique,
Bulgaria,Myanmar,
Bulgaria,Namibia,
Bulgaria,Nauru,
Bulgaria,Nepal,
Bulgaria,Netherlands,
Bulgaria,New Zealand,
Bulgaria,Nicaragua,
Bulgaria,Niger,
Bulgaria,Nigeria,
Bulgaria,North Korea,
Bulgaria,North Macedonia,
Bulgaria,Norway,
Bulgaria,Oman,
Bulgaria,Pakistan,
Bulgaria,Palau,
Bulgaria,Palestine,
Bulgaria,Panama,
Bulgaria,Papua New Guinea,
Bulgaria,Paraguay,
Bulgaria,Peru,
Bulgaria,Philippines,
Bulgaria,Poland,
Bulgaria,Portugal,
Bulgaria,Qatar,
Bulgaria,Romania,
Bulgaria,Russia,
Bulgaria,Rwanda,
Bulgaria,Saint Kitts and Nevis,
Bulgaria,Saint Lucia,
Bulgaria,Samoa,
Bulgaria,San Marino,
Bulgaria,Sao Tome and Principe,
Bulgaria,Saudi Arabia,
Bulgaria,Senegal,
Bulgaria,Serbia,
Bulgaria,Seychelles,
Bulgaria,Sierra Leone,
Bulgaria,Singapore,
Bulgaria,Slovakia,
Bulgaria,Slovenia,
Bulgaria,Solomon Islands,
Bulgaria,Somalia,
Bulgaria,South Africa,
Bulgaria,South Korea,
Bulgaria,South Sudan,
Bulgaria,Spain,
Bulgaria,Sri Lanka,
Bulgaria,Saint Vincent and the Grenadines,
Bulgaria,Sudan,
Bulgaria,Suriname,
Bulgaria,Sweden,
Bulgaria,Switzerland,
Bulgaria,Syria,
Bulgaria,Taiwan,
Bulgaria,Tajikistan,
Bulgaria,Tanzania,
Bulgaria,Thailand,
Bulgaria,Timor-Leste,
Bulgaria,Togo,
Bulgaria,Tonga,
Bulgaria,Trinidad and Tobago,
Bulgaria,Tunisia,
Bulgaria,Turkmenistan,
Bulgaria,Tuvalu,
Bulgaria,Turkey,
Bulgaria,Uganda,
Bulgaria,Ukraine,
Bulgaria,United Arab Emirates,
Bulgaria,United Kingdom,
Bulgaria,United States,
Bulgaria,Uruguay,
Bulgaria,Uzbekistan,
Bulgaria,Vanuatu,
Bulgaria,Vatican,
Bulgaria,Venezuela,
Bulgaria,Vietnam,
Bulgaria,Yemen,
Bulgaria,Zambia,
Bulgaria,Zimbabwe,
Bulgaria,Afghanistan,
Burkina Faso,Albania,
Burkina Faso,Algeria,
Burkina Faso,Andorra,
Burkina Faso,Angola,
Burkina Faso,Antigua and Barbuda,
Burkina Faso,Argentina,
Burkina Faso,Armenia,
Burkina Faso,Australia,
Burkina Faso,Austria,
Burkina Faso,Azerbaijan,
Burkina Faso,Bahamas,
Burkina Faso,Bahrain,
Burkina Faso,Bangladesh,
Burkina Faso,Barbados,
Burkina Faso,Belarus,
Burkina Faso,Belgium,
Burkina Faso,Belize,
Burkina Faso,Benin,
Burkina Faso,Bhutan,
Burkina Faso,Bolivia,
Burkina Faso,Bosnia and Herzegovina,
Burkina Faso,Botswana,
Burkina Faso,Brazil,
Burkina Faso,Brunei,
Burkina Faso,Bulgaria,
Burkina Faso,Burkina Faso,-1
Burkina Faso,Burundi,
Burkina Faso,Cambodia,
Burkina Faso,Cameroon,
Burkina Faso,Canada,
Burkina Faso,Cape Verde,
Burkina Faso,Central African Republic,
Burkina Faso,Chad,
Burkina Faso,Chile,
Burkina Faso,China,
Burkina Faso,Colombia,
Burkina Faso,Comoros,
Burkina Faso,Congo,
Burkina Faso,DR Congo,
Burkina Faso,Costa Rica,
Burkina Faso,Ivory Coast,
Burkina Faso,Croatia,
Burkina Faso,Cuba,
Burkina Faso,Cyprus,
Burkina Faso,Czech Republic,
Burkina Faso,Denmark,
Burkina Faso,Djibouti,
Burkina Faso,Dominica,
Burkina Faso,Dominican Republic,
Burkina Faso,Ecuador,
Burkina Faso,Egypt,
Burkina Faso,El Salvador,
Burkina Faso,Equatorial Guinea,
Burkina Faso,Eritrea,
Burkina Faso,Estonia,
Burkina Faso,Swaziland,
Burkina Faso,Ethiopia,
Burkina Faso,Fiji,
Burkina Faso,Finland,
Burkina Faso,France,
Burkina Faso,Gabon,
Burkina Faso,Gambia,
Burkina Faso,Georgia,
Burkina Faso,Germany,
Burkina Faso,Ghana,
Burkina Faso,Greece,
Burkina Faso,Grenada,
Burkina Faso,Guatemala,
Burkina Faso,Guinea,
Burkina Faso,Guinea-Bissau,
Burkina Faso,Guyana,
Burkina Faso,Haiti,
Burkina Faso,Honduras,
Burkina Faso,Hong Kong,
Burkina Faso,Hungary,
Burkina Faso,Iceland,
Burkina Faso,India,
Burkina Faso,Indonesia,
Burkina Faso,Iran,
Burkina Faso,Iraq,
Burkina Faso,Ireland,
Burkina Faso,Israel,
Burkina Faso,Italy,
Burkina Faso,Jamaica,
Burkina Faso,Japan,
Burkina Faso,Jordan,
Burkina Faso,Kazakhstan,
Burkina Faso,Kenya,
Burkina Faso,Kiribati,
Burkina Faso,Kosovo,
Burkina Faso,Kuwait,
Burkina Faso,Kyrgyzstan,
Burkina Faso,Laos,
Burkina Faso,Latvia,
Burkina Faso,Lebanon,
Burkina Faso,Lesotho,
Burkina Faso,Liberia,
Burkina Faso,Libya,
Burkina Faso,Liechtenstein,
Burkina Faso,Lithuania,
Burkina Faso,Luxembourg,
Burkina Faso,Macao,
Burkina Faso,Madagascar,
Burkina Faso,Malawi,
Burkina Faso,Malaysia,
Burkina Faso,Maldives,
Burkina Faso,Mali,
Burkina Faso,Malta,
Burkina Faso,Marshall Islands,
Burkina Faso,Mauritania,
Burkina Faso,Mauritius,
Burkina Faso,Mexico,
Burkina Faso,Micronesia,
Burkina Faso,Moldova,
Burkina Faso,Monaco,
Burkina Faso,Mongolia,
Burkina Faso,Montenegro,
Burkina Faso,Morocco,
Burkina Faso,Mozambique,
Burkina Faso,Myanmar,
Burkina Faso,Namibia,
Burkina Faso,Nauru,
Burkina Faso,Nepal,
Burkina Faso,Netherlands,
Burkina Faso,New Zealand,
Burkina Faso,Nicaragua,
Burkina Faso,Niger,
Burkina Faso,Nigeria,
Burkina Faso,North Korea,
Burkina Faso,North Macedonia,
Burkina Faso,Norway,
Burkina Faso,Oman,
Burkina Faso,Pakistan,
Burkina Faso,Palau,
Burkina Faso,Palestine,
Burkina Faso,Panama,
Burkina Faso,Papua New Guinea,
Burkina Faso,Paraguay,
Burkina Faso,Peru,
Burkina Faso,Philippines,
Burkina Faso,Poland,
Burkina Faso,Portugal,
Burkina Faso,Qatar,
Burkina Faso,Romania,
Burkina Faso,Russia,
Burkina Faso,Rwanda,
Burkina Faso,Saint Kitts and Nevis,
Burkina Faso,Saint Lucia,
Burkina Faso,Samoa,
Burkina Faso,San Marino,
Burkina Faso,Sao Tome and Principe,
Burkina Faso,Saudi Arabia,
Burkina Faso,Senegal,
Burkina Faso,Serbia,
Burkina Faso,Seychelles,
Burkina Faso,Sierra Leone,
Burkina Faso,Singapore,
Burkina Faso,Slovakia,
Burkina Faso,Slovenia,
Burkina Faso,Solomon Islands,
Burkina Faso,Somalia,
Burkina Faso,South Africa,
Burkina Faso,South Korea,
Burkina Faso,South Sudan,
Burkina Faso,Spain,
Burkina Faso,Sri Lanka,
Burkina Faso,Saint Vincent and the Grenadines,
Burkina Faso,Sudan,
Burkina Faso,Suriname,
Burkina Faso,Sweden,
Burkina Faso,Switzerland,
Burkina Faso,Syria,
Burkina Faso,Taiwan,
Burkina Faso,Tajikistan,
Burkina Faso,Tanzania,
Burkina Faso,Thailand,
Burkina Faso,Timor-Leste,
Burkina Faso,Togo,
Burkina Faso,Tonga,
Burkina Faso,Trinidad and Tobago,
Burkina Faso,Tunisia,
Burkina Faso,Turkmenistan,
Burkina Faso,Tuvalu,
Burkina Faso,Turkey,
Burkina Faso,Uganda,
Burkina Faso,Ukraine,
Burkina Faso,United Arab Emirates,
Burkina Faso,United Kingdom,
Burkina Faso,United States,
Burkina Faso,Uruguay,
Burkina Faso,Uzbekistan,
Burkina Faso,Vanuatu,
Burkina Faso,Vatican,
Burkina Faso,Venezuela,
Burkina Faso,Vietnam,
Burkina Faso,Yemen,
Burkina Faso,Zambia,
Burkina Faso,Zimbabwe,
Burkina Faso,Afghanistan,
Burundi,Albania,
Burundi,Algeria,
Burundi,Andorra,
Burundi,Angola,
Burundi,Antigua and Barbuda,
Burundi,Argentina,
Burundi,Armenia,
Burundi,Australia,
Burundi,Austria,
Burundi,Azerbaijan,
Burundi,Bahamas,
Burundi,Bahrain,
Burundi,Bangladesh,
Burundi,Barbados,
Burundi,Belarus,
Burundi,Belgium,
Burundi,Belize,
Burundi,Benin,
Burundi,Bhutan,
Burundi,Bolivia,
Burundi,Bosnia and Herzegovina,
Burundi,Botswana,
Burundi,Brazil,
Burundi,Brunei,
Burundi,Bulgaria,
Burundi,Burkina Faso,
Burundi,Burundi,-1
Burundi,Cambodia,
Burundi,Cameroon,
Burundi,Canada,
Burundi,Cape Verde,
Burundi,Central African Republic,
Burundi,Chad,
Burundi,Chile,
Burundi,China,
Burundi,Colombia,
Burundi,Comoros,
Burundi,Congo,
Burundi,DR Congo,
Burundi,Costa Rica,
Burundi,Ivory Coast,
Burundi,Croatia,
Burundi,Cuba,
Burundi,Cyprus,
Burundi,Czech Republic,
Burundi,Denmark,
Burundi,Djibouti,
Burundi,Dominica,
Burundi,Dominican Republic,
Burundi,Ecuador,
Burundi,Egypt,
Burundi,El Salvador,
Burundi,Equatorial Guinea,
Burundi,Eritrea,
Burundi,Estonia,
Burundi,Swaziland,
Burundi,Ethiopia,
Burundi,Fiji,
Burundi,Finland,
Burundi,France,
Burundi,Gabon,
Burundi,Gambia,
Burundi,Georgia,
Burundi,Germany,
Burundi,Ghana,
Burundi,Greece,
Burundi,Grenada,
Burundi,Guatemala,
Burundi,Guinea,
Burundi,Guinea-Bissau,
Burundi,Guyana,
Burundi,Haiti,
Burundi,Honduras,
Burundi,Hong Kong,
Burundi,Hungary,
Burundi,Iceland,
Burundi,India,
Burundi,Indonesia,
Burundi,Iran,
Burundi,Iraq,
Burundi,Ireland,
Burundi,Israel,
Burundi,Italy,
Burundi,Jamaica,
Burundi,Japan,
Burundi,Jordan,
Burundi,Kazakhstan,
Burundi,Kenya,
Burundi,Kiribati,
Burundi,Kosovo,
Burundi,Kuwait,
Burundi,Kyrgyzstan,
Burundi,Laos,
Burundi,Latvia,
Burundi,Lebanon,
Burundi,Lesotho,
Burundi,Liberia,
Burundi,Libya,
Burundi,Liechtenstein,
Burundi,Lithuania,
Burundi,Luxembourg,
Burundi,Macao,
Burundi,Madagascar,
Burundi,Malawi,
Burundi,Malaysia,
Burundi,Maldives,
Burundi,Mali,
Burundi,Malta,
Burundi,Marshall Islands,
Burundi,Mauritania,
Burundi,Mauritius,
Burundi,Mexico,
Burundi,Micronesia,
Burundi,Moldova,
Burundi,Monaco,
Burundi,Mongolia,
Burundi,Montenegro,
Burundi,Morocco,
Burundi,Mozambique,
Burundi,Myanmar,
Burundi,Namibia,
Burundi,Nauru,
Burundi,Nepal,
Burundi,Netherlands,
Burundi,New Zealand,
Burundi,Nicaragua,
Burundi,Niger,
Burundi,Nigeria,
Burundi,North Korea,
Burundi,North Macedonia,
Burundi,Norway,
Burundi,Oman,
Burundi,Pakistan,
Burundi,Palau,
Burundi,Palestine,
Burundi,Panama,
Burundi,Papua New Guinea,
Burundi,Paraguay,
Burundi,Peru,
Burundi,Philippines,
Burundi,Poland,
Burundi,Portugal,
Burundi,Qatar,
Burundi,Romania,
Burundi,Russia,
Burundi,Rwanda,
Burundi,Saint Kitts and Nevis,
Burundi,Saint Lucia,
Burundi,Samoa,
Burundi,San Marino,
Burundi,Sao Tome and Principe,
Burundi,Saudi Arabia,
Burundi,Senegal,
Burundi,Serbia,
Burundi,Seychelles,
Burundi,Sierra Leone,
Burundi,Singapore,
Burundi,Slovakia,
Burundi,Slovenia,
Burundi,Solomon Islands,
Burundi,Somalia,
Burundi,South Africa,
Burundi,South Korea,
Burundi,South Sudan,
Burundi,Spain,
Burundi,Sri Lanka,
Burundi,Saint Vincent and the Grenadines,
Burundi,Sudan,
Burundi,Suriname,
Burundi,Sweden,
Burundi,Switzerland,
Burundi,Syria,
Burundi,Taiwan,
Burundi,Tajikistan,
Burundi,Tanzania,
Burundi,Thailand,
Burundi,Timor-Leste,
Burundi,Togo,
Burundi,Tonga,
Burundi,Trinidad and Tobago,
Burundi,Tunisia,
Burundi,Turkmenistan,
Burundi,Tuvalu,
Burundi,Turkey,
Burundi,Uganda,
Burundi,Ukraine,
Burundi,United Arab Emirates,
Burundi,United Kingdom,
Burundi,United States,
Burundi,Uruguay,
Burundi,Uzbekistan,
Burundi,Vanuatu,
Burundi,Vatican,
Burundi,Venezuela,
Burundi,Vietnam,
Burundi,Yemen,
Burundi,Zambia,
Burundi,Zimbabwe,
Burundi,Afghanistan,
Cambodia,Albania,
Cambodia,Algeria,
Cambodia,Andorra,
Cambodia,Angola,
Cambodia,Antigua and Barbuda,
Cambodia,Argentina,
Cambodia,Armenia,
Cambodia,Australia,
Cambodia,Austria,
Cambodia,Azerbaijan,
Cambodia,Bahamas,
Cambodia,Bahrain,
Cambodia,Bangladesh,
Cambodia,Barbados,
Cambodia,Belarus,
Cambodia,Belgium,
Cambodia,Belize,
Cambodia,Benin,
Cambodia,Bhutan,
Cambodia,Bolivia,
Cambodia,Bosnia and Herzegovina,
Cambodia,Botswana,
Cambodia,Brazil,
Cambodia,Brunei,
Cambodia,Bulgaria,
Cambodia,Burkina Faso,
Cambodia,Burundi,
Cambodia,Cambodia,-1
Cambodia,Cameroon,
Cambodia,Canada,
Cambodia,Cape Verde,
Cambodia,Central African Republic,
Cambodia,Chad,
Cambodia,Chile,
Cambodia,China,
Cambodia,Colombia,
Cambodia,Comoros,
Cambodia,Congo,
Cambodia,DR Congo,
Cambodia,Costa Rica,
Cambodia,Ivory Coast,
Cambodia,Croatia,
Cambodia,Cuba,
Cambodia,Cyprus,
Cambodia,Czech Republic,
Cambodia,Denmark,
Cambodia,Djibouti,
Cambodia,Dominica,
Cambodia,Dominican Republic,
Cambodia,Ecuador,
Cambodia,Egypt,
Cambodia,El Salvador,
Cambodia,Equatorial Guinea,
Cambodia,Eritrea,
Cambodia,Estonia,
Cambodia,Swaziland,
Cambodia,Ethiopia,
Cambodia,Fiji,
Cambodia,Finland,
Cambodia,France,
Cambodia,Gabon,
Cambodia,Gambia,
Cambodia,Georgia,
Cambodia,Germany,
Cambodia,Ghana,
Cambodia,Greece,
Cambodia,Grenada,
Cambodia,Guatemala,
Cambodia,Guinea,
Cambodia,Guinea-Bissau,
Cambodia,Guyana,
Cambodia,Haiti,
Cambodia,Honduras,
Cambodia,Hong Kong,
Cambodia,Hungary,
Cambodia,Iceland,
Cambodia,India,
Cambodia,Indonesia,
Cambodia,Iran,
Cambodia,Iraq,
Cambodia,Ireland,
Cambodia,Israel,
Cambodia,Italy,
Cambodia,Jamaica,
Cambodia,Japan,
Cambodia,Jordan,
Cambodia,Kazakhstan,
Cambodia,Kenya,
Cambodia,Kiribati,
Cambodia,Kosovo,
Cambodia,Kuwait,
Cambodia,Kyrgyzstan,
Cambodia,Laos,
Cambodia,Latvia,
Cambodia,Lebanon,
Cambodia,Lesotho,
Cambodia,Liberia,
Cambodia,Libya,
Cambodia,Liechtenstein,
Cambodia,Lithuania,
Cambodia,Luxembourg,
Cambodia,Macao,
Cambodia,Madagascar,
Cambodia,Malawi,
Cambodia,Malaysia,
Cambodia,Maldives,
Cambodia,Mali,
Cambodia,Malta,
Cambodia,Marshall Islands,
Cambodia,Mauritania,
Cambodia,Mauritius,
Cambodia,Mexico,
Cambodia,Micronesia,
Cambodia,Moldova,
Cambodia,Monaco,
Cambodia,Mongolia,
Cambodia,Montenegro,
Cambodia,Morocco,
Cambodia,Mozambique,
Cambodia,Myanmar,
Cambodia,Namibia,
Cambodia,Nauru,
Cambodia,Nepal,
Cambodia,Netherlands,
Cambodia,New Zealand,
Cambodia,Nicaragua,
Cambodia,Niger,
Cambodia,Nigeria,
Cambodia,North Korea,
Cambodia,North Macedonia,
Cambodia,Norway,
Cambodia,Oman,
Cambodia,Pakistan,
Cambodia,Palau,
Cambodia,Palestine,
Cambodia,Panama,
Cambodia,Papua New Guinea,
Cambodia,Paraguay,
Cambodia,Peru,
Cambodia,Philippines,
Cambodia,Poland,
Cambodia,Portugal,
Cambodia,Qatar,
Cambodia,Romania,
Cambodia,Russia,
Cambodia,Rwanda,
Cambodia,Saint Kitts and Nevis,
Cambodia,Saint Lucia,
Cambodia,Samoa,
Cambodia,San Marino,
Cambodia,Sao Tome and Principe,
Cambodia,Saudi Arabia,
Cambodia,Senegal,
Cambodia,Serbia,
Cambodia,Seychelles,
Cambodia,Sierra Leone,
Cambodia,Singapore,
Cambodia,Slovakia,
Cambodia,Slovenia,
Cambodia,Solomon Islands,
Cambodia,Somalia,
Cambodia,South Africa,
Cambodia,South Korea,
Cambodia,South Sudan,
Cambodia,Spain,
Cambodia,Sri Lanka,
Cambodia,Saint Vincent and the Grenadines,
Cambodia,Sudan,
Cambodia,Suriname,
Cambodia,Sweden,
Cambodia,Switzerland,
Cambodia,Syria,
Cambodia,Taiwan,
Cambodia,Tajikistan,
Cambodia,Tanzania,
Cambodia,Thailand,
Cambodia,Timor-Leste,
Cambodia,Togo,
Cambodia,Tonga,
Cambodia,Trinidad and Tobago,
Cambodia,Tunisia,
Cambodia,Turkmenistan,
Cambodia,Tuvalu,
Cambodia,Turkey,
Cambodia,Uganda,
Cambodia,Ukraine,
Cambodia,United Arab Emirates,
Cambodia,United Kingdom,
Cambodia,United States,
Cambodia,Uruguay,
Cambodia,Uzbekistan,
Cambodia,Vanuatu,
Cambodia,Vatican,
Cambodia,Venezuela,
Cambodia,Vietnam,
Cambodia,Yemen,
Cambodia,Zambia,
Cambodia,Zimbabwe,
Cambodia,Afghanistan,
Cameroon,Albania,
Cameroon,Algeria,
Cameroon,Andorra,
Cameroon,Angola,
Cameroon,Antigua and Barbuda,
Cameroon,Argentina,
Cameroon,Armenia,
Cameroon,Australia,
Cameroon,Austria,
Cameroon,Azerbaijan,
Cameroon,Bahamas,
Cameroon,Bahrain,
Cameroon,Bangladesh,
Cameroon,Barbados,
Cameroon,Belarus,
Cameroon,Belgium,
Cameroon,Belize,
Cameroon,Benin,
Cameroon,Bhutan,
Cameroon,Bolivia,
Cameroon,Bosnia and Herzegovina,
Cameroon,Botswana,
Cameroon,Brazil,
Cameroon,Brunei,
Cameroon,Bulgaria,
Cameroon,Burkina Faso,
Cameroon,Burundi,
Cameroon,Cambodia,
Cameroon,Cameroon,-1
Cameroon,Canada,
Cameroon,Cape Verde,
Cameroon,Central African Republic,
Cameroon,Chad,
Cameroon,Chile,
Cameroon,China,
Cameroon,Colombia,
Cameroon,Comoros,
Cameroon,Congo,
Cameroon,DR Congo,
Cameroon,Costa Rica,
Cameroon,Ivory Coast,
Cameroon,Croatia,
Cameroon,Cuba,
Cameroon,Cyprus,
Cameroon,Czech Republic,
Cameroon,Denmark,
Cameroon,Djibouti,
Cameroon,Dominica,
Cameroon,Dominican Republic,
Cameroon,Ecuador,
Cameroon,Egypt,
Cameroon,El Salvador,
Cameroon,Equatorial Guinea,
Cameroon,Eritrea,
Cameroon,Estonia,
Cameroon,Swaziland,
Cameroon,Ethiopia,
Cameroon,Fiji,
Cameroon,Finland,
Cameroon,France,
Cameroon,Gabon,
Cameroon,Gambia,
Cameroon,Georgia,
Cameroon,Germany,
Cameroon,Ghana,
Cameroon,Greece,
Cameroon,Grenada,
Cameroon,Guatemala,
Cameroon,Guinea,
Cameroon,Guinea-Bissau,
Cameroon,Guyana,
Cameroon,Haiti,
Cameroon,Honduras,
Cameroon,Hong Kong,
Cameroon,Hungary,
Cameroon,Iceland,
Cameroon,India,
Cameroon,Indonesia,
Cameroon,Iran,
Cameroon,Iraq,
Cameroon,Ireland,
Cameroon,Israel,
Cameroon,Italy,
Cameroon,Jamaica,
Cameroon,Japan,
Cameroon,Jordan,
Cameroon,Kazakhstan,
Cameroon,Kenya,
Cameroon,Kiribati,
Cameroon,Kosovo,
Cameroon,Kuwait,
Cameroon,Kyrgyzstan,
Cameroon,Laos,
Cameroon,Latvia,
Cameroon,Lebanon,
Cameroon,Lesotho,
Cameroon,Liberia,
Cameroon,Libya,
Cameroon,Liechtenstein,
Cameroon,Lithuania,
Cameroon,Luxembourg,
Cameroon,Macao,
Cameroon,Madagascar,
Cameroon,Malawi,
Cameroon,Malaysia,
Cameroon,Maldives,
Cameroon,Mali,
Cameroon,Malta,
Cameroon,Marshall Islands,
Cameroon,Mauritania,
Cameroon,Mauritius,
Cameroon,Mexico,
Cameroon,Micronesia,
Cameroon,Moldova,
Cameroon,Monaco,
Cameroon,Mongolia,
Cameroon,Montenegro,
Cameroon,Morocco,
Cameroon,Mozambique,
Cameroon,Myanmar,
Cameroon,Namibia,
Cameroon,Nauru,
Cameroon,Nepal,
Cameroon,Netherlands,
Cameroon,New Zealand,
Cameroon,Nicaragua,
Cameroon,Niger,
Cameroon,Nigeria,
Cameroon,North Korea,
Cameroon,North Macedonia,
Cameroon,Norway,
Cameroon,Oman,
Cameroon,Pakistan,
Cameroon,Palau,
Cameroon,Palestine,
Cameroon,Panama,
Cameroon,Papua New Guinea,
Cameroon,Paraguay,
Cameroon,Peru,
Cameroon,Philippines,
Cameroon,Poland,
Cameroon,Portugal,
Cameroon,Qatar,
Cameroon,Romania,
Cameroon,Russia,
Cameroon,Rwanda,
Cameroon,Saint Kitts and Nevis,
Cameroon,Saint Lucia,
Cameroon,Samoa,
Cameroon,San Marino,
Cameroon,Sao Tome and Principe,
Cameroon,Saudi Arabia,
Cameroon,Senegal,
Cameroon,Serbia,
Cameroon,Seychelles,
Cameroon,Sierra Leone,
Cameroon,Singapore,
Cameroon,Slovakia,
Cameroon,Slovenia,
Cameroon,Solomon Islands,
Cameroon,Somalia,
Cameroon,South Africa,
Cameroon,South Korea,
Cameroon,South Sudan,
Cameroon,Spain,
Cameroon,Sri Lanka,
Cameroon,Saint Vincent and the Grenadines,
Cameroon,Sudan,
Cameroon,Suriname,
Cameroon,Sweden,
Cameroon,Switzerland,
Cameroon,Syria,
Cameroon,Taiwan,
Cameroon,Tajikistan,
Cameroon,Tanzania,
Cameroon,Thailand,
Cameroon,Timor-Leste,
Cameroon,Togo,
Cameroon,Tonga,
Cameroon,Trinidad and Tobago,
Cameroon,Tunisia,
Cameroon,Turkmenistan,
Cameroon,Tuvalu,
Cameroon,Turkey,
Cameroon,Uganda,
Cameroon,Ukraine,
Cameroon,United Arab Emirates,
Cameroon,United Kingdom,
Cameroon,United States,
Cameroon,Uruguay,
Cameroon,Uzbekistan,
Cameroon,Vanuatu,
Cameroon,Vatican,
Cameroon,Venezuela,
Cameroon,Vietnam,
Cameroon,Yemen,
Cameroon,Zambia,
Cameroon,Zimbabwe,
Cameroon,Afghanistan,
Canada,Albania,
Canada,Algeria,
Canada,Andorra,
Canada,Angola,
Canada,Antigua and Barbuda,
Canada,Argentina,
Canada,Armenia,
Canada,Australia,
Canada,Austria,
Canada,Azerbaijan,
Canada,Bahamas,
Canada,Bahrain,
Canada,Bangladesh,
Canada,Barbados,
Canada,Belarus,
Canada,Belgium,
Canada,Belize,
Canada,Benin,
Canada,Bhutan,
Canada,Bolivia,
Canada,Bosnia and Herzegovina,
Canada,Botswana,
Canada,Brazil,
Canada,Brunei,
Canada,Bulgaria,
Canada,Burkina Faso,
Canada,Burundi,
Canada,Cambodia,
Canada,Cameroon,
Canada,Canada,-1
Canada,Cape Verde,
Canada,Central African Republic,
Canada,Chad,
Canada,Chile,
Canada,China,
Canada,Colombia,
Canada,Comoros,
Canada,Congo,
Canada,DR Congo,
Canada,Costa Rica,
Canada,Ivory Coast,
Canada,Croatia,
Canada,Cuba,
Canada,Cyprus,
Canada,Czech Republic,
Canada,Denmark,
Canada,Djibouti,
Canada,Dominica,
Canada,Dominican Republic,
Canada,Ecuador,
Canada,Egypt,
Canada,El Salvador,
Canada,Equatorial Guinea,
Canada,Eritrea,
Canada,Estonia,
Canada,Swaziland,
Canada,Ethiopia,
Canada,Fiji,
Canada,Finland,
Canada,France,
Canada,Gabon,
Canada,Gambia,
Canada,Georgia,
Canada,Germany,
Canada,Ghana,
Canada,Greece,
Canada,Grenada,
Canada,Guatemala,
Canada,Guinea,
Canada,Guinea-Bissau,
Canada,Guyana,
Canada,Haiti,
Canada,Honduras,
Canada,Hong Kong,
Canada,Hungary,
Canada,Iceland,
Canada,India,
Canada,Indonesia,
Canada,Iran,
Canada,Iraq,
Canada,Ireland,
Canada,Israel,
Canada,Italy,
Canada,Jamaica,
Canada,Japan,
Canada,Jordan,
Canada,Kazakhstan,
Canada,Kenya,
Canada,Kiribati,
Canada,Kosovo,
Canada,Kuwait,
Canada,Kyrgyzstan,
Canada,Laos,
Canada,Latvia,
Canada,Lebanon,
Canada,Lesotho,
Canada,Liberia,
Canada,Libya,
Canada,Liechtenstein,
Canada,Lithuania,
Canada,Luxembourg,
Canada,Macao,
Canada,Madagascar,
Canada,Malawi,
Canada,Malaysia,
Canada,Maldives,
Canada,Mali,
Canada,Malta,
Canada,Marshall Islands,
Canada,Mauritania,
Canada,Mauritius,
Canada,Mexico,
Canada,Micronesia,
Canada,Moldova,
Canada,Monaco,
Canada,Mongolia,
Canada,Montenegro,
Canada,Morocco,
Canada,Mozambique,
Canada,Myanmar,
Canada,Namibia,
Canada,Nauru,
Canada,Nepal,
Canada,Netherlands,
Canada,New Zealand,
Canada,Nicaragua,
Canada,Niger,
Canada,Nigeria,
Canada,North Korea,
Canada,North Macedonia,
Canada,Norway,
Canada,Oman,
Canada,Pakistan,
Canada,Palau,
Canada,Palestine,
Canada,Panama,
Canada,Papua New Guinea,
Canada,Paraguay,
Canada,Peru,
Canada,Philippines,
Canada,Poland,
Canada,Portugal,
Canada,Qatar,
Canada,Romania,
Canada,Russia,
Canada,Rwanda,
Canada,Saint Kitts and Nevis,
Canada,Saint Lucia,
Canada,Samoa,
Canada,San Marino,
Canada,Sao Tome and Principe,
Canada,Saudi Arabia,
Canada,Senegal,
Canada,Serbia,
Canada,Seychelles,
Canada,Sierra Leone,
Canada,Singapore,
Canada,Slovakia,
Canada,Slovenia,
Canada,Solomon Islands,
Canada,Somalia,
Canada,South Africa,
Canada,South Korea,
Canada,South Sudan,
Canada,Spain,
Canada,Sri Lanka,
Canada,Saint Vincent and the Grenadines,
Canada,Sudan,
Canada,Suriname,
Canada,Sweden,
Canada,Switzerland,
Canada,Syria,
Canada,Taiwan,
Canada,Tajikistan,
Canada,Tanzania,
Canada,Thailand,
Canada,Timor-Leste,
Canada,Togo,
Canada,Tonga,
Canada,Trinidad and Tobago,
Canada,Tunisia,
Canada,Turkmenistan,
Canada,Tuvalu,
Canada,Turkey,
Canada,Uganda,
Canada,Ukraine,
Canada,United Arab Emirates,
Canada,United Kingdom,
Canada,United States,
Canada,Uruguay,
Canada,Uzbekistan,
Canada,Vanuatu,
Canada,Vatican,
Canada,Venezuela,
Canada,Vietnam,
Canada,Yemen,
Canada,Zambia,
Canada,Zimbabwe,
Canada,Afghanistan,
Cape Verde,Albania,
Cape Verde,Algeria,
Cape Verde,Andorra,
Cape Verde,Angola,
Cape Verde,Antigua and Barbuda,
Cape Verde,Argentina,
Cape Verde,Armenia,
Cape Verde,Australia,
Cape Verde,Austria,
Cape Verde,Azerbaijan,
Cape Verde,Bahamas,
Cape Verde,Bahrain,
Cape Verde,Bangladesh,
Cape Verde,Barbados,
Cape Verde,Belarus,
Cape Verde,Belgium,
Cape Verde,Belize,
Cape Verde,Benin,
Cape Verde,Bhutan,
Cape Verde,Bolivia,
Cape Verde,Bosnia and Herzegovina,
Cape Verde,Botswana,
Cape Verde,Brazil,
Cape Verde,Brunei,
Cape Verde,Bulgaria,
Cape Verde,Burkina Faso,
Cape Verde,Burundi,
Cape Verde,Cambodia,
Cape Verde,Cameroon,
Cape Verde,Canada,
Cape Verde,Cape Verde,-1
Cape Verde,Central African Republic,
Cape Verde,Chad,
Cape Verde,Chile,
Cape Verde,China,
Cape Verde,Colombia,
Cape Verde,Comoros,
Cape Verde,Congo,
Cape Verde,DR Congo,
Cape Verde,Costa Rica,
Cape Verde,Ivory Coast,
Cape Verde,Croatia,
Cape Verde,Cuba,
Cape Verde,Cyprus,
Cape Verde,Czech Republic,
Cape Verde,Denmark,
Cape Verde,Djibouti,
Cape Verde,Dominica,
Cape Verde,Dominican Republic,
Cape Verde,Ecuador,
Cape Verde,Egypt,
Cape Verde,El Salvador,
Cape Verde,Equatorial Guinea,
Cape Verde,Eritrea,
Cape Verde,Estonia,
Cape Verde,Swaziland,
Cape Verde,Ethiopia,
Cape Verde,Fiji,
Cape Verde,Finland,
Cape Verde,France,
Cape Verde,Gabon,
Cape Verde,Gambia,
Cape Verde,Georgia,
Cape Verde,Germany,
Cape Verde,Ghana,
Cape Verde,Greece,
Cape Verde,Grenada,
Cape Verde,Guatemala,
Cape Verde,Guinea,
Cape Verde,Guinea-Bissau,
Cape Verde,Guyana,
Cape Verde,Haiti,
Cape Verde,Honduras,
Cape Verde,Hong Kong,
Cape Verde,Hungary,
Cape Verde,Iceland,
Cape Verde,India,
Cape Verde,Indonesia,
Cape Verde,Iran,
Cape Verde,Iraq,
Cape Verde,Ireland,
Cape Verde,Israel,
Cape Verde,Italy,
Cape Verde,Jamaica,
Cape Verde,Japan,
Cape Verde,Jordan,
Cape Verde,Kazakhstan,
Cape Verde,Kenya,
Cape Verde,Kiribati,
Cape Verde,Kosovo,
Cape Verde,Kuwait,
Cape Verde,Kyrgyzstan,
Cape Verde,Laos,
Cape Verde,Latvia,
Cape Verde,Lebanon,
Cape Verde,Lesotho,
Cape Verde,Liberia,
Cape Verde,Libya,
Cape Verde,Liechtenstein,
Cape Verde,Lithuania,
Cape Verde,Luxembourg,
Cape Verde,Macao,
Cape Verde,Madagascar,
Cape Verde,Malawi,
Cape Verde,Malaysia,
Cape Verde,Maldives,
Cape Verde,Mali,
Cape Verde,Malta,
Cape Verde,Marshall Islands,
Cape Verde,Mauritania,
Cape Verde,Mauritius,
Cape Verde,Mexico,
Cape Verde,Micronesia,
Cape Verde,Moldova,
Cape Verde,Monaco,
Cape Verde,Mongolia,
Cape Verde,Montenegro,
Cape Verde,Morocco,
Cape Verde,Mozambique,
Cape Verde,Myanmar,
Cape Verde,Namibia,
Cape Verde,Nauru,
Cape Verde,Nepal,
Cape Verde,Netherlands,
Cape Verde,New Zealand,
Cape Verde,Nicaragua,
Cape Verde,Niger,
Cape Verde,Nigeria,
Cape Verde,North Korea,
Cape Verde,North Macedonia,
Cape Verde,Norway,
Cape Verde,Oman,
Cape Verde,Pakistan,
Cape Verde,Palau,
Cape Verde,Palestine,
Cape Verde,Panama,
Cape Verde,Papua New Guinea,
Cape Verde,Paraguay,
Cape Verde,Peru,
Cape Verde,Philippines,
Cape Verde,Poland,
Cape Verde,Portugal,
Cape Verde,Qatar,
Cape Verde,Romania,
Cape Verde,Russia,
Cape Verde,Rwanda,
Cape Verde,Saint Kitts and Nevis,
Cape Verde,Saint Lucia,
Cape Verde,Samoa,
Cape Verde,San Marino,
Cape Verde,Sao Tome and Principe,
Cape Verde,Saudi Arabia,
Cape Verde,Senegal,
Cape Verde,Serbia,
Cape Verde,Seychelles,
Cape Verde,Sierra Leone,
Cape Verde,Singapore,
Cape Verde,Slovakia,
Cape Verde,Slovenia,
Cape Verde,Solomon Islands,
Cape Verde,Somalia,
Cape Verde,South Africa,
Cape Verde,South Korea,
Cape Verde,South Sudan,
Cape Verde,Spain,
Cape Verde,Sri Lanka,
Cape Verde,Saint Vincent and the Grenadines,
Cape Verde,Sudan,
Cape Verde,Suriname,
Cape Verde,Sweden,
Cape Verde,Switzerland,
Cape Verde,Syria,
Cape Verde,Taiwan,
Cape Verde,Tajikistan,
Cape Verde,Tanzania,
Cape Verde,Thailand,
Cape Verde,Timor-Leste,
Cape Verde,Togo,
Cape Verde,Tonga,
Cape Verde,Trinidad and Tobago,
Cape Verde,Tunisia,
Cape Verde,Turkmenistan,
Cape Verde,Tuvalu,
Cape Verde,Turkey,
Cape Verde,Uganda,
Cape Verde,Ukraine,
Cape Verde,United Arab Emirates,
Cape Verde,United Kingdom,
Cape Verde,United States,
Cape Verde,Uruguay,
Cape Verde,Uzbekistan,
Cape Verde,Vanuatu,
Cape Verde,Vatican,
Cape Verde,Venezuela,
Cape Verde,Vietnam,
Cape Verde,Yemen,
Cape Verde,Zambia,
Cape Verde,Zimbabwe,
Cape Verde,Afghanistan,
Central African Republic,Albania,
Central African Republic,Algeria,
Central African Republic,Andorra,
Central African Republic,Angola,
Central African Republic,Antigua and Barbuda,
Central African Republic,Argentina,
Central African Republic,Armenia,
Central African Republic,Australia,
Central African Republic,Austria,
Central African Republic,Azerbaijan,
Central African Republic,Bahamas,
Central African Republic,Bahrain,
Central African Republic,Bangladesh,
Central African Republic,Barbados,
Central African Republic,Belarus,
Central African Republic,Belgium,
Central African Republic,Belize,
Central African Republic,Benin,
Central African Republic,Bhutan,
Central African Republic,Bolivia,
Central African Republic,Bosnia and Herzegovina,
Central African Republic,Botswana,
Central African Republic,Brazil,
Central African Republic,Brunei,
Central African Republic,Bulgaria,
Central African Republic,Burkina Faso,
Central African Republic,Burundi,
Central African Republic,Cambodia,
Central African Republic,Cameroon,
Central African Republic,Canada,
Central African Republic,Cape Verde,
Central African Republic,Central African Republic,-1
Central African Republic,Chad,
Central African Republic,Chile,
Central African Republic,China,
Central African Republic,Colombia,
Central African Republic,Comoros,
Central African Republic,Congo,
Central African Republic,DR Congo,
Central African Republic,Costa Rica,
Central African Republic,Ivory Coast,
Central African Republic,Croatia,
Central African Republic,Cuba,
Central African Republic,Cyprus,
Central African Republic,Czech Republic,
Central African Republic,Denmark,
Central African Republic,Djibouti,
Central African Republic,Dominica,
Central African Republic,Dominican Republic,
Central African Republic,Ecuador,
Central African Republic,Egypt,
Central African Republic,El Salvador,
Central African Republic,Equatorial Guinea,
Central African Republic,Eritrea,
Central African Republic,Estonia,
Central African Republic,Swaziland,
Central African Republic,Ethiopia,
Central African Republic,Fiji,
Central African Republic,Finland,
Central African Republic,France,
Central African Republic,Gabon,
Central African Republic,Gambia,
Central African Republic,Georgia,
Central African Republic,Germany,
Central African Republic,Ghana,
Central African Republic,Greece,
Central African Republic,Grenada,
Central African Republic,Guatemala,
Central African Republic,Guinea,
Central African Republic,Guinea-Bissau,
Central African Republic,Guyana,
Central African Republic,Haiti,
Central African Republic,Honduras,
Central African Republic,Hong Kong,
Central African Republic,Hungary,
Central African Republic,Iceland,
Central African Republic,India,
Central African Republic,Indonesia,
Central African Republic,Iran,
Central African Republic,Iraq,
Central African Republic,Ireland,
Central African Republic,Israel,
Central African Republic,Italy,
Central African Republic,Jamaica,
Central African Republic,Japan,
Central African Republic,Jordan,
Central African Republic,Kazakhstan,
Central African Republic,Kenya,
Central African Republic,Kiribati,
Central African Republic,Kosovo,
Central African Republic,Kuwait,
Central African Republic,Kyrgyzstan,
Central African Republic,Laos,
Central African Republic,Latvia,
Central African Republic,Lebanon,
Central African Republic,Lesotho,
Central African Republic,Liberia,
Central African Republic,Libya,
Central African Republic,Liechtenstein,
Central African Republic,Lithuania,
Central African Republic,Luxembourg,
Central African Republic,Macao,
Central African Republic,Madagascar,
Central African Republic,Malawi,
Central African Republic,Malaysia,
Central African Republic,Maldives,
Central African Republic,Mali,
Central African Republic,Malta,
Central African Republic,Marshall Islands,
Central African Republic,Mauritania,
Central African Republic,Mauritius,
Central African Republic,Mexico,
Central African Republic,Micronesia,
Central African Republic,Moldova,
Central African Republic,Monaco,
Central African Republic,Mongolia,
Central African Republic,Montenegro,
Central African Republic,Morocco,
Central African Republic,Mozambique,
Central African Republic,Myanmar,
Central African Republic,Namibia,
Central African Republic,Nauru,
Central African Republic,Nepal,
Central African Republic,Netherlands,
Central African Republic,New Zealand,
Central African Republic,Nicaragua,
Central African Republic,Niger,
Central African Republic,Nigeria,
Central African Republic,North Korea,
Central African Republic,North Macedonia,
Central African Republic,Norway,
Central African Republic,Oman,
Central African Republic,Pakistan,
Central African Republic,Palau,
Central African Republic,Palestine,
Central African Republic,Panama,
Central African Republic,Papua New Guinea,
Central African Republic,Paraguay,
Central African Republic,Peru,
Central African Republic,Philippines,
Central African Republic,Poland,
Central African Republic,Portugal,
Central African Republic,Qatar,
Central African Republic,Romania,
Central African Republic,Russia,
Central African Republic,Rwanda,
Central African Republic,Saint Kitts and Nevis,
Central African Republic,Saint Lucia,
Central African Republic,Samoa,
Central African Republic,San Marino,
Central African Republic,Sao Tome and Principe,
Central African Republic,Saudi Arabia,
Central African Republic,Senegal,
Central African Republic,Serbia,
Central African Republic,Seychelles,
Central African Republic,Sierra Leone,
Central African Republic,Singapore,
Central African Republic,Slovakia,
Central African Republic,Slovenia,
Central African Republic,Solomon Islands,
Central African Republic,Somalia,
Central African Republic,South Africa,
Central African Republic,South Korea,
Central African Republic,South Sudan,
Central African Republic,Spain,
Central African Republic,Sri Lanka,
Central African Republic,Saint Vincent and the Grenadines,
Central African Republic,Sudan,
Central African Republic,Suriname,
Central African Republic,Sweden,
Central African Republic,Switzerland,
Central African Republic,Syria,
Central African Republic,Taiwan,
Central African Republic,Tajikistan,
Central African Republic,Tanzania,
Central African Republic,Thailand,
Central African Republic,Timor-Leste,
Central African Republic,Togo,
Central African Republic,Tonga,
Central African Republic,Trinidad and Tobago,
Central African Republic,Tunisia,
Central African Republic,Turkmenistan,
Central African Republic,Tuvalu,
Central African Republic,Turkey,
Central African Republic,Uganda,
Central African Republic,Ukraine,
Central African Republic,United Arab Emirates,
Central African Republic,United Kingdom,
Central African Republic,United States,
Central African Republic,Uruguay,
Central African Republic,Uzbekistan,
Central African Republic,Vanuatu,
Central African Republic,Vatican,
Central African Republic,Venezuela,
Central African Republic,Vietnam,
Central African Republic,Yemen,
Central African Republic,Zambia,
Central African Republic,Zimbabwe,
Central African Republic,Afghanistan,
Chad,Albania,
Chad,Algeria,
Chad,Andorra,
Chad,Angola,
Chad,Antigua and Barbuda,
Chad,Argentina,
Chad,Armenia,
Chad,Australia,
Chad,Austria,
Chad,Azerbaijan,
Chad,Bahamas,
Chad,Bahrain,
Chad,Bangladesh,
Chad,Barbados,
Chad,Belarus,
Chad,Belgium,
Chad,Belize,
Chad,Benin,
Chad,Bhutan,
Chad,Bolivia,
Chad,Bosnia and Herzegovina,
Chad,Botswana,
Chad,Brazil,
Chad,Brunei,
Chad,Bulgaria,
Chad,Burkina Faso,
Chad,Burundi,
Chad,Cambodia,
Chad,Cameroon,
Chad,Canada,
Chad,Cape Verde,
Chad,Central African Republic,
Chad,Chad,-1
Chad,Chile,
Chad,China,
Chad,Colombia,
Chad,Comoros,
Chad,Congo,
Chad,DR Congo,
Chad,Costa Rica,
Chad,Ivory Coast,
Chad,Croatia,
Chad,Cuba,
Chad,Cyprus,
Chad,Czech Republic,
Chad,Denmark,
Chad,Djibouti,
Chad,Dominica,
Chad,Dominican Republic,
Chad,Ecuador,
Chad,Egypt,
Chad,El Salvador,
Chad,Equatorial Guinea,
Chad,Eritrea,
Chad,Estonia,
Chad,Swaziland,
Chad,Ethiopia,
Chad,Fiji,
Chad,Finland,
Chad,France,
Chad,Gabon,
Chad,Gambia,
Chad,Georgia,
Chad,Germany,
Chad,Ghana,
Chad,Greece,
Chad,Grenada,
Chad,Guatemala,
Chad,Guinea,
Chad,Guinea-Bissau,
Chad,Guyana,
Chad,Haiti,
Chad,Honduras,
Chad,Hong Kong,
Chad,Hungary,
Chad,Iceland,
Chad,India,
Chad,Indonesia,
Chad,Iran,
Chad,Iraq,
Chad,Ireland,
Chad,Israel,
Chad,Italy,
Chad,Jamaica,
Chad,Japan,
Chad,Jordan,
Chad,Kazakhstan,
Chad,Kenya,
Chad,Kiribati,
Chad,Kosovo,
Chad,Kuwait,
Chad,Kyrgyzstan,
Chad,Laos,
Chad,Latvia,
Chad,Lebanon,
Chad,Lesotho,
Chad,Liberia,
Chad,Libya,
Chad,Liechtenstein,
Chad,Lithuania,
Chad,Luxembourg,
Chad,Macao,
Chad,Madagascar,
Chad,Malawi,
Chad,Malaysia,
Chad,Maldives,
Chad,Mali,
Chad,Malta,
Chad,Marshall Islands,
Chad,Mauritania,
Chad,Mauritius,
Chad,Mexico,
Chad,Micronesia,
Chad,Moldova,
Chad,Monaco,
Chad,Mongolia,
Chad,Montenegro,
Chad,Morocco,
Chad,Mozambique,
Chad,Myanmar,
Chad,Namibia,
Chad,Nauru,
Chad,Nepal,
Chad,Netherlands,
Chad,New Zealand,
Chad,Nicaragua,
Chad,Niger,
Chad,Nigeria,
Chad,North Korea,
Chad,North Macedonia,
Chad,Norway,
Chad,Oman,
Chad,Pakistan,
Chad,Palau,
Chad,Palestine,
Chad,Panama,
Chad,Papua New Guinea,
Chad,Paraguay,
Chad,Peru,
Chad,Philippines,
Chad,Poland,
Chad,Portugal,
Chad,Qatar,
Chad,Romania,
Chad,Russia,
Chad,Rwanda,
Chad,Saint Kitts and Nevis,
Chad,Saint Lucia,
Chad,Samoa,
Chad,San Marino,
Chad,Sao Tome and Principe,
Chad,Saudi Arabia,
Chad,Senegal,
Chad,Serbia,
Chad,Seychelles,
Chad,Sierra Leone,
Chad,Singapore,
Chad,Slovakia,
Chad,Slovenia,
Chad,Solomon Islands,
Chad,Somalia,
Chad,South Africa,
Chad,South Korea,
Chad,South Sudan,
Chad,Spain,
Chad,Sri Lanka,
Chad,Saint Vincent and the Grenadines,
Chad,Sudan,
Chad,Suriname,
Chad,Sweden,
Chad,Switzerland,
Chad,Syria,
Chad,Taiwan,
Chad,Tajikistan,
Chad,Tanzania,
Chad,Thailand,
Chad,Timor-Leste,
Chad,Togo,
Chad,Tonga,
Chad,Trinidad and Tobago,
Chad,Tunisia,
Chad,Turkmenistan,
Chad,Tuvalu,
Chad,Turkey,
Chad,Uganda,
Chad,Ukraine,
Chad,United Arab Emirates,
Chad,United Kingdom,
Chad,United States,
Chad,Uruguay,
Chad,Uzbekistan,
Chad,Vanuatu,
Chad,Vatican,
Chad,Venezuela,
Chad,Vietnam,
Chad,Yemen,
Chad,Zambia,
Chad,Zimbabwe,
Chad,Afghanistan,
Chile,Albania,
Chile,Algeria,
Chile,Andorra,
Chile,Angola,
Chile,Antigua and Barbuda,
Chile,Argentina,
Chile,Armenia,
Chile,Australia,
Chile,Austria,
Chile,Azerbaijan,
Chile,Bahamas,
Chile,Bahrain,
Chile,Bangladesh,
Chile,Barbados,
Chile,Belarus,
Chile,Belgium,
Chile,Belize,
Chile,Benin,
Chile,Bhutan,
Chile,Bolivia,
Chile,Bosnia and Herzegovina,
Chile,Botswana,
Chile,Brazil,
Chile,Brunei,
Chile,Bulgaria,
Chile,Burkina Faso,
Chile,Burundi,
Chile,Cambodia,
Chile,Cameroon,
Chile,Canada,
Chile,Cape Verde,
Chile,Central African Republic,
Chile,Chad,
Chile,Chile,-1
Chile,China,
Chile,Colombia,
Chile,Comoros,
Chile,Congo,
Chile,DR Congo,
Chile,Costa Rica,
Chile,Ivory Coast,
Chile,Croatia,
Chile,Cuba,
Chile,Cyprus,
Chile,Czech Republic,
Chile,Denmark,
Chile,Djibouti,
Chile,Dominica,
Chile,Dominican Republic,
Chile,Ecuador,
Chile,Egypt,
Chile,El Salvador,
Chile,Equatorial Guinea,
Chile,Eritrea,
Chile,Estonia,
Chile,Swaziland,
Chile,Ethiopia,
Chile,Fiji,
Chile,Finland,
Chile,France,
Chile,Gabon,
Chile,Gambia,
Chile,Georgia,
Chile,Germany,
Chile,Ghana,
Chile,Greece,
Chile,Grenada,
Chile,Guatemala,
Chile,Guinea,
Chile,Guinea-Bissau,
Chile,Guyana,
Chile,Haiti,
Chile,Honduras,
Chile,Hong Kong,
Chile,Hungary,
Chile,Iceland,
Chile,India,
Chile,Indonesia,
Chile,Iran,
Chile,Iraq,
Chile,Ireland,
Chile,Israel,
Chile,Italy,
Chile,Jamaica,
Chile,Japan,
Chile,Jordan,
Chile,Kazakhstan,
Chile,Kenya,
Chile,Kiribati,
Chile,Kosovo,
Chile,Kuwait,
Chile,Kyrgyzstan,
Chile,Laos,
Chile,Latvia,
Chile,Lebanon,
Chile,Lesotho,
Chile,Liberia,
Chile,Libya,
Chile,Liechtenstein,
Chile,Lithuania,
Chile,Luxembourg,
Chile,Macao,
Chile,Madagascar,
Chile,Malawi,
Chile,Malaysia,
Chile,Maldives,
Chile,Mali,
Chile,Malta,
Chile,Marshall Islands,
Chile,Mauritania,
Chile,Mauritius,
Chile,Mexico,
Chile,Micronesia,
Chile,Moldova,
Chile,Monaco,
Chile,Mongolia,
Chile,Montenegro,
Chile,Morocco,
Chile,Mozambique,
Chile,Myanmar,
Chile,Namibia,
Chile,Nauru,
Chile,Nepal,
Chile,Netherlands,
Chile,New Zealand,
Chile,Nicaragua,
Chile,Niger,
Chile,Nigeria,
Chile,North Korea,
Chile,North Macedonia,
Chile,Norway,
Chile,Oman,
Chile,Pakistan,
Chile,Palau,
Chile,Palestine,
Chile,Panama,
Chile,Papua New Guinea,
Chile,Paraguay,
Chile,Peru,
Chile,Philippines,
Chile,Poland,
Chile,Portugal,
Chile,Qatar,
Chile,Romania,
Chile,Russia,
Chile,Rwanda,
Chile,Saint Kitts and Nevis,
Chile,Saint Lucia,
Chile,Samoa,
Chile,San Marino,
Chile,Sao Tome and Principe,
Chile,Saudi Arabia,
Chile,Senegal,
Chile,Serbia,
Chile,Seychelles,
Chile,Sierra Leone,
Chile,Singapore,
Chile,Slovakia,
Chile,Slovenia,
Chile,Solomon Islands,
Chile,Somalia,
Chile,South Africa,
Chile,South Korea,
Chile,South Sudan,
Chile,Spain,
Chile,Sri Lanka,
Chile,Saint Vincent and the Grenadines,
Chile,Sudan,
Chile,Suriname,
Chile,Sweden,
Chile,Switzerland,
Chile,Syria,
Chile,Taiwan,
Chile,Tajikistan,
Chile,Tanzania,
Chile,Thailand,
Chile,Timor-Leste,
Chile,Togo,
Chile,Tonga,
Chile,Trinidad and Tobago,
Chile,Tunisia,
Chile,Turkmenistan,
Chile,Tuvalu,
Chile,Turkey,
Chile,Uganda,
Chile,Ukraine,
Chile,United Arab Emirates,
Chile,United Kingdom,
Chile,United States,
Chile,Uruguay,
Chile,Uzbekistan,
Chile,Vanuatu,
Chile,Vatican,
Chile,Venezuela,
Chile,Vietnam,
Chile,Yemen,
Chile,Zambia,
Chile,Zimbabwe,
Chile,Afghanistan,
China,Albania,
China,Algeria,
China,Andorra,
China,Angola,
China,Antigua and Barbuda,
China,Argentina,
China,Armenia,
China,Australia,
China,Austria,
China,Azerbaijan,
China,Bahamas,
China,Bahrain,
China,Bangladesh,
China,Barbados,
China,Belarus,
China,Belgium,
China,Belize,
China,Benin,
China,Bhutan,
China,Bolivia,
China,Bosnia and Herzegovina,
China,Botswana,
China,Brazil,
China,Brunei,
China,Bulgaria,
China,Burkina Faso,
China,Burundi,
China,Cambodia,
China,Cameroon,
China,Canada,
China,Cape Verde,
China,Central African Republic,
China,Chad,
China,Chile,
China,China,-1
China,Colombia,
China,Comoros,
China,Congo,
China,DR Congo,
China,Costa Rica,
China,Ivory Coast,
China,Croatia,
China,Cuba,
China,Cyprus,
China,Czech Republic,
China,Denmark,
China,Djibouti,
China,Dominica,
China,Dominican Republic,
China,Ecuador,
China,Egypt,
China,El Salvador,
China,Equatorial Guinea,
China,Eritrea,
China,Estonia,
China,Swaziland,
China,Ethiopia,
China,Fiji,
China,Finland,
China,France,
China,Gabon,
China,Gambia,
China,Georgia,
China,Germany,
China,Ghana,
China,Greece,
China,Grenada,
China,Guatemala,
China,Guinea,
China,Guinea-Bissau,
China,Guyana,
China,Haiti,
China,Honduras,
China,Hong Kong,
China,Hungary,
China,Iceland,
China,India,
China,Indonesia,
China,Iran,
China,Iraq,
China,Ireland,
China,Israel,
China,Italy,
China,Jamaica,
China,Japan,
China,Jordan,
China,Kazakhstan,
China,Kenya,
China,Kiribati,
China,Kosovo,
China,Kuwait,
China,Kyrgyzstan,
China,Laos,
China,Latvia,
China,Lebanon,
China,Lesotho,
China,Liberia,
China,Libya,
China,Liechtenstein,
China,Lithuania,
China,Luxembourg,
China,Macao,
China,Madagascar,
China,Malawi,
China,Malaysia,
China,Maldives,
China,Mali,
China,Malta,
China,Marshall Islands,
China,Mauritania,
China,Mauritius,
China,Mexico,
China,Micronesia,
China,Moldova,
China,Monaco,
China,Mongolia,
China,Montenegro,
China,Morocco,
China,Mozambique,
China,Myanmar,
China,Namibia,
China,Nauru,
China,Nepal,
China,Netherlands,
China,New Zealand,
China,Nicaragua,
China,Niger,
China,Nigeria,
China,North Korea,
China,North Macedonia,
China,Norway,
China,Oman,
China,Pakistan,
China,Palau,
China,Palestine,
China,Panama,
China,Papua New Guinea,
China,Paraguay,
China,Peru,
China,Philippines,
China,Poland,
China,Portugal,
China,Qatar,
China,Romania,
China,Russia,
China,Rwanda,
China,Saint Kitts and Nevis,
China,Saint Lucia,
China,Samoa,
China,San Marino,
China,Sao Tome and Principe,
China,Saudi Arabia,
China,Senegal,
China,Serbia,
China,Seychelles,
China,Sierra Leone,
China,Singapore,
China,Slovakia,
China,Slovenia,
China,Solomon Islands,
China,Somalia,
China,South Africa,
China,South Korea,
China,South Sudan,
China,Spain,
China,Sri Lanka,
China,Saint Vincent and the Grenadines,
China,Sudan,
China,Suriname,
China,Sweden,
China,Switzerland,
China,Syria,
China,Taiwan,
China,Tajikistan,
China,Tanzania,
China,Thailand,
China,Timor-Leste,
China,Togo,
China,Tonga,
China,Trinidad and Tobago,
China,Tunisia,
China,Turkmenistan,
China,Tuvalu,
China,Turkey,
China,Uganda,
China,Ukraine,
China,United Arab Emirates,
China,United Kingdom,
China,United States,
China,Uruguay,
China,Uzbekistan,
China,Vanuatu,
China,Vatican,
China,Venezuela,
China,Vietnam,
China,Yemen,
China,Zambia,
China,Zimbabwe,
China,Afghanistan,
Colombia,Albania,
Colombia,Algeria,
Colombia,Andorra,
Colombia,Angola,
Colombia,Antigua and Barbuda,
Colombia,Argentina,
Colombia,Armenia,
Colombia,Australia,
Colombia,Austria,
Colombia,Azerbaijan,
Colombia,Bahamas,
Colombia,Bahrain,
Colombia,Bangladesh,
Colombia,Barbados,
Colombia,Belarus,
Colombia,Belgium,
Colombia,Belize,
Colombia,Benin,
Colombia,Bhutan,
Colombia,Bolivia,
Colombia,Bosnia and Herzegovina,
Colombia,Botswana,
Colombia,Brazil,
Colombia,Brunei,
Colombia,Bulgaria,
Colombia,Burkina Faso,
Colombia,Burundi,
Colombia,Cambodia,
Colombia,Cameroon,
Colombia,Canada,
Colombia,Cape Verde,
Colombia,Central African Republic,
Colombia,Chad,
Colombia,Chile,
Colombia,China,
Colombia,Colombia,-1
Colombia,Comoros,
Colombia,Congo,
Colombia,DR Congo,
Colombia,Costa Rica,
Colombia,Ivory Coast,
Colombia,Croatia,
Colombia,Cuba,
Colombia,Cyprus,
Colombia,Czech Republic,
Colombia,Denmark,
Colombia,Djibouti,
Colombia,Dominica,
Colombia,Dominican Republic,
Colombia,Ecuador,
Colombia,Egypt,
Colombia,El Salvador,
Colombia,Equatorial Guinea,
Colombia,Eritrea,
Colombia,Estonia,
Colombia,Swaziland,
Colombia,Ethiopia,
Colombia,Fiji,
Colombia,Finland,
Colombia,France,
Colombia,Gabon,
Colombia,Gambia,
Colombia,Georgia,
Colombia,Germany,
Colombia,Ghana,
Colombia,Greece,
Colombia,Grenada,
Colombia,Guatemala,
Colombia,Guinea,
Colombia,Guinea-Bissau,
Colombia,Guyana,
Colombia,Haiti,
Colombia,Honduras,
Colombia,Hong Kong,
Colombia,Hungary,
Colombia,Iceland,
Colombia,India,
Colombia,Indonesia,
Colombia,Iran,
Colombia,Iraq,
Colombia,Ireland,
Colombia,Israel,
Colombia,Italy,
Colombia,Jamaica,
Colombia,Japan,
Colombia,Jordan,
Colombia,Kazakhstan,
Colombia,Kenya,
Colombia,Kiribati,
Colombia,Kosovo,
Colombia,Kuwait,
Colombia,Kyrgyzstan,
Colombia,Laos,
Colombia,Latvia,
Colombia,Lebanon,
Colombia,Lesotho,
Colombia,Liberia,
Colombia,Libya,
Colombia,Liechtenstein,
Colombia,Lithuania,
Colombia,Luxembourg,
Colombia,Macao,
Colombia,Madagascar,
Colombia,Malawi,
Colombia,Malaysia,
Colombia,Maldives,
Colombia,Mali,
Colombia,Malta,
Colombia,Marshall Islands,
Colombia,Mauritania,
Colombia,Mauritius,
Colombia,Mexico,
Colombia,Micronesia,
Colombia,Moldova,
Colombia,Monaco,
Colombia,Mongolia,
Colombia,Montenegro,
Colombia,Morocco,
Colombia,Mozambique,
Colombia,Myanmar,
Colombia,Namibia,
Colombia,Nauru,
Colombia,Nepal,
Colombia,Netherlands,
Colombia,New Zealand,
Colombia,Nicaragua,
Colombia,Niger,
Colombia,Nigeria,
Colombia,North Korea,
Colombia,North Macedonia,
Colombia,Norway,
Colombia,Oman,
Colombia,Pakistan,
Colombia,Palau,
Colombia,Palestine,
Colombia,Panama,
Colombia,Papua New Guinea,
Colombia,Paraguay,
Colombia,Peru,
Colombia,Philippines,
Colombia,Poland,
Colombia,Portugal,
Colombia,Qatar,
Colombia,Romania,
Colombia,Russia,
Colombia,Rwanda,
Colombia,Saint Kitts and Nevis,
Colombia,Saint Lucia,
Colombia,Samoa,
Colombia,San Marino,
Colombia,Sao Tome and Principe,
Colombia,Saudi Arabia,
Colombia,Senegal,
Colombia,Serbia,
Colombia,Seychelles,
Colombia,Sierra Leone,
Colombia,Singapore,
Colombia,Slovakia,
Colombia,Slovenia,
Colombia,Solomon Islands,
Colombia,Somalia,
Colombia,South Africa,
Colombia,South Korea,
Colombia,South Sudan,
Colombia,Spain,
Colombia,Sri Lanka,
Colombia,Saint Vincent and the Grenadines,
Colombia,Sudan,
Colombia,Suriname,
Colombia,Sweden,
Colombia,Switzerland,
Colombia,Syria,
Colombia,Taiwan,
Colombia,Tajikistan,
Colombia,Tanzania,
Colombia,Thailand,
Colombia,Timor-Leste,
Colombia,Togo,
Colombia,Tonga,
Colombia,Trinidad and Tobago,
Colombia,Tunisia,
Colombia,Turkmenistan,
Colombia,Tuvalu,
Colombia,Turkey,
Colombia,Uganda,
Colombia,Ukraine,
Colombia,United Arab Emirates,
Colombia,United Kingdom,
Colombia,United States,
Colombia,Uruguay,
Colombia,Uzbekistan,
Colombia,Vanuatu,
Colombia,Vatican,
Colombia,Venezuela,
Colombia,Vietnam,
Colombia,Yemen,
Colombia,Zambia,
Colombia,Zimbabwe,
Colombia,Afghanistan,
Comoros,Albania,
Comoros,Algeria,
Comoros,Andorra,
Comoros,Angola,
Comoros,Antigua and Barbuda,
Comoros,Argentina,
Comoros,Armenia,
Comoros,Australia,
Comoros,Austria,
Comoros,Azerbaijan,
Comoros,Bahamas,
Comoros,Bahrain,
Comoros,Bangladesh,
Comoros,Barbados,
Comoros,Belarus,
Comoros,Belgium,
Comoros,Belize,
Comoros,Benin,
Comoros,Bhutan,
Comoros,Bolivia,
Comoros,Bosnia and Herzegovina,
Comoros,Botswana,
Comoros,Brazil,
Comoros,Brunei,
Comoros,Bulgaria,
Comoros,Burkina Faso,
Comoros,Burundi,
Comoros,Cambodia,
Comoros,Cameroon,
Comoros,Canada,
Comoros,Cape Verde,
Comoros,Central African Republic,
Comoros,Chad,
Comoros,Chile,
Comoros,China,
Comoros,Colombia,
Comoros,Comoros,-1
Comoros,Congo,
Comoros,DR Congo,
Comoros,Costa Rica,
Comoros,Ivory Coast,
Comoros,Croatia,
Comoros,Cuba,
Comoros,Cyprus,
Comoros,Czech Republic,
Comoros,Denmark,
Comoros,Djibouti,
Comoros,Dominica,
Comoros,Dominican Republic,
Comoros,Ecuador,
Comoros,Egypt,
Comoros,El Salvador,
Comoros,Equatorial Guinea,
Comoros,Eritrea,
Comoros,Estonia,
Comoros,Swaziland,
Comoros,Ethiopia,
Comoros,Fiji,
Comoros,Finland,
Comoros,France,
Comoros,Gabon,
Comoros,Gambia,
Comoros,Georgia,
Comoros,Germany,
Comoros,Ghana,
Comoros,Greece,
Comoros,Grenada,
Comoros,Guatemala,
Comoros,Guinea,
Comoros,Guinea-Bissau,
Comoros,Guyana,
Comoros,Haiti,
Comoros,Honduras,
Comoros,Hong Kong,
Comoros,Hungary,
Comoros,Iceland,
Comoros,India,
Comoros,Indonesia,
Comoros,Iran,
Comoros,Iraq,
Comoros,Ireland,
Comoros,Israel,
Comoros,Italy,
Comoros,Jamaica,
Comoros,Japan,
Comoros,Jordan,
Comoros,Kazakhstan,
Comoros,Kenya,
Comoros,Kiribati,
Comoros,Kosovo,
Comoros,Kuwait,
Comoros,Kyrgyzstan,
Comoros,Laos,
Comoros,Latvia,
Comoros,Lebanon,
Comoros,Lesotho,
Comoros,Liberia,
Comoros,Libya,
Comoros,Liechtenstein,
Comoros,Lithuania,
Comoros,Luxembourg,
Comoros,Macao,
Comoros,Madagascar,
Comoros,Malawi,
Comoros,Malaysia,
Comoros,Maldives,
Comoros,Mali,
Comoros,Malta,
Comoros,Marshall Islands,
Comoros,Mauritania,
Comoros,Mauritius,
Comoros,Mexico,
Comoros,Micronesia,
Comoros,Moldova,
Comoros,Monaco,
Comoros,Mongolia,
Comoros,Montenegro,
Comoros,Morocco,
Comoros,Mozambique,
Comoros,Myanmar,
Comoros,Namibia,
Comoros,Nauru,
Comoros,Nepal,
Comoros,Netherlands,
Comoros,New Zealand,
Comoros,Nicaragua,
Comoros,Niger,
Comoros,Nigeria,
Comoros,North Korea,
Comoros,North Macedonia,
Comoros,Norway,
Comoros,Oman,
Comoros,Pakistan,
Comoros,Palau,
Comoros,Palestine,
Comoros,Panama,
Comoros,Papua New Guinea,
Comoros,Paraguay,
Comoros,Peru,
Comoros,Philippines,
Comoros,Poland,
Comoros,Portugal,
Comoros,Qatar,
Comoros,Romania,
Comoros,Russia,
Comoros,Rwanda,
Comoros,Saint Kitts and Nevis,
Comoros,Saint Lucia,
Comoros,Samoa,
Comoros,San Marino,
Comoros,Sao Tome and Principe,
Comoros,Saudi Arabia,
Comoros,Senegal,
Comoros,Serbia,
Comoros,Seychelles,
Comoros,Sierra Leone,
Comoros,Singapore,
Comoros,Slovakia,
Comoros,Slovenia,
Comoros,Solomon Islands,
Comoros,Somalia,
Comoros,South Africa,
Comoros,South Korea,
Comoros,South Sudan,
Comoros,Spain,
Comoros,Sri Lanka,
Comoros,Saint Vincent and the Grenadines,
Comoros,Sudan,
Comoros,Suriname,
Comoros,Sweden,
Comoros,Switzerland,
Comoros,Syria,
Comoros,Taiwan,
Comoros,Tajikistan,
Comoros,Tanzania,
Comoros,Thailand,
Comoros,Timor-Leste,
Comoros,Togo,
Comoros,Tonga,
Comoros,Trinidad and Tobago,
Comoros,Tunisia,
Comoros,Turkmenistan,
Comoros,Tuvalu,
Comoros,Turkey,
Comoros,Uganda,
Comoros,Ukraine,
Comoros,United Arab Emirates,
Comoros,United Kingdom,
Comoros,United States,
Comoros,Uruguay,
Comoros,Uzbekistan,
Comoros,Vanuatu,
Comoros,Vatican,
Comoros,Venezuela,
Comoros,Vietnam,
Comoros,Yemen,
Comoros,Zambia,
Comoros,Zimbabwe,
Comoros,Afghanistan,
Congo,Albania,
Congo,Algeria,
Congo,Andorra,
Congo,Angola,
Congo,Antigua and Barbuda,
Congo,Argentina,
Congo,Armenia,
Congo,Australia,
Congo,Austria,
Congo,Azerbaijan,
Congo,Bahamas,
Congo,Bahrain,
Congo,Bangladesh,
Congo,Barbados,
Congo,Belarus,
Congo,Belgium,
Congo,Belize,
Congo,Benin,
Congo,Bhutan,
Congo,Bolivia,
Congo,Bosnia and Herzegovina,
Congo,Botswana,
Congo,Brazil,
Congo,Brunei,
Congo,Bulgaria,
Congo,Burkina Faso,
Congo,Burundi,
Congo,Cambodia,
Congo,Cameroon,
Congo,Canada,
Congo,Cape Verde,
Congo,Central African Republic,
Congo,Chad,
Congo,Chile,
Congo,China,
Congo,Colombia,
Congo,Comoros,
Congo,Congo,-1
Congo,DR Congo,
Congo,Costa Rica,
Congo,Ivory Coast,
Congo,Croatia,
Congo,Cuba,
Congo,Cyprus,
Congo,Czech Republic,
Congo,Denmark,
Congo,Djibouti,
Congo,Dominica,
Congo,Dominican Republic,
Congo,Ecuador,
Congo,Egypt,
Congo,El Salvador,
Congo,Equatorial Guinea,
Congo,Eritrea,
Congo,Estonia,
Congo,Swaziland,
Congo,Ethiopia,
Congo,Fiji,
Congo,Finland,
Congo,France,
Congo,Gabon,
Congo,Gambia,
Congo,Georgia,
Congo,Germany,
Congo,Ghana,
Congo,Greece,
Congo,Grenada,
Congo,Guatemala,
Congo,Guinea,
Congo,Guinea-Bissau,
Congo,Guyana,
Congo,Haiti,
Congo,Honduras,
Congo,Hong Kong,
Congo,Hungary,
Congo,Iceland,
Congo,India,
Congo,Indonesia,
Congo,Iran,
Congo,Iraq,
Congo,Ireland,
Congo,Israel,
Congo,Italy,
Congo,Jamaica,
Congo,Japan,
Congo,Jordan,
Congo,Kazakhstan,
Congo,Kenya,
Congo,Kiribati,
Congo,Kosovo,
Congo,Kuwait,
Congo,Kyrgyzstan,
Congo,Laos,
Congo,Latvia,
Congo,Lebanon,
Congo,Lesotho,
Congo,Liberia,
Congo,Libya,
Congo,Liechtenstein,
Congo,Lithuania,
Congo,Luxembourg,
Congo,Macao,
Congo,Madagascar,
Congo,Malawi,
Congo,Malaysia,
Congo,Maldives,
Congo,Mali,
Congo,Malta,
Congo,Marshall Islands,
Congo,Mauritania,
Congo,Mauritius,
Congo,Mexico,
Congo,Micronesia,
Congo,Moldova,
Congo,Monaco,
Congo,Mongolia,
Congo,Montenegro,
Congo,Morocco,
Congo,Mozambique,
Congo,Myanmar,
Congo,Namibia,
Congo,Nauru,
Congo,Nepal,
Congo,Netherlands,
Congo,New Zealand,
Congo,Nicaragua,
Congo,Niger,
Congo,Nigeria,
Congo,North Korea,
Congo,North Macedonia,
Congo,Norway,
Congo,Oman,
Congo,Pakistan,
Congo,Palau,
Congo,Palestine,
Congo,Panama,
Congo,Papua New Guinea,
Congo,Paraguay,
Congo,Peru,
Congo,Philippines,
Congo,Poland,
Congo,Portugal,
Congo,Qatar,
Congo,Romania,
Congo,Russia,
Congo,Rwanda,
Congo,Saint Kitts and Nevis,
Congo,Saint Lucia,
Congo,Samoa,
Congo,San Marino,
Congo,Sao Tome and Principe,
Congo,Saudi Arabia,
Congo,Senegal,
Congo,Serbia,
Congo,Seychelles,
Congo,Sierra Leone,
Congo,Singapore,
Congo,Slovakia,
Congo,Slovenia,
Congo,Solomon Islands,
Congo,Somalia,
Congo,South Africa,
Congo,South Korea,
Congo,South Sudan,
Congo,Spain,
Congo,Sri Lanka,
Congo,Saint Vincent and the Grenadines,
Congo,Sudan,
Congo,Suriname,
Congo,Sweden,
Congo,Switzerland,
Congo,Syria,
Congo,Taiwan,
Congo,Tajikistan,
Congo,Tanzania,
Congo,Thailand,
Congo,Timor-Leste,
Congo,Togo,
Congo,Tonga,
Congo,Trinidad and Tobago,
Congo,Tunisia,
Congo,Turkmenistan,
Congo,Tuvalu,
Congo,Turkey,
Congo,Uganda,
Congo,Ukraine,
Congo,United Arab Emirates,
Congo,United Kingdom,
Congo,United States,
Congo,Uruguay,
Congo,Uzbekistan,
Congo,Vanuatu,
Congo,Vatican,
Congo,Venezuela,
Congo,Vietnam,
Congo,Yemen,
Congo,Zambia,
Congo,Zimbabwe,
Congo,Afghanistan,
DR Congo,Albania,
DR Congo,Algeria,
DR Congo,Andorra,
DR Congo,Angola,
DR Congo,Antigua and Barbuda,
DR Congo,Argentina,
DR Congo,Armenia,
DR Congo,Australia,
DR Congo,Austria,
DR Congo,Azerbaijan,
DR Congo,Bahamas,
DR Congo,Bahrain,
DR Congo,Bangladesh,
DR Congo,Barbados,
DR Congo,Belarus,
DR Congo,Belgium,
DR Congo,Belize,
DR Congo,Benin,
DR Congo,Bhutan,
DR Congo,Bolivia,
DR Congo,Bosnia and Herzegovina,
DR Congo,Botswana,
DR Congo,Brazil,
DR Congo,Brunei,
DR Congo,Bulgaria,
DR Congo,Burkina Faso,
DR Congo,Burundi,
DR Congo,Cambodia,
DR Congo,Cameroon,
DR Congo,Canada,
DR Congo,Cape Verde,
DR Congo,Central African Republic,
DR Congo,Chad,
DR Congo,Chile,
DR Congo,China,
DR Congo,Colombia,
DR Congo,Comoros,
DR Congo,Congo,
DR Congo,DR Congo,-1
DR Congo,Costa Rica,
DR Congo,Ivory Coast,
DR Congo,Croatia,
DR Congo,Cuba,
DR Congo,Cyprus,
DR Congo,Czech Republic,
DR Congo,Denmark,
DR Congo,Djibouti,
DR Congo,Dominica,
DR Congo,Dominican Republic,
DR Congo,Ecuador,
DR Congo,Egypt,
DR Congo,El Salvador,
DR Congo,Equatorial Guinea,
DR Congo,Eritrea,
DR Congo,Estonia,
DR Congo,Swaziland,
DR Congo,Ethiopia,
DR Congo,Fiji,
DR Congo,Finland,
DR Congo,France,
DR Congo,Gabon,
DR Congo,Gambia,
DR Congo,Georgia,
DR Congo,Germany,
DR Congo,Ghana,
DR Congo,Greece,
DR Congo,Grenada,
DR Congo,Guatemala,
DR Congo,Guinea,
DR Congo,Guinea-Bissau,
DR Congo,Guyana,
DR Congo,Haiti,
DR Congo,Honduras,
DR Congo,Hong Kong,
DR Congo,Hungary,
DR Congo,Iceland,
DR Congo,India,
DR Congo,Indonesia,
DR Congo,Iran,
DR Congo,Iraq,
DR Congo,Ireland,
DR Congo,Israel,
DR Congo,Italy,
DR Congo,Jamaica,
DR Congo,Japan,
DR Congo,Jordan,
DR Congo,Kazakhstan,
DR Congo,Kenya,
DR Congo,Kiribati,
DR Congo,Kosovo,
DR Congo,Kuwait,
DR Congo,Kyrgyzstan,
DR Congo,Laos,
DR Congo,Latvia,
DR Congo,Lebanon,
DR Congo,Lesotho,
DR Congo,Liberia,
DR Congo,Libya,
DR Congo,Liechtenstein,
DR Congo,Lithuania,
DR Congo,Luxembourg,
DR Congo,Macao,
DR Congo,Madagascar,
DR Congo,Malawi,
DR Congo,Malaysia,
DR Congo,Maldives,
DR Congo,Mali,
DR Congo,Malta,
DR Congo,Marshall Islands,
DR Congo,Mauritania,
DR Congo,Mauritius,
DR Congo,Mexico,
DR Congo,Micronesia,
DR Congo,Moldova,
DR Congo,Monaco,
DR Congo,Mongolia,
DR Congo,Montenegro,
DR Congo,Morocco,
DR Congo,Mozambique,
DR Congo,Myanmar,
DR Congo,Namibia,
DR Congo,Nauru,
DR Congo,Nepal,
DR Congo,Netherlands,
DR Congo,New Zealand,
DR Congo,Nicaragua,
DR Congo,Niger,
DR Congo,Nigeria,
DR Congo,North Korea,
DR Congo,North Macedonia,
DR Congo,Norway,
DR Congo,Oman,
DR Congo,Pakistan,
DR Congo,Palau,
DR Congo,Palestine,
DR Congo,Panama,
DR Congo,Papua New Guinea,
DR Congo,Paraguay,
DR Congo,Peru,
DR Congo,Philippines,
DR Congo,Poland,
DR Congo,Portugal,
DR Congo,Qatar,
DR Congo,Romania,
DR Congo,Russia,
DR Congo,Rwanda,
DR Congo,Saint Kitts and Nevis,
DR Congo,Saint Lucia,
DR Congo,Samoa,
DR Congo,San Marino,
DR Congo,Sao Tome and Principe,
DR Congo,Saudi Arabia,
DR Congo,Senegal,
DR Congo,Serbia,
DR Congo,Seychelles,
DR Congo,Sierra Leone,
DR Congo,Singapore,
DR Congo,Slovakia,
DR Congo,Slovenia,
DR Congo,Solomon Islands,
DR Congo,Somalia,
DR Congo,South Africa,
DR Congo,South Korea,
DR Congo,South Sudan,
DR Congo,Spain,
DR Congo,Sri Lanka,
DR Congo,Saint Vincent and the Grenadines,
DR Congo,Sudan,
DR Congo,Suriname,
DR Congo,Sweden,
DR Congo,Switzerland,
DR Congo,Syria,
DR Congo,Taiwan,
DR Congo,Tajikistan,
DR Congo,Tanzania,
DR Congo,Thailand,
DR Congo,Timor-Leste,
DR Congo,Togo,
DR Congo,Tonga,
DR Congo,Trinidad and Tobago,
DR Congo,Tunisia,
DR Congo,Turkmenistan,
DR Congo,Tuvalu,
DR Congo,Turkey,
DR Congo,Uganda,
DR Congo,Ukraine,
DR Congo,United Arab Emirates,
DR Congo,United Kingdom,
DR Congo,United States,
DR Congo,Uruguay,
DR Congo,Uzbekistan,
DR Congo,Vanuatu,
DR Congo,Vatican,
DR Congo,Venezuela,
DR Congo,Vietnam,
DR Congo,Yemen,
DR Congo,Zambia,
DR Congo,Zimbabwe,
DR Congo,Afghanistan,
Costa Rica,Albania,
Costa Rica,Algeria,
Costa Rica,Andorra,
Costa Rica,Angola,
Costa Rica,Antigua and Barbuda,
Costa Rica,Argentina,
Costa Rica,Armenia,
Costa Rica,Australia,
Costa Rica,Austria,
Costa Rica,Azerbaijan,
Costa Rica,Bahamas,
Costa Rica,Bahrain,
Costa Rica,Bangladesh,
Costa Rica,Barbados,
Costa Rica,Belarus,
Costa Rica,Belgium,
Costa Rica,Belize,
Costa Rica,Benin,
Costa Rica,Bhutan,
Costa Rica,Bolivia,
Costa Rica,Bosnia and Herzegovina,
Costa Rica,Botswana,
Costa Rica,Brazil,
Costa Rica,Brunei,
Costa Rica,Bulgaria,
Costa Rica,Burkina Faso,
Costa Rica,Burundi,
Costa Rica,Cambodia,
Costa Rica,Cameroon,
Costa Rica,Canada,
Costa Rica,Cape Verde,
Costa Rica,Central African Republic,
Costa Rica,Chad,
Costa Rica,Chile,
Costa Rica,China,
Costa Rica,Colombia,
Costa Rica,Comoros,
Costa Rica,Congo,
Costa Rica,DR Congo,
Costa Rica,Costa Rica,-1
Costa Rica,Ivory Coast,
Costa Rica,Croatia,
Costa Rica,Cuba,
Costa Rica,Cyprus,
Costa Rica,Czech Republic,
Costa Rica,Denmark,
Costa Rica,Djibouti,
Costa Rica,Dominica,
Costa Rica,Dominican Republic,
Costa Rica,Ecuador,
Costa Rica,Egypt,
Costa Rica,El Salvador,
Costa Rica,Equatorial Guinea,
Costa Rica,Eritrea,
Costa Rica,Estonia,
Costa Rica,Swaziland,
Costa Rica,Ethiopia,
Costa Rica,Fiji,
Costa Rica,Finland,
Costa Rica,France,
Costa Rica,Gabon,
Costa Rica,Gambia,
Costa Rica,Georgia,
Costa Rica,Germany,
Costa Rica,Ghana,
Costa Rica,Greece,
Costa Rica,Grenada,
Costa Rica,Guatemala,
Costa Rica,Guinea,
Costa Rica,Guinea-Bissau,
Costa Rica,Guyana,
Costa Rica,Haiti,
Costa Rica,Honduras,
Costa Rica,Hong Kong,
Costa Rica,Hungary,
Costa Rica,Iceland,
Costa Rica,India,
Costa Rica,Indonesia,
Costa Rica,Iran,
Costa Rica,Iraq,
Costa Rica,Ireland,
Costa Rica,Israel,
Costa Rica,Italy,
Costa Rica,Jamaica,
Costa Rica,Japan,
Costa Rica,Jordan,
Costa Rica,Kazakhstan,
Costa Rica,Kenya,
Costa Rica,Kiribati,
Costa Rica,Kosovo,
Costa Rica,Kuwait,
Costa Rica,Kyrgyzstan,
Costa Rica,Laos,
Costa Rica,Latvia,
Costa Rica,Lebanon,
Costa Rica,Lesotho,
Costa Rica,Liberia,
Costa Rica,Libya,
Costa Rica,Liechtenstein,
Costa Rica,Lithuania,
Costa Rica,Luxembourg,
Costa Rica,Macao,
Costa Rica,Madagascar,
Costa Rica,Malawi,
Costa Rica,Malaysia,
Costa Rica,Maldives,
Costa Rica,Mali,
Costa Rica,Malta,
Costa Rica,Marshall Islands,
Costa Rica,Mauritania,
Costa Rica,Mauritius,
Costa Rica,Mexico,
Costa Rica,Micronesia,
Costa Rica,Moldova,
Costa Rica,Monaco,
Costa Rica,Mongolia,
Costa Rica,Montenegro,
Costa Rica,Morocco,
Costa Rica,Mozambique,
Costa Rica,Myanmar,
Costa Rica,Namibia,
Costa Rica,Nauru,
Costa Rica,Nepal,
Costa Rica,Netherlands,
Costa Rica,New Zealand,
Costa Rica,Nicaragua,
Costa Rica,Niger,
Costa Rica,Nigeria,
Costa Rica,North Korea,
Costa Rica,North Macedonia,
Costa Rica,Norway,
Costa Rica,Oman,
Costa Rica,Pakistan,
Costa Rica,Palau,
Costa Rica,Palestine,
Costa Rica,Panama,
Costa Rica,Papua New Guinea,
Costa Rica,Paraguay,
Costa Rica,Peru,
Costa Rica,Philippines,
Costa Rica,Poland,
Costa Rica,Portugal,
Costa Rica,Qatar,
Costa Rica,Romania,
Costa Rica,Russia,
Costa Rica,Rwanda,
Costa Rica,Saint Kitts and Nevis,
Costa Rica,Saint Lucia,
Costa Rica,Samoa,
Costa Rica,San Marino,
Costa Rica,Sao Tome and Principe,
Costa Rica,Saudi Arabia,
Costa Rica,Senegal,
Costa Rica,Serbia,
Costa Rica,Seychelles,
Costa Rica,Sierra Leone,
Costa Rica,Singapore,
Costa Rica,Slovakia,
Costa Rica,Slovenia,
Costa Rica,Solomon Islands,
Costa Rica,Somalia,
Costa Rica,South Africa,
Costa Rica,South Korea,
Costa Rica,South Sudan,
Costa Rica,Spain,
Costa Rica,Sri Lanka,
Costa Rica,Saint Vincent and the Grenadines,
Costa Rica,Sudan,
Costa Rica,Suriname,
Costa Rica,Sweden,
Costa Rica,Switzerland,
Costa Rica,Syria,
Costa Rica,Taiwan,
Costa Rica,Tajikistan,
Costa Rica,Tanzania,
Costa Rica,Thailand,
Costa Rica,Timor-Leste,
Costa Rica,Togo,
Costa Rica,Tonga,
Costa Rica,Trinidad and Tobago,
Costa Rica,Tunisia,
Costa Rica,Turkmenistan,
Costa Rica,Tuvalu,
Costa Rica,Turkey,
Costa Rica,Uganda,
Costa Rica,Ukraine,
Costa Rica,United Arab Emirates,
Costa Rica,United Kingdom,
Costa Rica,United States,
Costa Rica,Uruguay,
Costa Rica,Uzbekistan,
Costa Rica,Vanuatu,
Costa Rica,Vatican,
Costa Rica,Venezuela,
Costa Rica,Vietnam,
Costa Rica,Yemen,
Costa Rica,Zambia,
Costa Rica,Zimbabwe,
Costa Rica,Afghanistan,
Ivory Coast,Albania,
Ivory Coast,Algeria,
Ivory Coast,Andorra,
Ivory Coast,Angola,
Ivory Coast,Antigua and Barbuda,
Ivory Coast,Argentina,
Ivory Coast,Armenia,
Ivory Coast,Australia,
Ivory Coast,Austria,
Ivory Coast,Azerbaijan,
Ivory Coast,Bahamas,
Ivory Coast,Bahrain,
Ivory Coast,Bangladesh,
Ivory Coast,Barbados,
Ivory Coast,Belarus,
Ivory Coast,Belgium,
Ivory Coast,Belize,
Ivory Coast,Benin,
Ivory Coast,Bhutan,
Ivory Coast,Bolivia,
Ivory Coast,Bosnia and Herzegovina,
Ivory Coast,Botswana,
Ivory Coast,Brazil,
Ivory Coast,Brunei,
Ivory Coast,Bulgaria,
Ivory Coast,Burkina Faso,
Ivory Coast,Burundi,
Ivory Coast,Cambodia,
Ivory Coast,Cameroon,
Ivory Coast,Canada,
Ivory Coast,Cape Verde,
Ivory Coast,Central African Republic,
Ivory Coast,Chad,
Ivory Coast,Chile,
Ivory Coast,China,
Ivory Coast,Colombia,
Ivory Coast,Comoros,
Ivory Coast,Congo,
Ivory Coast,DR Congo,
Ivory Coast,Costa Rica,
Ivory Coast,Ivory Coast,-1
Ivory Coast,Croatia,
Ivory Coast,Cuba,
Ivory Coast,Cyprus,
Ivory Coast,Czech Republic,
Ivory Coast,Denmark,
Ivory Coast,Djibouti,
Ivory Coast,Dominica,
Ivory Coast,Dominican Republic,
Ivory Coast,Ecuador,
Ivory Coast,Egypt,
Ivory Coast,El Salvador,
Ivory Coast,Equatorial Guinea,
Ivory Coast,Eritrea,
Ivory Coast,Estonia,
Ivory Coast,Swaziland,
Ivory Coast,Ethiopia,
Ivory Coast,Fiji,
Ivory Coast,Finland,
Ivory Coast,France,
Ivory Coast,Gabon,
Ivory Coast,Gambia,
Ivory Coast,Georgia,
Ivory Coast,Germany,
Ivory Coast,Ghana,
Ivory Coast,Greece,
Ivory Coast,Grenada,
Ivory Coast,Guatemala,
Ivory Coast,Guinea,
Ivory Coast,Guinea-Bissau,
Ivory Coast,Guyana,
Ivory Coast,Haiti,
Ivory Coast,Honduras,
Ivory Coast,Hong Kong,
Ivory Coast,Hungary,
Ivory Coast,Iceland,
Ivory Coast,India,
Ivory Coast,Indonesia,
Ivory Coast,Iran,
Ivory Coast,Iraq,
Ivory Coast,Ireland,
Ivory Coast,Israel,
Ivory Coast,Italy,
Ivory Coast,Jamaica,
Ivory Coast,Japan,
Ivory Coast,Jordan,
Ivory Coast,Kazakhstan,
Ivory Coast,Kenya,
Ivory Coast,Kiribati,
Ivory Coast,Kosovo,
Ivory Coast,Kuwait,
Ivory Coast,Kyrgyzstan,
Ivory Coast,Laos,
Ivory Coast,Latvia,
Ivory Coast,Lebanon,
Ivory Coast,Lesotho,
Ivory Coast,Liberia,
Ivory Coast,Libya,
Ivory Coast,Liechtenstein,
Ivory Coast,Lithuania,
Ivory Coast,Luxembourg,
Ivory Coast,Macao,
Ivory Coast,Madagascar,
Ivory Coast,Malawi,
Ivory Coast,Malaysia,
Ivory Coast,Maldives,
Ivory Coast,Mali,
Ivory Coast,Malta,
Ivory Coast,Marshall Islands,
Ivory Coast,Mauritania,
Ivory Coast,Mauritius,
Ivory Coast,Mexico,
Ivory Coast,Micronesia,
Ivory Coast,Moldova,
Ivory Coast,Monaco,
Ivory Coast,Mongolia,
Ivory Coast,Montenegro,
Ivory Coast,Morocco,
Ivory Coast,Mozambique,
Ivory Coast,Myanmar,
Ivory Coast,Namibia,
Ivory Coast,Nauru,
Ivory Coast,Nepal,
Ivory Coast,Netherlands,
Ivory Coast,New Zealand,
Ivory Coast,Nicaragua,
Ivory Coast,Niger,
Ivory Coast,Nigeria,
Ivory Coast,North Korea,
Ivory Coast,North Macedonia,
Ivory Coast,Norway,
Ivory Coast,Oman,
Ivory Coast,Pakistan,
Ivory Coast,Palau,
Ivory Coast,Palestine,
Ivory Coast,Panama,
Ivory Coast,Papua New Guinea,
Ivory Coast,Paraguay,
Ivory Coast,Peru,
Ivory Coast,Philippines,
Ivory Coast,Poland,
Ivory Coast,Portugal,
Ivory Coast,Qatar,
Ivory Coast,Romania,
Ivory Coast,Russia,
Ivory Coast,Rwanda,
Ivory Coast,Saint Kitts and Nevis,
Ivory Coast,Saint Lucia,
Ivory Coast,Samoa,
Ivory Coast,San Marino,
Ivory Coast,Sao Tome and Principe,
Ivory Coast,Saudi Arabia,
Ivory Coast,Senegal,
Ivory Coast,Serbia,
Ivory Coast,Seychelles,
Ivory Coast,Sierra Leone,
Ivory Coast,Singapore,
Ivory Coast,Slovakia,
Ivory Coast,Slovenia,
Ivory Coast,Solomon Islands,
Ivory Coast,Somalia,
Ivory Coast,South Africa,
Ivory Coast,South Korea,
Ivory Coast,South Sudan,
Ivory Coast,Spain,
Ivory Coast,Sri Lanka,
Ivory Coast,Saint Vincent and the Grenadines,
Ivory Coast,Sudan,
Ivory Coast,Suriname,
Ivory Coast,Sweden,
Ivory Coast,Switzerland,
Ivory Coast,Syria,
Ivory Coast,Taiwan,
Ivory Coast,Tajikistan,
Ivory Coast,Tanzania,
Ivory Coast,Thailand,
Ivory Coast,Timor-Leste,
Ivory Coast,Togo,
Ivory Coast,Tonga,
Ivory Coast,Trinidad and Tobago,
Ivory Coast,Tunisia,
Ivory Coast,Turkmenistan,
Ivory Coast,Tuvalu,
Ivory Coast,Turkey,
Ivory Coast,Uganda,
Ivory Coast,Ukraine,
Ivory Coast,United Arab Emirates,
Ivory Coast,United Kingdom,
Ivory Coast,United States,
Ivory Coast,Uruguay,
Ivory Coast,Uzbekistan,
Ivory Coast,Vanuatu,
Ivory Coast,Vatican,
Ivory Coast,Venezuela,
Ivory Coast,Vietnam,
Ivory Coast,Yemen,
Ivory Coast,Zambia,
Ivory Coast,Zimbabwe,
Ivory Coast,Afghanistan,
Croatia,Albania,
Croatia,Algeria,
Croatia,Andorra,
Croatia,Angola,
Croatia,Antigua and Barbuda,
Croatia,Argentina,
Croatia,Armenia,
Croatia,Australia,
Croatia,Austria,
Croatia,Azerbaijan,
Croatia,Bahamas,
Croatia,Bahrain,
Croatia,Bangladesh,
Croatia,Barbados,
Croatia,Belarus,
Croatia,Belgium,
Croatia,Belize,
Croatia,Benin,
Croatia,Bhutan,
Croatia,Bolivia,
Croatia,Bosnia and Herzegovina,
Croatia,Botswana,
Croatia,Brazil,
Croatia,Brunei,
Croatia,Bulgaria,
Croatia,Burkina Faso,
Croatia,Burundi,
Croatia,Cambodia,
Croatia,Cameroon,
Croatia,Canada,
Croatia,Cape Verde,
Croatia,Central African Republic,
Croatia,Chad,
Croatia,Chile,
Croatia,China,
Croatia,Colombia,
Croatia,Comoros,
Croatia,Congo,
Croatia,DR Congo,
Croatia,Costa Rica,
Croatia,Ivory Coast,
Croatia,Croatia,-1
Croatia,Cuba,
Croatia,Cyprus,
Croatia,Czech Republic,
Croatia,Denmark,
Croatia,Djibouti,
Croatia,Dominica,
Croatia,Dominican Republic,
Croatia,Ecuador,
Croatia,Egypt,
Croatia,El Salvador,
Croatia,Equatorial Guinea,
Croatia,Eritrea,
Croatia,Estonia,
Croatia,Swaziland,
Croatia,Ethiopia,
Croatia,Fiji,
Croatia,Finland,
Croatia,France,
Croatia,Gabon,
Croatia,Gambia,
Croatia,Georgia,
Croatia,Germany,
Croatia,Ghana,
Croatia,Greece,
Croatia,Grenada,
Croatia,Guatemala,
Croatia,Guinea,
Croatia,Guinea-Bissau,
Croatia,Guyana,
Croatia,Haiti,
Croatia,Honduras,
Croatia,Hong Kong,
Croatia,Hungary,
Croatia,Iceland,
Croatia,India,
Croatia,Indonesia,
Croatia,Iran,
Croatia,Iraq,
Croatia,Ireland,
Croatia,Israel,
Croatia,Italy,
Croatia,Jamaica,
Croatia,Japan,
Croatia,Jordan,
Croatia,Kazakhstan,
Croatia,Kenya,
Croatia,Kiribati,
Croatia,Kosovo,
Croatia,Kuwait,
Croatia,Kyrgyzstan,
Croatia,Laos,
Croatia,Latvia,
Croatia,Lebanon,
Croatia,Lesotho,
Croatia,Liberia,
Croatia,Libya,
Croatia,Liechtenstein,
Croatia,Lithuania,
Croatia,Luxembourg,
Croatia,Macao,
Croatia,Madagascar,
Croatia,Malawi,
Croatia,Malaysia,
Croatia,Maldives,
Croatia,Mali,
Croatia,Malta,
Croatia,Marshall Islands,
Croatia,Mauritania,
Croatia,Mauritius,
Croatia,Mexico,
Croatia,Micronesia,
Croatia,Moldova,
Croatia,Monaco,
Croatia,Mongolia,
Croatia,Montenegro,
Croatia,Morocco,
Croatia,Mozambique,
Croatia,Myanmar,
Croatia,Namibia,
Croatia,Nauru,
Croatia,Nepal,
Croatia,Netherlands,
Croatia,New Zealand,
Croatia,Nicaragua,
Croatia,Niger,
Croatia,Nigeria,
Croatia,North Korea,
Croatia,North Macedonia,
Croatia,Norway,
Croatia,Oman,
Croatia,Pakistan,
Croatia,Palau,
Croatia,Palestine,
Croatia,Panama,
Croatia,Papua New Guinea,
Croatia,Paraguay,
Croatia,Peru,
Croatia,Philippines,
Croatia,Poland,
Croatia,Portugal,
Croatia,Qatar,
Croatia,Romania,
Croatia,Russia,
Croatia,Rwanda,
Croatia,Saint Kitts and Nevis,
Croatia,Saint Lucia,
Croatia,Samoa,
Croatia,San Marino,
Croatia,Sao Tome and Principe,
Croatia,Saudi Arabia,
Croatia,Senegal,
Croatia,Serbia,
Croatia,Seychelles,
Croatia,Sierra Leone,
Croatia,Singapore,
Croatia,Slovakia,
Croatia,Slovenia,
Croatia,Solomon Islands,
Croatia,Somalia,
Croatia,South Africa,
Croatia,South Korea,
Croatia,South Sudan,
Croatia,Spain,
Croatia,Sri Lanka,
Croatia,Saint Vincent and the Grenadines,
Croatia,Sudan,
Croatia,Suriname,
Croatia,Sweden,
Croatia,Switzerland,
Croatia,Syria,
Croatia,Taiwan,
Croatia,Tajikistan,
Croatia,Tanzania,
Croatia,Thailand,
Croatia,Timor-Leste,
Croatia,Togo,
Croatia,Tonga,
Croatia,Trinidad and Tobago,
Croatia,Tunisia,
Croatia,Turkmenistan,
Croatia,Tuvalu,
Croatia,Turkey,
Croatia,Uganda,
Croatia,Ukraine,
Croatia,United Arab Emirates,
Croatia,United Kingdom,
Croatia,United States,
Croatia,Uruguay,
Croatia,Uzbekistan,
Croatia,Vanuatu,
Croatia,Vatican,
Croatia,Venezuela,
Croatia,Vietnam,
Croatia,Yemen,
Croatia,Zambia,
Croatia,Zimbabwe,
Croatia,Afghanistan,
Cuba,Albania,
Cuba,Algeria,
Cuba,Andorra,
Cuba,Angola,
Cuba,Antigua and Barbuda,
Cuba,Argentina,
Cuba,Armenia,
Cuba,Australia,
Cuba,Austria,
Cuba,Azerbaijan,
Cuba,Bahamas,
Cuba,Bahrain,
Cuba,Bangladesh,
Cuba,Barbados,
Cuba,Belarus,
Cuba,Belgium,
Cuba,Belize,
Cuba,Benin,
Cuba,Bhutan,
Cuba,Bolivia,
Cuba,Bosnia and Herzegovina,
Cuba,Botswana,
Cuba,Brazil,
Cuba,Brunei,
Cuba,Bulgaria,
Cuba,Burkina Faso,
Cuba,Burundi,
Cuba,Cambodia,
Cuba,Cameroon,
Cuba,Canada,
Cuba,Cape Verde,
Cuba,Central African Republic,
Cuba,Chad,
Cuba,Chile,
Cuba,China,
Cuba,Colombia,
Cuba,Comoros,
Cuba,Congo,
Cuba,DR Congo,
Cuba,Costa Rica,
Cuba,Ivory Coast,
Cuba,Croatia,
Cuba,Cuba,-1
Cuba,Cyprus,
Cuba,Czech Republic,
Cuba,Denmark,
Cuba,Djibouti,
Cuba,Dominica,
Cuba,Dominican Republic,
Cuba,Ecuador,
Cuba,Egypt,
Cuba,El Salvador,
Cuba,Equatorial Guinea,
Cuba,Eritrea,
Cuba,Estonia,
Cuba,Swaziland,
Cuba,Ethiopia,
Cuba,Fiji,
Cuba,Finland,
Cuba,France,
Cuba,Gabon,
Cuba,Gambia,
Cuba,Georgia,
Cuba,Germany,
Cuba,Ghana,
Cuba,Greece,
Cuba,Grenada,
Cuba,Guatemala,
Cuba,Guinea,
Cuba,Guinea-Bissau,
Cuba,Guyana,
Cuba,Haiti,
Cuba,Honduras,
Cuba,Hong Kong,
Cuba,Hungary,
Cuba,Iceland,
Cuba,India,
Cuba,Indonesia,
Cuba,Iran,
Cuba,Iraq,
Cuba,Ireland,
Cuba,Israel,
Cuba,Italy,
Cuba,Jamaica,
Cuba,Japan,
Cuba,Jordan,
Cuba,Kazakhstan,
Cuba,Kenya,
Cuba,Kiribati,
Cuba,Kosovo,
Cuba,Kuwait,
Cuba,Kyrgyzstan,
Cuba,Laos,
Cuba,Latvia,
Cuba,Lebanon,
Cuba,Lesotho,
Cuba,Liberia,
Cuba,Libya,
Cuba,Liechtenstein,
Cuba,Lithuania,
Cuba,Luxembourg,
Cuba,Macao,
Cuba,Madagascar,
Cuba,Malawi,
Cuba,Malaysia,
Cuba,Maldives,
Cuba,Mali,
Cuba,Malta,
Cuba,Marshall Islands,
Cuba,Mauritania,
Cuba,Mauritius,
Cuba,Mexico,
Cuba,Micronesia,
Cuba,Moldova,
Cuba,Monaco,
Cuba,Mongolia,
Cuba,Montenegro,
Cuba,Morocco,
Cuba,Mozambique,
Cuba,Myanmar,
Cuba,Namibia,
Cuba,Nauru,
Cuba,Nepal,
Cuba,Netherlands,
Cuba,New Zealand,
Cuba,Nicaragua,
Cuba,Niger,
Cuba,Nigeria,
Cuba,North Korea,
Cuba,North Macedonia,
Cuba,Norway,
Cuba,Oman,
Cuba,Pakistan,
Cuba,Palau,
Cuba,Palestine,
Cuba,Panama,
Cuba,Papua New Guinea,
Cuba,Paraguay,
Cuba,Peru,
Cuba,Philippines,
Cuba,Poland,
Cuba,Portugal,
Cuba,Qatar,
Cuba,Romania,
Cuba,Russia,
Cuba,Rwanda,
Cuba,Saint Kitts and Nevis,
Cuba,Saint Lucia,
Cuba,Samoa,
Cuba,San Marino,
Cuba,Sao Tome and Principe,
Cuba,Saudi Arabia,
Cuba,Senegal,
Cuba,Serbia,
Cuba,Seychelles,
Cuba,Sierra Leone,
Cuba,Singapore,
Cuba,Slovakia,
Cuba,Slovenia,
Cuba,Solomon Islands,
Cuba,Somalia,
Cuba,South Africa,
Cuba,South Korea,
Cuba,South Sudan,
Cuba,Spain,
Cuba,Sri Lanka,
Cuba,Saint Vincent and the Grenadines,
Cuba,Sudan,
Cuba,Suriname,
Cuba,Sweden,
Cuba,Switzerland,
Cuba,Syria,
Cuba,Taiwan,
Cuba,Tajikistan,
Cuba,Tanzania,
Cuba,Thailand,
Cuba,Timor-Leste,
Cuba,Togo,
Cuba,Tonga,
Cuba,Trinidad and Tobago,
Cuba,Tunisia,
Cuba,Turkmenistan,
Cuba,Tuvalu,
Cuba,Turkey,
Cuba,Uganda,
Cuba,Ukraine,
Cuba,United Arab Emirates,
Cuba,United Kingdom,
Cuba,United States,
Cuba,Uruguay,
Cuba,Uzbekistan,
Cuba,Vanuatu,
Cuba,Vatican,
Cuba,Venezuela,
Cuba,Vietnam,
Cuba,Yemen,
Cuba,Zambia,
Cuba,Zimbabwe,
Cuba,Afghanistan,
Cyprus,Albania,
Cyprus,Algeria,
Cyprus,Andorra,
Cyprus,Angola,
Cyprus,Antigua and Barbuda,
Cyprus,Argentina,
Cyprus,Armenia,
Cyprus,Australia,
Cyprus,Austria,
Cyprus,Azerbaijan,
Cyprus,Bahamas,
Cyprus,Bahrain,
Cyprus,Bangladesh,
Cyprus,Barbados,
Cyprus,Belarus,
Cyprus,Belgium,
Cyprus,Belize,
Cyprus,Benin,
Cyprus,Bhutan,
Cyprus,Bolivia,
Cyprus,Bosnia and Herzegovina,
Cyprus,Botswana,
Cyprus,Brazil,
Cyprus,Brunei,
Cyprus,Bulgaria,
Cyprus,Burkina Faso,
Cyprus,Burundi,
Cyprus,Cambodia,
Cyprus,Cameroon,
Cyprus,Canada,
Cyprus,Cape Verde,
Cyprus,Central African Republic,
Cyprus,Chad,
Cyprus,Chile,
Cyprus,China,
Cyprus,Colombia,
Cyprus,Comoros,
Cyprus,Congo,
Cyprus,DR Congo,
Cyprus,Costa Rica,
Cyprus,Ivory Coast,
Cyprus,Croatia,
Cyprus,Cuba,
Cyprus,Cyprus,-1
Cyprus,Czech Republic,
Cyprus,Denmark,
Cyprus,Djibouti,
Cyprus,Dominica,
Cyprus,Dominican Republic,
Cyprus,Ecuador,
Cyprus,Egypt,
Cyprus,El Salvador,
Cyprus,Equatorial Guinea,
Cyprus,Eritrea,
Cyprus,Estonia,
Cyprus,Swaziland,
Cyprus,Ethiopia,
Cyprus,Fiji,
Cyprus,Finland,
Cyprus,France,
Cyprus,Gabon,
Cyprus,Gambia,
Cyprus,Georgia,
Cyprus,Germany,
Cyprus,Ghana,
Cyprus,Greece,
Cyprus,Grenada,
Cyprus,Guatemala,
Cyprus,Guinea,
Cyprus,Guinea-Bissau,
Cyprus,Guyana,
Cyprus,Haiti,
Cyprus,Honduras,
Cyprus,Hong Kong,
Cyprus,Hungary,
Cyprus,Iceland,
Cyprus,India,
Cyprus,Indonesia,
Cyprus,Iran,
Cyprus,Iraq,
Cyprus,Ireland,
Cyprus,Israel,
Cyprus,Italy,
Cyprus,Jamaica,
Cyprus,Japan,
Cyprus,Jordan,
Cyprus,Kazakhstan,
Cyprus,Kenya,
Cyprus,Kiribati,
Cyprus,Kosovo,
Cyprus,Kuwait,
Cyprus,Kyrgyzstan,
Cyprus,Laos,
Cyprus,Latvia,
Cyprus,Lebanon,
Cyprus,Lesotho,
Cyprus,Liberia,
Cyprus,Libya,
Cyprus,Liechtenstein,
Cyprus,Lithuania,
Cyprus,Luxembourg,
Cyprus,Macao,
Cyprus,Madagascar,
Cyprus,Malawi,
Cyprus,Malaysia,
Cyprus,Maldives,
Cyprus,Mali,
Cyprus,Malta,
Cyprus,Marshall Islands,
Cyprus,Mauritania,
Cyprus,Mauritius,
Cyprus,Mexico,
Cyprus,Micronesia,
Cyprus,Moldova,
Cyprus,Monaco,
Cyprus,Mongolia,
Cyprus,Montenegro,
Cyprus,Morocco,
Cyprus,Mozambique,
Cyprus,Myanmar,
Cyprus,Namibia,
Cyprus,Nauru,
Cyprus,Nepal,
Cyprus,Netherlands,
Cyprus,New Zealand,
Cyprus,Nicaragua,
Cyprus,Niger,
Cyprus,Nigeria,
Cyprus,North Korea,
Cyprus,North Macedonia,
Cyprus,Norway,
Cyprus,Oman,
Cyprus,Pakistan,
Cyprus,Palau,
Cyprus,Palestine,
Cyprus,Panama,
Cyprus,Papua New Guinea,
Cyprus,Paraguay,
Cyprus,Peru,
Cyprus,Philippines,
Cyprus,Poland,
Cyprus,Portugal,
Cyprus,Qatar,
Cyprus,Romania,
Cyprus,Russia,
Cyprus,Rwanda,
Cyprus,Saint Kitts and Nevis,
Cyprus,Saint Lucia,
Cyprus,Samoa,
Cyprus,San Marino,
Cyprus,Sao Tome and Principe,
Cyprus,Saudi Arabia,
Cyprus,Senegal,
Cyprus,Serbia,
Cyprus,Seychelles,
Cyprus,Sierra Leone,
Cyprus,Singapore,
Cyprus,Slovakia,
Cyprus,Slovenia,
Cyprus,Solomon Islands,
Cyprus,Somalia,
Cyprus,South Africa,
Cyprus,South Korea,
Cyprus,South Sudan,
Cyprus,Spain,
Cyprus,Sri Lanka,
Cyprus,Saint Vincent and the Grenadines,
Cyprus,Sudan,
Cyprus,Suriname,
Cyprus,Sweden,
Cyprus,Switzerland,
Cyprus,Syria,
Cyprus,Taiwan,
Cyprus,Tajikistan,
Cyprus,Tanzania,
Cyprus,Thailand,
Cyprus,Timor-Leste,
Cyprus,Togo,
Cyprus,Tonga,
Cyprus,Trinidad and Tobago,
Cyprus,Tunisia,
Cyprus,Turkmenistan,
Cyprus,Tuvalu,
Cyprus,Turkey,
Cyprus,Uganda,
Cyprus,Ukraine,
Cyprus,United Arab Emirates,
Cyprus,United Kingdom,
Cyprus,United States,
Cyprus,Uruguay,
Cyprus,Uzbekistan,
Cyprus,Vanuatu,
Cyprus,Vatican,
Cyprus,Venezuela,
Cyprus,Vietnam,
Cyprus,Yemen,
Cyprus,Zambia,
Cyprus,Zimbabwe,
Cyprus,Afghanistan,
Czech Republic,Albania,
Czech Republic,Algeria,
Czech Republic,Andorra,
Czech Republic,Angola,
Czech Republic,Antigua and Barbuda,
Czech Republic,Argentina,
Czech Republic,Armenia,
Czech Republic,Australia,
Czech Republic,Austria,
Czech Republic,Azerbaijan,
Czech Republic,Bahamas,
Czech Republic,Bahrain,
Czech Republic,Bangladesh,
Czech Republic,Barbados,
Czech Republic,Belarus,
Czech Republic,Belgium,
Czech Republic,Belize,
Czech Republic,Benin,
Czech Republic,Bhutan,
Czech Republic,Bolivia,
Czech Republic,Bosnia and Herzegovina,
Czech Republic,Botswana,
Czech Republic,Brazil,
Czech Republic,Brunei,
Czech Republic,Bulgaria,
Czech Republic,Burkina Faso,
Czech Republic,Burundi,
Czech Republic,Cambodia,
Czech Republic,Cameroon,
Czech Republic,Canada,
Czech Republic,Cape Verde,
Czech Republic,Central African Republic,
Czech Republic,Chad,
Czech Republic,Chile,
Czech Republic,China,
Czech Republic,Colombia,
Czech Republic,Comoros,
Czech Republic,Congo,
Czech Republic,DR Congo,
Czech Republic,Costa Rica,
Czech Republic,Ivory Coast,
Czech Republic,Croatia,
Czech Republic,Cuba,
Czech Republic,Cyprus,
Czech Republic,Czech Republic,-1
Czech Republic,Denmark,
Czech Republic,Djibouti,
Czech Republic,Dominica,
Czech Republic,Dominican Republic,
Czech Republic,Ecuador,
Czech Republic,Egypt,
Czech Republic,El Salvador,
Czech Republic,Equatorial Guinea,
Czech Republic,Eritrea,
Czech Republic,Estonia,
Czech Republic,Swaziland,
Czech Republic,Ethiopia,
Czech Republic,Fiji,
Czech Republic,Finland,
Czech Republic,France,
Czech Republic,Gabon,
Czech Republic,Gambia,
Czech Republic,Georgia,
Czech Republic,Germany,
Czech Republic,Ghana,
Czech Republic,Greece,
Czech Republic,Grenada,
Czech Republic,Guatemala,
Czech Republic,Guinea,
Czech Republic,Guinea-Bissau,
Czech Republic,Guyana,
Czech Republic,Haiti,
Czech Republic,Honduras,
Czech Republic,Hong Kong,
Czech Republic,Hungary,
Czech Republic,Iceland,
Czech Republic,India,
Czech Republic,Indonesia,
Czech Republic,Iran,
Czech Republic,Iraq,
Czech Republic,Ireland,
Czech Republic,Israel,
Czech Republic,Italy,
Czech Republic,Jamaica,
Czech Republic,Japan,
Czech Republic,Jordan,
Czech Republic,Kazakhstan,
Czech Republic,Kenya,
Czech Republic,Kiribati,
Czech Republic,Kosovo,
Czech Republic,Kuwait,
Czech Republic,Kyrgyzstan,
Czech Republic,Laos,
Czech Republic,Latvia,
Czech Republic,Lebanon,
Czech Republic,Lesotho,
Czech Republic,Liberia,
Czech Republic,Libya,
Czech Republic,Liechtenstein,
Czech Republic,Lithuania,
Czech Republic,Luxembourg,
Czech Republic,Macao,
Czech Republic,Madagascar,
Czech Republic,Malawi,
Czech Republic,Malaysia,
Czech Republic,Maldives,
Czech Republic,Mali,
Czech Republic,Malta,
Czech Republic,Marshall Islands,
Czech Republic,Mauritania,
Czech Republic,Mauritius,
Czech Republic,Mexico,
Czech Republic,Micronesia,
Czech Republic,Moldova,
Czech Republic,Monaco,
Czech Republic,Mongolia,
Czech Republic,Montenegro,
Czech Republic,Morocco,
Czech Republic,Mozambique,
Czech Republic,Myanmar,
Czech Republic,Namibia,
Czech Republic,Nauru,
Czech Republic,Nepal,
Czech Republic,Netherlands,
Czech Republic,New Zealand,
Czech Republic,Nicaragua,
Czech Republic,Niger,
Czech Republic,Nigeria,
Czech Republic,North Korea,
Czech Republic,North Macedonia,
Czech Republic,Norway,
Czech Republic,Oman,
Czech Republic,Pakistan,
Czech Republic,Palau,
Czech Republic,Palestine,
Czech Republic,Panama,
Czech Republic,Papua New Guinea,
Czech Republic,Paraguay,
Czech Republic,Peru,
Czech Republic,Philippines,
Czech Republic,Poland,
Czech Republic,Portugal,
Czech Republic,Qatar,
Czech Republic,Romania,
Czech Republic,Russia,
Czech Republic,Rwanda,
Czech Republic,Saint Kitts and Nevis,
Czech Republic,Saint Lucia,
Czech Republic,Samoa,
Czech Republic,San Marino,
Czech Republic,Sao Tome and Principe,
Czech Republic,Saudi Arabia,
Czech Republic,Senegal,
Czech Republic,Serbia,
Czech Republic,Seychelles,
Czech Republic,Sierra Leone,
Czech Republic,Singapore,
Czech Republic,Slovakia,
Czech Republic,Slovenia,
Czech Republic,Solomon Islands,
Czech Republic,Somalia,
Czech Republic,South Africa,
Czech Republic,South Korea,
Czech Republic,South Sudan,
Czech Republic,Spain,
Czech Republic,Sri Lanka,
Czech Republic,Saint Vincent and the Grenadines,
Czech Republic,Sudan,
Czech Republic,Suriname,
Czech Republic,Sweden,
Czech Republic,Switzerland,
Czech Republic,Syria,
Czech Republic,Taiwan,
Czech Republic,Tajikistan,
Czech Republic,Tanzania,
Czech Republic,Thailand,
Czech Republic,Timor-Leste,
Czech Republic,Togo,
Czech Republic,Tonga,
Czech Republic,Trinidad and Tobago,
Czech Republic,Tunisia,
Czech Republic,Turkmenistan,
Czech Republic,Tuvalu,
Czech Republic,Turkey,
Czech Republic,Uganda,
Czech Republic,Ukraine,
Czech Republic,United Arab Emirates,
Czech Republic,United Kingdom,
Czech Republic,United States,
Czech Republic,Uruguay,
Czech Republic,Uzbekistan,
Czech Republic,Vanuatu,
Czech Republic,Vatican,
Czech Republic,Venezuela,
Czech Republic,Vietnam,
Czech Republic,Yemen,
Czech Republic,Zambia,
Czech Republic,Zimbabwe,
Czech Republic,Afghanistan,
Denmark,Albania,
Denmark,Algeria,
Denmark,Andorra,
Denmark,Angola,
Denmark,Antigua and Barbuda,
Denmark,Argentina,
Denmark,Armenia,
Denmark,Australia,
Denmark,Austria,
Denmark,Azerbaijan,
Denmark,Bahamas,
Denmark,Bahrain,
Denmark,Bangladesh,
Denmark,Barbados,
Denmark,Belarus,
Denmark,Belgium,
Denmark,Belize,
Denmark,Benin,
Denmark,Bhutan,
Denmark,Bolivia,
Denmark,Bosnia and Herzegovina,
Denmark,Botswana,
Denmark,Brazil,
Denmark,Brunei,
Denmark,Bulgaria,
Denmark,Burkina Faso,
Denmark,Burundi,
Denmark,Cambodia,
Denmark,Cameroon,
Denmark,Canada,
Denmark,Cape Verde,
Denmark,Central African Republic,
Denmark,Chad,
Denmark,Chile,
Denmark,China,
Denmark,Colombia,
Denmark,Comoros,
Denmark,Congo,
Denmark,DR Congo,
Denmark,Costa Rica,
Denmark,Ivory Coast,
Denmark,Croatia,
Denmark,Cuba,
Denmark,Cyprus,
Denmark,Czech Republic,
Denmark,Denmark,-1
Denmark,Djibouti,
Denmark,Dominica,
Denmark,Dominican Republic,
Denmark,Ecuador,
Denmark,Egypt,
Denmark,El Salvador,
Denmark,Equatorial Guinea,
Denmark,Eritrea,
Denmark,Estonia,
Denmark,Swaziland,
Denmark,Ethiopia,
Denmark,Fiji,
Denmark,Finland,
Denmark,France,
Denmark,Gabon,
Denmark,Gambia,
Denmark,Georgia,
Denmark,Germany,
Denmark,Ghana,
Denmark,Greece,
Denmark,Grenada,
Denmark,Guatemala,
Denmark,Guinea,
Denmark,Guinea-Bissau,
Denmark,Guyana,
Denmark,Haiti,
Denmark,Honduras,
Denmark,Hong Kong,
Denmark,Hungary,
Denmark,Iceland,
Denmark,India,
Denmark,Indonesia,
Denmark,Iran,
Denmark,Iraq,
Denmark,Ireland,
Denmark,Israel,
Denmark,Italy,
Denmark,Jamaica,
Denmark,Japan,
Denmark,Jordan,
Denmark,Kazakhstan,
Denmark,Kenya,
Denmark,Kiribati,
Denmark,Kosovo,
Denmark,Kuwait,
Denmark,Kyrgyzstan,
Denmark,Laos,
Denmark,Latvia,
Denmark,Lebanon,
Denmark,Lesotho,
Denmark,Liberia,
Denmark,Libya,
Denmark,Liechtenstein,
Denmark,Lithuania,
Denmark,Luxembourg,
Denmark,Macao,
Denmark,Madagascar,
Denmark,Malawi,
Denmark,Malaysia,
Denmark,Maldives,
Denmark,Mali,
Denmark,Malta,
Denmark,Marshall Islands,
Denmark,Mauritania,
Denmark,Mauritius,
Denmark,Mexico,
Denmark,Micronesia,
Denmark,Moldova,
Denmark,Monaco,
Denmark,Mongolia,
Denmark,Montenegro,
Denmark,Morocco,
Denmark,Mozambique,
Denmark,Myanmar,
Denmark,Namibia,
Denmark,Nauru,
Denmark,Nepal,
Denmark,Netherlands,
Denmark,New Zealand,
Denmark,Nicaragua,
Denmark,Niger,
Denmark,Nigeria,
Denmark,North Korea,
Denmark,North Macedonia,
Denmark,Norway,
Denmark,Oman,
Denmark,Pakistan,
Denmark,Palau,
Denmark,Palestine,
Denmark,Panama,
Denmark,Papua New Guinea,
Denmark,Paraguay,
Denmark,Peru,
Denmark,Philippines,
Denmark,Poland,
Denmark,Portugal,
Denmark,Qatar,
Denmark,Romania,
Denmark,Russia,
Denmark,Rwanda,
Denmark,Saint Kitts and Nevis,
Denmark,Saint Lucia,
Denmark,Samoa,
Denmark,San Marino,
Denmark,Sao Tome and Principe,
Denmark,Saudi Arabia,
Denmark,Senegal,
Denmark,Serbia,
Denmark,Seychelles,
Denmark,Sierra Leone,
Denmark,Singapore,
Denmark,Slovakia,
Denmark,Slovenia,
Denmark,Solomon Islands,
Denmark,Somalia,
Denmark,South Africa,
Denmark,South Korea,
Denmark,South Sudan,
Denmark,Spain,
Denmark,Sri Lanka,
Denmark,Saint Vincent and the Grenadines,
Denmark,Sudan,
Denmark,Suriname,
Denmark,Sweden,
Denmark,Switzerland,
Denmark,Syria,
Denmark,Taiwan,
Denmark,Tajikistan,
Denmark,Tanzania,
Denmark,Thailand,
Denmark,Timor-Leste,
Denmark,Togo,
Denmark,Tonga,
Denmark,Trinidad and Tobago,
Denmark,Tunisia,
Denmark,Turkmenistan,
Denmark,Tuvalu,
Denmark,Turkey,
Denmark,Uganda,
Denmark,Ukraine,
Denmark,United Arab Emirates,
Denmark,United Kingdom,
Denmark,United States,
Denmark,Uruguay,
Denmark,Uzbekistan,
Denmark,Vanuatu,
Denmark,Vatican,
Denmark,Venezuela,
Denmark,Vietnam,
Denmark,Yemen,
Denmark,Zambia,
Denmark,Zimbabwe,
Denmark,Afghanistan,
Djibouti,Albania,
Djibouti,Algeria,
Djibouti,Andorra,
Djibouti,Angola,
Djibouti,Antigua and Barbuda,
Djibouti,Argentina,
Djibouti,Armenia,
Djibouti,Australia,
Djibouti,Austria,
Djibouti,Azerbaijan,
Djibouti,Bahamas,
Djibouti,Bahrain,
Djibouti,Bangladesh,
Djibouti,Barbados,
Djibouti,Belarus,
Djibouti,Belgium,
Djibouti,Belize,
Djibouti,Benin,
Djibouti,Bhutan,
Djibouti,Bolivia,
Djibouti,Bosnia and Herzegovina,
Djibouti,Botswana,
Djibouti,Brazil,
Djibouti,Brunei,
Djibouti,Bulgaria,
Djibouti,Burkina Faso,
Djibouti,Burundi,
Djibouti,Cambodia,
Djibouti,Cameroon,
Djibouti,Canada,
Djibouti,Cape Verde,
Djibouti,Central African Republic,
Djibouti,Chad,
Djibouti,Chile,
Djibouti,China,
Djibouti,Colombia,
Djibouti,Comoros,
Djibouti,Congo,
Djibouti,DR Congo,
Djibouti,Costa Rica,
Djibouti,Ivory Coast,
Djibouti,Croatia,
Djibouti,Cuba,
Djibouti,Cyprus,
Djibouti,Czech Republic,
Djibouti,Denmark,
Djibouti,Djibouti,-1
Djibouti,Dominica,
Djibouti,Dominican Republic,
Djibouti,Ecuador,
Djibouti,Egypt,
Djibouti,El Salvador,
Djibouti,Equatorial Guinea,
Djibouti,Eritrea,
Djibouti,Estonia,
Djibouti,Swaziland,
Djibouti,Ethiopia,
Djibouti,Fiji,
Djibouti,Finland,
Djibouti,France,
Djibouti,Gabon,
Djibouti,Gambia,
Djibouti,Georgia,
Djibouti,Germany,
Djibouti,Ghana,
Djibouti,Greece,
Djibouti,Grenada,
Djibouti,Guatemala,
Djibouti,Guinea,
Djibouti,Guinea-Bissau,
Djibouti,Guyana,
Djibouti,Haiti,
Djibouti,Honduras,
Djibouti,Hong Kong,
Djibouti,Hungary,
Djibouti,Iceland,
Djibouti,India,
Djibouti,Indonesia,
Djibouti,Iran,
Djibouti,Iraq,
Djibouti,Ireland,
Djibouti,Israel,
Djibouti,Italy,
Djibouti,Jamaica,
Djibouti,Japan,
Djibouti,Jordan,
Djibouti,Kazakhstan,
Djibouti,Kenya,
Djibouti,Kiribati,
Djibouti,Kosovo,
Djibouti,Kuwait,
Djibouti,Kyrgyzstan,
Djibouti,Laos,
Djibouti,Latvia,
Djibouti,Lebanon,
Djibouti,Lesotho,
Djibouti,Liberia,
Djibouti,Libya,
Djibouti,Liechtenstein,
Djibouti,Lithuania,
Djibouti,Luxembourg,
Djibouti,Macao,
Djibouti,Madagascar,
Djibouti,Malawi,
Djibouti,Malaysia,
Djibouti,Maldives,
Djibouti,Mali,
Djibouti,Malta,
Djibouti,Marshall Islands,
Djibouti,Mauritania,
Djibouti,Mauritius,
Djibouti,Mexico,
Djibouti,Micronesia,
Djibouti,Moldova,
Djibouti,Monaco,
Djibouti,Mongolia,
Djibouti,Montenegro,
Djibouti,Morocco,
Djibouti,Mozambique,
Djibouti,Myanmar,
Djibouti,Namibia,
Djibouti,Nauru,
Djibouti,Nepal,
Djibouti,Netherlands,
Djibouti,New Zealand,
Djibouti,Nicaragua,
Djibouti,Niger,
Djibouti,Nigeria,
Djibouti,North Korea,
Djibouti,North Macedonia,
Djibouti,Norway,
Djibouti,Oman,
Djibouti,Pakistan,
Djibouti,Palau,
Djibouti,Palestine,
Djibouti,Panama,
Djibouti,Papua New Guinea,
Djibouti,Paraguay,
Djibouti,Peru,
Djibouti,Philippines,
Djibouti,Poland,
Djibouti,Portugal,
Djibouti,Qatar,
Djibouti,Romania,
Djibouti,Russia,
Djibouti,Rwanda,
Djibouti,Saint Kitts and Nevis,
Djibouti,Saint Lucia,
Djibouti,Samoa,
Djibouti,San Marino,
Djibouti,Sao Tome and Principe,
Djibouti,Saudi Arabia,
Djibouti,Senegal,
Djibouti,Serbia,
Djibouti,Seychelles,
Djibouti,Sierra Leone,
Djibouti,Singapore,
Djibouti,Slovakia,
Djibouti,Slovenia,
Djibouti,Solomon Islands,
Djibouti,Somalia,
Djibouti,South Africa,
Djibouti,South Korea,
Djibouti,South Sudan,
Djibouti,Spain,
Djibouti,Sri Lanka,
Djibouti,Saint Vincent and the Grenadines,
Djibouti,Sudan,
Djibouti,Suriname,
Djibouti,Sweden,
Djibouti,Switzerland,
Djibouti,Syria,
Djibouti,Taiwan,
Djibouti,Tajikistan,
Djibouti,Tanzania,
Djibouti,Thailand,
Djibouti,Timor-Leste,
Djibouti,Togo,
Djibouti,Tonga,
Djibouti,Trinidad and Tobago,
Djibouti,Tunisia,
Djibouti,Turkmenistan,
Djibouti,Tuvalu,
Djibouti,Turkey,
Djibouti,Uganda,
Djibouti,Ukraine,
Djibouti,United Arab Emirates,
Djibouti,United Kingdom,
Djibouti,United States,
Djibouti,Uruguay,
Djibouti,Uzbekistan,
Djibouti,Vanuatu,
Djibouti,Vatican,
Djibouti,Venezuela,
Djibouti,Vietnam,
Djibouti,Yemen,
Djibouti,Zambia,
Djibouti,Zimbabwe,
Djibouti,Afghanistan,
Dominica,Albania,
Dominica,Algeria,
Dominica,Andorra,
Dominica,Angola,
Dominica,Antigua and Barbuda,
Dominica,Argentina,
Dominica,Armenia,
Dominica,Australia,
Dominica,Austria,
Dominica,Azerbaijan,
Dominica,Bahamas,
Dominica,Bahrain,
Dominica,Bangladesh,
Dominica,Barbados,
Dominica,Belarus,
Dominica,Belgium,
Dominica,Belize,
Dominica,Benin,
Dominica,Bhutan,
Dominica,Bolivia,
Dominica,Bosnia and Herzegovina,
Dominica,Botswana,
Dominica,Brazil,
Dominica,Brunei,
Dominica,Bulgaria,
Dominica,Burkina Faso,
Dominica,Burundi,
Dominica,Cambodia,
Dominica,Cameroon,
Dominica,Canada,
Dominica,Cape Verde,
Dominica,Central African Republic,
Dominica,Chad,
Dominica,Chile,
Dominica,China,
Dominica,Colombia,
Dominica,Comoros,
Dominica,Congo,
Dominica,DR Congo,
Dominica,Costa Rica,
Dominica,Ivory Coast,
Dominica,Croatia,
Dominica,Cuba,
Dominica,Cyprus,
Dominica,Czech Republic,
Dominica,Denmark,
Dominica,Djibouti,
Dominica,Dominica,-1
Dominica,Dominican Republic,
Dominica,Ecuador,
Dominica,Egypt,
Dominica,El Salvador,
Dominica,Equatorial Guinea,
Dominica,Eritrea,
Dominica,Estonia,
Dominica,Swaziland,
Dominica,Ethiopia,
Dominica,Fiji,
Dominica,Finland,
Dominica,France,
Dominica,Gabon,
Dominica,Gambia,
Dominica,Georgia,
Dominica,Germany,
Dominica,Ghana,
Dominica,Greece,
Dominica,Grenada,
Dominica,Guatemala,
Dominica,Guinea,
Dominica,Guinea-Bissau,
Dominica,Guyana,
Dominica,Haiti,
Dominica,Honduras,
Dominica,Hong Kong,
Dominica,Hungary,
Dominica,Iceland,
Dominica,India,
Dominica,Indonesia,
Dominica,Iran,
Dominica,Iraq,
Dominica,Ireland,
Dominica,Israel,
Dominica,Italy,
Dominica,Jamaica,
Dominica,Japan,
Dominica,Jordan,
Dominica,Kazakhstan,
Dominica,Kenya,
Dominica,Kiribati,
Dominica,Kosovo,
Dominica,Kuwait,
Dominica,Kyrgyzstan,
Dominica,Laos,
Dominica,Latvia,
Dominica,Lebanon,
Dominica,Lesotho,
Dominica,Liberia,
Dominica,Libya,
Dominica,Liechtenstein,
Dominica,Lithuania,
Dominica,Luxembourg,
Dominica,Macao,
Dominica,Madagascar,
Dominica,Malawi,
Dominica,Malaysia,
Dominica,Maldives,
Dominica,Mali,
Dominica,Malta,
Dominica,Marshall Islands,
Dominica,Mauritania,
Dominica,Mauritius,
Dominica,Mexico,
Dominica,Micronesia,
Dominica,Moldova,
Dominica,Monaco,
Dominica,Mongolia,
Dominica,Montenegro,
Dominica,Morocco,
Dominica,Mozambique,
Dominica,Myanmar,
Dominica,Namibia,
Dominica,Nauru,
Dominica,Nepal,
Dominica,Netherlands,
Dominica,New Zealand,
Dominica,Nicaragua,
Dominica,Niger,
Dominica,Nigeria,
Dominica,North Korea,
Dominica,North Macedonia,
Dominica,Norway,
Dominica,Oman,
Dominica,Pakistan,
Dominica,Palau,
Dominica,Palestine,
Dominica,Panama,
Dominica,Papua New Guinea,
Dominica,Paraguay,
Dominica,Peru,
Dominica,Philippines,
Dominica,Poland,
Dominica,Portugal,
Dominica,Qatar,
Dominica,Romania,
Dominica,Russia,
Dominica,Rwanda,
Dominica,Saint Kitts and Nevis,
Dominica,Saint Lucia,
Dominica,Samoa,
Dominica,San Marino,
Dominica,Sao Tome and Principe,
Dominica,Saudi Arabia,
Dominica,Senegal,
Dominica,Serbia,
Dominica,Seychelles,
Dominica,Sierra Leone,
Dominica,Singapore,
Dominica,Slovakia,
Dominica,Slovenia,
Dominica,Solomon Islands,
Dominica,Somalia,
Dominica,South Africa,
Dominica,South Korea,
Dominica,South Sudan,
Dominica,Spain,
Dominica,Sri Lanka,
Dominica,Saint Vincent and the Grenadines,
Dominica,Sudan,
Dominica,Suriname,
Dominica,Sweden,
Dominica,Switzerland,
Dominica,Syria,
Dominica,Taiwan,
Dominica,Tajikistan,
Dominica,Tanzania,
Dominica,Thailand,
Dominica,Timor-Leste,
Dominica,Togo,
Dominica,Tonga,
Dominica,Trinidad and Tobago,
Dominica,Tunisia,
Dominica,Turkmenistan,
Dominica,Tuvalu,
Dominica,Turkey,
Dominica,Uganda,
Dominica,Ukraine,
Dominica,United Arab Emirates,
Dominica,United Kingdom,
Dominica,United States,
Dominica,Uruguay,
Dominica,Uzbekistan,
Dominica,Vanuatu,
Dominica,Vatican,
Dominica,Venezuela,
Dominica,Vietnam,
Dominica,Yemen,
Dominica,Zambia,
Dominica,Zimbabwe,
Dominica,Afghanistan,
Dominican Republic,Albania,
Dominican Republic,Algeria,
Dominican Republic,Andorra,
Dominican Republic,Angola,
Dominican Republic,Antigua and Barbuda,
Dominican Republic,Argentina,
Dominican Republic,Armenia,
Dominican Republic,Australia,
Dominican Republic,Austria,
Dominican Republic,Azerbaijan,
Dominican Republic,Bahamas,
Dominican Republic,Bahrain,
Dominican Republic,Bangladesh,
Dominican Republic,Barbados,
Dominican Republic,Belarus,
Dominican Republic,Belgium,
Dominican Republic,Belize,
Dominican Republic,Benin,
Dominican Republic,Bhutan,
Dominican Republic,Bolivia,
Dominican Republic,Bosnia and Herzegovina,
Dominican Republic,Botswana,
Dominican Republic,Brazil,
Dominican Republic,Brunei,
Dominican Republic,Bulgaria,
Dominican Republic,Burkina Faso,
Dominican Republic,Burundi,
Dominican Republic,Cambodia,
Dominican Republic,Cameroon,
Dominican Republic,Canada,
Dominican Republic,Cape Verde,
Dominican Republic,Central African Republic,
Dominican Republic,Chad,
Dominican Republic,Chile,
Dominican Republic,China,
Dominican Republic,Colombia,
Dominican Republic,Comoros,
Dominican Republic,Congo,
Dominican Republic,DR Congo,
Dominican Republic,Costa Rica,
Dominican Republic,Ivory Coast,
Dominican Republic,Croatia,
Dominican Republic,Cuba,
Dominican Republic,Cyprus,
Dominican Republic,Czech Republic,
Dominican Republic,Denmark,
Dominican Republic,Djibouti,
Dominican Republic,Dominica,
Dominican Republic,Dominican Republic,-1
Dominican Republic,Ecuador,
Dominican Republic,Egypt,
Dominican Republic,El Salvador,
Dominican Republic,Equatorial Guinea,
Dominican Republic,Eritrea,
Dominican Republic,Estonia,
Dominican Republic,Swaziland,
Dominican Republic,Ethiopia,
Dominican Republic,Fiji,
Dominican Republic,Finland,
Dominican Republic,France,
Dominican Republic,Gabon,
Dominican Republic,Gambia,
Dominican Republic,Georgia,
Dominican Republic,Germany,
Dominican Republic,Ghana,
Dominican Republic,Greece,
Dominican Republic,Grenada,
Dominican Republic,Guatemala,
Dominican Republic,Guinea,
Dominican Republic,Guinea-Bissau,
Dominican Republic,Guyana,
Dominican Republic,Haiti,
Dominican Republic,Honduras,
Dominican Republic,Hong Kong,
Dominican Republic,Hungary,
Dominican Republic,Iceland,
Dominican Republic,India,
Dominican Republic,Indonesia,
Dominican Republic,Iran,
Dominican Republic,Iraq,
Dominican Republic,Ireland,
Dominican Republic,Israel,
Dominican Republic,Italy,
Dominican Republic,Jamaica,
Dominican Republic,Japan,
Dominican Republic,Jordan,
Dominican Republic,Kazakhstan,
Dominican Republic,Kenya,
Dominican Republic,Kiribati,
Dominican Republic,Kosovo,
Dominican Republic,Kuwait,
Dominican Republic,Kyrgyzstan,
Dominican Republic,Laos,
Dominican Republic,Latvia,
Dominican Republic,Lebanon,
Dominican Republic,Lesotho,
Dominican Republic,Liberia,
Dominican Republic,Libya,
Dominican Republic,Liechtenstein,
Dominican Republic,Lithuania,
Dominican Republic,Luxembourg,
Dominican Republic,Macao,
Dominican Republic,Madagascar,
Dominican Republic,Malawi,
Dominican Republic,Malaysia,
Dominican Republic,Maldives,
Dominican Republic,Mali,
Dominican Republic,Malta,
Dominican Republic,Marshall Islands,
Dominican Republic,Mauritania,
Dominican Republic,Mauritius,
Dominican Republic,Mexico,
Dominican Republic,Micronesia,
Dominican Republic,Moldova,
Dominican Republic,Monaco,
Dominican Republic,Mongolia,
Dominican Republic,Montenegro,
Dominican Republic,Morocco,
Dominican Republic,Mozambique,
Dominican Republic,Myanmar,
Dominican Republic,Namibia,
Dominican Republic,Nauru,
Dominican Republic,Nepal,
Dominican Republic,Netherlands,
Dominican Republic,New Zealand,
Dominican Republic,Nicaragua,
Dominican Republic,Niger,
Dominican Republic,Nigeria,
Dominican Republic,North Korea,
Dominican Republic,North Macedonia,
Dominican Republic,Norway,
Dominican Republic,Oman,
Dominican Republic,Pakistan,
Dominican Republic,Palau,
Dominican Republic,Palestine,
Dominican Republic,Panama,
Dominican Republic,Papua New Guinea,
Dominican Republic,Paraguay,
Dominican Republic,Peru,
Dominican Republic,Philippines,
Dominican Republic,Poland,
Dominican Republic,Portugal,
Dominican Republic,Qatar,
Dominican Republic,Romania,
Dominican Republic,Russia,
Dominican Republic,Rwanda,
Dominican Republic,Saint Kitts and Nevis,
Dominican Republic,Saint Lucia,
Dominican Republic,Samoa,
Dominican Republic,San Marino,
Dominican Republic,Sao Tome and Principe,
Dominican Republic,Saudi Arabia,
Dominican Republic,Senegal,
Dominican Republic,Serbia,
Dominican Republic,Seychelles,
Dominican Republic,Sierra Leone,
Dominican Republic,Singapore,
Dominican Republic,Slovakia,
Dominican Republic,Slovenia,
Dominican Republic,Solomon Islands,
Dominican Republic,Somalia,
Dominican Republic,South Africa,
Dominican Republic,South Korea,
Dominican Republic,South Sudan,
Dominican Republic,Spain,
Dominican Republic,Sri Lanka,
Dominican Republic,Saint Vincent and the Grenadines,
Dominican Republic,Sudan,
Dominican Republic,Suriname,
Dominican Republic,Sweden,
Dominican Republic,Switzerland,
Dominican Republic,Syria,
Dominican Republic,Taiwan,
Dominican Republic,Tajikistan,
Dominican Republic,Tanzania,
Dominican Republic,Thailand,
Dominican Republic,Timor-Leste,
Dominican Republic,Togo,
Dominican Republic,Tonga,
Dominican Republic,Trinidad and Tobago,
Dominican Republic,Tunisia,
Dominican Republic,Turkmenistan,
Dominican Republic,Tuvalu,
Dominican Republic,Turkey,
Dominican Republic,Uganda,
Dominican Republic,Ukraine,
Dominican Republic,United Arab Emirates,
Dominican Republic,United Kingdom,
Dominican Republic,United States,
Dominican Republic,Uruguay,
Dominican Republic,Uzbekistan,
Dominican Republic,Vanuatu,
Dominican Republic,Vatican,
Dominican Republic,Venezuela,
Dominican Republic,Vietnam,
Dominican Republic,Yemen,
Dominican Republic,Zambia,
Dominican Republic,Zimbabwe,
Dominican Republic,Afghanistan,
Ecuador,Albania,
Ecuador,Algeria,
Ecuador,Andorra,
Ecuador,Angola,
Ecuador,Antigua and Barbuda,
Ecuador,Argentina,
Ecuador,Armenia,
Ecuador,Australia,
Ecuador,Austria,
Ecuador,Azerbaijan,
Ecuador,Bahamas,
Ecuador,Bahrain,
Ecuador,Bangladesh,
Ecuador,Barbados,
Ecuador,Belarus,
Ecuador,Belgium,
Ecuador,Belize,
Ecuador,Benin,
Ecuador,Bhutan,
Ecuador,Bolivia,
Ecuador,Bosnia and Herzegovina,
Ecuador,Botswana,
Ecuador,Brazil,
Ecuador,Brunei,
Ecuador,Bulgaria,
Ecuador,Burkina Faso,
Ecuador,Burundi,
Ecuador,Cambodia,
Ecuador,Cameroon,
Ecuador,Canada,
Ecuador,Cape Verde,
Ecuador,Central African Republic,
Ecuador,Chad,
Ecuador,Chile,
Ecuador,China,
Ecuador,Colombia,
Ecuador,Comoros,
Ecuador,Congo,
Ecuador,DR Congo,
Ecuador,Costa Rica,
Ecuador,Ivory Coast,
Ecuador,Croatia,
Ecuador,Cuba,
Ecuador,Cyprus,
Ecuador,Czech Republic,
Ecuador,Denmark,
Ecuador,Djibouti,
Ecuador,Dominica,
Ecuador,Dominican Republic,
Ecuador,Ecuador,-1
Ecuador,Egypt,
Ecuador,El Salvador,
Ecuador,Equatorial Guinea,
Ecuador,Eritrea,
Ecuador,Estonia,
Ecuador,Swaziland,
Ecuador,Ethiopia,
Ecuador,Fiji,
Ecuador,Finland,
Ecuador,France,
Ecuador,Gabon,
Ecuador,Gambia,
Ecuador,Georgia,
Ecuador,Germany,
Ecuador,Ghana,
Ecuador,Greece,
Ecuador,Grenada,
Ecuador,Guatemala,
Ecuador,Guinea,
Ecuador,Guinea-Bissau,
Ecuador,Guyana,
Ecuador,Haiti,
Ecuador,Honduras,
Ecuador,Hong Kong,
Ecuador,Hungary,
Ecuador,Iceland,
Ecuador,India,
Ecuador,Indonesia,
Ecuador,Iran,
Ecuador,Iraq,
Ecuador,Ireland,
Ecuador,Israel,
Ecuador,Italy,
Ecuador,Jamaica,
Ecuador,Japan,
Ecuador,Jordan,
Ecuador,Kazakhstan,
Ecuador,Kenya,
Ecuador,Kiribati,
Ecuador,Kosovo,
Ecuador,Kuwait,
Ecuador,Kyrgyzstan,
Ecuador,Laos,
Ecuador,Latvia,
Ecuador,Lebanon,
Ecuador,Lesotho,
Ecuador,Liberia,
Ecuador,Libya,
Ecuador,Liechtenstein,
Ecuador,Lithuania,
Ecuador,Luxembourg,
Ecuador,Macao,
Ecuador,Madagascar,
Ecuador,Malawi,
Ecuador,Malaysia,
Ecuador,Maldives,
Ecuador,Mali,
Ecuador,Malta,
Ecuador,Marshall Islands,
Ecuador,Mauritania,
Ecuador,Mauritius,
Ecuador,Mexico,
Ecuador,Micronesia,
Ecuador,Moldova,
Ecuador,Monaco,
Ecuador,Mongolia,
Ecuador,Montenegro,
Ecuador,Morocco,
Ecuador,Mozambique,
Ecuador,Myanmar,
Ecuador,Namibia,
Ecuador,Nauru,
Ecuador,Nepal,
Ecuador,Netherlands,
Ecuador,New Zealand,
Ecuador,Nicaragua,
Ecuador,Niger,
Ecuador,Nigeria,
Ecuador,North Korea,
Ecuador,North Macedonia,
Ecuador,Norway,
Ecuador,Oman,
Ecuador,Pakistan,
Ecuador,Palau,
Ecuador,Palestine,
Ecuador,Panama,
Ecuador,Papua New Guinea,
Ecuador,Paraguay,
Ecuador,Peru,
Ecuador,Philippines,
Ecuador,Poland,
Ecuador,Portugal,
Ecuador,Qatar,
Ecuador,Romania,
Ecuador,Russia,
Ecuador,Rwanda,
Ecuador,Saint Kitts and Nevis,
Ecuador,Saint Lucia,
Ecuador,Samoa,
Ecuador,San Marino,
Ecuador,Sao Tome and Principe,
Ecuador,Saudi Arabia,
Ecuador,Senegal,
Ecuador,Serbia,
Ecuador,Seychelles,
Ecuador,Sierra Leone,
Ecuador,Singapore,
Ecuador,Slovakia,
Ecuador,Slovenia,
Ecuador,Solomon Islands,
Ecuador,Somalia,
Ecuador,South Africa,
Ecuador,South Korea,
Ecuador,South Sudan,
Ecuador,Spain,
Ecuador,Sri Lanka,
Ecuador,Saint Vincent and the Grenadines,
Ecuador,Sudan,
Ecuador,Suriname,
Ecuador,Sweden,
Ecuador,Switzerland,
Ecuador,Syria,
Ecuador,Taiwan,
Ecuador,Tajikistan,
Ecuador,Tanzania,
Ecuador,Thailand,
Ecuador,Timor-Leste,
Ecuador,Togo,
Ecuador,Tonga,
Ecuador,Trinidad and Tobago,
Ecuador,Tunisia,
Ecuador,Turkmenistan,
Ecuador,Tuvalu,
Ecuador,Turkey,
Ecuador,Uganda,
Ecuador,Ukraine,
Ecuador,United Arab Emirates,
Ecuador,United Kingdom,
Ecuador,United States,
Ecuador,Uruguay,
Ecuador,Uzbekistan,
Ecuador,Vanuatu,
Ecuador,Vatican,
Ecuador,Venezuela,
Ecuador,Vietnam,
Ecuador,Yemen,
Ecuador,Zambia,
Ecuador,Zimbabwe,
Ecuador,Afghanistan,
Egypt,Albania,
Egypt,Algeria,
Egypt,Andorra,
Egypt,Angola,
Egypt,Antigua and Barbuda,
Egypt,Argentina,
Egypt,Armenia,
Egypt,Australia,
Egypt,Austria,
Egypt,Azerbaijan,
Egypt,Bahamas,
Egypt,Bahrain,
Egypt,Bangladesh,
Egypt,Barbados,
Egypt,Belarus,
Egypt,Belgium,
Egypt,Belize,
Egypt,Benin,
Egypt,Bhutan,
Egypt,Bolivia,
Egypt,Bosnia and Herzegovina,
Egypt,Botswana,
Egypt,Brazil,
Egypt,Brunei,
Egypt,Bulgaria,
Egypt,Burkina Faso,
Egypt,Burundi,
Egypt,Cambodia,
Egypt,Cameroon,
Egypt,Canada,
Egypt,Cape Verde,
Egypt,Central African Republic,
Egypt,Chad,
Egypt,Chile,
Egypt,China,
Egypt,Colombia,
Egypt,Comoros,
Egypt,Congo,
Egypt,DR Congo,
Egypt,Costa Rica,
Egypt,Ivory Coast,
Egypt,Croatia,
Egypt,Cuba,
Egypt,Cyprus,
Egypt,Czech Republic,
Egypt,Denmark,
Egypt,Djibouti,
Egypt,Dominica,
Egypt,Dominican Republic,
Egypt,Ecuador,
Egypt,Egypt,-1
Egypt,El Salvador,
Egypt,Equatorial Guinea,
Egypt,Eritrea,
Egypt,Estonia,
Egypt,Swaziland,
Egypt,Ethiopia,
Egypt,Fiji,
Egypt,Finland,
Egypt,France,
Egypt,Gabon,
Egypt,Gambia,
Egypt,Georgia,
Egypt,Germany,
Egypt,Ghana,
Egypt,Greece,
Egypt,Grenada,
Egypt,Guatemala,
Egypt,Guinea,
Egypt,Guinea-Bissau,
Egypt,Guyana,
Egypt,Haiti,
Egypt,Honduras,
Egypt,Hong Kong,
Egypt,Hungary,
Egypt,Iceland,
Egypt,India,
Egypt,Indonesia,
Egypt,Iran,
Egypt,Iraq,
Egypt,Ireland,
Egypt,Israel,
Egypt,Italy,
Egypt,Jamaica,
Egypt,Japan,
Egypt,Jordan,
Egypt,Kazakhstan,
Egypt,Kenya,
Egypt,Kiribati,
Egypt,Kosovo,
Egypt,Kuwait,
Egypt,Kyrgyzstan,
Egypt,Laos,
Egypt,Latvia,
Egypt,Lebanon,
Egypt,Lesotho,
Egypt,Liberia,
Egypt,Libya,
Egypt,Liechtenstein,
Egypt,Lithuania,
Egypt,Luxembourg,
Egypt,Macao,
Egypt,Madagascar,
Egypt,Malawi,
Egypt,Malaysia,
Egypt,Maldives,
Egypt,Mali,
Egypt,Malta,
Egypt,Marshall Islands,
Egypt,Mauritania,
Egypt,Mauritius,
Egypt,Mexico,
Egypt,Micronesia,
Egypt,Moldova,
Egypt,Monaco,
Egypt,Mongolia,
Egypt,Montenegro,
Egypt,Morocco,
Egypt,Mozambique,
Egypt,Myanmar,
Egypt,Namibia,
Egypt,Nauru,
Egypt,Nepal,
Egypt,Netherlands,
Egypt,New Zealand,
Egypt,Nicaragua,
Egypt,Niger,
Egypt,Nigeria,
Egypt,North Korea,
Egypt,North Macedonia,
Egypt,Norway,
Egypt,Oman,
Egypt,Pakistan,
Egypt,Palau,
Egypt,Palestine,
Egypt,Panama,
Egypt,Papua New Guinea,
Egypt,Paraguay,
Egypt,Peru,
Egypt,Philippines,
Egypt,Poland,
Egypt,Portugal,
Egypt,Qatar,
Egypt,Romania,
Egypt,Russia,
Egypt,Rwanda,
Egypt,Saint Kitts and Nevis,
Egypt,Saint Lucia,
Egypt,Samoa,
Egypt,San Marino,
Egypt,Sao Tome and Principe,
Egypt,Saudi Arabia,
Egypt,Senegal,
Egypt,Serbia,
Egypt,Seychelles,
Egypt,Sierra Leone,
Egypt,Singapore,
Egypt,Slovakia,
Egypt,Slovenia,
Egypt,Solomon Islands,
Egypt,Somalia,
Egypt,South Africa,
Egypt,South Korea,
Egypt,South Sudan,
Egypt,Spain,
Egypt,Sri Lanka,
Egypt,Saint Vincent and the Grenadines,
Egypt,Sudan,
Egypt,Suriname,
Egypt,Sweden,
Egypt,Switzerland,
Egypt,Syria,
Egypt,Taiwan,
Egypt,Tajikistan,
Egypt,Tanzania,
Egypt,Thailand,
Egypt,Timor-Leste,
Egypt,Togo,
Egypt,Tonga,
Egypt,Trinidad and Tobago,
Egypt,Tunisia,
Egypt,Turkmenistan,
Egypt,Tuvalu,
Egypt,Turkey,
Egypt,Uganda,
Egypt,Ukraine,
Egypt,United Arab Emirates,
Egypt,United Kingdom,
Egypt,United States,
Egypt,Uruguay,
Egypt,Uzbekistan,
Egypt,Vanuatu,
Egypt,Vatican,
Egypt,Venezuela,
Egypt,Vietnam,
Egypt,Yemen,
Egypt,Zambia,
Egypt,Zimbabwe,
Egypt,Afghanistan,
El Salvador,Albania,
El Salvador,Algeria,
El Salvador,Andorra,
El Salvador,Angola,
El Salvador,Antigua and Barbuda,
El Salvador,Argentina,
El Salvador,Armenia,
El Salvador,Australia,
El Salvador,Austria,
El Salvador,Azerbaijan,
El Salvador,Bahamas,
El Salvador,Bahrain,
El Salvador,Bangladesh,
El Salvador,Barbados,
El Salvador,Belarus,
El Salvador,Belgium,
El Salvador,Belize,
El Salvador,Benin,
El Salvador,Bhutan,
El Salvador,Bolivia,
El Salvador,Bosnia and Herzegovina,
El Salvador,Botswana,
El Salvador,Brazil,
El Salvador,Brunei,
El Salvador,Bulgaria,
El Salvador,Burkina Faso,
El Salvador,Burundi,
El Salvador,Cambodia,
El Salvador,Cameroon,
El Salvador,Canada,
El Salvador,Cape Verde,
El Salvador,Central African Republic,
El Salvador,Chad,
El Salvador,Chile,
El Salvador,China,
El Salvador,Colombia,
El Salvador,Comoros,
El Salvador,Congo,
El Salvador,DR Congo,
El Salvador,Costa Rica,
El Salvador,Ivory Coast,
El Salvador,Croatia,
El Salvador,Cuba,
El Salvador,Cyprus,
El Salvador,Czech Republic,
El Salvador,Denmark,
El Salvador,Djibouti,
El Salvador,Dominica,
El Salvador,Dominican Republic,
El Salvador,Ecuador,
El Salvador,Egypt,
El Salvador,El Salvador,-1
El Salvador,Equatorial Guinea,
El Salvador,Eritrea,
El Salvador,Estonia,
El Salvador,Swaziland,
El Salvador,Ethiopia,
El Salvador,Fiji,
El Salvador,Finland,
El Salvador,France,
El Salvador,Gabon,
El Salvador,Gambia,
El Salvador,Georgia,
El Salvador,Germany,
El Salvador,Ghana,
El Salvador,Greece,
El Salvador,Grenada,
El Salvador,Guatemala,
El Salvador,Guinea,
El Salvador,Guinea-Bissau,
El Salvador,Guyana,
El Salvador,Haiti,
El Salvador,Honduras,
El Salvador,Hong Kong,
El Salvador,Hungary,
El Salvador,Iceland,
El Salvador,India,
El Salvador,Indonesia,
El Salvador,Iran,
El Salvador,Iraq,
El Salvador,Ireland,
El Salvador,Israel,
El Salvador,Italy,
El Salvador,Jamaica,
El Salvador,Japan,
El Salvador,Jordan,
El Salvador,Kazakhstan,
El Salvador,Kenya,
El Salvador,Kiribati,
El Salvador,Kosovo,
El Salvador,Kuwait,
El Salvador,Kyrgyzstan,
El Salvador,Laos,
El Salvador,Latvia,
El Salvador,Lebanon,
El Salvador,Lesotho,
El Salvador,Liberia,
El Salvador,Libya,
El Salvador,Liechtenstein,
El Salvador,Lithuania,
El Salvador,Luxembourg,
El Salvador,Macao,
El Salvador,Madagascar,
El Salvador,Malawi,
El Salvador,Malaysia,
El Salvador,Maldives,
El Salvador,Mali,
El Salvador,Malta,
El Salvador,Marshall Islands,
El Salvador,Mauritania,
El Salvador,Mauritius,
El Salvador,Mexico,
El Salvador,Micronesia,
El Salvador,Moldova,
El Salvador,Monaco,
El Salvador,Mongolia,
El Salvador,Montenegro,
El Salvador,Morocco,
El Salvador,Mozambique,
El Salvador,Myanmar,
El Salvador,Namibia,
El Salvador,Nauru,
El Salvador,Nepal,
El Salvador,Netherlands,
El Salvador,New Zealand,
El Salvador,Nicaragua,
El Salvador,Niger,
El Salvador,Nigeria,
El Salvador,North Korea,
El Salvador,North Macedonia,
El Salvador,Norway,
El Salvador,Oman,
El Salvador,Pakistan,
El Salvador,Palau,
El Salvador,Palestine,
El Salvador,Panama,
El Salvador,Papua New Guinea,
El Salvador,Paraguay,
El Salvador,Peru,
El Salvador,Philippines,
El Salvador,Poland,
El Salvador,Portugal,
El Salvador,Qatar,
El Salvador,Romania,
El Salvador,Russia,
El Salvador,Rwanda,
El Salvador,Saint Kitts and Nevis,
El Salvador,Saint Lucia,
El Salvador,Samoa,
El Salvador,San Marino,
El Salvador,Sao Tome and Principe,
El Salvador,Saudi Arabia,
El Salvador,Senegal,
El Salvador,Serbia,
El Salvador,Seychelles,
El Salvador,Sierra Leone,
El Salvador,Singapore,
El Salvador,Slovakia,
El Salvador,Slovenia,
El Salvador,Solomon Islands,
El Salvador,Somalia,
El Salvador,South Africa,
El Salvador,South Korea,
El Salvador,South Sudan,
El Salvador,Spain,
El Salvador,Sri Lanka,
El Salvador,Saint Vincent and the Grenadines,
El Salvador,Sudan,
El Salvador,Suriname,
El Salvador,Sweden,
El Salvador,Switzerland,
El Salvador,Syria,
El Salvador,Taiwan,
El Salvador,Tajikistan,
El Salvador,Tanzania,
El Salvador,Thailand,
El Salvador,Timor-Leste,
El Salvador,Togo,
El Salvador,Tonga,
El Salvador,Trinidad and Tobago,
El Salvador,Tunisia,
El Salvador,Turkmenistan,
El Salvador,Tuvalu,
El Salvador,Turkey,
El Salvador,Uganda,
El Salvador,Ukraine,
El Salvador,United Arab Emirates,
El Salvador,United Kingdom,
El Salvador,United States,
El Salvador,Uruguay,
El Salvador,Uzbekistan,
El Salvador,Vanuatu,
El Salvador,Vatican,
El Salvador,Venezuela,
El Salvador,Vietnam,
El Salvador,Yemen,
El Salvador,Zambia,
El Salvador,Zimbabwe,
El Salvador,Afghanistan,
Equatorial Guinea,Albania,
Equatorial Guinea,Algeria,
Equatorial Guinea,Andorra,
Equatorial Guinea,Angola,
Equatorial Guinea,Antigua and Barbuda,
Equatorial Guinea,Argentina,
Equatorial Guinea,Armenia,
Equatorial Guinea,Australia,
Equatorial Guinea,Austria,
Equatorial Guinea,Azerbaijan,
Equatorial Guinea,Bahamas,
Equatorial Guinea,Bahrain,
Equatorial Guinea,Bangladesh,
Equatorial Guinea,Barbados,
Equatorial Guinea,Belarus,
Equatorial Guinea,Belgium,
Equatorial Guinea,Belize,
Equatorial Guinea,Benin,
Equatorial Guinea,Bhutan,
Equatorial Guinea,Bolivia,
Equatorial Guinea,Bosnia and Herzegovina,
Equatorial Guinea,Botswana,
Equatorial Guinea,Brazil,
Equatorial Guinea,Brunei,
Equatorial Guinea,Bulgaria,
Equatorial Guinea,Burkina Faso,
Equatorial Guinea,Burundi,
Equatorial Guinea,Cambodia,
Equatorial Guinea,Cameroon,
Equatorial Guinea,Canada,
Equatorial Guinea,Cape Verde,
Equatorial Guinea,Central African Republic,
Equatorial Guinea,Chad,
Equatorial Guinea,Chile,
Equatorial Guinea,China,
Equatorial Guinea,Colombia,
Equatorial Guinea,Comoros,
Equatorial Guinea,Congo,
Equatorial Guinea,DR Congo,
Equatorial Guinea,Costa Rica,
Equatorial Guinea,Ivory Coast,
Equatorial Guinea,Croatia,
Equatorial Guinea,Cuba,
Equatorial Guinea,Cyprus,
Equatorial Guinea,Czech Republic,
Equatorial Guinea,Denmark,
Equatorial Guinea,Djibouti,
Equatorial Guinea,Dominica,
Equatorial Guinea,Dominican Republic,
Equatorial Guinea,Ecuador,
Equatorial Guinea,Egypt,
Equatorial Guinea,El Salvador,
Equatorial Guinea,Equatorial Guinea,-1
Equatorial Guinea,Eritrea,
Equatorial Guinea,Estonia,
Equatorial Guinea,Swaziland,
Equatorial Guinea,Ethiopia,
Equatorial Guinea,Fiji,
Equatorial Guinea,Finland,
Equatorial Guinea,France,
Equatorial Guinea,Gabon,
Equatorial Guinea,Gambia,
Equatorial Guinea,Georgia,
Equatorial Guinea,Germany,
Equatorial Guinea,Ghana,
Equatorial Guinea,Greece,
Equatorial Guinea,Grenada,
Equatorial Guinea,Guatemala,
Equatorial Guinea,Guinea,
Equatorial Guinea,Guinea-Bissau,
Equatorial Guinea,Guyana,
Equatorial Guinea,Haiti,
Equatorial Guinea,Honduras,
Equatorial Guinea,Hong Kong,
Equatorial Guinea,Hungary,
Equatorial Guinea,Iceland,
Equatorial Guinea,India,
Equatorial Guinea,Indonesia,
Equatorial Guinea,Iran,
Equatorial Guinea,Iraq,
Equatorial Guinea,Ireland,
Equatorial Guinea,Israel,
Equatorial Guinea,Italy,
Equatorial Guinea,Jamaica,
Equatorial Guinea,Japan,
Equatorial Guinea,Jordan,
Equatorial Guinea,Kazakhstan,
Equatorial Guinea,Kenya,
Equatorial Guinea,Kiribati,
Equatorial Guinea,Kosovo,
Equatorial Guinea,Kuwait,
Equatorial Guinea,Kyrgyzstan,
Equatorial Guinea,Laos,
Equatorial Guinea,Latvia,
Equatorial Guinea,Lebanon,
Equatorial Guinea,Lesotho,
Equatorial Guinea,Liberia,
Equatorial Guinea,Libya,
Equatorial Guinea,Liechtenstein,
Equatorial Guinea,Lithuania,
Equatorial Guinea,Luxembourg,
Equatorial Guinea,Macao,
Equatorial Guinea,Madagascar,
Equatorial Guinea,Malawi,
Equatorial Guinea,Malaysia,
Equatorial Guinea,Maldives,
Equatorial Guinea,Mali,
Equatorial Guinea,Malta,
Equatorial Guinea,Marshall Islands,
Equatorial Guinea,Mauritania,
Equatorial Guinea,Mauritius,
Equatorial Guinea,Mexico,
Equatorial Guinea,Micronesia,
Equatorial Guinea,Moldova,
Equatorial Guinea,Monaco,
Equatorial Guinea,Mongolia,
Equatorial Guinea,Montenegro,
Equatorial Guinea,Morocco,
Equatorial Guinea,Mozambique,
Equatorial Guinea,Myanmar,
Equatorial Guinea,Namibia,
Equatorial Guinea,Nauru,
Equatorial Guinea,Nepal,
Equatorial Guinea,Netherlands,
Equatorial Guinea,New Zealand,
Equatorial Guinea,Nicaragua,
Equatorial Guinea,Niger,
Equatorial Guinea,Nigeria,
Equatorial Guinea,North Korea,
Equatorial Guinea,North Macedonia,
Equatorial Guinea,Norway,
Equatorial Guinea,Oman,
Equatorial Guinea,Pakistan,
Equatorial Guinea,Palau,
Equatorial Guinea,Palestine,
Equatorial Guinea,Panama,
Equatorial Guinea,Papua New Guinea,
Equatorial Guinea,Paraguay,
Equatorial Guinea,Peru,
Equatorial Guinea,Philippines,
Equatorial Guinea,Poland,
Equatorial Guinea,Portugal,
Equatorial Guinea,Qatar,
Equatorial Guinea,Romania,
Equatorial Guinea,Russia,
Equatorial Guinea,Rwanda,
Equatorial Guinea,Saint Kitts and Nevis,
Equatorial Guinea,Saint Lucia,
Equatorial Guinea,Samoa,
Equatorial Guinea,San Marino,
Equatorial Guinea,Sao Tome and Principe,
Equatorial Guinea,Saudi Arabia,
Equatorial Guinea,Senegal,
Equatorial Guinea,Serbia,
Equatorial Guinea,Seychelles,
Equatorial Guinea,Sierra Leone,
Equatorial Guinea,Singapore,
Equatorial Guinea,Slovakia,
Equatorial Guinea,Slovenia,
Equatorial Guinea,Solomon Islands,
Equatorial Guinea,Somalia,
Equatorial Guinea,South Africa,
Equatorial Guinea,South Korea,
Equatorial Guinea,South Sudan,
Equatorial Guinea,Spain,
Equatorial Guinea,Sri Lanka,
Equatorial Guinea,Saint Vincent and the Grenadines,
Equatorial Guinea,Sudan,
Equatorial Guinea,Suriname,
Equatorial Guinea,Sweden,
Equatorial Guinea,Switzerland,
Equatorial Guinea,Syria,
Equatorial Guinea,Taiwan,
Equatorial Guinea,Tajikistan,
Equatorial Guinea,Tanzania,
Equatorial Guinea,Thailand,
Equatorial Guinea,Timor-Leste,
Equatorial Guinea,Togo,
Equatorial Guinea,Tonga,
Equatorial Guinea,Trinidad and Tobago,
Equatorial Guinea,Tunisia,
Equatorial Guinea,Turkmenistan,
Equatorial Guinea,Tuvalu,
Equatorial Guinea,Turkey,
Equatorial Guinea,Uganda,
Equatorial Guinea,Ukraine,
Equatorial Guinea,United Arab Emirates,
Equatorial Guinea,United Kingdom,
Equatorial Guinea,United States,
Equatorial Guinea,Uruguay,
Equatorial Guinea,Uzbekistan,
Equatorial Guinea,Vanuatu,
Equatorial Guinea,Vatican,
Equatorial Guinea,Venezuela,
Equatorial Guinea,Vietnam,
Equatorial Guinea,Yemen,
Equatorial Guinea,Zambia,
Equatorial Guinea,Zimbabwe,
Equatorial Guinea,Afghanistan,
Eritrea,Albania,
Eritrea,Algeria,
Eritrea,Andorra,
Eritrea,Angola,
Eritrea,Antigua and Barbuda,
Eritrea,Argentina,
Eritrea,Armenia,
Eritrea,Australia,
Eritrea,Austria,
Eritrea,Azerbaijan,
Eritrea,Bahamas,
Eritrea,Bahrain,
Eritrea,Bangladesh,
Eritrea,Barbados,
Eritrea,Belarus,
Eritrea,Belgium,
Eritrea,Belize,
Eritrea,Benin,
Eritrea,Bhutan,
Eritrea,Bolivia,
Eritrea,Bosnia and Herzegovina,
Eritrea,Botswana,
Eritrea,Brazil,
Eritrea,Brunei,
Eritrea,Bulgaria,
Eritrea,Burkina Faso,
Eritrea,Burundi,
Eritrea,Cambodia,
Eritrea,Cameroon,
Eritrea,Canada,
Eritrea,Cape Verde,
Eritrea,Central African Republic,
Eritrea,Chad,
Eritrea,Chile,
Eritrea,China,
Eritrea,Colombia,
Eritrea,Comoros,
Eritrea,Congo,
Eritrea,DR Congo,
Eritrea,Costa Rica,
Eritrea,Ivory Coast,
Eritrea,Croatia,
Eritrea,Cuba,
Eritrea,Cyprus,
Eritrea,Czech Republic,
Eritrea,Denmark,
Eritrea,Djibouti,
Eritrea,Dominica,
Eritrea,Dominican Republic,
Eritrea,Ecuador,
Eritrea,Egypt,
Eritrea,El Salvador,
Eritrea,Equatorial Guinea,
Eritrea,Eritrea,-1
Eritrea,Estonia,
Eritrea,Swaziland,
Eritrea,Ethiopia,
Eritrea,Fiji,
Eritrea,Finland,
Eritrea,France,
Eritrea,Gabon,
Eritrea,Gambia,
Eritrea,Georgia,
Eritrea,Germany,
Eritrea,Ghana,
Eritrea,Greece,
Eritrea,Grenada,
Eritrea,Guatemala,
Eritrea,Guinea,
Eritrea,Guinea-Bissau,
Eritrea,Guyana,
Eritrea,Haiti,
Eritrea,Honduras,
Eritrea,Hong Kong,
Eritrea,Hungary,
Eritrea,Iceland,
Eritrea,India,
Eritrea,Indonesia,
Eritrea,Iran,
Eritrea,Iraq,
Eritrea,Ireland,
Eritrea,Israel,
Eritrea,Italy,
Eritrea,Jamaica,
Eritrea,Japan,
Eritrea,Jordan,
Eritrea,Kazakhstan,
Eritrea,Kenya,
Eritrea,Kiribati,
Eritrea,Kosovo,
Eritrea,Kuwait,
Eritrea,Kyrgyzstan,
Eritrea,Laos,
Eritrea,Latvia,
Eritrea,Lebanon,
Eritrea,Lesotho,
Eritrea,Liberia,
Eritrea,Libya,
Eritrea,Liechtenstein,
Eritrea,Lithuania,
Eritrea,Luxembourg,
Eritrea,Macao,
Eritrea,Madagascar,
Eritrea,Malawi,
Eritrea,Malaysia,
Eritrea,Maldives,
Eritrea,Mali,
Eritrea,Malta,
Eritrea,Marshall Islands,
Eritrea,Mauritania,
Eritrea,Mauritius,
Eritrea,Mexico,
Eritrea,Micronesia,
Eritrea,Moldova,
Eritrea,Monaco,
Eritrea,Mongolia,
Eritrea,Montenegro,
Eritrea,Morocco,
Eritrea,Mozambique,
Eritrea,Myanmar,
Eritrea,Namibia,
Eritrea,Nauru,
Eritrea,Nepal,
Eritrea,Netherlands,
Eritrea,New Zealand,
Eritrea,Nicaragua,
Eritrea,Niger,
Eritrea,Nigeria,
Eritrea,North Korea,
Eritrea,North Macedonia,
Eritrea,Norway,
Eritrea,Oman,
Eritrea,Pakistan,
Eritrea,Palau,
Eritrea,Palestine,
Eritrea,Panama,
Eritrea,Papua New Guinea,
Eritrea,Paraguay,
Eritrea,Peru,
Eritrea,Philippines,
Eritrea,Poland,
Eritrea,Portugal,
Eritrea,Qatar,
Eritrea,Romania,
Eritrea,Russia,
Eritrea,Rwanda,
Eritrea,Saint Kitts and Nevis,
Eritrea,Saint Lucia,
Eritrea,Samoa,
Eritrea,San Marino,
Eritrea,Sao Tome and Principe,
Eritrea,Saudi Arabia,
Eritrea,Senegal,
Eritrea,Serbia,
Eritrea,Seychelles,
Eritrea,Sierra Leone,
Eritrea,Singapore,
Eritrea,Slovakia,
Eritrea,Slovenia,
Eritrea,Solomon Islands,
Eritrea,Somalia,
Eritrea,South Africa,
Eritrea,South Korea,
Eritrea,South Sudan,
Eritrea,Spain,
Eritrea,Sri Lanka,
Eritrea,Saint Vincent and the Grenadines,
Eritrea,Sudan,
Eritrea,Suriname,
Eritrea,Sweden,
Eritrea,Switzerland,
Eritrea,Syria,
Eritrea,Taiwan,
Eritrea,Tajikistan,
Eritrea,Tanzania,
Eritrea,Thailand,
Eritrea,Timor-Leste,
Eritrea,Togo,
Eritrea,Tonga,
Eritrea,Trinidad and Tobago,
Eritrea,Tunisia,
Eritrea,Turkmenistan,
Eritrea,Tuvalu,
Eritrea,Turkey,
Eritrea,Uganda,
Eritrea,Ukraine,
Eritrea,United Arab Emirates,
Eritrea,United Kingdom,
Eritrea,United States,
Eritrea,Uruguay,
Eritrea,Uzbekistan,
Eritrea,Vanuatu,
Eritrea,Vatican,
Eritrea,Venezuela,
Eritrea,Vietnam,
Eritrea,Yemen,
Eritrea,Zambia,
Eritrea,Zimbabwe,
Eritrea,Afghanistan,
Estonia,Albania,
Estonia,Algeria,
Estonia,Andorra,
Estonia,Angola,
Estonia,Antigua and Barbuda,
Estonia,Argentina,
Estonia,Armenia,
Estonia,Australia,
Estonia,Austria,
Estonia,Azerbaijan,
Estonia,Bahamas,
Estonia,Bahrain,
Estonia,Bangladesh,
Estonia,Barbados,
Estonia,Belarus,
Estonia,Belgium,
Estonia,Belize,
Estonia,Benin,
Estonia,Bhutan,
Estonia,Bolivia,
Estonia,Bosnia and Herzegovina,
Estonia,Botswana,
Estonia,Brazil,
Estonia,Brunei,
Estonia,Bulgaria,
Estonia,Burkina Faso,
Estonia,Burundi,
Estonia,Cambodia,
Estonia,Cameroon,
Estonia,Canada,
Estonia,Cape Verde,
Estonia,Central African Republic,
Estonia,Chad,
Estonia,Chile,
Estonia,China,
Estonia,Colombia,
Estonia,Comoros,
Estonia,Congo,
Estonia,DR Congo,
Estonia,Costa Rica,
Estonia,Ivory Coast,
Estonia,Croatia,
Estonia,Cuba,
Estonia,Cyprus,
Estonia,Czech Republic,
Estonia,Denmark,
Estonia,Djibouti,
Estonia,Dominica,
Estonia,Dominican Republic,
Estonia,Ecuador,
Estonia,Egypt,
Estonia,El Salvador,
Estonia,Equatorial Guinea,
Estonia,Eritrea,
Estonia,Estonia,-1
Estonia,Swaziland,
Estonia,Ethiopia,
Estonia,Fiji,
Estonia,Finland,
Estonia,France,
Estonia,Gabon,
Estonia,Gambia,
Estonia,Georgia,
Estonia,Germany,
Estonia,Ghana,
Estonia,Greece,
Estonia,Grenada,
Estonia,Guatemala,
Estonia,Guinea,
Estonia,Guinea-Bissau,
Estonia,Guyana,
Estonia,Haiti,
Estonia,Honduras,
Estonia,Hong Kong,
Estonia,Hungary,
Estonia,Iceland,
Estonia,India,
Estonia,Indonesia,
Estonia,Iran,
Estonia,Iraq,
Estonia,Ireland,
Estonia,Israel,
Estonia,Italy,
Estonia,Jamaica,
Estonia,Japan,
Estonia,Jordan,
Estonia,Kazakhstan,
Estonia,Kenya,
Estonia,Kiribati,
Estonia,Kosovo,
Estonia,Kuwait,
Estonia,Kyrgyzstan,
Estonia,Laos,
Estonia,Latvia,
Estonia,Lebanon,
Estonia,Lesotho,
Estonia,Liberia,
Estonia,Libya,
Estonia,Liechtenstein,
Estonia,Lithuania,
Estonia,Luxembourg,
Estonia,Macao,
Estonia,Madagascar,
Estonia,Malawi,
Estonia,Malaysia,
Estonia,Maldives,
Estonia,Mali,
Estonia,Malta,
Estonia,Marshall Islands,
Estonia,Mauritania,
Estonia,Mauritius,
Estonia,Mexico,
Estonia,Micronesia,
Estonia,Moldova,
Estonia,Monaco,
Estonia,Mongolia,
Estonia,Montenegro,
Estonia,Morocco,
Estonia,Mozambique,
Estonia,Myanmar,
Estonia,Namibia,
Estonia,Nauru,
Estonia,Nepal,
Estonia,Netherlands,
Estonia,New Zealand,
Estonia,Nicaragua,
Estonia,Niger,
Estonia,Nigeria,
Estonia,North Korea,
Estonia,North Macedonia,
Estonia,Norway,
Estonia,Oman,
Estonia,Pakistan,
Estonia,Palau,
Estonia,Palestine,
Estonia,Panama,
Estonia,Papua New Guinea,
Estonia,Paraguay,
Estonia,Peru,
Estonia,Philippines,
Estonia,Poland,
Estonia,Portugal,
Estonia,Qatar,
Estonia,Romania,
Estonia,Russia,
Estonia,Rwanda,
Estonia,Saint Kitts and Nevis,
Estonia,Saint Lucia,
Estonia,Samoa,
Estonia,San Marino,
Estonia,Sao Tome and Principe,
Estonia,Saudi Arabia,
Estonia,Senegal,
Estonia,Serbia,
Estonia,Seychelles,
Estonia,Sierra Leone,
Estonia,Singapore,
Estonia,Slovakia,
Estonia,Slovenia,
Estonia,Solomon Islands,
Estonia,Somalia,
Estonia,South Africa,
Estonia,South Korea,
Estonia,South Sudan,
Estonia,Spain,
Estonia,Sri Lanka,
Estonia,Saint Vincent and the Grenadines,
Estonia,Sudan,
Estonia,Suriname,
Estonia,Sweden,
Estonia,Switzerland,
Estonia,Syria,
Estonia,Taiwan,
Estonia,Tajikistan,
Estonia,Tanzania,
Estonia,Thailand,
Estonia,Timor-Leste,
Estonia,Togo,
Estonia,Tonga,
Estonia,Trinidad and Tobago,
Estonia,Tunisia,
Estonia,Turkmenistan,
Estonia,Tuvalu,
Estonia,Turkey,
Estonia,Uganda,
Estonia,Ukraine,
Estonia,United Arab Emirates,
Estonia,United Kingdom,
Estonia,United States,
Estonia,Uruguay,
Estonia,Uzbekistan,
Estonia,Vanuatu,
Estonia,Vatican,
Estonia,Venezuela,
Estonia,Vietnam,
Estonia,Yemen,
Estonia,Zambia,
Estonia,Zimbabwe,
Estonia,Afghanistan,
Swaziland,Albania,
Swaziland,Algeria,
Swaziland,Andorra,
Swaziland,Angola,
Swaziland,Antigua and Barbuda,
Swaziland,Argentina,
Swaziland,Armenia,
Swaziland,Australia,
Swaziland,Austria,
Swaziland,Azerbaijan,
Swaziland,Bahamas,
Swaziland,Bahrain,
Swaziland,Bangladesh,
Swaziland,Barbados,
Swaziland,Belarus,
Swaziland,Belgium,
Swaziland,Belize,
Swaziland,Benin,
Swaziland,Bhutan,
Swaziland,Bolivia,
Swaziland,Bosnia and Herzegovina,
Swaziland,Botswana,
Swaziland,Brazil,
Swaziland,Brunei,
Swaziland,Bulgaria,
Swaziland,Burkina Faso,
Swaziland,Burundi,
Swaziland,Cambodia,
Swaziland,Cameroon,
Swaziland,Canada,
Swaziland,Cape Verde,
Swaziland,Central African Republic,
Swaziland,Chad,
Swaziland,Chile,
Swaziland,China,
Swaziland,Colombia,
Swaziland,Comoros,
Swaziland,Congo,
Swaziland,DR Congo,
Swaziland,Costa Rica,
Swaziland,Ivory Coast,
Swaziland,Croatia,
Swaziland,Cuba,
Swaziland,Cyprus,
Swaziland,Czech Republic,
Swaziland,Denmark,
Swaziland,Djibouti,
Swaziland,Dominica,
Swaziland,Dominican Republic,
Swaziland,Ecuador,
Swaziland,Egypt,
Swaziland,El Salvador,
Swaziland,Equatorial Guinea,
Swaziland,Eritrea,
Swaziland,Estonia,
Swaziland,Swaziland,-1
Swaziland,Ethiopia,
Swaziland,Fiji,
Swaziland,Finland,
Swaziland,France,
Swaziland,Gabon,
Swaziland,Gambia,
Swaziland,Georgia,
Swaziland,Germany,
Swaziland,Ghana,
Swaziland,Greece,
Swaziland,Grenada,
Swaziland,Guatemala,
Swaziland,Guinea,
Swaziland,Guinea-Bissau,
Swaziland,Guyana,
Swaziland,Haiti,
Swaziland,Honduras,
Swaziland,Hong Kong,
Swaziland,Hungary,
Swaziland,Iceland,
Swaziland,India,
Swaziland,Indonesia,
Swaziland,Iran,
Swaziland,Iraq,
Swaziland,Ireland,
Swaziland,Israel,
Swaziland,Italy,
Swaziland,Jamaica,
Swaziland,Japan,
Swaziland,Jordan,
Swaziland,Kazakhstan,
Swaziland,Kenya,
Swaziland,Kiribati,
Swaziland,Kosovo,
Swaziland,Kuwait,
Swaziland,Kyrgyzstan,
Swaziland,Laos,
Swaziland,Latvia,
Swaziland,Lebanon,
Swaziland,Lesotho,
Swaziland,Liberia,
Swaziland,Libya,
Swaziland,Liechtenstein,
Swaziland,Lithuania,
Swaziland,Luxembourg,
Swaziland,Macao,
Swaziland,Madagascar,
Swaziland,Malawi,
Swaziland,Malaysia,
Swaziland,Maldives,
Swaziland,Mali,
Swaziland,Malta,
Swaziland,Marshall Islands,
Swaziland,Mauritania,
Swaziland,Mauritius,
Swaziland,Mexico,
Swaziland,Micronesia,
Swaziland,Moldova,
Swaziland,Monaco,
Swaziland,Mongolia,
Swaziland,Montenegro,
Swaziland,Morocco,
Swaziland,Mozambique,
Swaziland,Myanmar,
Swaziland,Namibia,
Swaziland,Nauru,
Swaziland,Nepal,
Swaziland,Netherlands,
Swaziland,New Zealand,
Swaziland,Nicaragua,
Swaziland,Niger,
Swaziland,Nigeria,
Swaziland,North Korea,
Swaziland,North Macedonia,
Swaziland,Norway,
Swaziland,Oman,
Swaziland,Pakistan,
Swaziland,Palau,
Swaziland,Palestine,
Swaziland,Panama,
Swaziland,Papua New Guinea,
Swaziland,Paraguay,
Swaziland,Peru,
Swaziland,Philippines,
Swaziland,Poland,
Swaziland,Portugal,
Swaziland,Qatar,
Swaziland,Romania,
Swaziland,Russia,
Swaziland,Rwanda,
Swaziland,Saint Kitts and Nevis,
Swaziland,Saint Lucia,
Swaziland,Samoa,
Swaziland,San Marino,
Swaziland,Sao Tome and Principe,
Swaziland,Saudi Arabia,
Swaziland,Senegal,
Swaziland,Serbia,
Swaziland,Seychelles,
Swaziland,Sierra Leone,
Swaziland,Singapore,
Swaziland,Slovakia,
Swaziland,Slovenia,
Swaziland,Solomon Islands,
Swaziland,Somalia,
Swaziland,South Africa,
Swaziland,South Korea,
Swaziland,South Sudan,
Swaziland,Spain,
Swaziland,Sri Lanka,
Swaziland,Saint Vincent and the Grenadines,
Swaziland,Sudan,
Swaziland,Suriname,
Swaziland,Sweden,
Swaziland,Switzerland,
Swaziland,Syria,
Swaziland,Taiwan,
Swaziland,Tajikistan,
Swaziland,Tanzania,
Swaziland,Thailand,
Swaziland,Timor-Leste,
Swaziland,Togo,
Swaziland,Tonga,
Swaziland,Trinidad and Tobago,
Swaziland,Tunisia,
Swaziland,Turkmenistan,
Swaziland,Tuvalu,
Swaziland,Turkey,
Swaziland,Uganda,
Swaziland,Ukraine,
Swaziland,United Arab Emirates,
Swaziland,United Kingdom,
Swaziland,United States,
Swaziland,Uruguay,
Swaziland,Uzbekistan,
Swaziland,Vanuatu,
Swaziland,Vatican,
Swaziland,Venezuela,
Swaziland,Vietnam,
Swaziland,Yemen,
Swaziland,Zambia,
Swaziland,Zimbabwe,
Swaziland,Afghanistan,
Ethiopia,Albania,
Ethiopia,Algeria,
Ethiopia,Andorra,
Ethiopia,Angola,
Ethiopia,Antigua and Barbuda,
Ethiopia,Argentina,
Ethiopia,Armenia,
Ethiopia,Australia,
Ethiopia,Austria,
Ethiopia,Azerbaijan,
Ethiopia,Bahamas,
Ethiopia,Bahrain,
Ethiopia,Bangladesh,
Ethiopia,Barbados,
Ethiopia,Belarus,
Ethiopia,Belgium,
Ethiopia,Belize,
Ethiopia,Benin,
Ethiopia,Bhutan,
Ethiopia,Bolivia,
Ethiopia,Bosnia and Herzegovina,
Ethiopia,Botswana,
Ethiopia,Brazil,
Ethiopia,Brunei,
Ethiopia,Bulgaria,
Ethiopia,Burkina Faso,
Ethiopia,Burundi,
Ethiopia,Cambodia,
Ethiopia,Cameroon,
Ethiopia,Canada,
Ethiopia,Cape Verde,
Ethiopia,Central African Republic,
Ethiopia,Chad,
Ethiopia,Chile,
Ethiopia,China,
Ethiopia,Colombia,
Ethiopia,Comoros,
Ethiopia,Congo,
Ethiopia,DR Congo,
Ethiopia,Costa Rica,
Ethiopia,Ivory Coast,
Ethiopia,Croatia,
Ethiopia,Cuba,
Ethiopia,Cyprus,
Ethiopia,Czech Republic,
Ethiopia,Denmark,
Ethiopia,Djibouti,
Ethiopia,Dominica,
Ethiopia,Dominican Republic,
Ethiopia,Ecuador,
Ethiopia,Egypt,
Ethiopia,El Salvador,
Ethiopia,Equatorial Guinea,
Ethiopia,Eritrea,
Ethiopia,Estonia,
Ethiopia,Swaziland,
Ethiopia,Ethiopia,-1
Ethiopia,Fiji,
Ethiopia,Finland,
Ethiopia,France,
Ethiopia,Gabon,
Ethiopia,Gambia,
Ethiopia,Georgia,
Ethiopia,Germany,
Ethiopia,Ghana,
Ethiopia,Greece,
Ethiopia,Grenada,
Ethiopia,Guatemala,
Ethiopia,Guinea,
Ethiopia,Guinea-Bissau,
Ethiopia,Guyana,
Ethiopia,Haiti,
Ethiopia,Honduras,
Ethiopia,Hong Kong,
Ethiopia,Hungary,
Ethiopia,Iceland,
Ethiopia,India,
Ethiopia,Indonesia,
Ethiopia,Iran,
Ethiopia,Iraq,
Ethiopia,Ireland,
Ethiopia,Israel,
Ethiopia,Italy,
Ethiopia,Jamaica,
Ethiopia,Japan,
Ethiopia,Jordan,
Ethiopia,Kazakhstan,
Ethiopia,Kenya,
Ethiopia,Kiribati,
Ethiopia,Kosovo,
Ethiopia,Kuwait,
Ethiopia,Kyrgyzstan,
Ethiopia,Laos,
Ethiopia,Latvia,
Ethiopia,Lebanon,
Ethiopia,Lesotho,
Ethiopia,Liberia,
Ethiopia,Libya,
Ethiopia,Liechtenstein,
Ethiopia,Lithuania,
Ethiopia,Luxembourg,
Ethiopia,Macao,
Ethiopia,Madagascar,
Ethiopia,Malawi,
Ethiopia,Malaysia,
Ethiopia,Maldives,
Ethiopia,Mali,
Ethiopia,Malta,
Ethiopia,Marshall Islands,
Ethiopia,Mauritania,
Ethiopia,Mauritius,
Ethiopia,Mexico,
Ethiopia,Micronesia,
Ethiopia,Moldova,
Ethiopia,Monaco,
Ethiopia,Mongolia,
Ethiopia,Montenegro,
Ethiopia,Morocco,
Ethiopia,Mozambique,
Ethiopia,Myanmar,
Ethiopia,Namibia,
Ethiopia,Nauru,
Ethiopia,Nepal,
Ethiopia,Netherlands,
Ethiopia,New Zealand,
Ethiopia,Nicaragua,
Ethiopia,Niger,
Ethiopia,Nigeria,
Ethiopia,North Korea,
Ethiopia,North Macedonia,
Ethiopia,Norway,
Ethiopia,Oman,
Ethiopia,Pakistan,
Ethiopia,Palau,
Ethiopia,Palestine,
Ethiopia,Panama,
Ethiopia,Papua New Guinea,
Ethiopia,Paraguay,
Ethiopia,Peru,
Ethiopia,Philippines,
Ethiopia,Poland,
Ethiopia,Portugal,
Ethiopia,Qatar,
Ethiopia,Romania,
Ethiopia,Russia,
Ethiopia,Rwanda,
Ethiopia,Saint Kitts and Nevis,
Ethiopia,Saint Lucia,
Ethiopia,Samoa,
Ethiopia,San Marino,
Ethiopia,Sao Tome and Principe,
Ethiopia,Saudi Arabia,
Ethiopia,Senegal,
Ethiopia,Serbia,
Ethiopia,Seychelles,
Ethiopia,Sierra Leone,
Ethiopia,Singapore,
Ethiopia,Slovakia,
Ethiopia,Slovenia,
Ethiopia,Solomon Islands,
Ethiopia,Somalia,
Ethiopia,South Africa,
Ethiopia,South Korea,
Ethiopia,South Sudan,
Ethiopia,Spain,
Ethiopia,Sri Lanka,
Ethiopia,Saint Vincent and the Grenadines,
Ethiopia,Sudan,
Ethiopia,Suriname,
Ethiopia,Sweden,
Ethiopia,Switzerland,
Ethiopia,Syria,
Ethiopia,Taiwan,
Ethiopia,Tajikistan,
Ethiopia,Tanzania,
Ethiopia,Thailand,
Ethiopia,Timor-Leste,
Ethiopia,Togo,
Ethiopia,Tonga,
Ethiopia,Trinidad and Tobago,
Ethiopia,Tunisia,
Ethiopia,Turkmenistan,
Ethiopia,Tuvalu,
Ethiopia,Turkey,
Ethiopia,Uganda,
Ethiopia,Ukraine,
Ethiopia,United Arab Emirates,
Ethiopia,United Kingdom,
Ethiopia,United States,
Ethiopia,Uruguay,
Ethiopia,Uzbekistan,
Ethiopia,Vanuatu,
Ethiopia,Vatican,
Ethiopia,Venezuela,
Ethiopia,Vietnam,
Ethiopia,Yemen,
Ethiopia,Zambia,
Ethiopia,Zimbabwe,
Ethiopia,Afghanistan,
Fiji,Albania,
Fiji,Algeria,
Fiji,Andorra,
Fiji,Angola,
Fiji,Antigua and Barbuda,
Fiji,Argentina,
Fiji,Armenia,
Fiji,Australia,
Fiji,Austria,
Fiji,Azerbaijan,
Fiji,Bahamas,
Fiji,Bahrain,
Fiji,Bangladesh,
Fiji,Barbados,
Fiji,Belarus,
Fiji,Belgium,
Fiji,Belize,
Fiji,Benin,
Fiji,Bhutan,
Fiji,Bolivia,
Fiji,Bosnia and Herzegovina,
Fiji,Botswana,
Fiji,Brazil,
Fiji,Brunei,
Fiji,Bulgaria,
Fiji,Burkina Faso,
Fiji,Burundi,
Fiji,Cambodia,
Fiji,Cameroon,
Fiji,Canada,
Fiji,Cape Verde,
Fiji,Central African Republic,
Fiji,Chad,
Fiji,Chile,
Fiji,China,
Fiji,Colombia,
Fiji,Comoros,
Fiji,Congo,
Fiji,DR Congo,
Fiji,Costa Rica,
Fiji,Ivory Coast,
Fiji,Croatia,
Fiji,Cuba,
Fiji,Cyprus,
Fiji,Czech Republic,
Fiji,Denmark,
Fiji,Djibouti,
Fiji,Dominica,
Fiji,Dominican Republic,
Fiji,Ecuador,
Fiji,Egypt,
Fiji,El Salvador,
Fiji,Equatorial Guinea,
Fiji,Eritrea,
Fiji,Estonia,
Fiji,Swaziland,
Fiji,Ethiopia,
Fiji,Fiji,-1
Fiji,Finland,
Fiji,France,
Fiji,Gabon,
Fiji,Gambia,
Fiji,Georgia,
Fiji,Germany,
Fiji,Ghana,
Fiji,Greece,
Fiji,Grenada,
Fiji,Guatemala,
Fiji,Guinea,
Fiji,Guinea-Bissau,
Fiji,Guyana,
Fiji,Haiti,
Fiji,Honduras,
Fiji,Hong Kong,
Fiji,Hungary,
Fiji,Iceland,
Fiji,India,
Fiji,Indonesia,
Fiji,Iran,
Fiji,Iraq,
Fiji,Ireland,
Fiji,Israel,
Fiji,Italy,
Fiji,Jamaica,
Fiji,Japan,
Fiji,Jordan,
Fiji,Kazakhstan,
Fiji,Kenya,
Fiji,Kiribati,
Fiji,Kosovo,
Fiji,Kuwait,
Fiji,Kyrgyzstan,
Fiji,Laos,
Fiji,Latvia,
Fiji,Lebanon,
Fiji,Lesotho,
Fiji,Liberia,
Fiji,Libya,
Fiji,Liechtenstein,
Fiji,Lithuania,
Fiji,Luxembourg,
Fiji,Macao,
Fiji,Madagascar,
Fiji,Malawi,
Fiji,Malaysia,
Fiji,Maldives,
Fiji,Mali,
Fiji,Malta,
Fiji,Marshall Islands,
Fiji,Mauritania,
Fiji,Mauritius,
Fiji,Mexico,
Fiji,Micronesia,
Fiji,Moldova,
Fiji,Monaco,
Fiji,Mongolia,
Fiji,Montenegro,
Fiji,Morocco,
Fiji,Mozambique,
Fiji,Myanmar,
Fiji,Namibia,
Fiji,Nauru,
Fiji,Nepal,
Fiji,Netherlands,
Fiji,New Zealand,
Fiji,Nicaragua,
Fiji,Niger,
Fiji,Nigeria,
Fiji,North Korea,
Fiji,North Macedonia,
Fiji,Norway,
Fiji,Oman,
Fiji,Pakistan,
Fiji,Palau,
Fiji,Palestine,
Fiji,Panama,
Fiji,Papua New Guinea,
Fiji,Paraguay,
Fiji,Peru,
Fiji,Philippines,
Fiji,Poland,
Fiji,Portugal,
Fiji,Qatar,
Fiji,Romania,
Fiji,Russia,
Fiji,Rwanda,
Fiji,Saint Kitts and Nevis,
Fiji,Saint Lucia,
Fiji,Samoa,
Fiji,San Marino,
Fiji,Sao Tome and Principe,
Fiji,Saudi Arabia,
Fiji,Senegal,
Fiji,Serbia,
Fiji,Seychelles,
Fiji,Sierra Leone,
Fiji,Singapore,
Fiji,Slovakia,
Fiji,Slovenia,
Fiji,Solomon Islands,
Fiji,Somalia,
Fiji,South Africa,
Fiji,South Korea,
Fiji,South Sudan,
Fiji,Spain,
Fiji,Sri Lanka,
Fiji,Saint Vincent and the Grenadines,
Fiji,Sudan,
Fiji,Suriname,
Fiji,Sweden,
Fiji,Switzerland,
Fiji,Syria,
Fiji,Taiwan,
Fiji,Tajikistan,
Fiji,Tanzania,
Fiji,Thailand,
Fiji,Timor-Leste,
Fiji,Togo,
Fiji,Tonga,
Fiji,Trinidad and Tobago,
Fiji,Tunisia,
Fiji,Turkmenistan,
Fiji,Tuvalu,
Fiji,Turkey,
Fiji,Uganda,
Fiji,Ukraine,
Fiji,United Arab Emirates,
Fiji,United Kingdom,
Fiji,United States,
Fiji,Uruguay,
Fiji,Uzbekistan,
Fiji,Vanuatu,
Fiji,Vatican,
Fiji,Venezuela,
Fiji,Vietnam,
Fiji,Yemen,
Fiji,Zambia,
Fiji,Zimbabwe,
Fiji,Afghanistan,
Finland,Albania,
Finland,Algeria,
Finland,Andorra,
Finland,Angola,
Finland,Antigua and Barbuda,
Finland,Argentina,
Finland,Armenia,
Finland,Australia,
Finland,Austria,
Finland,Azerbaijan,
Finland,Bahamas,
Finland,Bahrain,
Finland,Bangladesh,
Finland,Barbados,
Finland,Belarus,
Finland,Belgium,
Finland,Belize,
Finland,Benin,
Finland,Bhutan,
Finland,Bolivia,
Finland,Bosnia and Herzegovina,
Finland,Botswana,
Finland,Brazil,
Finland,Brunei,
Finland,Bulgaria,
Finland,Burkina Faso,
Finland,Burundi,
Finland,Cambodia,
Finland,Cameroon,
Finland,Canada,
Finland,Cape Verde,
Finland,Central African Republic,
Finland,Chad,
Finland,Chile,
Finland,China,
Finland,Colombia,
Finland,Comoros,
Finland,Congo,
Finland,DR Congo,
Finland,Costa Rica,
Finland,Ivory Coast,
Finland,Croatia,
Finland,Cuba,
Finland,Cyprus,
Finland,Czech Republic,
Finland,Denmark,
Finland,Djibouti,
Finland,Dominica,
Finland,Dominican Republic,
Finland,Ecuador,
Finland,Egypt,
Finland,El Salvador,
Finland,Equatorial Guinea,
Finland,Eritrea,
Finland,Estonia,
Finland,Swaziland,
Finland,Ethiopia,
Finland,Fiji,
Finland,Finland,-1
Finland,France,
Finland,Gabon,
Finland,Gambia,
Finland,Georgia,
Finland,Germany,
Finland,Ghana,
Finland,Greece,
Finland,Grenada,
Finland,Guatemala,
Finland,Guinea,
Finland,Guinea-Bissau,
Finland,Guyana,
Finland,Haiti,
Finland,Honduras,
Finland,Hong Kong,
Finland,Hungary,
Finland,Iceland,
Finland,India,
Finland,Indonesia,
Finland,Iran,
Finland,Iraq,
Finland,Ireland,
Finland,Israel,
Finland,Italy,
Finland,Jamaica,
Finland,Japan,
Finland,Jordan,
Finland,Kazakhstan,
Finland,Kenya,
Finland,Kiribati,
Finland,Kosovo,
Finland,Kuwait,
Finland,Kyrgyzstan,
Finland,Laos,
Finland,Latvia,
Finland,Lebanon,
Finland,Lesotho,
Finland,Liberia,
Finland,Libya,
Finland,Liechtenstein,
Finland,Lithuania,
Finland,Luxembourg,
Finland,Macao,
Finland,Madagascar,
Finland,Malawi,
Finland,Malaysia,
Finland,Maldives,
Finland,Mali,
Finland,Malta,
Finland,Marshall Islands,
Finland,Mauritania,
Finland,Mauritius,
Finland,Mexico,
Finland,Micronesia,
Finland,Moldova,
Finland,Monaco,
Finland,Mongolia,
Finland,Montenegro,
Finland,Morocco,
Finland,Mozambique,
Finland,Myanmar,
Finland,Namibia,
Finland,Nauru,
Finland,Nepal,
Finland,Netherlands,
Finland,New Zealand,
Finland,Nicaragua,
Finland,Niger,
Finland,Nigeria,
Finland,North Korea,
Finland,North Macedonia,
Finland,Norway,
Finland,Oman,
Finland,Pakistan,
Finland,Palau,
Finland,Palestine,
Finland,Panama,
Finland,Papua New Guinea,
Finland,Paraguay,
Finland,Peru,
Finland,Philippines,
Finland,Poland,
Finland,Portugal,
Finland,Qatar,
Finland,Romania,
Finland,Russia,
Finland,Rwanda,
Finland,Saint Kitts and Nevis,
Finland,Saint Lucia,
Finland,Samoa,
Finland,San Marino,
Finland,Sao Tome and Principe,
Finland,Saudi Arabia,
Finland,Senegal,
Finland,Serbia,
Finland,Seychelles,
Finland,Sierra Leone,
Finland,Singapore,
Finland,Slovakia,
Finland,Slovenia,
Finland,Solomon Islands,
Finland,Somalia,
Finland,South Africa,
Finland,South Korea,
Finland,South Sudan,
Finland,Spain,
Finland,Sri Lanka,
Finland,Saint Vincent and the Grenadines,
Finland,Sudan,
Finland,Suriname,
Finland,Sweden,
Finland,Switzerland,
Finland,Syria,
Finland,Taiwan,
Finland,Tajikistan,
Finland,Tanzania,
Finland,Thailand,
Finland,Timor-Leste,
Finland,Togo,
Finland,Tonga,
Finland,Trinidad and Tobago,
Finland,Tunisia,
Finland,Turkmenistan,
Finland,Tuvalu,
Finland,Turkey,
Finland,Uganda,
Finland,Ukraine,
Finland,United Arab Emirates,
Finland,United Kingdom,
Finland,United States,
Finland,Uruguay,
Finland,Uzbekistan,
Finland,Vanuatu,
Finland,Vatican,
Finland,Venezuela,
Finland,Vietnam,
Finland,Yemen,
Finland,Zambia,
Finland,Zimbabwe,
Finland,Afghanistan,
France,Albania,
France,Algeria,
France,Andorra,
France,Angola,
France,Antigua and Barbuda,
France,Argentina,
France,Armenia,
France,Australia,
France,Austria,
France,Azerbaijan,
France,Bahamas,
France,Bahrain,
France,Bangladesh,
France,Barbados,
France,Belarus,
France,Belgium,
France,Belize,
France,Benin,
France,Bhutan,
France,Bolivia,
France,Bosnia and Herzegovina,
France,Botswana,
France,Brazil,
France,Brunei,
France,Bulgaria,
France,Burkina Faso,
France,Burundi,
France,Cambodia,
France,Cameroon,
France,Canada,
France,Cape Verde,
France,Central African Republic,
France,Chad,
France,Chile,
France,China,
France,Colombia,
France,Comoros,
France,Congo,
France,DR Congo,
France,Costa Rica,
France,Ivory Coast,
France,Croatia,
France,Cuba,
France,Cyprus,
France,Czech Republic,
France,Denmark,
France,Djibouti,
France,Dominica,
France,Dominican Republic,
France,Ecuador,
France,Egypt,
France,El Salvador,
France,Equatorial Guinea,
France,Eritrea,
France,Estonia,
France,Swaziland,
France,Ethiopia,
France,Fiji,
France,Finland,
France,France,-1
France,Gabon,
France,Gambia,
France,Georgia,
France,Germany,
France,Ghana,
France,Greece,
France,Grenada,
France,Guatemala,
France,Guinea,
France,Guinea-Bissau,
France,Guyana,
France,Haiti,
France,Honduras,
France,Hong Kong,
France,Hungary,
France,Iceland,
France,India,
France,Indonesia,
France,Iran,
France,Iraq,
France,Ireland,
France,Israel,
France,Italy,
France,Jamaica,
France,Japan,
France,Jordan,
France,Kazakhstan,
France,Kenya,
France,Kiribati,
France,Kosovo,
France,Kuwait,
France,Kyrgyzstan,
France,Laos,
France,Latvia,
France,Lebanon,
France,Lesotho,
France,Liberia,
France,Libya,
France,Liechtenstein,
France,Lithuania,
France,Luxembourg,
France,Macao,
France,Madagascar,
France,Malawi,
France,Malaysia,
France,Maldives,
France,Mali,
France,Malta,
France,Marshall Islands,
France,Mauritania,
France,Mauritius,
France,Mexico,
France,Micronesia,
France,Moldova,
France,Monaco,
France,Mongolia,
France,Montenegro,
France,Morocco,
France,Mozambique,
France,Myanmar,
France,Namibia,
France,Nauru,
France,Nepal,
France,Netherlands,
France,New Zealand,
France,Nicaragua,
France,Niger,
France,Nigeria,
France,North Korea,
France,North Macedonia,
France,Norway,
France,Oman,
France,Pakistan,
France,Palau,
France,Palestine,
France,Panama,
France,Papua New Guinea,
France,Paraguay,
France,Peru,
France,Philippines,
France,Poland,
France,Portugal,
France,Qatar,
France,Romania,
France,Russia,
France,Rwanda,
France,Saint Kitts and Nevis,
France,Saint Lucia,
France,Samoa,
France,San Marino,
France,Sao Tome and Principe,
France,Saudi Arabia,
France,Senegal,
France,Serbia,
France,Seychelles,
France,Sierra Leone,
France,Singapore,
France,Slovakia,
France,Slovenia,
France,Solomon Islands,
France,Somalia,
France,South Africa,
France,South Korea,
France,South Sudan,
France,Spain,
France,Sri Lanka,
France,Saint Vincent and the Grenadines,
France,Sudan,
France,Suriname,
France,Sweden,
France,Switzerland,
France,Syria,
France,Taiwan,
France,Tajikistan,
France,Tanzania,
France,Thailand,
France,Timor-Leste,
France,Togo,
France,Tonga,
France,Trinidad and Tobago,
France,Tunisia,
France,Turkmenistan,
France,Tuvalu,
France,Turkey,
France,Uganda,
France,Ukraine,
France,United Arab Emirates,
France,United Kingdom,
France,United States,
France,Uruguay,
France,Uzbekistan,
France,Vanuatu,
France,Vatican,
France,Venezuela,
France,Vietnam,
France,Yemen,
France,Zambia,
France,Zimbabwe,
France,Afghanistan,
Gabon,Albania,
Gabon,Algeria,
Gabon,Andorra,
Gabon,Angola,
Gabon,Antigua and Barbuda,
Gabon,Argentina,
Gabon,Armenia,
Gabon,Australia,
Gabon,Austria,
Gabon,Azerbaijan,
Gabon,Bahamas,
Gabon,Bahrain,
Gabon,Bangladesh,
Gabon,Barbados,
Gabon,Belarus,
Gabon,Belgium,
Gabon,Belize,
Gabon,Benin,
Gabon,Bhutan,
Gabon,Bolivia,
Gabon,Bosnia and Herzegovina,
Gabon,Botswana,
Gabon,Brazil,
Gabon,Brunei,
Gabon,Bulgaria,
Gabon,Burkina Faso,
Gabon,Burundi,
Gabon,Cambodia,
Gabon,Cameroon,
Gabon,Canada,
Gabon,Cape Verde,
Gabon,Central African Republic,
Gabon,Chad,
Gabon,Chile,
Gabon,China,
Gabon,Colombia,
Gabon,Comoros,
Gabon,Congo,
Gabon,DR Congo,
Gabon,Costa Rica,
Gabon,Ivory Coast,
Gabon,Croatia,
Gabon,Cuba,
Gabon,Cyprus,
Gabon,Czech Republic,
Gabon,Denmark,
Gabon,Djibouti,
Gabon,Dominica,
Gabon,Dominican Republic,
Gabon,Ecuador,
Gabon,Egypt,
Gabon,El Salvador,
Gabon,Equatorial Guinea,
Gabon,Eritrea,
Gabon,Estonia,
Gabon,Swaziland,
Gabon,Ethiopia,
Gabon,Fiji,
Gabon,Finland,
Gabon,France,
Gabon,Gabon,-1
Gabon,Gambia,
Gabon,Georgia,
Gabon,Germany,
Gabon,Ghana,
Gabon,Greece,
Gabon,Grenada,
Gabon,Guatemala,
Gabon,Guinea,
Gabon,Guinea-Bissau,
Gabon,Guyana,
Gabon,Haiti,
Gabon,Honduras,
Gabon,Hong Kong,
Gabon,Hungary,
Gabon,Iceland,
Gabon,India,
Gabon,Indonesia,
Gabon,Iran,
Gabon,Iraq,
Gabon,Ireland,
Gabon,Israel,
Gabon,Italy,
Gabon,Jamaica,
Gabon,Japan,
Gabon,Jordan,
Gabon,Kazakhstan,
Gabon,Kenya,
Gabon,Kiribati,
Gabon,Kosovo,
Gabon,Kuwait,
Gabon,Kyrgyzstan,
Gabon,Laos,
Gabon,Latvia,
Gabon,Lebanon,
Gabon,Lesotho,
Gabon,Liberia,
Gabon,Libya,
Gabon,Liechtenstein,
Gabon,Lithuania,
Gabon,Luxembourg,
Gabon,Macao,
Gabon,Madagascar,
Gabon,Malawi,
Gabon,Malaysia,
Gabon,Maldives,
Gabon,Mali,
Gabon,Malta,
Gabon,Marshall Islands,
Gabon,Mauritania,
Gabon,Mauritius,
Gabon,Mexico,
Gabon,Micronesia,
Gabon,Moldova,
Gabon,Monaco,
Gabon,Mongolia,
Gabon,Montenegro,
Gabon,Morocco,
Gabon,Mozambique,
Gabon,Myanmar,
Gabon,Namibia,
Gabon,Nauru,
Gabon,Nepal,
Gabon,Netherlands,
Gabon,New Zealand,
Gabon,Nicaragua,
Gabon,Niger,
Gabon,Nigeria,
Gabon,North Korea,
Gabon,North Macedonia,
Gabon,Norway,
Gabon,Oman,
Gabon,Pakistan,
Gabon,Palau,
Gabon,Palestine,
Gabon,Panama,
Gabon,Papua New Guinea,
Gabon,Paraguay,
Gabon,Peru,
Gabon,Philippines,
Gabon,Poland,
Gabon,Portugal,
Gabon,Qatar,
Gabon,Romania,
Gabon,Russia,
Gabon,Rwanda,
Gabon,Saint Kitts and Nevis,
Gabon,Saint Lucia,
Gabon,Samoa,
Gabon,San Marino,
Gabon,Sao Tome and Principe,
Gabon,Saudi Arabia,
Gabon,Senegal,
Gabon,Serbia,
Gabon,Seychelles,
Gabon,Sierra Leone,
Gabon,Singapore,
Gabon,Slovakia,
Gabon,Slovenia,
Gabon,Solomon Islands,
Gabon,Somalia,
Gabon,South Africa,
Gabon,South Korea,
Gabon,South Sudan,
Gabon,Spain,
Gabon,Sri Lanka,
Gabon,Saint Vincent and the Grenadines,
Gabon,Sudan,
Gabon,Suriname,
Gabon,Sweden,
Gabon,Switzerland,
Gabon,Syria,
Gabon,Taiwan,
Gabon,Tajikistan,
Gabon,Tanzania,
Gabon,Thailand,
Gabon,Timor-Leste,
Gabon,Togo,
Gabon,Tonga,
Gabon,Trinidad and Tobago,
Gabon,Tunisia,
Gabon,Turkmenistan,
Gabon,Tuvalu,
Gabon,Turkey,
Gabon,Uganda,
Gabon,Ukraine,
Gabon,United Arab Emirates,
Gabon,United Kingdom,
Gabon,United States,
Gabon,Uruguay,
Gabon,Uzbekistan,
Gabon,Vanuatu,
Gabon,Vatican,
Gabon,Venezuela,
Gabon,Vietnam,
Gabon,Yemen,
Gabon,Zambia,
Gabon,Zimbabwe,
Gabon,Afghanistan,
Gambia,Albania,
Gambia,Algeria,
Gambia,Andorra,
Gambia,Angola,
Gambia,Antigua and Barbuda,
Gambia,Argentina,
Gambia,Armenia,
Gambia,Australia,
Gambia,Austria,
Gambia,Azerbaijan,
Gambia,Bahamas,
Gambia,Bahrain,
Gambia,Bangladesh,
Gambia,Barbados,
Gambia,Belarus,
Gambia,Belgium,
Gambia,Belize,
Gambia,Benin,
Gambia,Bhutan,
Gambia,Bolivia,
Gambia,Bosnia and Herzegovina,
Gambia,Botswana,
Gambia,Brazil,
Gambia,Brunei,
Gambia,Bulgaria,
Gambia,Burkina Faso,
Gambia,Burundi,
Gambia,Cambodia,
Gambia,Cameroon,
Gambia,Canada,
Gambia,Cape Verde,
Gambia,Central African Republic,
Gambia,Chad,
Gambia,Chile,
Gambia,China,
Gambia,Colombia,
Gambia,Comoros,
Gambia,Congo,
Gambia,DR Congo,
Gambia,Costa Rica,
Gambia,Ivory Coast,
Gambia,Croatia,
Gambia,Cuba,
Gambia,Cyprus,
Gambia,Czech Republic,
Gambia,Denmark,
Gambia,Djibouti,
Gambia,Dominica,
Gambia,Dominican Republic,
Gambia,Ecuador,
Gambia,Egypt,
Gambia,El Salvador,
Gambia,Equatorial Guinea,
Gambia,Eritrea,
Gambia,Estonia,
Gambia,Swaziland,
Gambia,Ethiopia,
Gambia,Fiji,
Gambia,Finland,
Gambia,France,
Gambia,Gabon,
Gambia,Gambia,-1
Gambia,Georgia,
Gambia,Germany,
Gambia,Ghana,
Gambia,Greece,
Gambia,Grenada,
Gambia,Guatemala,
Gambia,Guinea,
Gambia,Guinea-Bissau,
Gambia,Guyana,
Gambia,Haiti,
Gambia,Honduras,
Gambia,Hong Kong,
Gambia,Hungary,
Gambia,Iceland,
Gambia,India,
Gambia,Indonesia,
Gambia,Iran,
Gambia,Iraq,
Gambia,Ireland,
Gambia,Israel,
Gambia,Italy,
Gambia,Jamaica,
Gambia,Japan,
Gambia,Jordan,
Gambia,Kazakhstan,
Gambia,Kenya,
Gambia,Kiribati,
Gambia,Kosovo,
Gambia,Kuwait,
Gambia,Kyrgyzstan,
Gambia,Laos,
Gambia,Latvia,
Gambia,Lebanon,
Gambia,Lesotho,
Gambia,Liberia,
Gambia,Libya,
Gambia,Liechtenstein,
Gambia,Lithuania,
Gambia,Luxembourg,
Gambia,Macao,
Gambia,Madagascar,
Gambia,Malawi,
Gambia,Malaysia,
Gambia,Maldives,
Gambia,Mali,
Gambia,Malta,
Gambia,Marshall Islands,
Gambia,Mauritania,
Gambia,Mauritius,
Gambia,Mexico,
Gambia,Micronesia,
Gambia,Moldova,
Gambia,Monaco,
Gambia,Mongolia,
Gambia,Montenegro,
Gambia,Morocco,
Gambia,Mozambique,
Gambia,Myanmar,
Gambia,Namibia,
Gambia,Nauru,
Gambia,Nepal,
Gambia,Netherlands,
Gambia,New Zealand,
Gambia,Nicaragua,
Gambia,Niger,
Gambia,Nigeria,
Gambia,North Korea,
Gambia,North Macedonia,
Gambia,Norway,
Gambia,Oman,
Gambia,Pakistan,
Gambia,Palau,
Gambia,Palestine,
Gambia,Panama,
Gambia,Papua New Guinea,
Gambia,Paraguay,
Gambia,Peru,
Gambia,Philippines,
Gambia,Poland,
Gambia,Portugal,
Gambia,Qatar,
Gambia,Romania,
Gambia,Russia,
Gambia,Rwanda,
Gambia,Saint Kitts and Nevis,
Gambia,Saint Lucia,
Gambia,Samoa,
Gambia,San Marino,
Gambia,Sao Tome and Principe,
Gambia,Saudi Arabia,
Gambia,Senegal,
Gambia,Serbia,
Gambia,Seychelles,
Gambia,Sierra Leone,
Gambia,Singapore,
Gambia,Slovakia,
Gambia,Slovenia,
Gambia,Solomon Islands,
Gambia,Somalia,
Gambia,South Africa,
Gambia,South Korea,
Gambia,South Sudan,
Gambia,Spain,
Gambia,Sri Lanka,
Gambia,Saint Vincent and the Grenadines,
Gambia,Sudan,
Gambia,Suriname,
Gambia,Sweden,
Gambia,Switzerland,
Gambia,Syria,
Gambia,Taiwan,
Gambia,Tajikistan,
Gambia,Tanzania,
Gambia,Thailand,
Gambia,Timor-Leste,
Gambia,Togo,
Gambia,Tonga,
Gambia,Trinidad and Tobago,
Gambia,Tunisia,
Gambia,Turkmenistan,
Gambia,Tuvalu,
Gambia,Turkey,
Gambia,Uganda,
Gambia,Ukraine,
Gambia,United Arab Emirates,
Gambia,United Kingdom,
Gambia,United States,
Gambia,Uruguay,
Gambia,Uzbekistan,
Gambia,Vanuatu,
Gambia,Vatican,
Gambia,Venezuela,
Gambia,Vietnam,
Gambia,Yemen,
Gambia,Zambia,
Gambia,Zimbabwe,
Gambia,Afghanistan,
Georgia,Albania,
Georgia,Algeria,
Georgia,Andorra,
Georgia,Angola,
Georgia,Antigua and Barbuda,
Georgia,Argentina,
Georgia,Armenia,
Georgia,Australia,
Georgia,Austria,
Georgia,Azerbaijan,
Georgia,Bahamas,
Georgia,Bahrain,
Georgia,Bangladesh,
Georgia,Barbados,
Georgia,Belarus,
Georgia,Belgium,
Georgia,Belize,
Georgia,Benin,
Georgia,Bhutan,
Georgia,Bolivia,
Georgia,Bosnia and Herzegovina,
Georgia,Botswana,
Georgia,Brazil,
Georgia,Brunei,
Georgia,Bulgaria,
Georgia,Burkina Faso,
Georgia,Burundi,
Georgia,Cambodia,
Georgia,Cameroon,
Georgia,Canada,
Georgia,Cape Verde,
Georgia,Central African Republic,
Georgia,Chad,
Georgia,Chile,
Georgia,China,
Georgia,Colombia,
Georgia,Comoros,
Georgia,Congo,
Georgia,DR Congo,
Georgia,Costa Rica,
Georgia,Ivory Coast,
Georgia,Croatia,
Georgia,Cuba,
Georgia,Cyprus,
Georgia,Czech Republic,
Georgia,Denmark,
Georgia,Djibouti,
Georgia,Dominica,
Georgia,Dominican Republic,
Georgia,Ecuador,
Georgia,Egypt,
Georgia,El Salvador,
Georgia,Equatorial Guinea,
Georgia,Eritrea,
Georgia,Estonia,
Georgia,Swaziland,
Georgia,Ethiopia,
Georgia,Fiji,
Georgia,Finland,
Georgia,France,
Georgia,Gabon,
Georgia,Gambia,
Georgia,Georgia,-1
Georgia,Germany,
Georgia,Ghana,
Georgia,Greece,
Georgia,Grenada,
Georgia,Guatemala,
Georgia,Guinea,
Georgia,Guinea-Bissau,
Georgia,Guyana,
Georgia,Haiti,
Georgia,Honduras,
Georgia,Hong Kong,
Georgia,Hungary,
Georgia,Iceland,
Georgia,India,
Georgia,Indonesia,
Georgia,Iran,
Georgia,Iraq,
Georgia,Ireland,
Georgia,Israel,
Georgia,Italy,
Georgia,Jamaica,
Georgia,Japan,
Georgia,Jordan,
Georgia,Kazakhstan,
Georgia,Kenya,
Georgia,Kiribati,
Georgia,Kosovo,
Georgia,Kuwait,
Georgia,Kyrgyzstan,
Georgia,Laos,
Georgia,Latvia,
Georgia,Lebanon,
Georgia,Lesotho,
Georgia,Liberia,
Georgia,Libya,
Georgia,Liechtenstein,
Georgia,Lithuania,
Georgia,Luxembourg,
Georgia,Macao,
Georgia,Madagascar,
Georgia,Malawi,
Georgia,Malaysia,
Georgia,Maldives,
Georgia,Mali,
Georgia,Malta,
Georgia,Marshall Islands,
Georgia,Mauritania,
Georgia,Mauritius,
Georgia,Mexico,
Georgia,Micronesia,
Georgia,Moldova,
Georgia,Monaco,
Georgia,Mongolia,
Georgia,Montenegro,
Georgia,Morocco,
Georgia,Mozambique,
Georgia,Myanmar,
Georgia,Namibia,
Georgia,Nauru,
Georgia,Nepal,
Georgia,Netherlands,
Georgia,New Zealand,
Georgia,Nicaragua,
Georgia,Niger,
Georgia,Nigeria,
Georgia,North Korea,
Georgia,North Macedonia,
Georgia,Norway,
Georgia,Oman,
Georgia,Pakistan,
Georgia,Palau,
Georgia,Palestine,
Georgia,Panama,
Georgia,Papua New Guinea,
Georgia,Paraguay,
Georgia,Peru,
Georgia,Philippines,
Georgia,Poland,
Georgia,Portugal,
Georgia,Qatar,
Georgia,Romania,
Georgia,Russia,
Georgia,Rwanda,
Georgia,Saint Kitts and Nevis,
Georgia,Saint Lucia,
Georgia,Samoa,
Georgia,San Marino,
Georgia,Sao Tome and Principe,
Georgia,Saudi Arabia,
Georgia,Senegal,
Georgia,Serbia,
Georgia,Seychelles,
Georgia,Sierra Leone,
Georgia,Singapore,
Georgia,Slovakia,
Georgia,Slovenia,
Georgia,Solomon Islands,
Georgia,Somalia,
Georgia,South Africa,
Georgia,South Korea,
Georgia,South Sudan,
Georgia,Spain,
Georgia,Sri Lanka,
Georgia,Saint Vincent and the Grenadines,
Georgia,Sudan,
Georgia,Suriname,
Georgia,Sweden,
Georgia,Switzerland,
Georgia,Syria,
Georgia,Taiwan,
Georgia,Tajikistan,
Georgia,Tanzania,
Georgia,Thailand,
Georgia,Timor-Leste,
Georgia,Togo,
Georgia,Tonga,
Georgia,Trinidad and Tobago,
Georgia,Tunisia,
Georgia,Turkmenistan,
Georgia,Tuvalu,
Georgia,Turkey,
Georgia,Uganda,
Georgia,Ukraine,
Georgia,United Arab Emirates,
Georgia,United Kingdom,
Georgia,United States,
Georgia,Uruguay,
Georgia,Uzbekistan,
Georgia,Vanuatu,
Georgia,Vatican,
Georgia,Venezuela,
Georgia,Vietnam,
Georgia,Yemen,
Georgia,Zambia,
Georgia,Zimbabwe,
Georgia,Afghanistan,
Germany,Albania,
Germany,Algeria,
Germany,Andorra,
Germany,Angola,
Germany,Antigua and Barbuda,
Germany,Argentina,
Germany,Armenia,
Germany,Australia,
Germany,Austria,
Germany,Azerbaijan,
Germany,Bahamas,
Germany,Bahrain,
Germany,Bangladesh,
Germany,Barbados,
Germany,Belarus,
Germany,Belgium,
Germany,Belize,
Germany,Benin,
Germany,Bhutan,
Germany,Bolivia,
Germany,Bosnia and Herzegovina,
Germany,Botswana,
Germany,Brazil,
Germany,Brunei,
Germany,Bulgaria,
Germany,Burkina Faso,
Germany,Burundi,
Germany,Cambodia,
Germany,Cameroon,
Germany,Canada,
Germany,Cape Verde,
Germany,Central African Republic,
Germany,Chad,
Germany,Chile,
Germany,China,
Germany,Colombia,
Germany,Comoros,
Germany,Congo,
Germany,DR Congo,
Germany,Costa Rica,
Germany,Ivory Coast,
Germany,Croatia,
Germany,Cuba,
Germany,Cyprus,
Germany,Czech Republic,
Germany,Denmark,
Germany,Djibouti,
Germany,Dominica,
Germany,Dominican Republic,
Germany,Ecuador,
Germany,Egypt,
Germany,El Salvador,
Germany,Equatorial Guinea,
Germany,Eritrea,
Germany,Estonia,
Germany,Swaziland,
Germany,Ethiopia,
Germany,Fiji,
Germany,Finland,
Germany,France,
Germany,Gabon,
Germany,Gambia,
Germany,Georgia,
Germany,Germany,-1
Germany,Ghana,
Germany,Greece,
Germany,Grenada,
Germany,Guatemala,
Germany,Guinea,
Germany,Guinea-Bissau,
Germany,Guyana,
Germany,Haiti,
Germany,Honduras,
Germany,Hong Kong,
Germany,Hungary,
Germany,Iceland,
Germany,India,
Germany,Indonesia,
Germany,Iran,
Germany,Iraq,
Germany,Ireland,
Germany,Israel,
Germany,Italy,
Germany,Jamaica,
Germany,Japan,
Germany,Jordan,
Germany,Kazakhstan,
Germany,Kenya,
Germany,Kiribati,
Germany,Kosovo,
Germany,Kuwait,
Germany,Kyrgyzstan,
Germany,Laos,
Germany,Latvia,
Germany,Lebanon,
Germany,Lesotho,
Germany,Liberia,
Germany,Libya,
Germany,Liechtenstein,
Germany,Lithuania,
Germany,Luxembourg,
Germany,Macao,
Germany,Madagascar,
Germany,Malawi,
Germany,Malaysia,
Germany,Maldives,
Germany,Mali,
Germany,Malta,
Germany,Marshall Islands,
Germany,Mauritania,
Germany,Mauritius,
Germany,Mexico,
Germany,Micronesia,
Germany,Moldova,
Germany,Monaco,
Germany,Mongolia,
Germany,Montenegro,
Germany,Morocco,
Germany,Mozambique,
Germany,Myanmar,
Germany,Namibia,
Germany,Nauru,
Germany,Nepal,
Germany,Netherlands,
Germany,New Zealand,
Germany,Nicaragua,
Germany,Niger,
Germany,Nigeria,
Germany,North Korea,
Germany,North Macedonia,
Germany,Norway,
Germany,Oman,
Germany,Pakistan,
Germany,Palau,
Germany,Palestine,
Germany,Panama,
Germany,Papua New Guinea,
Germany,Paraguay,
Germany,Peru,
Germany,Philippines,
Germany,Poland,
Germany,Portugal,
Germany,Qatar,
Germany,Romania,
Germany,Russia,
Germany,Rwanda,
Germany,Saint Kitts and Nevis,
Germany,Saint Lucia,
Germany,Samoa,
Germany,San Marino,
Germany,Sao Tome and Principe,
Germany,Saudi Arabia,
Germany,Senegal,
Germany,Serbia,
Germany,Seychelles,
Germany,Sierra Leone,
Germany,Singapore,
Germany,Slovakia,
Germany,Slovenia,
Germany,Solomon Islands,
Germany,Somalia,
Germany,South Africa,
Germany,South Korea,
Germany,South Sudan,
Germany,Spain,
Germany,Sri Lanka,
Germany,Saint Vincent and the Grenadines,
Germany,Sudan,
Germany,Suriname,
Germany,Sweden,
Germany,Switzerland,
Germany,Syria,
Germany,Taiwan,
Germany,Tajikistan,
Germany,Tanzania,
Germany,Thailand,
Germany,Timor-Leste,
Germany,Togo,
Germany,Tonga,
Germany,Trinidad and Tobago,
Germany,Tunisia,
Germany,Turkmenistan,
Germany,Tuvalu,
Germany,Turkey,
Germany,Uganda,
Germany,Ukraine,
Germany,United Arab Emirates,
Germany,United Kingdom,
Germany,United States,
Germany,Uruguay,
Germany,Uzbekistan,
Germany,Vanuatu,
Germany,Vatican,
Germany,Venezuela,
Germany,Vietnam,
Germany,Yemen,
Germany,Zambia,
Germany,Zimbabwe,
Germany,Afghanistan,
Ghana,Albania,
Ghana,Algeria,
Ghana,Andorra,
Ghana,Angola,
Ghana,Antigua and Barbuda,
Ghana,Argentina,
Ghana,Armenia,
Ghana,Australia,
Ghana,Austria,
Ghana,Azerbaijan,
Ghana,Bahamas,
Ghana,Bahrain,
Ghana,Bangladesh,
Ghana,Barbados,
Ghana,Belarus,
Ghana,Belgium,
Ghana,Belize,
Ghana,Benin,
Ghana,Bhutan,
Ghana,Bolivia,
Ghana,Bosnia and Herzegovina,
Ghana,Botswana,
Ghana,Brazil,
Ghana,Brunei,
Ghana,Bulgaria,
Ghana,Burkina Faso,
Ghana,Burundi,
Ghana,Cambodia,
Ghana,Cameroon,
Ghana,Canada,
Ghana,Cape Verde,
Ghana,Central African Republic,
Ghana,Chad,
Ghana,Chile,
Ghana,China,
Ghana,Colombia,
Ghana,Comoros,
Ghana,Congo,
Ghana,DR Congo,
Ghana,Costa Rica,
Ghana,Ivory Coast,
Ghana,Croatia,
Ghana,Cuba,
Ghana,Cyprus,
Ghana,Czech Republic,
Ghana,Denmark,
Ghana,Djibouti,
Ghana,Dominica,
Ghana,Dominican Republic,
Ghana,Ecuador,
Ghana,Egypt,
Ghana,El Salvador,
Ghana,Equatorial Guinea,
Ghana,Eritrea,
Ghana,Estonia,
Ghana,Swaziland,
Ghana,Ethiopia,
Ghana,Fiji,
Ghana,Finland,
Ghana,France,
Ghana,Gabon,
Ghana,Gambia,
Ghana,Georgia,
Ghana,Germany,
Ghana,Ghana,-1
Ghana,Greece,
Ghana,Grenada,
Ghana,Guatemala,
Ghana,Guinea,
Ghana,Guinea-Bissau,
Ghana,Guyana,
Ghana,Haiti,
Ghana,Honduras,
Ghana,Hong Kong,
Ghana,Hungary,
Ghana,Iceland,
Ghana,India,
Ghana,Indonesia,
Ghana,Iran,
Ghana,Iraq,
Ghana,Ireland,
Ghana,Israel,
Ghana,Italy,
Ghana,Jamaica,
Ghana,Japan,
Ghana,Jordan,
Ghana,Kazakhstan,
Ghana,Kenya,
Ghana,Kiribati,
Ghana,Kosovo,
Ghana,Kuwait,
Ghana,Kyrgyzstan,
Ghana,Laos,
Ghana,Latvia,
Ghana,Lebanon,
Ghana,Lesotho,
Ghana,Liberia,
Ghana,Libya,
Ghana,Liechtenstein,
Ghana,Lithuania,
Ghana,Luxembourg,
Ghana,Macao,
Ghana,Madagascar,
Ghana,Malawi,
Ghana,Malaysia,
Ghana,Maldives,
Ghana,Mali,
Ghana,Malta,
Ghana,Marshall Islands,
Ghana,Mauritania,
Ghana,Mauritius,
Ghana,Mexico,
Ghana,Micronesia,
Ghana,Moldova,
Ghana,Monaco,
Ghana,Mongolia,
Ghana,Montenegro,
Ghana,Morocco,
Ghana,Mozambique,
Ghana,Myanmar,
Ghana,Namibia,
Ghana,Nauru,
Ghana,Nepal,
Ghana,Netherlands,
Ghana,New Zealand,
Ghana,Nicaragua,
Ghana,Niger,
Ghana,Nigeria,
Ghana,North Korea,
Ghana,North Macedonia,
Ghana,Norway,
Ghana,Oman,
Ghana,Pakistan,
Ghana,Palau,
Ghana,Palestine,
Ghana,Panama,
Ghana,Papua New Guinea,
Ghana,Paraguay,
Ghana,Peru,
Ghana,Philippines,
Ghana,Poland,
Ghana,Portugal,
Ghana,Qatar,
Ghana,Romania,
Ghana,Russia,
Ghana,Rwanda,
Ghana,Saint Kitts and Nevis,
Ghana,Saint Lucia,
Ghana,Samoa,
Ghana,San Marino,
Ghana,Sao Tome and Principe,
Ghana,Saudi Arabia,
Ghana,Senegal,
Ghana,Serbia,
Ghana,Seychelles,
Ghana,Sierra Leone,
Ghana,Singapore,
Ghana,Slovakia,
Ghana,Slovenia,
Ghana,Solomon Islands,
Ghana,Somalia,
Ghana,South Africa,
Ghana,South Korea,
Ghana,South Sudan,
Ghana,Spain,
Ghana,Sri Lanka,
Ghana,Saint Vincent and the Grenadines,
Ghana,Sudan,
Ghana,Suriname,
Ghana,Sweden,
Ghana,Switzerland,
Ghana,Syria,
Ghana,Taiwan,
Ghana,Tajikistan,
Ghana,Tanzania,
Ghana,Thailand,
Ghana,Timor-Leste,
Ghana,Togo,
Ghana,Tonga,
Ghana,Trinidad and Tobago,
Ghana,Tunisia,
Ghana,Turkmenistan,
Ghana,Tuvalu,
Ghana,Turkey,
Ghana,Uganda,
Ghana,Ukraine,
Ghana,United Arab Emirates,
Ghana,United Kingdom,
Ghana,United States,
Ghana,Uruguay,
Ghana,Uzbekistan,
Ghana,Vanuatu,
Ghana,Vatican,
Ghana,Venezuela,
Ghana,Vietnam,
Ghana,Yemen,
Ghana,Zambia,
Ghana,Zimbabwe,
Ghana,Afghanistan,
Greece,Albania,
Greece,Algeria,
Greece,Andorra,
Greece,Angola,
Greece,Antigua and Barbuda,
Greece,Argentina,
Greece,Armenia,
Greece,Australia,
Greece,Austria,
Greece,Azerbaijan,
Greece,Bahamas,
Greece,Bahrain,
Greece,Bangladesh,
Greece,Barbados,
Greece,Belarus,
Greece,Belgium,
Greece,Belize,
Greece,Benin,
Greece,Bhutan,
Greece,Bolivia,
Greece,Bosnia and Herzegovina,
Greece,Botswana,
Greece,Brazil,
Greece,Brunei,
Greece,Bulgaria,
Greece,Burkina Faso,
Greece,Burundi,
Greece,Cambodia,
Greece,Cameroon,
Greece,Canada,
Greece,Cape Verde,
Greece,Central African Republic,
Greece,Chad,
Greece,Chile,
Greece,China,
Greece,Colombia,
Greece,Comoros,
Greece,Congo,
Greece,DR Congo,
Greece,Costa Rica,
Greece,Ivory Coast,
Greece,Croatia,
Greece,Cuba,
Greece,Cyprus,
Greece,Czech Republic,
Greece,Denmark,
Greece,Djibouti,
Greece,Dominica,
Greece,Dominican Republic,
Greece,Ecuador,
Greece,Egypt,
Greece,El Salvador,
Greece,Equatorial Guinea,
Greece,Eritrea,
Greece,Estonia,
Greece,Swaziland,
Greece,Ethiopia,
Greece,Fiji,
Greece,Finland,
Greece,France,
Greece,Gabon,
Greece,Gambia,
Greece,Georgia,
Greece,Germany,
Greece,Ghana,
Greece,Greece,-1
Greece,Grenada,
Greece,Guatemala,
Greece,Guinea,
Greece,Guinea-Bissau,
Greece,Guyana,
Greece,Haiti,
Greece,Honduras,
Greece,Hong Kong,
Greece,Hungary,
Greece,Iceland,
Greece,India,
Greece,Indonesia,
Greece,Iran,
Greece,Iraq,
Greece,Ireland,
Greece,Israel,
Greece,Italy,
Greece,Jamaica,
Greece,Japan,
Greece,Jordan,
Greece,Kazakhstan,
Greece,Kenya,
Greece,Kiribati,
Greece,Kosovo,
Greece,Kuwait,
Greece,Kyrgyzstan,
Greece,Laos,
Greece,Latvia,
Greece,Lebanon,
Greece,Lesotho,
Greece,Liberia,
Greece,Libya,
Greece,Liechtenstein,
Greece,Lithuania,
Greece,Luxembourg,
Greece,Macao,
Greece,Madagascar,
Greece,Malawi,
Greece,Malaysia,
Greece,Maldives,
Greece,Mali,
Greece,Malta,
Greece,Marshall Islands,
Greece,Mauritania,
Greece,Mauritius,
Greece,Mexico,
Greece,Micronesia,
Greece,Moldova,
Greece,Monaco,
Greece,Mongolia,
Greece,Montenegro,
Greece,Morocco,
Greece,Mozambique,
Greece,Myanmar,
Greece,Namibia,
Greece,Nauru,
Greece,Nepal,
Greece,Netherlands,
Greece,New Zealand,
Greece,Nicaragua,
Greece,Niger,
Greece,Nigeria,
Greece,North Korea,
Greece,North Macedonia,
Greece,Norway,
Greece,Oman,
Greece,Pakistan,
Greece,Palau,
Greece,Palestine,
Greece,Panama,
Greece,Papua New Guinea,
Greece,Paraguay,
Greece,Peru,
Greece,Philippines,
Greece,Poland,
Greece,Portugal,
Greece,Qatar,
Greece,Romania,
Greece,Russia,
Greece,Rwanda,
Greece,Saint Kitts and Nevis,
Greece,Saint Lucia,
Greece,Samoa,
Greece,San Marino,
Greece,Sao Tome and Principe,
Greece,Saudi Arabia,
Greece,Senegal,
Greece,Serbia,
Greece,Seychelles,
Greece,Sierra Leone,
Greece,Singapore,
Greece,Slovakia,
Greece,Slovenia,
Greece,Solomon Islands,
Greece,Somalia,
Greece,South Africa,
Greece,South Korea,
Greece,South Sudan,
Greece,Spain,
Greece,Sri Lanka,
Greece,Saint Vincent and the Grenadines,
Greece,Sudan,
Greece,Suriname,
Greece,Sweden,
Greece,Switzerland,
Greece,Syria,
Greece,Taiwan,
Greece,Tajikistan,
Greece,Tanzania,
Greece,Thailand,
Greece,Timor-Leste,
Greece,Togo,
Greece,Tonga,
Greece,Trinidad and Tobago,
Greece,Tunisia,
Greece,Turkmenistan,
Greece,Tuvalu,
Greece,Turkey,
Greece,Uganda,
Greece,Ukraine,
Greece,United Arab Emirates,
Greece,United Kingdom,
Greece,United States,
Greece,Uruguay,
Greece,Uzbekistan,
Greece,Vanuatu,
Greece,Vatican,
Greece,Venezuela,
Greece,Vietnam,
Greece,Yemen,
Greece,Zambia,
Greece,Zimbabwe,
Greece,Afghanistan,
Grenada,Albania,
Grenada,Algeria,
Grenada,Andorra,
Grenada,Angola,
Grenada,Antigua and Barbuda,
Grenada,Argentina,
Grenada,Armenia,
Grenada,Australia,
Grenada,Austria,
Grenada,Azerbaijan,
Grenada,Bahamas,
Grenada,Bahrain,
Grenada,Bangladesh,
Grenada,Barbados,
Grenada,Belarus,
Grenada,Belgium,
Grenada,Belize,
Grenada,Benin,
Grenada,Bhutan,
Grenada,Bolivia,
Grenada,Bosnia and Herzegovina,
Grenada,Botswana,
Grenada,Brazil,
Grenada,Brunei,
Grenada,Bulgaria,
Grenada,Burkina Faso,
Grenada,Burundi,
Grenada,Cambodia,
Grenada,Cameroon,
Grenada,Canada,
Grenada,Cape Verde,
Grenada,Central African Republic,
Grenada,Chad,
Grenada,Chile,
Grenada,China,
Grenada,Colombia,
Grenada,Comoros,
Grenada,Congo,
Grenada,DR Congo,
Grenada,Costa Rica,
Grenada,Ivory Coast,
Grenada,Croatia,
Grenada,Cuba,
Grenada,Cyprus,
Grenada,Czech Republic,
Grenada,Denmark,
Grenada,Djibouti,
Grenada,Dominica,
Grenada,Dominican Republic,
Grenada,Ecuador,
Grenada,Egypt,
Grenada,El Salvador,
Grenada,Equatorial Guinea,
Grenada,Eritrea,
Grenada,Estonia,
Grenada,Swaziland,
Grenada,Ethiopia,
Grenada,Fiji,
Grenada,Finland,
Grenada,France,
Grenada,Gabon,
Grenada,Gambia,
Grenada,Georgia,
Grenada,Germany,
Grenada,Ghana,
Grenada,Greece,
Grenada,Grenada,-1
Grenada,Guatemala,
Grenada,Guinea,
Grenada,Guinea-Bissau,
Grenada,Guyana,
Grenada,Haiti,
Grenada,Honduras,
Grenada,Hong Kong,
Grenada,Hungary,
Grenada,Iceland,
Grenada,India,
Grenada,Indonesia,
Grenada,Iran,
Grenada,Iraq,
Grenada,Ireland,
Grenada,Israel,
Grenada,Italy,
Grenada,Jamaica,
Grenada,Japan,
Grenada,Jordan,
Grenada,Kazakhstan,
Grenada,Kenya,
Grenada,Kiribati,
Grenada,Kosovo,
Grenada,Kuwait,
Grenada,Kyrgyzstan,
Grenada,Laos,
Grenada,Latvia,
Grenada,Lebanon,
Grenada,Lesotho,
Grenada,Liberia,
Grenada,Libya,
Grenada,Liechtenstein,
Grenada,Lithuania,
Grenada,Luxembourg,
Grenada,Macao,
Grenada,Madagascar,
Grenada,Malawi,
Grenada,Malaysia,
Grenada,Maldives,
Grenada,Mali,
Grenada,Malta,
Grenada,Marshall Islands,
Grenada,Mauritania,
Grenada,Mauritius,
Grenada,Mexico,
Grenada,Micronesia,
Grenada,Moldova,
Grenada,Monaco,
Grenada,Mongolia,
Grenada,Montenegro,
Grenada,Morocco,
Grenada,Mozambique,
Grenada,Myanmar,
Grenada,Namibia,
Grenada,Nauru,
Grenada,Nepal,
Grenada,Netherlands,
Grenada,New Zealand,
Grenada,Nicaragua,
Grenada,Niger,
Grenada,Nigeria,
Grenada,North Korea,
Grenada,North Macedonia,
Grenada,Norway,
Grenada,Oman,
Grenada,Pakistan,
Grenada,Palau,
Grenada,Palestine,
Grenada,Panama,
Grenada,Papua New Guinea,
Grenada,Paraguay,
Grenada,Peru,
Grenada,Philippines,
Grenada,Poland,
Grenada,Portugal,
Grenada,Qatar,
Grenada,Romania,
Grenada,Russia,
Grenada,Rwanda,
Grenada,Saint Kitts and Nevis,
Grenada,Saint Lucia,
Grenada,Samoa,
Grenada,San Marino,
Grenada,Sao Tome and Principe,
Grenada,Saudi Arabia,
Grenada,Senegal,
Grenada,Serbia,
Grenada,Seychelles,
Grenada,Sierra Leone,
Grenada,Singapore,
Grenada,Slovakia,
Grenada,Slovenia,
Grenada,Solomon Islands,
Grenada,Somalia,
Grenada,South Africa,
Grenada,South Korea,
Grenada,South Sudan,
Grenada,Spain,
Grenada,Sri Lanka,
Grenada,Saint Vincent and the Grenadines,
Grenada,Sudan,
Grenada,Suriname,
Grenada,Sweden,
Grenada,Switzerland,
Grenada,Syria,
Grenada,Taiwan,
Grenada,Tajikistan,
Grenada,Tanzania,
Grenada,Thailand,
Grenada,Timor-Leste,
Grenada,Togo,
Grenada,Tonga,
Grenada,Trinidad and Tobago,
Grenada,Tunisia,
Grenada,Turkmenistan,
Grenada,Tuvalu,
Grenada,Turkey,
Grenada,Uganda,
Grenada,Ukraine,
Grenada,United Arab Emirates,
Grenada,United Kingdom,
Grenada,United States,
Grenada,Uruguay,
Grenada,Uzbekistan,
Grenada,Vanuatu,
Grenada,Vatican,
Grenada,Venezuela,
Grenada,Vietnam,
Grenada,Yemen,
Grenada,Zambia,
Grenada,Zimbabwe,
Grenada,Afghanistan,
Guatemala,Albania,
Guatemala,Algeria,
Guatemala,Andorra,
Guatemala,Angola,
Guatemala,Antigua and Barbuda,
Guatemala,Argentina,
Guatemala,Armenia,
Guatemala,Australia,
Guatemala,Austria,
Guatemala,Azerbaijan,
Guatemala,Bahamas,
Guatemala,Bahrain,
Guatemala,Bangladesh,
Guatemala,Barbados,
Guatemala,Belarus,
Guatemala,Belgium,
Guatemala,Belize,
Guatemala,Benin,
Guatemala,Bhutan,
Guatemala,Bolivia,
Guatemala,Bosnia and Herzegovina,
Guatemala,Botswana,
Guatemala,Brazil,
Guatemala,Brunei,
Guatemala,Bulgaria,
Guatemala,Burkina Faso,
Guatemala,Burundi,
Guatemala,Cambodia,
Guatemala,Cameroon,
Guatemala,Canada,
Guatemala,Cape Verde,
Guatemala,Central African Republic,
Guatemala,Chad,
Guatemala,Chile,
Guatemala,China,
Guatemala,Colombia,
Guatemala,Comoros,
Guatemala,Congo,
Guatemala,DR Congo,
Guatemala,Costa Rica,
Guatemala,Ivory Coast,
Guatemala,Croatia,
Guatemala,Cuba,
Guatemala,Cyprus,
Guatemala,Czech Republic,
Guatemala,Denmark,
Guatemala,Djibouti,
Guatemala,Dominica,
Guatemala,Dominican Republic,
Guatemala,Ecuador,
Guatemala,Egypt,
Guatemala,El Salvador,
Guatemala,Equatorial Guinea,
Guatemala,Eritrea,
Guatemala,Estonia,
Guatemala,Swaziland,
Guatemala,Ethiopia,
Guatemala,Fiji,
Guatemala,Finland,
Guatemala,France,
Guatemala,Gabon,
Guatemala,Gambia,
Guatemala,Georgia,
Guatemala,Germany,
Guatemala,Ghana,
Guatemala,Greece,
Guatemala,Grenada,
Guatemala,Guatemala,-1
Guatemala,Guinea,
Guatemala,Guinea-Bissau,
Guatemala,Guyana,
Guatemala,Haiti,
Guatemala,Honduras,
Guatemala,Hong Kong,
Guatemala,Hungary,
Guatemala,Iceland,
Guatemala,India,
Guatemala,Indonesia,
Guatemala,Iran,
Guatemala,Iraq,
Guatemala,Ireland,
Guatemala,Israel,
Guatemala,Italy,
Guatemala,Jamaica,
Guatemala,Japan,
Guatemala,Jordan,
Guatemala,Kazakhstan,
Guatemala,Kenya,
Guatemala,Kiribati,
Guatemala,Kosovo,
Guatemala,Kuwait,
Guatemala,Kyrgyzstan,
Guatemala,Laos,
Guatemala,Latvia,
Guatemala,Lebanon,
Guatemala,Lesotho,
Guatemala,Liberia,
Guatemala,Libya,
Guatemala,Liechtenstein,
Guatemala,Lithuania,
Guatemala,Luxembourg,
Guatemala,Macao,
Guatemala,Madagascar,
Guatemala,Malawi,
Guatemala,Malaysia,
Guatemala,Maldives,
Guatemala,Mali,
Guatemala,Malta,
Guatemala,Marshall Islands,
Guatemala,Mauritania,
Guatemala,Mauritius,
Guatemala,Mexico,
Guatemala,Micronesia,
Guatemala,Moldova,
Guatemala,Monaco,
Guatemala,Mongolia,
Guatemala,Montenegro,
Guatemala,Morocco,
Guatemala,Mozambique,
Guatemala,Myanmar,
Guatemala,Namibia,
Guatemala,Nauru,
Guatemala,Nepal,
Guatemala,Netherlands,
Guatemala,New Zealand,
Guatemala,Nicaragua,
Guatemala,Niger,
Guatemala,Nigeria,
Guatemala,North Korea,
Guatemala,North Macedonia,
Guatemala,Norway,
Guatemala,Oman,
Guatemala,Pakistan,
Guatemala,Palau,
Guatemala,Palestine,
Guatemala,Panama,
Guatemala,Papua New Guinea,
Guatemala,Paraguay,
Guatemala,Peru,
Guatemala,Philippines,
Guatemala,Poland,
Guatemala,Portugal,
Guatemala,Qatar,
Guatemala,Romania,
Guatemala,Russia,
Guatemala,Rwanda,
Guatemala,Saint Kitts and Nevis,
Guatemala,Saint Lucia,
Guatemala,Samoa,
Guatemala,San Marino,
Guatemala,Sao Tome and Principe,
Guatemala,Saudi Arabia,
Guatemala,Senegal,
Guatemala,Serbia,
Guatemala,Seychelles,
Guatemala,Sierra Leone,
Guatemala,Singapore,
Guatemala,Slovakia,
Guatemala,Slovenia,
Guatemala,Solomon Islands,
Guatemala,Somalia,
Guatemala,South Africa,
Guatemala,South Korea,
Guatemala,South Sudan,
Guatemala,Spain,
Guatemala,Sri Lanka,
Guatemala,Saint Vincent and the Grenadines,
Guatemala,Sudan,
Guatemala,Suriname,
Guatemala,Sweden,
Guatemala,Switzerland,
Guatemala,Syria,
Guatemala,Taiwan,
Guatemala,Tajikistan,
Guatemala,Tanzania,
Guatemala,Thailand,
Guatemala,Timor-Leste,
Guatemala,Togo,
Guatemala,Tonga,
Guatemala,Trinidad and Tobago,
Guatemala,Tunisia,
Guatemala,Turkmenistan,
Guatemala,Tuvalu,
Guatemala,Turkey,
Guatemala,Uganda,
Guatemala,Ukraine,
Guatemala,United Arab Emirates,
Guatemala,United Kingdom,
Guatemala,United States,
Guatemala,Uruguay,
Guatemala,Uzbekistan,
Guatemala,Vanuatu,
Guatemala,Vatican,
Guatemala,Venezuela,
Guatemala,Vietnam,
Guatemala,Yemen,
Guatemala,Zambia,
Guatemala,Zimbabwe,
Guatemala,Afghanistan,
Guinea,Albania,
Guinea,Algeria,
Guinea,Andorra,
Guinea,Angola,
Guinea,Antigua and Barbuda,
Guinea,Argentina,
Guinea,Armenia,
Guinea,Australia,
Guinea,Austria,
Guinea,Azerbaijan,
Guinea,Bahamas,
Guinea,Bahrain,
Guinea,Bangladesh,
Guinea,Barbados,
Guinea,Belarus,
Guinea,Belgium,
Guinea,Belize,
Guinea,Benin,
Guinea,Bhutan,
Guinea,Bolivia,
Guinea,Bosnia and Herzegovina,
Guinea,Botswana,
Guinea,Brazil,
Guinea,Brunei,
Guinea,Bulgaria,
Guinea,Burkina Faso,
Guinea,Burundi,
Guinea,Cambodia,
Guinea,Cameroon,
Guinea,Canada,
Guinea,Cape Verde,
Guinea,Central African Republic,
Guinea,Chad,
Guinea,Chile,
Guinea,China,
Guinea,Colombia,
Guinea,Comoros,
Guinea,Congo,
Guinea,DR Congo,
Guinea,Costa Rica,
Guinea,Ivory Coast,
Guinea,Croatia,
Guinea,Cuba,
Guinea,Cyprus,
Guinea,Czech Republic,
Guinea,Denmark,
Guinea,Djibouti,
Guinea,Dominica,
Guinea,Dominican Republic,
Guinea,Ecuador,
Guinea,Egypt,
Guinea,El Salvador,
Guinea,Equatorial Guinea,
Guinea,Eritrea,
Guinea,Estonia,
Guinea,Swaziland,
Guinea,Ethiopia,
Guinea,Fiji,
Guinea,Finland,
Guinea,France,
Guinea,Gabon,
Guinea,Gambia,
Guinea,Georgia,
Guinea,Germany,
Guinea,Ghana,
Guinea,Greece,
Guinea,Grenada,
Guinea,Guatemala,
Guinea,Guinea,-1
Guinea,Guinea-Bissau,
Guinea,Guyana,
Guinea,Haiti,
Guinea,Honduras,
Guinea,Hong Kong,
Guinea,Hungary,
Guinea,Iceland,
Guinea,India,
Guinea,Indonesia,
Guinea,Iran,
Guinea,Iraq,
Guinea,Ireland,
Guinea,Israel,
Guinea,Italy,
Guinea,Jamaica,
Guinea,Japan,
Guinea,Jordan,
Guinea,Kazakhstan,
Guinea,Kenya,
Guinea,Kiribati,
Guinea,Kosovo,
Guinea,Kuwait,
Guinea,Kyrgyzstan,
Guinea,Laos,
Guinea,Latvia,
Guinea,Lebanon,
Guinea,Lesotho,
Guinea,Liberia,
Guinea,Libya,
Guinea,Liechtenstein,
Guinea,Lithuania,
Guinea,Luxembourg,
Guinea,Macao,
Guinea,Madagascar,
Guinea,Malawi,
Guinea,Malaysia,
Guinea,Maldives,
Guinea,Mali,
Guinea,Malta,
Guinea,Marshall Islands,
Guinea,Mauritania,
Guinea,Mauritius,
Guinea,Mexico,
Guinea,Micronesia,
Guinea,Moldova,
Guinea,Monaco,
Guinea,Mongolia,
Guinea,Montenegro,
Guinea,Morocco,
Guinea,Mozambique,
Guinea,Myanmar,
Guinea,Namibia,
Guinea,Nauru,
Guinea,Nepal,
Guinea,Netherlands,
Guinea,New Zealand,
Guinea,Nicaragua,
Guinea,Niger,
Guinea,Nigeria,
Guinea,North Korea,
Guinea,North Macedonia,
Guinea,Norway,
Guinea,Oman,
Guinea,Pakistan,
Guinea,Palau,
Guinea,Palestine,
Guinea,Panama,
Guinea,Papua New Guinea,
Guinea,Paraguay,
Guinea,Peru,
Guinea,Philippines,
Guinea,Poland,
Guinea,Portugal,
Guinea,Qatar,
Guinea,Romania,
Guinea,Russia,
Guinea,Rwanda,
Guinea,Saint Kitts and Nevis,
Guinea,Saint Lucia,
Guinea,Samoa,
Guinea,San Marino,
Guinea,Sao Tome and Principe,
Guinea,Saudi Arabia,
Guinea,Senegal,
Guinea,Serbia,
Guinea,Seychelles,
Guinea,Sierra Leone,
Guinea,Singapore,
Guinea,Slovakia,
Guinea,Slovenia,
Guinea,Solomon Islands,
Guinea,Somalia,
Guinea,South Africa,
Guinea,South Korea,
Guinea,South Sudan,
Guinea,Spain,
Guinea,Sri Lanka,
Guinea,Saint Vincent and the Grenadines,
Guinea,Sudan,
Guinea,Suriname,
Guinea,Sweden,
Guinea,Switzerland,
Guinea,Syria,
Guinea,Taiwan,
Guinea,Tajikistan,
Guinea,Tanzania,
Guinea,Thailand,
Guinea,Timor-Leste,
Guinea,Togo,
Guinea,Tonga,
Guinea,Trinidad and Tobago,
Guinea,Tunisia,
Guinea,Turkmenistan,
Guinea,Tuvalu,
Guinea,Turkey,
Guinea,Uganda,
Guinea,Ukraine,
Guinea,United Arab Emirates,
Guinea,United Kingdom,
Guinea,United States,
Guinea,Uruguay,
Guinea,Uzbekistan,
Guinea,Vanuatu,
Guinea,Vatican,
Guinea,Venezuela,
Guinea,Vietnam,
Guinea,Yemen,
Guinea,Zambia,
Guinea,Zimbabwe,
Guinea,Afghanistan,
Guinea-Bissau,Albania,
Guinea-Bissau,Algeria,
Guinea-Bissau,Andorra,
Guinea-Bissau,Angola,
Guinea-Bissau,Antigua and Barbuda,
Guinea-Bissau,Argentina,
Guinea-Bissau,Armenia,
Guinea-Bissau,Australia,
Guinea-Bissau,Austria,
Guinea-Bissau,Azerbaijan,
Guinea-Bissau,Bahamas,
Guinea-Bissau,Bahrain,
Guinea-Bissau,Bangladesh,
Guinea-Bissau,Barbados,
Guinea-Bissau,Belarus,
Guinea-Bissau,Belgium,
Guinea-Bissau,Belize,
Guinea-Bissau,Benin,
Guinea-Bissau,Bhutan,
Guinea-Bissau,Bolivia,
Guinea-Bissau,Bosnia and Herzegovina,
Guinea-Bissau,Botswana,
Guinea-Bissau,Brazil,
Guinea-Bissau,Brunei,
Guinea-Bissau,Bulgaria,
Guinea-Bissau,Burkina Faso,
Guinea-Bissau,Burundi,
Guinea-Bissau,Cambodia,
Guinea-Bissau,Cameroon,
Guinea-Bissau,Canada,
Guinea-Bissau,Cape Verde,
Guinea-Bissau,Central African Republic,
Guinea-Bissau,Chad,
Guinea-Bissau,Chile,
Guinea-Bissau,China,
Guinea-Bissau,Colombia,
Guinea-Bissau,Comoros,
Guinea-Bissau,Congo,
Guinea-Bissau,DR Congo,
Guinea-Bissau,Costa Rica,
Guinea-Bissau,Ivory Coast,
Guinea-Bissau,Croatia,
Guinea-Bissau,Cuba,
Guinea-Bissau,Cyprus,
Guinea-Bissau,Czech Republic,
Guinea-Bissau,Denmark,
Guinea-Bissau,Djibouti,
Guinea-Bissau,Dominica,
Guinea-Bissau,Dominican Republic,
Guinea-Bissau,Ecuador,
Guinea-Bissau,Egypt,
Guinea-Bissau,El Salvador,
Guinea-Bissau,Equatorial Guinea,
Guinea-Bissau,Eritrea,
Guinea-Bissau,Estonia,
Guinea-Bissau,Swaziland,
Guinea-Bissau,Ethiopia,
Guinea-Bissau,Fiji,
Guinea-Bissau,Finland,
Guinea-Bissau,France,
Guinea-Bissau,Gabon,
Guinea-Bissau,Gambia,
Guinea-Bissau,Georgia,
Guinea-Bissau,Germany,
Guinea-Bissau,Ghana,
Guinea-Bissau,Greece,
Guinea-Bissau,Grenada,
Guinea-Bissau,Guatemala,
Guinea-Bissau,Guinea,
Guinea-Bissau,Guinea-Bissau,-1
Guinea-Bissau,Guyana,
Guinea-Bissau,Haiti,
Guinea-Bissau,Honduras,
Guinea-Bissau,Hong Kong,
Guinea-Bissau,Hungary,
Guinea-Bissau,Iceland,
Guinea-Bissau,India,
Guinea-Bissau,Indonesia,
Guinea-Bissau,Iran,
Guinea-Bissau,Iraq,
Guinea-Bissau,Ireland,
Guinea-Bissau,Israel,
Guinea-Bissau,Italy,
Guinea-Bissau,Jamaica,
Guinea-Bissau,Japan,
Guinea-Bissau,Jordan,
Guinea-Bissau,Kazakhstan,
Guinea-Bissau,Kenya,
Guinea-Bissau,Kiribati,
Guinea-Bissau,Kosovo,
Guinea-Bissau,Kuwait,
Guinea-Bissau,Kyrgyzstan,
Guinea-Bissau,Laos,
Guinea-Bissau,Latvia,
Guinea-Bissau,Lebanon,
Guinea-Bissau,Lesotho,
Guinea-Bissau,Liberia,
Guinea-Bissau,Libya,
Guinea-Bissau,Liechtenstein,
Guinea-Bissau,Lithuania,
Guinea-Bissau,Luxembourg,
Guinea-Bissau,Macao,
Guinea-Bissau,Madagascar,
Guinea-Bissau,Malawi,
Guinea-Bissau,Malaysia,
Guinea-Bissau,Maldives,
Guinea-Bissau,Mali,
Guinea-Bissau,Malta,
Guinea-Bissau,Marshall Islands,
Guinea-Bissau,Mauritania,
Guinea-Bissau,Mauritius,
Guinea-Bissau,Mexico,
Guinea-Bissau,Micronesia,
Guinea-Bissau,Moldova,
Guinea-Bissau,Monaco,
Guinea-Bissau,Mongolia,
Guinea-Bissau,Montenegro,
Guinea-Bissau,Morocco,
Guinea-Bissau,Mozambique,
Guinea-Bissau,Myanmar,
Guinea-Bissau,Namibia,
Guinea-Bissau,Nauru,
Guinea-Bissau,Nepal,
Guinea-Bissau,Netherlands,
Guinea-Bissau,New Zealand,
Guinea-Bissau,Nicaragua,
Guinea-Bissau,Niger,
Guinea-Bissau,Nigeria,
Guinea-Bissau,North Korea,
Guinea-Bissau,North Macedonia,
Guinea-Bissau,Norway,
Guinea-Bissau,Oman,
Guinea-Bissau,Pakistan,
Guinea-Bissau,Palau,
Guinea-Bissau,Palestine,
Guinea-Bissau,Panama,
Guinea-Bissau,Papua New Guinea,
Guinea-Bissau,Paraguay,
Guinea-Bissau,Peru,
Guinea-Bissau,Philippines,
Guinea-Bissau,Poland,
Guinea-Bissau,Portugal,
Guinea-Bissau,Qatar,
Guinea-Bissau,Romania,
Guinea-Bissau,Russia,
Guinea-Bissau,Rwanda,
Guinea-Bissau,Saint Kitts and Nevis,
Guinea-Bissau,Saint Lucia,
Guinea-Bissau,Samoa,
Guinea-Bissau,San Marino,
Guinea-Bissau,Sao Tome and Principe,
Guinea-Bissau,Saudi Arabia,
Guinea-Bissau,Senegal,
Guinea-Bissau,Serbia,
Guinea-Bissau,Seychelles,
Guinea-Bissau,Sierra Leone,
Guinea-Bissau,Singapore,
Guinea-Bissau,Slovakia,
Guinea-Bissau,Slovenia,
Guinea-Bissau,Solomon Islands,
Guinea-Bissau,Somalia,
Guinea-Bissau,South Africa,
Guinea-Bissau,South Korea,
Guinea-Bissau,South Sudan,
Guinea-Bissau,Spain,
Guinea-Bissau,Sri Lanka,
Guinea-Bissau,Saint Vincent and the Grenadines,
Guinea-Bissau,Sudan,
Guinea-Bissau,Suriname,
Guinea-Bissau,Sweden,
Guinea-Bissau,Switzerland,
Guinea-Bissau,Syria,
Guinea-Bissau,Taiwan,
Guinea-Bissau,Tajikistan,
Guinea-Bissau,Tanzania,
Guinea-Bissau,Thailand,
Guinea-Bissau,Timor-Leste,
Guinea-Bissau,Togo,
Guinea-Bissau,Tonga,
Guinea-Bissau,Trinidad and Tobago,
Guinea-Bissau,Tunisia,
Guinea-Bissau,Turkmenistan,
Guinea-Bissau,Tuvalu,
Guinea-Bissau,Turkey,
Guinea-Bissau,Uganda,
Guinea-Bissau,Ukraine,
Guinea-Bissau,United Arab Emirates,
Guinea-Bissau,United Kingdom,
Guinea-Bissau,United States,
Guinea-Bissau,Uruguay,
Guinea-Bissau,Uzbekistan,
Guinea-Bissau,Vanuatu,
Guinea-Bissau,Vatican,
Guinea-Bissau,Venezuela,
Guinea-Bissau,Vietnam,
Guinea-Bissau,Yemen,
Guinea-Bissau,Zambia,
Guinea-Bissau,Zimbabwe,
Guinea-Bissau,Afghanistan,
Guyana,Albania,
Guyana,Algeria,
Guyana,Andorra,
Guyana,Angola,
Guyana,Antigua and Barbuda,
Guyana,Argentina,
Guyana,Armenia,
Guyana,Australia,
Guyana,Austria,
Guyana,Azerbaijan,
Guyana,Bahamas,
Guyana,Bahrain,
Guyana,Bangladesh,
Guyana,Barbados,
Guyana,Belarus,
Guyana,Belgium,
Guyana,Belize,
Guyana,Benin,
Guyana,Bhutan,
Guyana,Bolivia,
Guyana,Bosnia and Herzegovina,
Guyana,Botswana,
Guyana,Brazil,
Guyana,Brunei,
Guyana,Bulgaria,
Guyana,Burkina Faso,
Guyana,Burundi,
Guyana,Cambodia,
Guyana,Cameroon,
Guyana,Canada,
Guyana,Cape Verde,
Guyana,Central African Republic,
Guyana,Chad,
Guyana,Chile,
Guyana,China,
Guyana,Colombia,
Guyana,Comoros,
Guyana,Congo,
Guyana,DR Congo,
Guyana,Costa Rica,
Guyana,Ivory Coast,
Guyana,Croatia,
Guyana,Cuba,
Guyana,Cyprus,
Guyana,Czech Republic,
Guyana,Denmark,
Guyana,Djibouti,
Guyana,Dominica,
Guyana,Dominican Republic,
Guyana,Ecuador,
Guyana,Egypt,
Guyana,El Salvador,
Guyana,Equatorial Guinea,
Guyana,Eritrea,
Guyana,Estonia,
Guyana,Swaziland,
Guyana,Ethiopia,
Guyana,Fiji,
Guyana,Finland,
Guyana,France,
Guyana,Gabon,
Guyana,Gambia,
Guyana,Georgia,
Guyana,Germany,
Guyana,Ghana,
Guyana,Greece,
Guyana,Grenada,
Guyana,Guatemala,
Guyana,Guinea,
Guyana,Guinea-Bissau,
Guyana,Guyana,-1
Guyana,Haiti,
Guyana,Honduras,
Guyana,Hong Kong,
Guyana,Hungary,
Guyana,Iceland,
Guyana,India,
Guyana,Indonesia,
Guyana,Iran,
Guyana,Iraq,
Guyana,Ireland,
Guyana,Israel,
Guyana,Italy,
Guyana,Jamaica,
Guyana,Japan,
Guyana,Jordan,
Guyana,Kazakhstan,
Guyana,Kenya,
Guyana,Kiribati,
Guyana,Kosovo,
Guyana,Kuwait,
Guyana,Kyrgyzstan,
Guyana,Laos,
Guyana,Latvia,
Guyana,Lebanon,
Guyana,Lesotho,
Guyana,Liberia,
Guyana,Libya,
Guyana,Liechtenstein,
Guyana,Lithuania,
Guyana,Luxembourg,
Guyana,Macao,
Guyana,Madagascar,
Guyana,Malawi,
Guyana,Malaysia,
Guyana,Maldives,
Guyana,Mali,
Guyana,Malta,
Guyana,Marshall Islands,
Guyana,Mauritania,
Guyana,Mauritius,
Guyana,Mexico,
Guyana,Micronesia,
Guyana,Moldova,
Guyana,Monaco,
Guyana,Mongolia,
Guyana,Montenegro,
Guyana,Morocco,
Guyana,Mozambique,
Guyana,Myanmar,
Guyana,Namibia,
Guyana,Nauru,
Guyana,Nepal,
Guyana,Netherlands,
Guyana,New Zealand,
Guyana,Nicaragua,
Guyana,Niger,
Guyana,Nigeria,
Guyana,North Korea,
Guyana,North Macedonia,
Guyana,Norway,
Guyana,Oman,
Guyana,Pakistan,
Guyana,Palau,
Guyana,Palestine,
Guyana,Panama,
Guyana,Papua New Guinea,
Guyana,Paraguay,
Guyana,Peru,
Guyana,Philippines,
Guyana,Poland,
Guyana,Portugal,
Guyana,Qatar,
Guyana,Romania,
Guyana,Russia,
Guyana,Rwanda,
Guyana,Saint Kitts and Nevis,
Guyana,Saint Lucia,
Guyana,Samoa,
Guyana,San Marino,
Guyana,Sao Tome and Principe,
Guyana,Saudi Arabia,
Guyana,Senegal,
Guyana,Serbia,
Guyana,Seychelles,
Guyana,Sierra Leone,
Guyana,Singapore,
Guyana,Slovakia,
Guyana,Slovenia,
Guyana,Solomon Islands,
Guyana,Somalia,
Guyana,South Africa,
Guyana,South Korea,
Guyana,South Sudan,
Guyana,Spain,
Guyana,Sri Lanka,
Guyana,Saint Vincent and the Grenadines,
Guyana,Sudan,
Guyana,Suriname,
Guyana,Sweden,
Guyana,Switzerland,
Guyana,Syria,
Guyana,Taiwan,
Guyana,Tajikistan,
Guyana,Tanzania,
Guyana,Thailand,
Guyana,Timor-Leste,
Guyana,Togo,
Guyana,Tonga,
Guyana,Trinidad and Tobago,
Guyana,Tunisia,
Guyana,Turkmenistan,
Guyana,Tuvalu,
Guyana,Turkey,
Guyana,Uganda,
Guyana,Ukraine,
Guyana,United Arab Emirates,
Guyana,United Kingdom,
Guyana,United States,
Guyana,Uruguay,
Guyana,Uzbekistan,
Guyana,Vanuatu,
Guyana,Vatican,
Guyana,Venezuela,
Guyana,Vietnam,
Guyana,Yemen,
Guyana,Zambia,
Guyana,Zimbabwe,
Guyana,Afghanistan,
Haiti,Albania,
Haiti,Algeria,
Haiti,Andorra,
Haiti,Angola,
Haiti,Antigua and Barbuda,
Haiti,Argentina,
Haiti,Armenia,
Haiti,Australia,
Haiti,Austria,
Haiti,Azerbaijan,
Haiti,Bahamas,
Haiti,Bahrain,
Haiti,Bangladesh,
Haiti,Barbados,
Haiti,Belarus,
Haiti,Belgium,
Haiti,Belize,
Haiti,Benin,
Haiti,Bhutan,
Haiti,Bolivia,
Haiti,Bosnia and Herzegovina,
Haiti,Botswana,
Haiti,Brazil,
Haiti,Brunei,
Haiti,Bulgaria,
Haiti,Burkina Faso,
Haiti,Burundi,
Haiti,Cambodia,
Haiti,Cameroon,
Haiti,Canada,
Haiti,Cape Verde,
Haiti,Central African Republic,
Haiti,Chad,
Haiti,Chile,
Haiti,China,
Haiti,Colombia,
Haiti,Comoros,
Haiti,Congo,
Haiti,DR Congo,
Haiti,Costa Rica,
Haiti,Ivory Coast,
Haiti,Croatia,
Haiti,Cuba,
Haiti,Cyprus,
Haiti,Czech Republic,
Haiti,Denmark,
Haiti,Djibouti,
Haiti,Dominica,
Haiti,Dominican Republic,
Haiti,Ecuador,
Haiti,Egypt,
Haiti,El Salvador,
Haiti,Equatorial Guinea,
Haiti,Eritrea,
Haiti,Estonia,
Haiti,Swaziland,
Haiti,Ethiopia,
Haiti,Fiji,
Haiti,Finland,
Haiti,France,
Haiti,Gabon,
Haiti,Gambia,
Haiti,Georgia,
Haiti,Germany,
Haiti,Ghana,
Haiti,Greece,
Haiti,Grenada,
Haiti,Guatemala,
Haiti,Guinea,
Haiti,Guinea-Bissau,
Haiti,Guyana,
Haiti,Haiti,-1
Haiti,Honduras,
Haiti,Hong Kong,
Haiti,Hungary,
Haiti,Iceland,
Haiti,India,
Haiti,Indonesia,
Haiti,Iran,
Haiti,Iraq,
Haiti,Ireland,
Haiti,Israel,
Haiti,Italy,
Haiti,Jamaica,
Haiti,Japan,
Haiti,Jordan,
Haiti,Kazakhstan,
Haiti,Kenya,
Haiti,Kiribati,
Haiti,Kosovo,
Haiti,Kuwait,
Haiti,Kyrgyzstan,
Haiti,Laos,
Haiti,Latvia,
Haiti,Lebanon,
Haiti,Lesotho,
Haiti,Liberia,
Haiti,Libya,
Haiti,Liechtenstein,
Haiti,Lithuania,
Haiti,Luxembourg,
Haiti,Macao,
Haiti,Madagascar,
Haiti,Malawi,
Haiti,Malaysia,
Haiti,Maldives,
Haiti,Mali,
Haiti,Malta,
Haiti,Marshall Islands,
Haiti,Mauritania,
Haiti,Mauritius,
Haiti,Mexico,
Haiti,Micronesia,
Haiti,Moldova,
Haiti,Monaco,
Haiti,Mongolia,
Haiti,Montenegro,
Haiti,Morocco,
Haiti,Mozambique,
Haiti,Myanmar,
Haiti,Namibia,
Haiti,Nauru,
Haiti,Nepal,
Haiti,Netherlands,
Haiti,New Zealand,
Haiti,Nicaragua,
Haiti,Niger,
Haiti,Nigeria,
Haiti,North Korea,
Haiti,North Macedonia,
Haiti,Norway,
Haiti,Oman,
Haiti,Pakistan,
Haiti,Palau,
Haiti,Palestine,
Haiti,Panama,
Haiti,Papua New Guinea,
Haiti,Paraguay,
Haiti,Peru,
Haiti,Philippines,
Haiti,Poland,
Haiti,Portugal,
Haiti,Qatar,
Haiti,Romania,
Haiti,Russia,
Haiti,Rwanda,
Haiti,Saint Kitts and Nevis,
Haiti,Saint Lucia,
Haiti,Samoa,
Haiti,San Marino,
Haiti,Sao Tome and Principe,
Haiti,Saudi Arabia,
Haiti,Senegal,
Haiti,Serbia,
Haiti,Seychelles,
Haiti,Sierra Leone,
Haiti,Singapore,
Haiti,Slovakia,
Haiti,Slovenia,
Haiti,Solomon Islands,
Haiti,Somalia,
Haiti,South Africa,
Haiti,South Korea,
Haiti,South Sudan,
Haiti,Spain,
Haiti,Sri Lanka,
Haiti,Saint Vincent and the Grenadines,
Haiti,Sudan,
Haiti,Suriname,
Haiti,Sweden,
Haiti,Switzerland,
Haiti,Syria,
Haiti,Taiwan,
Haiti,Tajikistan,
Haiti,Tanzania,
Haiti,Thailand,
Haiti,Timor-Leste,
Haiti,Togo,
Haiti,Tonga,
Haiti,Trinidad and Tobago,
Haiti,Tunisia,
Haiti,Turkmenistan,
Haiti,Tuvalu,
Haiti,Turkey,
Haiti,Uganda,
Haiti,Ukraine,
Haiti,United Arab Emirates,
Haiti,United Kingdom,
Haiti,United States,
Haiti,Uruguay,
Haiti,Uzbekistan,
Haiti,Vanuatu,
Haiti,Vatican,
Haiti,Venezuela,
Haiti,Vietnam,
Haiti,Yemen,
Haiti,Zambia,
Haiti,Zimbabwe,
Haiti,Afghanistan,
Honduras,Albania,
Honduras,Algeria,
Honduras,Andorra,
Honduras,Angola,
Honduras,Antigua and Barbuda,
Honduras,Argentina,
Honduras,Armenia,
Honduras,Australia,
Honduras,Austria,
Honduras,Azerbaijan,
Honduras,Bahamas,
Honduras,Bahrain,
Honduras,Bangladesh,
Honduras,Barbados,
Honduras,Belarus,
Honduras,Belgium,
Honduras,Belize,
Honduras,Benin,
Honduras,Bhutan,
Honduras,Bolivia,
Honduras,Bosnia and Herzegovina,
Honduras,Botswana,
Honduras,Brazil,
Honduras,Brunei,
Honduras,Bulgaria,
Honduras,Burkina Faso,
Honduras,Burundi,
Honduras,Cambodia,
Honduras,Cameroon,
Honduras,Canada,
Honduras,Cape Verde,
Honduras,Central African Republic,
Honduras,Chad,
Honduras,Chile,
Honduras,China,
Honduras,Colombia,
Honduras,Comoros,
Honduras,Congo,
Honduras,DR Congo,
Honduras,Costa Rica,
Honduras,Ivory Coast,
Honduras,Croatia,
Honduras,Cuba,
Honduras,Cyprus,
Honduras,Czech Republic,
Honduras,Denmark,
Honduras,Djibouti,
Honduras,Dominica,
Honduras,Dominican Republic,
Honduras,Ecuador,
Honduras,Egypt,
Honduras,El Salvador,
Honduras,Equatorial Guinea,
Honduras,Eritrea,
Honduras,Estonia,
Honduras,Swaziland,
Honduras,Ethiopia,
Honduras,Fiji,
Honduras,Finland,
Honduras,France,
Honduras,Gabon,
Honduras,Gambia,
Honduras,Georgia,
Honduras,Germany,
Honduras,Ghana,
Honduras,Greece,
Honduras,Grenada,
Honduras,Guatemala,
Honduras,Guinea,
Honduras,Guinea-Bissau,
Honduras,Guyana,
Honduras,Haiti,
Honduras,Honduras,-1
Honduras,Hong Kong,
Honduras,Hungary,
Honduras,Iceland,
Honduras,India,
Honduras,Indonesia,
Honduras,Iran,
Honduras,Iraq,
Honduras,Ireland,
Honduras,Israel,
Honduras,Italy,
Honduras,Jamaica,
Honduras,Japan,
Honduras,Jordan,
Honduras,Kazakhstan,
Honduras,Kenya,
Honduras,Kiribati,
Honduras,Kosovo,
Honduras,Kuwait,
Honduras,Kyrgyzstan,
Honduras,Laos,
Honduras,Latvia,
Honduras,Lebanon,
Honduras,Lesotho,
Honduras,Liberia,
Honduras,Libya,
Honduras,Liechtenstein,
Honduras,Lithuania,
Honduras,Luxembourg,
Honduras,Macao,
Honduras,Madagascar,
Honduras,Malawi,
Honduras,Malaysia,
Honduras,Maldives,
Honduras,Mali,
Honduras,Malta,
Honduras,Marshall Islands,
Honduras,Mauritania,
Honduras,Mauritius,
Honduras,Mexico,
Honduras,Micronesia,
Honduras,Moldova,
Honduras,Monaco,
Honduras,Mongolia,
Honduras,Montenegro,
Honduras,Morocco,
Honduras,Mozambique,
Honduras,Myanmar,
Honduras,Namibia,
Honduras,Nauru,
Honduras,Nepal,
Honduras,Netherlands,
Honduras,New Zealand,
Honduras,Nicaragua,
Honduras,Niger,
Honduras,Nigeria,
Honduras,North Korea,
Honduras,North Macedonia,
Honduras,Norway,
Honduras,Oman,
Honduras,Pakistan,
Honduras,Palau,
Honduras,Palestine,
Honduras,Panama,
Honduras,Papua New Guinea,
Honduras,Paraguay,
Honduras,Peru,
Honduras,Philippines,
Honduras,Poland,
Honduras,Portugal,
Honduras,Qatar,
Honduras,Romania,
Honduras,Russia,
Honduras,Rwanda,
Honduras,Saint Kitts and Nevis,
Honduras,Saint Lucia,
Honduras,Samoa,
Honduras,San Marino,
Honduras,Sao Tome and Principe,
Honduras,Saudi Arabia,
Honduras,Senegal,
Honduras,Serbia,
Honduras,Seychelles,
Honduras,Sierra Leone,
Honduras,Singapore,
Honduras,Slovakia,
Honduras,Slovenia,
Honduras,Solomon Islands,
Honduras,Somalia,
Honduras,South Africa,
Honduras,South Korea,
Honduras,South Sudan,
Honduras,Spain,
Honduras,Sri Lanka,
Honduras,Saint Vincent and the Grenadines,
Honduras,Sudan,
Honduras,Suriname,
Honduras,Sweden,
Honduras,Switzerland,
Honduras,Syria,
Honduras,Taiwan,
Honduras,Tajikistan,
Honduras,Tanzania,
Honduras,Thailand,
Honduras,Timor-Leste,
Honduras,Togo,
Honduras,Tonga,
Honduras,Trinidad and Tobago,
Honduras,Tunisia,
Honduras,Turkmenistan,
Honduras,Tuvalu,
Honduras,Turkey,
Honduras,Uganda,
Honduras,Ukraine,
Honduras,United Arab Emirates,
Honduras,United Kingdom,
Honduras,United States,
Honduras,Uruguay,
Honduras,Uzbekistan,
Honduras,Vanuatu,
Honduras,Vatican,
Honduras,Venezuela,
Honduras,Vietnam,
Honduras,Yemen,
Honduras,Zambia,
Honduras,Zimbabwe,
Honduras,Afghanistan,
Hong Kong,Albania,
Hong Kong,Algeria,
Hong Kong,Andorra,
Hong Kong,Angola,
Hong Kong,Antigua and Barbuda,
Hong Kong,Argentina,
Hong Kong,Armenia,
Hong Kong,Australia,
Hong Kong,Austria,
Hong Kong,Azerbaijan,
Hong Kong,Bahamas,
Hong Kong,Bahrain,
Hong Kong,Bangladesh,
Hong Kong,Barbados,
Hong Kong,Belarus,
Hong Kong,Belgium,
Hong Kong,Belize,
Hong Kong,Benin,
Hong Kong,Bhutan,
Hong Kong,Bolivia,
Hong Kong,Bosnia and Herzegovina,
Hong Kong,Botswana,
Hong Kong,Brazil,
Hong Kong,Brunei,
Hong Kong,Bulgaria,
Hong Kong,Burkina Faso,
Hong Kong,Burundi,
Hong Kong,Cambodia,
Hong Kong,Cameroon,
Hong Kong,Canada,
Hong Kong,Cape Verde,
Hong Kong,Central African Republic,
Hong Kong,Chad,
Hong Kong,Chile,
Hong Kong,China,
Hong Kong,Colombia,
Hong Kong,Comoros,
Hong Kong,Congo,
Hong Kong,DR Congo,
Hong Kong,Costa Rica,
Hong Kong,Ivory Coast,
Hong Kong,Croatia,
Hong Kong,Cuba,
Hong Kong,Cyprus,
Hong Kong,Czech Republic,
Hong Kong,Denmark,
Hong Kong,Djibouti,
Hong Kong,Dominica,
Hong Kong,Dominican Republic,
Hong Kong,Ecuador,
Hong Kong,Egypt,
Hong Kong,El Salvador,
Hong Kong,Equatorial Guinea,
Hong Kong,Eritrea,
Hong Kong,Estonia,
Hong Kong,Swaziland,
Hong Kong,Ethiopia,
Hong Kong,Fiji,
Hong Kong,Finland,
Hong Kong,France,
Hong Kong,Gabon,
Hong Kong,Gambia,
Hong Kong,Georgia,
Hong Kong,Germany,
Hong Kong,Ghana,
Hong Kong,Greece,
Hong Kong,Grenada,
Hong Kong,Guatemala,
Hong Kong,Guinea,
Hong Kong,Guinea-Bissau,
Hong Kong,Guyana,
Hong Kong,Haiti,
Hong Kong,Honduras,
Hong Kong,Hong Kong,-1
Hong Kong,Hungary,
Hong Kong,Iceland,
Hong Kong,India,
Hong Kong,Indonesia,
Hong Kong,Iran,
Hong Kong,Iraq,
Hong Kong,Ireland,
Hong Kong,Israel,
Hong Kong,Italy,
Hong Kong,Jamaica,
Hong Kong,Japan,
Hong Kong,Jordan,
Hong Kong,Kazakhstan,
Hong Kong,Kenya,
Hong Kong,Kiribati,
Hong Kong,Kosovo,
Hong Kong,Kuwait,
Hong Kong,Kyrgyzstan,
Hong Kong,Laos,
Hong Kong,Latvia,
Hong Kong,Lebanon,
Hong Kong,Lesotho,
Hong Kong,Liberia,
Hong Kong,Libya,
Hong Kong,Liechtenstein,
Hong Kong,Lithuania,
Hong Kong,Luxembourg,
Hong Kong,Macao,
Hong Kong,Madagascar,
Hong Kong,Malawi,
Hong Kong,Malaysia,
Hong Kong,Maldives,
Hong Kong,Mali,
Hong Kong,Malta,
Hong Kong,Marshall Islands,
Hong Kong,Mauritania,
Hong Kong,Mauritius,
Hong Kong,Mexico,
Hong Kong,Micronesia,
Hong Kong,Moldova,
Hong Kong,Monaco,
Hong Kong,Mongolia,
Hong Kong,Montenegro,
Hong Kong,Morocco,
Hong Kong,Mozambique,
Hong Kong,Myanmar,
Hong Kong,Namibia,
Hong Kong,Nauru,
Hong Kong,Nepal,
Hong Kong,Netherlands,
Hong Kong,New Zealand,
Hong Kong,Nicaragua,
Hong Kong,Niger,
Hong Kong,Nigeria,
Hong Kong,North Korea,
Hong Kong,North Macedonia,
Hong Kong,Norway,
Hong Kong,Oman,
Hong Kong,Pakistan,
Hong Kong,Palau,
Hong Kong,Palestine,
Hong Kong,Panama,
Hong Kong,Papua New Guinea,
Hong Kong,Paraguay,
Hong Kong,Peru,
Hong Kong,Philippines,
Hong Kong,Poland,
Hong Kong,Portugal,
Hong Kong,Qatar,
Hong Kong,Romania,
Hong Kong,Russia,
Hong Kong,Rwanda,
Hong Kong,Saint Kitts and Nevis,
Hong Kong,Saint Lucia,
Hong Kong,Samoa,
Hong Kong,San Marino,
Hong Kong,Sao Tome and Principe,
Hong Kong,Saudi Arabia,
Hong Kong,Senegal,
Hong Kong,Serbia,
Hong Kong,Seychelles,
Hong Kong,Sierra Leone,
Hong Kong,Singapore,
Hong Kong,Slovakia,
Hong Kong,Slovenia,
Hong Kong,Solomon Islands,
Hong Kong,Somalia,
Hong Kong,South Africa,
Hong Kong,South Korea,
Hong Kong,South Sudan,
Hong Kong,Spain,
Hong Kong,Sri Lanka,
Hong Kong,Saint Vincent and the Grenadines,
Hong Kong,Sudan,
Hong Kong,Suriname,
Hong Kong,Sweden,
Hong Kong,Switzerland,
Hong Kong,Syria,
Hong Kong,Taiwan,
Hong Kong,Tajikistan,
Hong Kong,Tanzania,
Hong Kong,Thailand,
Hong Kong,Timor-Leste,
Hong Kong,Togo,
Hong Kong,Tonga,
Hong Kong,Trinidad and Tobago,
Hong Kong,Tunisia,
Hong Kong,Turkmenistan,
Hong Kong,Tuvalu,
Hong Kong,Turkey,
Hong Kong,Uganda,
Hong Kong,Ukraine,
Hong Kong,United Arab Emirates,
Hong Kong,United Kingdom,
Hong Kong,United States,
Hong Kong,Uruguay,
Hong Kong,Uzbekistan,
Hong Kong,Vanuatu,
Hong Kong,Vatican,
Hong Kong,Venezuela,
Hong Kong,Vietnam,
Hong Kong,Yemen,
Hong Kong,Zambia,
Hong Kong,Zimbabwe,
Hong Kong,Afghanistan,
Hungary,Albania,
Hungary,Algeria,
Hungary,Andorra,
Hungary,Angola,
Hungary,Antigua and Barbuda,
Hungary,Argentina,
Hungary,Armenia,
Hungary,Australia,
Hungary,Austria,
Hungary,Azerbaijan,
Hungary,Bahamas,
Hungary,Bahrain,
Hungary,Bangladesh,
Hungary,Barbados,
Hungary,Belarus,
Hungary,Belgium,
Hungary,Belize,
Hungary,Benin,
Hungary,Bhutan,
Hungary,Bolivia,
Hungary,Bosnia and Herzegovina,
Hungary,Botswana,
Hungary,Brazil,
Hungary,Brunei,
Hungary,Bulgaria,
Hungary,Burkina Faso,
Hungary,Burundi,
Hungary,Cambodia,
Hungary,Cameroon,
Hungary,Canada,
Hungary,Cape Verde,
Hungary,Central African Republic,
Hungary,Chad,
Hungary,Chile,
Hungary,China,
Hungary,Colombia,
Hungary,Comoros,
Hungary,Congo,
Hungary,DR Congo,
Hungary,Costa Rica,
Hungary,Ivory Coast,
Hungary,Croatia,
Hungary,Cuba,
Hungary,Cyprus,
Hungary,Czech Republic,
Hungary,Denmark,
Hungary,Djibouti,
Hungary,Dominica,
Hungary,Dominican Republic,
Hungary,Ecuador,
Hungary,Egypt,
Hungary,El Salvador,
Hungary,Equatorial Guinea,
Hungary,Eritrea,
Hungary,Estonia,
Hungary,Swaziland,
Hungary,Ethiopia,
Hungary,Fiji,
Hungary,Finland,
Hungary,France,
Hungary,Gabon,
Hungary,Gambia,
Hungary,Georgia,
Hungary,Germany,
Hungary,Ghana,
Hungary,Greece,
Hungary,Grenada,
Hungary,Guatemala,
Hungary,Guinea,
Hungary,Guinea-Bissau,
Hungary,Guyana,
Hungary,Haiti,
Hungary,Honduras,
Hungary,Hong Kong,
Hungary,Hungary,-1
Hungary,Iceland,
Hungary,India,
Hungary,Indonesia,
Hungary,Iran,
Hungary,Iraq,
Hungary,Ireland,
Hungary,Israel,
Hungary,Italy,
Hungary,Jamaica,
Hungary,Japan,
Hungary,Jordan,
Hungary,Kazakhstan,
Hungary,Kenya,
Hungary,Kiribati,
Hungary,Kosovo,
Hungary,Kuwait,
Hungary,Kyrgyzstan,
Hungary,Laos,
Hungary,Latvia,
Hungary,Lebanon,
Hungary,Lesotho,
Hungary,Liberia,
Hungary,Libya,
Hungary,Liechtenstein,
Hungary,Lithuania,
Hungary,Luxembourg,
Hungary,Macao,
Hungary,Madagascar,
Hungary,Malawi,
Hungary,Malaysia,
Hungary,Maldives,
Hungary,Mali,
Hungary,Malta,
Hungary,Marshall Islands,
Hungary,Mauritania,
Hungary,Mauritius,
Hungary,Mexico,
Hungary,Micronesia,
Hungary,Moldova,
Hungary,Monaco,
Hungary,Mongolia,
Hungary,Montenegro,
Hungary,Morocco,
Hungary,Mozambique,
Hungary,Myanmar,
Hungary,Namibia,
Hungary,Nauru,
Hungary,Nepal,
Hungary,Netherlands,
Hungary,New Zealand,
Hungary,Nicaragua,
Hungary,Niger,
Hungary,Nigeria,
Hungary,North Korea,
Hungary,North Macedonia,
Hungary,Norway,
Hungary,Oman,
Hungary,Pakistan,
Hungary,Palau,
Hungary,Palestine,
Hungary,Panama,
Hungary,Papua New Guinea,
Hungary,Paraguay,
Hungary,Peru,
Hungary,Philippines,
Hungary,Poland,
Hungary,Portugal,
Hungary,Qatar,
Hungary,Romania,
Hungary,Russia,
Hungary,Rwanda,
Hungary,Saint Kitts and Nevis,
Hungary,Saint Lucia,
Hungary,Samoa,
Hungary,San Marino,
Hungary,Sao Tome and Principe,
Hungary,Saudi Arabia,
Hungary,Senegal,
Hungary,Serbia,
Hungary,Seychelles,
Hungary,Sierra Leone,
Hungary,Singapore,
Hungary,Slovakia,
Hungary,Slovenia,
Hungary,Solomon Islands,
Hungary,Somalia,
Hungary,South Africa,
Hungary,South Korea,
Hungary,South Sudan,
Hungary,Spain,
Hungary,Sri Lanka,
Hungary,Saint Vincent and the Grenadines,
Hungary,Sudan,
Hungary,Suriname,
Hungary,Sweden,
Hungary,Switzerland,
Hungary,Syria,
Hungary,Taiwan,
Hungary,Tajikistan,
Hungary,Tanzania,
Hungary,Thailand,
Hungary,Timor-Leste,
Hungary,Togo,
Hungary,Tonga,
Hungary,Trinidad and Tobago,
Hungary,Tunisia,
Hungary,Turkmenistan,
Hungary,Tuvalu,
Hungary,Turkey,
Hungary,Uganda,
Hungary,Ukraine,
Hungary,United Arab Emirates,
Hungary,United Kingdom,
Hungary,United States,
Hungary,Uruguay,
Hungary,Uzbekistan,
Hungary,Vanuatu,
Hungary,Vatican,
Hungary,Venezuela,
Hungary,Vietnam,
Hungary,Yemen,
Hungary,Zambia,
Hungary,Zimbabwe,
Hungary,Afghanistan,
Iceland,Albania,
Iceland,Algeria,
Iceland,Andorra,
Iceland,Angola,
Iceland,Antigua and Barbuda,
Iceland,Argentina,
Iceland,Armenia,
Iceland,Australia,
Iceland,Austria,
Iceland,Azerbaijan,
Iceland,Bahamas,
Iceland,Bahrain,
Iceland,Bangladesh,
Iceland,Barbados,
Iceland,Belarus,
Iceland,Belgium,
Iceland,Belize,
Iceland,Benin,
Iceland,Bhutan,
Iceland,Bolivia,
Iceland,Bosnia and Herzegovina,
Iceland,Botswana,
Iceland,Brazil,
Iceland,Brunei,
Iceland,Bulgaria,
Iceland,Burkina Faso,
Iceland,Burundi,
Iceland,Cambodia,
Iceland,Cameroon,
Iceland,Canada,
Iceland,Cape Verde,
Iceland,Central African Republic,
Iceland,Chad,
Iceland,Chile,
Iceland,China,
Iceland,Colombia,
Iceland,Comoros,
Iceland,Congo,
Iceland,DR Congo,
Iceland,Costa Rica,
Iceland,Ivory Coast,
Iceland,Croatia,
Iceland,Cuba,
Iceland,Cyprus,
Iceland,Czech Republic,
Iceland,Denmark,
Iceland,Djibouti,
Iceland,Dominica,
Iceland,Dominican Republic,
Iceland,Ecuador,
Iceland,Egypt,
Iceland,El Salvador,
Iceland,Equatorial Guinea,
Iceland,Eritrea,
Iceland,Estonia,
Iceland,Swaziland,
Iceland,Ethiopia,
Iceland,Fiji,
Iceland,Finland,
Iceland,France,
Iceland,Gabon,
Iceland,Gambia,
Iceland,Georgia,
Iceland,Germany,
Iceland,Ghana,
Iceland,Greece,
Iceland,Grenada,
Iceland,Guatemala,
Iceland,Guinea,
Iceland,Guinea-Bissau,
Iceland,Guyana,
Iceland,Haiti,
Iceland,Honduras,
Iceland,Hong Kong,
Iceland,Hungary,
Iceland,Iceland,-1
Iceland,India,
Iceland,Indonesia,
Iceland,Iran,
Iceland,Iraq,
Iceland,Ireland,
Iceland,Israel,
Iceland,Italy,
Iceland,Jamaica,
Iceland,Japan,
Iceland,Jordan,
Iceland,Kazakhstan,
Iceland,Kenya,
Iceland,Kiribati,
Iceland,Kosovo,
Iceland,Kuwait,
Iceland,Kyrgyzstan,
Iceland,Laos,
Iceland,Latvia,
Iceland,Lebanon,
Iceland,Lesotho,
Iceland,Liberia,
Iceland,Libya,
Iceland,Liechtenstein,
Iceland,Lithuania,
Iceland,Luxembourg,
Iceland,Macao,
Iceland,Madagascar,
Iceland,Malawi,
Iceland,Malaysia,
Iceland,Maldives,
Iceland,Mali,
Iceland,Malta,
Iceland,Marshall Islands,
Iceland,Mauritania,
Iceland,Mauritius,
Iceland,Mexico,
Iceland,Micronesia,
Iceland,Moldova,
Iceland,Monaco,
Iceland,Mongolia,
Iceland,Montenegro,
Iceland,Morocco,
Iceland,Mozambique,
Iceland,Myanmar,
Iceland,Namibia,
Iceland,Nauru,
Iceland,Nepal,
Iceland,Netherlands,
Iceland,New Zealand,
Iceland,Nicaragua,
Iceland,Niger,
Iceland,Nigeria,
Iceland,North Korea,
Iceland,North Macedonia,
Iceland,Norway,
Iceland,Oman,
Iceland,Pakistan,
Iceland,Palau,
Iceland,Palestine,
Iceland,Panama,
Iceland,Papua New Guinea,
Iceland,Paraguay,
Iceland,Peru,
Iceland,Philippines,
Iceland,Poland,
Iceland,Portugal,
Iceland,Qatar,
Iceland,Romania,
Iceland,Russia,
Iceland,Rwanda,
Iceland,Saint Kitts and Nevis,
Iceland,Saint Lucia,
Iceland,Samoa,
Iceland,San Marino,
Iceland,Sao Tome and Principe,
Iceland,Saudi Arabia,
Iceland,Senegal,
Iceland,Serbia,
Iceland,Seychelles,
Iceland,Sierra Leone,
Iceland,Singapore,
Iceland,Slovakia,
Iceland,Slovenia,
Iceland,Solomon Islands,
Iceland,Somalia,
Iceland,South Africa,
Iceland,South Korea,
Iceland,South Sudan,
Iceland,Spain,
Iceland,Sri Lanka,
Iceland,Saint Vincent and the Grenadines,
Iceland,Sudan,
Iceland,Suriname,
Iceland,Sweden,
Iceland,Switzerland,
Iceland,Syria,
Iceland,Taiwan,
Iceland,Tajikistan,
Iceland,Tanzania,
Iceland,Thailand,
Iceland,Timor-Leste,
Iceland,Togo,
Iceland,Tonga,
Iceland,Trinidad and Tobago,
Iceland,Tunisia,
Iceland,Turkmenistan,
Iceland,Tuvalu,
Iceland,Turkey,
Iceland,Uganda,
Iceland,Ukraine,
Iceland,United Arab Emirates,
Iceland,United Kingdom,
Iceland,United States,
Iceland,Uruguay,
Iceland,Uzbekistan,
Iceland,Vanuatu,
Iceland,Vatican,
Iceland,Venezuela,
Iceland,Vietnam,
Iceland,Yemen,
Iceland,Zambia,
Iceland,Zimbabwe,
Iceland,Afghanistan,
India,Albania,
India,Algeria,
India,Andorra,
India,Angola,
India,Antigua and Barbuda,
India,Argentina,
India,Armenia,
India,Australia,
India,Austria,
India,Azerbaijan,
India,Bahamas,
India,Bahrain,
India,Bangladesh,
India,Barbados,
India,Belarus,
India,Belgium,
India,Belize,
India,Benin,
India,Bhutan,
India,Bolivia,
India,Bosnia and Herzegovina,
India,Botswana,
India,Brazil,
India,Brunei,
India,Bulgaria,
India,Burkina Faso,
India,Burundi,
India,Cambodia,
India,Cameroon,
India,Canada,
India,Cape Verde,
India,Central African Republic,
India,Chad,
India,Chile,
India,China,
India,Colombia,
India,Comoros,
India,Congo,
India,DR Congo,
India,Costa Rica,
India,Ivory Coast,
India,Croatia,
India,Cuba,
India,Cyprus,
India,Czech Republic,
India,Denmark,
India,Djibouti,
India,Dominica,
India,Dominican Republic,
India,Ecuador,
India,Egypt,
India,El Salvador,
India,Equatorial Guinea,
India,Eritrea,
India,Estonia,
India,Swaziland,
India,Ethiopia,
India,Fiji,
India,Finland,
India,France,
India,Gabon,
India,Gambia,
India,Georgia,
India,Germany,
India,Ghana,
India,Greece,
India,Grenada,
India,Guatemala,
India,Guinea,
India,Guinea-Bissau,
India,Guyana,
India,Haiti,
India,Honduras,
India,Hong Kong,
India,Hungary,
India,Iceland,
India,India,-1
India,Indonesia,
India,Iran,
India,Iraq,
India,Ireland,
India,Israel,
India,Italy,
India,Jamaica,
India,Japan,
India,Jordan,
India,Kazakhstan,
India,Kenya,
India,Kiribati,
India,Kosovo,
India,Kuwait,
India,Kyrgyzstan,
India,Laos,
India,Latvia,
India,Lebanon,
India,Lesotho,
India,Liberia,
India,Libya,
India,Liechtenstein,
India,Lithuania,
India,Luxembourg,
India,Macao,
India,Madagascar,
India,Malawi,
India,Malaysia,
India,Maldives,
India,Mali,
India,Malta,
India,Marshall Islands,
India,Mauritania,
India,Mauritius,
India,Mexico,
India,Micronesia,
India,Moldova,
India,Monaco,
India,Mongolia,
India,Montenegro,
India,Morocco,
India,Mozambique,
India,Myanmar,
India,Namibia,
India,Nauru,
India,Nepal,
India,Netherlands,
India,New Zealand,
India,Nicaragua,
India,Niger,
India,Nigeria,
India,North Korea,
India,North Macedonia,
India,Norway,
India,Oman,
India,Pakistan,
India,Palau,
India,Palestine,
India,Panama,
India,Papua New Guinea,
India,Paraguay,
India,Peru,
India,Philippines,
India,Poland,
India,Portugal,
India,Qatar,
India,Romania,
India,Russia,
India,Rwanda,
India,Saint Kitts and Nevis,
India,Saint Lucia,
India,Samoa,
India,San Marino,
India,Sao Tome and Principe,
India,Saudi Arabia,
India,Senegal,
India,Serbia,
India,Seychelles,
India,Sierra Leone,
India,Singapore,
India,Slovakia,
India,Slovenia,
India,Solomon Islands,
India,Somalia,
India,South Africa,
India,South Korea,
India,South Sudan,
India,Spain,
India,Sri Lanka,
India,Saint Vincent and the Grenadines,
India,Sudan,
India,Suriname,
India,Sweden,
India,Switzerland,
India,Syria,
India,Taiwan,
India,Tajikistan,
India,Tanzania,
India,Thailand,
India,Timor-Leste,
India,Togo,
India,Tonga,
India,Trinidad and Tobago,
India,Tunisia,
India,Turkmenistan,
India,Tuvalu,
India,Turkey,
India,Uganda,
India,Ukraine,
India,United Arab Emirates,
India,United Kingdom,
India,United States,
India,Uruguay,
India,Uzbekistan,
India,Vanuatu,
India,Vatican,
India,Venezuela,
India,Vietnam,
India,Yemen,
India,Zambia,
India,Zimbabwe,
India,Afghanistan,
Indonesia,Albania,
Indonesia,Algeria,
Indonesia,Andorra,
Indonesia,Angola,
Indonesia,Antigua and Barbuda,
Indonesia,Argentina,
Indonesia,Armenia,
Indonesia,Australia,
Indonesia,Austria,
Indonesia,Azerbaijan,
Indonesia,Bahamas,
Indonesia,Bahrain,
Indonesia,Bangladesh,
Indonesia,Barbados,
Indonesia,Belarus,
Indonesia,Belgium,
Indonesia,Belize,
Indonesia,Benin,
Indonesia,Bhutan,
Indonesia,Bolivia,
Indonesia,Bosnia and Herzegovina,
Indonesia,Botswana,
Indonesia,Brazil,
Indonesia,Brunei,
Indonesia,Bulgaria,
Indonesia,Burkina Faso,
Indonesia,Burundi,
Indonesia,Cambodia,
Indonesia,Cameroon,
Indonesia,Canada,
Indonesia,Cape Verde,
Indonesia,Central African Republic,
Indonesia,Chad,
Indonesia,Chile,
Indonesia,China,
Indonesia,Colombia,
Indonesia,Comoros,
Indonesia,Congo,
Indonesia,DR Congo,
Indonesia,Costa Rica,
Indonesia,Ivory Coast,
Indonesia,Croatia,
Indonesia,Cuba,
Indonesia,Cyprus,
Indonesia,Czech Republic,
Indonesia,Denmark,
Indonesia,Djibouti,
Indonesia,Dominica,
Indonesia,Dominican Republic,
Indonesia,Ecuador,
Indonesia,Egypt,
Indonesia,El Salvador,
Indonesia,Equatorial Guinea,
Indonesia,Eritrea,
Indonesia,Estonia,
Indonesia,Swaziland,
Indonesia,Ethiopia,
Indonesia,Fiji,
Indonesia,Finland,
Indonesia,France,
Indonesia,Gabon,
Indonesia,Gambia,
Indonesia,Georgia,
Indonesia,Germany,
Indonesia,Ghana,
Indonesia,Greece,
Indonesia,Grenada,
Indonesia,Guatemala,
Indonesia,Guinea,
Indonesia,Guinea-Bissau,
Indonesia,Guyana,
Indonesia,Haiti,
Indonesia,Honduras,
Indonesia,Hong Kong,
Indonesia,Hungary,
Indonesia,Iceland,
Indonesia,India,
Indonesia,Indonesia,-1
Indonesia,Iran,
Indonesia,Iraq,
Indonesia,Ireland,
Indonesia,Israel,
Indonesia,Italy,
Indonesia,Jamaica,
Indonesia,Japan,
Indonesia,Jordan,
Indonesia,Kazakhstan,
Indonesia,Kenya,
Indonesia,Kiribati,
Indonesia,Kosovo,
Indonesia,Kuwait,
Indonesia,Kyrgyzstan,
Indonesia,Laos,
Indonesia,Latvia,
Indonesia,Lebanon,
Indonesia,Lesotho,
Indonesia,Liberia,
Indonesia,Libya,
Indonesia,Liechtenstein,
Indonesia,Lithuania,
Indonesia,Luxembourg,
Indonesia,Macao,
Indonesia,Madagascar,
Indonesia,Malawi,
Indonesia,Malaysia,
Indonesia,Maldives,
Indonesia,Mali,
Indonesia,Malta,
Indonesia,Marshall Islands,
Indonesia,Mauritania,
Indonesia,Mauritius,
Indonesia,Mexico,
Indonesia,Micronesia,
Indonesia,Moldova,
Indonesia,Monaco,
Indonesia,Mongolia,
Indonesia,Montenegro,
Indonesia,Morocco,
Indonesia,Mozambique,
Indonesia,Myanmar,
Indonesia,Namibia,
Indonesia,Nauru,
Indonesia,Nepal,
Indonesia,Netherlands,
Indonesia,New Zealand,
Indonesia,Nicaragua,
Indonesia,Niger,
Indonesia,Nigeria,
Indonesia,North Korea,
Indonesia,North Macedonia,
Indonesia,Norway,
Indonesia,Oman,
Indonesia,Pakistan,
Indonesia,Palau,
Indonesia,Palestine,
Indonesia,Panama,
Indonesia,Papua New Guinea,
Indonesia,Paraguay,
Indonesia,Peru,
Indonesia,Philippines,
Indonesia,Poland,
Indonesia,Portugal,
Indonesia,Qatar,
Indonesia,Romania,
Indonesia,Russia,
Indonesia,Rwanda,
Indonesia,Saint Kitts and Nevis,
Indonesia,Saint Lucia,
Indonesia,Samoa,
Indonesia,San Marino,
Indonesia,Sao Tome and Principe,
Indonesia,Saudi Arabia,
Indonesia,Senegal,
Indonesia,Serbia,
Indonesia,Seychelles,
Indonesia,Sierra Leone,
Indonesia,Singapore,
Indonesia,Slovakia,
Indonesia,Slovenia,
Indonesia,Solomon Islands,
Indonesia,Somalia,
Indonesia,South Africa,
Indonesia,South Korea,
Indonesia,South Sudan,
Indonesia,Spain,
Indonesia,Sri Lanka,
Indonesia,Saint Vincent and the Grenadines,
Indonesia,Sudan,
Indonesia,Suriname,
Indonesia,Sweden,
Indonesia,Switzerland,
Indonesia,Syria,
Indonesia,Taiwan,
Indonesia,Tajikistan,
Indonesia,Tanzania,
Indonesia,Thailand,
Indonesia,Timor-Leste,
Indonesia,Togo,
Indonesia,Tonga,
Indonesia,Trinidad and Tobago,
Indonesia,Tunisia,
Indonesia,Turkmenistan,
Indonesia,Tuvalu,
Indonesia,Turkey,
Indonesia,Uganda,
Indonesia,Ukraine,
Indonesia,United Arab Emirates,
Indonesia,United Kingdom,
Indonesia,United States,
Indonesia,Uruguay,
Indonesia,Uzbekistan,
Indonesia,Vanuatu,
Indonesia,Vatican,
Indonesia,Venezuela,
Indonesia,Vietnam,
Indonesia,Yemen,
Indonesia,Zambia,
Indonesia,Zimbabwe,
Indonesia,Afghanistan,
Iran,Albania,
Iran,Algeria,
Iran,Andorra,
Iran,Angola,
Iran,Antigua and Barbuda,
Iran,Argentina,
Iran,Armenia,
Iran,Australia,
Iran,Austria,
Iran,Azerbaijan,
Iran,Bahamas,
Iran,Bahrain,
Iran,Bangladesh,
Iran,Barbados,
Iran,Belarus,
Iran,Belgium,
Iran,Belize,
Iran,Benin,
Iran,Bhutan,
Iran,Bolivia,
Iran,Bosnia and Herzegovina,
Iran,Botswana,
Iran,Brazil,
Iran,Brunei,
Iran,Bulgaria,
Iran,Burkina Faso,
Iran,Burundi,
Iran,Cambodia,
Iran,Cameroon,
Iran,Canada,
Iran,Cape Verde,
Iran,Central African Republic,
Iran,Chad,
Iran,Chile,
Iran,China,
Iran,Colombia,
Iran,Comoros,
Iran,Congo,
Iran,DR Congo,
Iran,Costa Rica,
Iran,Ivory Coast,
Iran,Croatia,
Iran,Cuba,
Iran,Cyprus,
Iran,Czech Republic,
Iran,Denmark,
Iran,Djibouti,
Iran,Dominica,
Iran,Dominican Republic,
Iran,Ecuador,
Iran,Egypt,
Iran,El Salvador,
Iran,Equatorial Guinea,
Iran,Eritrea,
Iran,Estonia,
Iran,Swaziland,
Iran,Ethiopia,
Iran,Fiji,
Iran,Finland,
Iran,France,
Iran,Gabon,
Iran,Gambia,
Iran,Georgia,
Iran,Germany,
Iran,Ghana,
Iran,Greece,
Iran,Grenada,
Iran,Guatemala,
Iran,Guinea,
Iran,Guinea-Bissau,
Iran,Guyana,
Iran,Haiti,
Iran,Honduras,
Iran,Hong Kong,
Iran,Hungary,
Iran,Iceland,
Iran,India,
Iran,Indonesia,
Iran,Iran,-1
Iran,Iraq,
Iran,Ireland,
Iran,Israel,
Iran,Italy,
Iran,Jamaica,
Iran,Japan,
Iran,Jordan,
Iran,Kazakhstan,
Iran,Kenya,
Iran,Kiribati,
Iran,Kosovo,
Iran,Kuwait,
Iran,Kyrgyzstan,
Iran,Laos,
Iran,Latvia,
Iran,Lebanon,
Iran,Lesotho,
Iran,Liberia,
Iran,Libya,
Iran,Liechtenstein,
Iran,Lithuania,
Iran,Luxembourg,
Iran,Macao,
Iran,Madagascar,
Iran,Malawi,
Iran,Malaysia,
Iran,Maldives,
Iran,Mali,
Iran,Malta,
Iran,Marshall Islands,
Iran,Mauritania,
Iran,Mauritius,
Iran,Mexico,
Iran,Micronesia,
Iran,Moldova,
Iran,Monaco,
Iran,Mongolia,
Iran,Montenegro,
Iran,Morocco,
Iran,Mozambique,
Iran,Myanmar,
Iran,Namibia,
Iran,Nauru,
Iran,Nepal,
Iran,Netherlands,
Iran,New Zealand,
Iran,Nicaragua,
Iran,Niger,
Iran,Nigeria,
Iran,North Korea,
Iran,North Macedonia,
Iran,Norway,
Iran,Oman,
Iran,Pakistan,
Iran,Palau,
Iran,Palestine,
Iran,Panama,
Iran,Papua New Guinea,
Iran,Paraguay,
Iran,Peru,
Iran,Philippines,
Iran,Poland,
Iran,Portugal,
Iran,Qatar,
Iran,Romania,
Iran,Russia,
Iran,Rwanda,
Iran,Saint Kitts and Nevis,
Iran,Saint Lucia,
Iran,Samoa,
Iran,San Marino,
Iran,Sao Tome and Principe,
Iran,Saudi Arabia,
Iran,Senegal,
Iran,Serbia,
Iran,Seychelles,
Iran,Sierra Leone,
Iran,Singapore,
Iran,Slovakia,
Iran,Slovenia,
Iran,Solomon Islands,
Iran,Somalia,
Iran,South Africa,
Iran,South Korea,
Iran,South Sudan,
Iran,Spain,
Iran,Sri Lanka,
Iran,Saint Vincent and the Grenadines,
Iran,Sudan,
Iran,Suriname,
Iran,Sweden,
Iran,Switzerland,
Iran,Syria,
Iran,Taiwan,
Iran,Tajikistan,
Iran,Tanzania,
Iran,Thailand,
Iran,Timor-Leste,
Iran,Togo,
Iran,Tonga,
Iran,Trinidad and Tobago,
Iran,Tunisia,
Iran,Turkmenistan,
Iran,Tuvalu,
Iran,Turkey,
Iran,Uganda,
Iran,Ukraine,
Iran,United Arab Emirates,
Iran,United Kingdom,
Iran,United States,
Iran,Uruguay,
Iran,Uzbekistan,
Iran,Vanuatu,
Iran,Vatican,
Iran,Venezuela,
Iran,Vietnam,
Iran,Yemen,
Iran,Zambia,
Iran,Zimbabwe,
Iran,Afghanistan,
Iraq,Albania,
Iraq,Algeria,
Iraq,Andorra,
Iraq,Angola,
Iraq,Antigua and Barbuda,
Iraq,Argentina,
Iraq,Armenia,
Iraq,Australia,
Iraq,Austria,
Iraq,Azerbaijan,
Iraq,Bahamas,
Iraq,Bahrain,
Iraq,Bangladesh,
Iraq,Barbados,
Iraq,Belarus,
Iraq,Belgium,
Iraq,Belize,
Iraq,Benin,
Iraq,Bhutan,
Iraq,Bolivia,
Iraq,Bosnia and Herzegovina,
Iraq,Botswana,
Iraq,Brazil,
Iraq,Brunei,
Iraq,Bulgaria,
Iraq,Burkina Faso,
Iraq,Burundi,
Iraq,Cambodia,
Iraq,Cameroon,
Iraq,Canada,
Iraq,Cape Verde,
Iraq,Central African Republic,
Iraq,Chad,
Iraq,Chile,
Iraq,China,
Iraq,Colombia,
Iraq,Comoros,
Iraq,Congo,
Iraq,DR Congo,
Iraq,Costa Rica,
Iraq,Ivory Coast,
Iraq,Croatia,
Iraq,Cuba,
Iraq,Cyprus,
Iraq,Czech Republic,
Iraq,Denmark,
Iraq,Djibouti,
Iraq,Dominica,
Iraq,Dominican Republic,
Iraq,Ecuador,
Iraq,Egypt,
Iraq,El Salvador,
Iraq,Equatorial Guinea,
Iraq,Eritrea,
Iraq,Estonia,
Iraq,Swaziland,
Iraq,Ethiopia,
Iraq,Fiji,
Iraq,Finland,
Iraq,France,
Iraq,Gabon,
Iraq,Gambia,
Iraq,Georgia,
Iraq,Germany,
Iraq,Ghana,
Iraq,Greece,
Iraq,Grenada,
Iraq,Guatemala,
Iraq,Guinea,
Iraq,Guinea-Bissau,
Iraq,Guyana,
Iraq,Haiti,
Iraq,Honduras,
Iraq,Hong Kong,
Iraq,Hungary,
Iraq,Iceland,
Iraq,India,
Iraq,Indonesia,
Iraq,Iran,
Iraq,Iraq,-1
Iraq,Ireland,
Iraq,Israel,
Iraq,Italy,
Iraq,Jamaica,
Iraq,Japan,
Iraq,Jordan,
Iraq,Kazakhstan,
Iraq,Kenya,
Iraq,Kiribati,
Iraq,Kosovo,
Iraq,Kuwait,
Iraq,Kyrgyzstan,
Iraq,Laos,
Iraq,Latvia,
Iraq,Lebanon,
Iraq,Lesotho,
Iraq,Liberia,
Iraq,Libya,
Iraq,Liechtenstein,
Iraq,Lithuania,
Iraq,Luxembourg,
Iraq,Macao,
Iraq,Madagascar,
Iraq,Malawi,
Iraq,Malaysia,
Iraq,Maldives,
Iraq,Mali,
Iraq,Malta,
Iraq,Marshall Islands,
Iraq,Mauritania,
Iraq,Mauritius,
Iraq,Mexico,
Iraq,Micronesia,
Iraq,Moldova,
Iraq,Monaco,
Iraq,Mongolia,
Iraq,Montenegro,
Iraq,Morocco,
Iraq,Mozambique,
Iraq,Myanmar,
Iraq,Namibia,
Iraq,Nauru,
Iraq,Nepal,
Iraq,Netherlands,
Iraq,New Zealand,
Iraq,Nicaragua,
Iraq,Niger,
Iraq,Nigeria,
Iraq,North Korea,
Iraq,North Macedonia,
Iraq,Norway,
Iraq,Oman,
Iraq,Pakistan,
Iraq,Palau,
Iraq,Palestine,
Iraq,Panama,
Iraq,Papua New Guinea,
Iraq,Paraguay,
Iraq,Peru,
Iraq,Philippines,
Iraq,Poland,
Iraq,Portugal,
Iraq,Qatar,
Iraq,Romania,
Iraq,Russia,
Iraq,Rwanda,
Iraq,Saint Kitts and Nevis,
Iraq,Saint Lucia,
Iraq,Samoa,
Iraq,San Marino,
Iraq,Sao Tome and Principe,
Iraq,Saudi Arabia,
Iraq,Senegal,
Iraq,Serbia,
Iraq,Seychelles,
Iraq,Sierra Leone,
Iraq,Singapore,
Iraq,Slovakia,
Iraq,Slovenia,
Iraq,Solomon Islands,
Iraq,Somalia,
Iraq,South Africa,
Iraq,South Korea,
Iraq,South Sudan,
Iraq,Spain,
Iraq,Sri Lanka,
Iraq,Saint Vincent and the Grenadines,
Iraq,Sudan,
Iraq,Suriname,
Iraq,Sweden,
Iraq,Switzerland,
Iraq,Syria,
Iraq,Taiwan,
Iraq,Tajikistan,
Iraq,Tanzania,
Iraq,Thailand,
Iraq,Timor-Leste,
Iraq,Togo,
Iraq,Tonga,
Iraq,Trinidad and Tobago,
Iraq,Tunisia,
Iraq,Turkmenistan,
Iraq,Tuvalu,
Iraq,Turkey,
Iraq,Uganda,
Iraq,Ukraine,
Iraq,United Arab Emirates,
Iraq,United Kingdom,
Iraq,United States,
Iraq,Uruguay,
Iraq,Uzbekistan,
Iraq,Vanuatu,
Iraq,Vatican,
Iraq,Venezuela,
Iraq,Vietnam,
Iraq,Yemen,
Iraq,Zambia,
Iraq,Zimbabwe,
Iraq,Afghanistan,
Ireland,Albania,
Ireland,Algeria,
Ireland,Andorra,
Ireland,Angola,
Ireland,Antigua and Barbuda,
Ireland,Argentina,
Ireland,Armenia,
Ireland,Australia,
Ireland,Austria,
Ireland,Azerbaijan,
Ireland,Bahamas,
Ireland,Bahrain,
Ireland,Bangladesh,
Ireland,Barbados,
Ireland,Belarus,
Ireland,Belgium,
Ireland,Belize,
Ireland,Benin,
Ireland,Bhutan,
Ireland,Bolivia,
Ireland,Bosnia and Herzegovina,
Ireland,Botswana,
Ireland,Brazil,
Ireland,Brunei,
Ireland,Bulgaria,
Ireland,Burkina Faso,
Ireland,Burundi,
Ireland,Cambodia,
Ireland,Cameroon,
Ireland,Canada,
Ireland,Cape Verde,
Ireland,Central African Republic,
Ireland,Chad,
Ireland,Chile,
Ireland,China,
Ireland,Colombia,
Ireland,Comoros,
Ireland,Congo,
Ireland,DR Congo,
Ireland,Costa Rica,
Ireland,Ivory Coast,
Ireland,Croatia,
Ireland,Cuba,
Ireland,Cyprus,
Ireland,Czech Republic,
Ireland,Denmark,
Ireland,Djibouti,
Ireland,Dominica,
Ireland,Dominican Republic,
Ireland,Ecuador,
Ireland,Egypt,
Ireland,El Salvador,
Ireland,Equatorial Guinea,
Ireland,Eritrea,
Ireland,Estonia,
Ireland,Swaziland,
Ireland,Ethiopia,
Ireland,Fiji,
Ireland,Finland,
Ireland,France,
Ireland,Gabon,
Ireland,Gambia,
Ireland,Georgia,
Ireland,Germany,
Ireland,Ghana,
Ireland,Greece,
Ireland,Grenada,
Ireland,Guatemala,
Ireland,Guinea,
Ireland,Guinea-Bissau,
Ireland,Guyana,
Ireland,Haiti,
Ireland,Honduras,
Ireland,Hong Kong,
Ireland,Hungary,
Ireland,Iceland,
Ireland,India,
Ireland,Indonesia,
Ireland,Iran,
Ireland,Iraq,
Ireland,Ireland,-1
Ireland,Israel,
Ireland,Italy,
Ireland,Jamaica,
Ireland,Japan,
Ireland,Jordan,
Ireland,Kazakhstan,
Ireland,Kenya,
Ireland,Kiribati,
Ireland,Kosovo,
Ireland,Kuwait,
Ireland,Kyrgyzstan,
Ireland,Laos,
Ireland,Latvia,
Ireland,Lebanon,
Ireland,Lesotho,
Ireland,Liberia,
Ireland,Libya,
Ireland,Liechtenstein,
Ireland,Lithuania,
Ireland,Luxembourg,
Ireland,Macao,
Ireland,Madagascar,
Ireland,Malawi,
Ireland,Malaysia,
Ireland,Maldives,
Ireland,Mali,
Ireland,Malta,
Ireland,Marshall Islands,
Ireland,Mauritania,
Ireland,Mauritius,
Ireland,Mexico,
Ireland,Micronesia,
Ireland,Moldova,
Ireland,Monaco,
Ireland,Mongolia,
Ireland,Montenegro,
Ireland,Morocco,
Ireland,Mozambique,
Ireland,Myanmar,
Ireland,Namibia,
Ireland,Nauru,
Ireland,Nepal,
Ireland,Netherlands,
Ireland,New Zealand,
Ireland,Nicaragua,
Ireland,Niger,
Ireland,Nigeria,
Ireland,North Korea,
Ireland,North Macedonia,
Ireland,Norway,
Ireland,Oman,
Ireland,Pakistan,
Ireland,Palau,
Ireland,Palestine,
Ireland,Panama,
Ireland,Papua New Guinea,
Ireland,Paraguay,
Ireland,Peru,
Ireland,Philippines,
Ireland,Poland,
Ireland,Portugal,
Ireland,Qatar,
Ireland,Romania,
Ireland,Russia,
Ireland,Rwanda,
Ireland,Saint Kitts and Nevis,
Ireland,Saint Lucia,
Ireland,Samoa,
Ireland,San Marino,
Ireland,Sao Tome and Principe,
Ireland,Saudi Arabia,
Ireland,Senegal,
Ireland,Serbia,
Ireland,Seychelles,
Ireland,Sierra Leone,
Ireland,Singapore,
Ireland,Slovakia,
Ireland,Slovenia,
Ireland,Solomon Islands,
Ireland,Somalia,
Ireland,South Africa,
Ireland,South Korea,
Ireland,South Sudan,
Ireland,Spain,
Ireland,Sri Lanka,
Ireland,Saint Vincent and the Grenadines,
Ireland,Sudan,
Ireland,Suriname,
Ireland,Sweden,
Ireland,Switzerland,
Ireland,Syria,
Ireland,Taiwan,
Ireland,Tajikistan,
Ireland,Tanzania,
Ireland,Thailand,
Ireland,Timor-Leste,
Ireland,Togo,
Ireland,Tonga,
Ireland,Trinidad and Tobago,
Ireland,Tunisia,
Ireland,Turkmenistan,
Ireland,Tuvalu,
Ireland,Turkey,
Ireland,Uganda,
Ireland,Ukraine,
Ireland,United Arab Emirates,
Ireland,United Kingdom,
Ireland,United States,
Ireland,Uruguay,
Ireland,Uzbekistan,
Ireland,Vanuatu,
Ireland,Vatican,
Ireland,Venezuela,
Ireland,Vietnam,
Ireland,Yemen,
Ireland,Zambia,
Ireland,Zimbabwe,
Ireland,Afghanistan,
Israel,Albania,
Israel,Algeria,
Israel,Andorra,
Israel,Angola,
Israel,Antigua and Barbuda,
Israel,Argentina,
Israel,Armenia,
Israel,Australia,
Israel,Austria,
Israel,Azerbaijan,
Israel,Bahamas,
Israel,Bahrain,
Israel,Bangladesh,
Israel,Barbados,
Israel,Belarus,
Israel,Belgium,
Israel,Belize,
Israel,Benin,
Israel,Bhutan,
Israel,Bolivia,
Israel,Bosnia and Herzegovina,
Israel,Botswana,
Israel,Brazil,
Israel,Brunei,
Israel,Bulgaria,
Israel,Burkina Faso,
Israel,Burundi,
Israel,Cambodia,
Israel,Cameroon,
Israel,Canada,
Israel,Cape Verde,
Israel,Central African Republic,
Israel,Chad,
Israel,Chile,
Israel,China,
Israel,Colombia,
Israel,Comoros,
Israel,Congo,
Israel,DR Congo,
Israel,Costa Rica,
Israel,Ivory Coast,
Israel,Croatia,
Israel,Cuba,
Israel,Cyprus,
Israel,Czech Republic,
Israel,Denmark,
Israel,Djibouti,
Israel,Dominica,
Israel,Dominican Republic,
Israel,Ecuador,
Israel,Egypt,
Israel,El Salvador,
Israel,Equatorial Guinea,
Israel,Eritrea,
Israel,Estonia,
Israel,Swaziland,
Israel,Ethiopia,
Israel,Fiji,
Israel,Finland,
Israel,France,
Israel,Gabon,
Israel,Gambia,
Israel,Georgia,
Israel,Germany,
Israel,Ghana,
Israel,Greece,
Israel,Grenada,
Israel,Guatemala,
Israel,Guinea,
Israel,Guinea-Bissau,
Israel,Guyana,
Israel,Haiti,
Israel,Honduras,
Israel,Hong Kong,
Israel,Hungary,
Israel,Iceland,
Israel,India,
Israel,Indonesia,
Israel,Iran,
Israel,Iraq,
Israel,Ireland,
Israel,Israel,-1
Israel,Italy,
Israel,Jamaica,
Israel,Japan,
Israel,Jordan,
Israel,Kazakhstan,
Israel,Kenya,
Israel,Kiribati,
Israel,Kosovo,
Israel,Kuwait,
Israel,Kyrgyzstan,
Israel,Laos,
Israel,Latvia,
Israel,Lebanon,
Israel,Lesotho,
Israel,Liberia,
Israel,Libya,
Israel,Liechtenstein,
Israel,Lithuania,
Israel,Luxembourg,
Israel,Macao,
Israel,Madagascar,
Israel,Malawi,
Israel,Malaysia,
Israel,Maldives,
Israel,Mali,
Israel,Malta,
Israel,Marshall Islands,
Israel,Mauritania,
Israel,Mauritius,
Israel,Mexico,
Israel,Micronesia,
Israel,Moldova,
Israel,Monaco,
Israel,Mongolia,
Israel,Montenegro,
Israel,Morocco,
Israel,Mozambique,
Israel,Myanmar,
Israel,Namibia,
Israel,Nauru,
Israel,Nepal,
Israel,Netherlands,
Israel,New Zealand,
Israel,Nicaragua,
Israel,Niger,
Israel,Nigeria,
Israel,North Korea,
Israel,North Macedonia,
Israel,Norway,
Israel,Oman,
Israel,Pakistan,
Israel,Palau,
Israel,Palestine,
Israel,Panama,
Israel,Papua New Guinea,
Israel,Paraguay,
Israel,Peru,
Israel,Philippines,
Israel,Poland,
Israel,Portugal,
Israel,Qatar,
Israel,Romania,
Israel,Russia,
Israel,Rwanda,
Israel,Saint Kitts and Nevis,
Israel,Saint Lucia,
Israel,Samoa,
Israel,San Marino,
Israel,Sao Tome and Principe,
Israel,Saudi Arabia,
Israel,Senegal,
Israel,Serbia,
Israel,Seychelles,
Israel,Sierra Leone,
Israel,Singapore,
Israel,Slovakia,
Israel,Slovenia,
Israel,Solomon Islands,
Israel,Somalia,
Israel,South Africa,
Israel,South Korea,
Israel,South Sudan,
Israel,Spain,
Israel,Sri Lanka,
Israel,Saint Vincent and the Grenadines,
Israel,Sudan,
Israel,Suriname,
Israel,Sweden,
Israel,Switzerland,
Israel,Syria,
Israel,Taiwan,
Israel,Tajikistan,
Israel,Tanzania,
Israel,Thailand,
Israel,Timor-Leste,
Israel,Togo,
Israel,Tonga,
Israel,Trinidad and Tobago,
Israel,Tunisia,
Israel,Turkmenistan,
Israel,Tuvalu,
Israel,Turkey,
Israel,Uganda,
Israel,Ukraine,
Israel,United Arab Emirates,
Israel,United Kingdom,
Israel,United States,
Israel,Uruguay,
Israel,Uzbekistan,
Israel,Vanuatu,
Israel,Vatican,
Israel,Venezuela,
Israel,Vietnam,
Israel,Yemen,
Israel,Zambia,
Israel,Zimbabwe,
Israel,Afghanistan,
Italy,Albania,
Italy,Algeria,
Italy,Andorra,
Italy,Angola,
Italy,Antigua and Barbuda,
Italy,Argentina,
Italy,Armenia,
Italy,Australia,
Italy,Austria,
Italy,Azerbaijan,
Italy,Bahamas,
Italy,Bahrain,
Italy,Bangladesh,
Italy,Barbados,
Italy,Belarus,
Italy,Belgium,
Italy,Belize,
Italy,Benin,
Italy,Bhutan,
Italy,Bolivia,
Italy,Bosnia and Herzegovina,
Italy,Botswana,
Italy,Brazil,
Italy,Brunei,
Italy,Bulgaria,
Italy,Burkina Faso,
Italy,Burundi,
Italy,Cambodia,
Italy,Cameroon,
Italy,Canada,
Italy,Cape Verde,
Italy,Central African Republic,
Italy,Chad,
Italy,Chile,
Italy,China,
Italy,Colombia,
Italy,Comoros,
Italy,Congo,
Italy,DR Congo,
Italy,Costa Rica,
Italy,Ivory Coast,
Italy,Croatia,
Italy,Cuba,
Italy,Cyprus,
Italy,Czech Republic,
Italy,Denmark,
Italy,Djibouti,
Italy,Dominica,
Italy,Dominican Republic,
Italy,Ecuador,
Italy,Egypt,
Italy,El Salvador,
Italy,Equatorial Guinea,
Italy,Eritrea,
Italy,Estonia,
Italy,Swaziland,
Italy,Ethiopia,
Italy,Fiji,
Italy,Finland,
Italy,France,
Italy,Gabon,
Italy,Gambia,
Italy,Georgia,
Italy,Germany,
Italy,Ghana,
Italy,Greece,
Italy,Grenada,
Italy,Guatemala,
Italy,Guinea,
Italy,Guinea-Bissau,
Italy,Guyana,
Italy,Haiti,
Italy,Honduras,
Italy,Hong Kong,
Italy,Hungary,
Italy,Iceland,
Italy,India,
Italy,Indonesia,
Italy,Iran,
Italy,Iraq,
Italy,Ireland,
Italy,Israel,
Italy,Italy,-1
Italy,Jamaica,
Italy,Japan,
Italy,Jordan,
Italy,Kazakhstan,
Italy,Kenya,
Italy,Kiribati,
Italy,Kosovo,
Italy,Kuwait,
Italy,Kyrgyzstan,
Italy,Laos,
Italy,Latvia,
Italy,Lebanon,
Italy,Lesotho,
Italy,Liberia,
Italy,Libya,
Italy,Liechtenstein,
Italy,Lithuania,
Italy,Luxembourg,
Italy,Macao,
Italy,Madagascar,
Italy,Malawi,
Italy,Malaysia,
Italy,Maldives,
Italy,Mali,
Italy,Malta,
Italy,Marshall Islands,
Italy,Mauritania,
Italy,Mauritius,
Italy,Mexico,
Italy,Micronesia,
Italy,Moldova,
Italy,Monaco,
Italy,Mongolia,
Italy,Montenegro,
Italy,Morocco,
Italy,Mozambique,
Italy,Myanmar,
Italy,Namibia,
Italy,Nauru,
Italy,Nepal,
Italy,Netherlands,
Italy,New Zealand,
Italy,Nicaragua,
Italy,Niger,
Italy,Nigeria,
Italy,North Korea,
Italy,North Macedonia,
Italy,Norway,
Italy,Oman,
Italy,Pakistan,
Italy,Palau,
Italy,Palestine,
Italy,Panama,
Italy,Papua New Guinea,
Italy,Paraguay,
Italy,Peru,
Italy,Philippines,
Italy,Poland,
Italy,Portugal,
Italy,Qatar,
Italy,Romania,
Italy,Russia,
Italy,Rwanda,
Italy,Saint Kitts and Nevis,
Italy,Saint Lucia,
Italy,Samoa,
Italy,San Marino,
Italy,Sao Tome and Principe,
Italy,Saudi Arabia,
Italy,Senegal,
Italy,Serbia,
Italy,Seychelles,
Italy,Sierra Leone,
Italy,Singapore,
Italy,Slovakia,
Italy,Slovenia,
Italy,Solomon Islands,
Italy,Somalia,
Italy,South Africa,
Italy,South Korea,
Italy,South Sudan,
Italy,Spain,
Italy,Sri Lanka,
Italy,Saint Vincent and the Grenadines,
Italy,Sudan,
Italy,Suriname,
Italy,Sweden,
Italy,Switzerland,
Italy,Syria,
Italy,Taiwan,
Italy,Tajikistan,
Italy,Tanzania,
Italy,Thailand,
Italy,Timor-Leste,
Italy,Togo,
Italy,Tonga,
Italy,Trinidad and Tobago,
Italy,Tunisia,
Italy,Turkmenistan,
Italy,Tuvalu,
Italy,Turkey,
Italy,Uganda,
Italy,Ukraine,
Italy,United Arab Emirates,
Italy,United Kingdom,
Italy,United States,
Italy,Uruguay,
Italy,Uzbekistan,
Italy,Vanuatu,
Italy,Vatican,
Italy,Venezuela,
Italy,Vietnam,
Italy,Yemen,
Italy,Zambia,
Italy,Zimbabwe,
Italy,Afghanistan,
Jamaica,Albania,
Jamaica,Algeria,
Jamaica,Andorra,
Jamaica,Angola,
Jamaica,Antigua and Barbuda,
Jamaica,Argentina,
Jamaica,Armenia,
Jamaica,Australia,
Jamaica,Austria,
Jamaica,Azerbaijan,
Jamaica,Bahamas,
Jamaica,Bahrain,
Jamaica,Bangladesh,
Jamaica,Barbados,
Jamaica,Belarus,
Jamaica,Belgium,
Jamaica,Belize,
Jamaica,Benin,
Jamaica,Bhutan,
Jamaica,Bolivia,
Jamaica,Bosnia and Herzegovina,
Jamaica,Botswana,
Jamaica,Brazil,
Jamaica,Brunei,
Jamaica,Bulgaria,
Jamaica,Burkina Faso,
Jamaica,Burundi,
Jamaica,Cambodia,
Jamaica,Cameroon,
Jamaica,Canada,
Jamaica,Cape Verde,
Jamaica,Central African Republic,
Jamaica,Chad,
Jamaica,Chile,
Jamaica,China,
Jamaica,Colombia,
Jamaica,Comoros,
Jamaica,Congo,
Jamaica,DR Congo,
Jamaica,Costa Rica,
Jamaica,Ivory Coast,
Jamaica,Croatia,
Jamaica,Cuba,
Jamaica,Cyprus,
Jamaica,Czech Republic,
Jamaica,Denmark,
Jamaica,Djibouti,
Jamaica,Dominica,
Jamaica,Dominican Republic,
Jamaica,Ecuador,
Jamaica,Egypt,
Jamaica,El Salvador,
Jamaica,Equatorial Guinea,
Jamaica,Eritrea,
Jamaica,Estonia,
Jamaica,Swaziland,
Jamaica,Ethiopia,
Jamaica,Fiji,
Jamaica,Finland,
Jamaica,France,
Jamaica,Gabon,
Jamaica,Gambia,
Jamaica,Georgia,
Jamaica,Germany,
Jamaica,Ghana,
Jamaica,Greece,
Jamaica,Grenada,
Jamaica,Guatemala,
Jamaica,Guinea,
Jamaica,Guinea-Bissau,
Jamaica,Guyana,
Jamaica,Haiti,
Jamaica,Honduras,
Jamaica,Hong Kong,
Jamaica,Hungary,
Jamaica,Iceland,
Jamaica,India,
Jamaica,Indonesia,
Jamaica,Iran,
Jamaica,Iraq,
Jamaica,Ireland,
Jamaica,Israel,
Jamaica,Italy,
Jamaica,Jamaica,-1
Jamaica,Japan,
Jamaica,Jordan,
Jamaica,Kazakhstan,
Jamaica,Kenya,
Jamaica,Kiribati,
Jamaica,Kosovo,
Jamaica,Kuwait,
Jamaica,Kyrgyzstan,
Jamaica,Laos,
Jamaica,Latvia,
Jamaica,Lebanon,
Jamaica,Lesotho,
Jamaica,Liberia,
Jamaica,Libya,
Jamaica,Liechtenstein,
Jamaica,Lithuania,
Jamaica,Luxembourg,
Jamaica,Macao,
Jamaica,Madagascar,
Jamaica,Malawi,
Jamaica,Malaysia,
Jamaica,Maldives,
Jamaica,Mali,
Jamaica,Malta,
Jamaica,Marshall Islands,
Jamaica,Mauritania,
Jamaica,Mauritius,
Jamaica,Mexico,
Jamaica,Micronesia,
Jamaica,Moldova,
Jamaica,Monaco,
Jamaica,Mongolia,
Jamaica,Montenegro,
Jamaica,Morocco,
Jamaica,Mozambique,
Jamaica,Myanmar,
Jamaica,Namibia,
Jamaica,Nauru,
Jamaica,Nepal,
Jamaica,Netherlands,
Jamaica,New Zealand,
Jamaica,Nicaragua,
Jamaica,Niger,
Jamaica,Nigeria,
Jamaica,North Korea,
Jamaica,North Macedonia,
Jamaica,Norway,
Jamaica,Oman,
Jamaica,Pakistan,
Jamaica,Palau,
Jamaica,Palestine,
Jamaica,Panama,
Jamaica,Papua New Guinea,
Jamaica,Paraguay,
Jamaica,Peru,
Jamaica,Philippines,
Jamaica,Poland,
Jamaica,Portugal,
Jamaica,Qatar,
Jamaica,Romania,
Jamaica,Russia,
Jamaica,Rwanda,
Jamaica,Saint Kitts and Nevis,
Jamaica,Saint Lucia,
Jamaica,Samoa,
Jamaica,San Marino,
Jamaica,Sao Tome and Principe,
Jamaica,Saudi Arabia,
Jamaica,Senegal,
Jamaica,Serbia,
Jamaica,Seychelles,
Jamaica,Sierra Leone,
Jamaica,Singapore,
Jamaica,Slovakia,
Jamaica,Slovenia,
Jamaica,Solomon Islands,
Jamaica,Somalia,
Jamaica,South Africa,
Jamaica,South Korea,
Jamaica,South Sudan,
Jamaica,Spain,
Jamaica,Sri Lanka,
Jamaica,Saint Vincent and the Grenadines,
Jamaica,Sudan,
Jamaica,Suriname,
Jamaica,Sweden,
Jamaica,Switzerland,
Jamaica,Syria,
Jamaica,Taiwan,
Jamaica,Tajikistan,
Jamaica,Tanzania,
Jamaica,Thailand,
Jamaica,Timor-Leste,
Jamaica,Togo,
Jamaica,Tonga,
Jamaica,Trinidad and Tobago,
Jamaica,Tunisia,
Jamaica,Turkmenistan,
Jamaica,Tuvalu,
Jamaica,Turkey,
Jamaica,Uganda,
Jamaica,Ukraine,
Jamaica,United Arab Emirates,
Jamaica,United Kingdom,
Jamaica,United States,
Jamaica,Uruguay,
Jamaica,Uzbekistan,
Jamaica,Vanuatu,
Jamaica,Vatican,
Jamaica,Venezuela,
Jamaica,Vietnam,
Jamaica,Yemen,
Jamaica,Zambia,
Jamaica,Zimbabwe,
Jamaica,Afghanistan,
Japan,Albania,
Japan,Algeria,
Japan,Andorra,
Japan,Angola,
Japan,Antigua and Barbuda,
Japan,Argentina,
Japan,Armenia,
Japan,Australia,
Japan,Austria,
Japan,Azerbaijan,
Japan,Bahamas,
Japan,Bahrain,
Japan,Bangladesh,
Japan,Barbados,
Japan,Belarus,
Japan,Belgium,
Japan,Belize,
Japan,Benin,
Japan,Bhutan,
Japan,Bolivia,
Japan,Bosnia and Herzegovina,
Japan,Botswana,
Japan,Brazil,
Japan,Brunei,
Japan,Bulgaria,
Japan,Burkina Faso,
Japan,Burundi,
Japan,Cambodia,
Japan,Cameroon,
Japan,Canada,
Japan,Cape Verde,
Japan,Central African Republic,
Japan,Chad,
Japan,Chile,
Japan,China,
Japan,Colombia,
Japan,Comoros,
Japan,Congo,
Japan,DR Congo,
Japan,Costa Rica,
Japan,Ivory Coast,
Japan,Croatia,
Japan,Cuba,
Japan,Cyprus,
Japan,Czech Republic,
Japan,Denmark,
Japan,Djibouti,
Japan,Dominica,
Japan,Dominican Republic,
Japan,Ecuador,
Japan,Egypt,
Japan,El Salvador,
Japan,Equatorial Guinea,
Japan,Eritrea,
Japan,Estonia,
Japan,Swaziland,
Japan,Ethiopia,
Japan,Fiji,
Japan,Finland,
Japan,France,
Japan,Gabon,
Japan,Gambia,
Japan,Georgia,
Japan,Germany,
Japan,Ghana,
Japan,Greece,
Japan,Grenada,
Japan,Guatemala,
Japan,Guinea,
Japan,Guinea-Bissau,
Japan,Guyana,
Japan,Haiti,
Japan,Honduras,
Japan,Hong Kong,
Japan,Hungary,
Japan,Iceland,
Japan,India,
Japan,Indonesia,
Japan,Iran,
Japan,Iraq,
Japan,Ireland,
Japan,Israel,
Japan,Italy,
Japan,Jamaica,
Japan,Japan,-1
Japan,Jordan,
Japan,Kazakhstan,
Japan,Kenya,
Japan,Kiribati,
Japan,Kosovo,
Japan,Kuwait,
Japan,Kyrgyzstan,
Japan,Laos,
Japan,Latvia,
Japan,Lebanon,
Japan,Lesotho,
Japan,Liberia,
Japan,Libya,
Japan,Liechtenstein,
Japan,Lithuania,
Japan,Luxembourg,
Japan,Macao,
Japan,Madagascar,
Japan,Malawi,
Japan,Malaysia,
Japan,Maldives,
Japan,Mali,
Japan,Malta,
Japan,Marshall Islands,
Japan,Mauritania,
Japan,Mauritius,
Japan,Mexico,
Japan,Micronesia,
Japan,Moldova,
Japan,Monaco,
Japan,Mongolia,
Japan,Montenegro,
Japan,Morocco,
Japan,Mozambique,
Japan,Myanmar,
Japan,Namibia,
Japan,Nauru,
Japan,Nepal,
Japan,Netherlands,
Japan,New Zealand,
Japan,Nicaragua,
Japan,Niger,
Japan,Nigeria,
Japan,North Korea,
Japan,North Macedonia,
Japan,Norway,
Japan,Oman,
Japan,Pakistan,
Japan,Palau,
Japan,Palestine,
Japan,Panama,
Japan,Papua New Guinea,
Japan,Paraguay,
Japan,Peru,
Japan,Philippines,
Japan,Poland,
Japan,Portugal,
Japan,Qatar,
Japan,Romania,
Japan,Russia,
Japan,Rwanda,
Japan,Saint Kitts and Nevis,
Japan,Saint Lucia,
Japan,Samoa,
Japan,San Marino,
Japan,Sao Tome and Principe,
Japan,Saudi Arabia,
Japan,Senegal,
Japan,Serbia,
Japan,Seychelles,
Japan,Sierra Leone,
Japan,Singapore,
Japan,Slovakia,
Japan,Slovenia,
Japan,Solomon Islands,
Japan,Somalia,
Japan,South Africa,
Japan,South Korea,
Japan,South Sudan,
Japan,Spain,
Japan,Sri Lanka,
Japan,Saint Vincent and the Grenadines,
Japan,Sudan,
Japan,Suriname,
Japan,Sweden,
Japan,Switzerland,
Japan,Syria,
Japan,Taiwan,
Japan,Tajikistan,
Japan,Tanzania,
Japan,Thailand,
Japan,Timor-Leste,
Japan,Togo,
Japan,Tonga,
Japan,Trinidad and Tobago,
Japan,Tunisia,
Japan,Turkmenistan,
Japan,Tuvalu,
Japan,Turkey,
Japan,Uganda,
Japan,Ukraine,
Japan,United Arab Emirates,
Japan,United Kingdom,
Japan,United States,
Japan,Uruguay,
Japan,Uzbekistan,
Japan,Vanuatu,
Japan,Vatican,
Japan,Venezuela,
Japan,Vietnam,
Japan,Yemen,
Japan,Zambia,
Japan,Zimbabwe,
Japan,Afghanistan,
Jordan,Albania,
Jordan,Algeria,
Jordan,Andorra,
Jordan,Angola,
Jordan,Antigua and Barbuda,
Jordan,Argentina,
Jordan,Armenia,
Jordan,Australia,
Jordan,Austria,
Jordan,Azerbaijan,
Jordan,Bahamas,
Jordan,Bahrain,
Jordan,Bangladesh,
Jordan,Barbados,
Jordan,Belarus,
Jordan,Belgium,
Jordan,Belize,
Jordan,Benin,
Jordan,Bhutan,
Jordan,Bolivia,
Jordan,Bosnia and Herzegovina,
Jordan,Botswana,
Jordan,Brazil,
Jordan,Brunei,
Jordan,Bulgaria,
Jordan,Burkina Faso,
Jordan,Burundi,
Jordan,Cambodia,
Jordan,Cameroon,
Jordan,Canada,
Jordan,Cape Verde,
Jordan,Central African Republic,
Jordan,Chad,
Jordan,Chile,
Jordan,China,
Jordan,Colombia,
Jordan,Comoros,
Jordan,Congo,
Jordan,DR Congo,
Jordan,Costa Rica,
Jordan,Ivory Coast,
Jordan,Croatia,
Jordan,Cuba,
Jordan,Cyprus,
Jordan,Czech Republic,
Jordan,Denmark,
Jordan,Djibouti,
Jordan,Dominica,
Jordan,Dominican Republic,
Jordan,Ecuador,
Jordan,Egypt,
Jordan,El Salvador,
Jordan,Equatorial Guinea,
Jordan,Eritrea,
Jordan,Estonia,
Jordan,Swaziland,
Jordan,Ethiopia,
Jordan,Fiji,
Jordan,Finland,
Jordan,France,
Jordan,Gabon,
Jordan,Gambia,
Jordan,Georgia,
Jordan,Germany,
Jordan,Ghana,
Jordan,Greece,
Jordan,Grenada,
Jordan,Guatemala,
Jordan,Guinea,
Jordan,Guinea-Bissau,
Jordan,Guyana,
Jordan,Haiti,
Jordan,Honduras,
Jordan,Hong Kong,
Jordan,Hungary,
Jordan,Iceland,
Jordan,India,
Jordan,Indonesia,
Jordan,Iran,
Jordan,Iraq,
Jordan,Ireland,
Jordan,Israel,
Jordan,Italy,
Jordan,Jamaica,
Jordan,Japan,
Jordan,Jordan,-1
Jordan,Kazakhstan,
Jordan,Kenya,
Jordan,Kiribati,
Jordan,Kosovo,
Jordan,Kuwait,
Jordan,Kyrgyzstan,
Jordan,Laos,
Jordan,Latvia,
Jordan,Lebanon,
Jordan,Lesotho,
Jordan,Liberia,
Jordan,Libya,
Jordan,Liechtenstein,
Jordan,Lithuania,
Jordan,Luxembourg,
Jordan,Macao,
Jordan,Madagascar,
Jordan,Malawi,
Jordan,Malaysia,
Jordan,Maldives,
Jordan,Mali,
Jordan,Malta,
Jordan,Marshall Islands,
Jordan,Mauritania,
Jordan,Mauritius,
Jordan,Mexico,
Jordan,Micronesia,
Jordan,Moldova,
Jordan,Monaco,
Jordan,Mongolia,
Jordan,Montenegro,
Jordan,Morocco,
Jordan,Mozambique,
Jordan,Myanmar,
Jordan,Namibia,
Jordan,Nauru,
Jordan,Nepal,
Jordan,Netherlands,
Jordan,New Zealand,
Jordan,Nicaragua,
Jordan,Niger,
Jordan,Nigeria,
Jordan,North Korea,
Jordan,North Macedonia,
Jordan,Norway,
Jordan,Oman,
Jordan,Pakistan,
Jordan,Palau,
Jordan,Palestine,
Jordan,Panama,
Jordan,Papua New Guinea,
Jordan,Paraguay,
Jordan,Peru,
Jordan,Philippines,
Jordan,Poland,
Jordan,Portugal,
Jordan,Qatar,
Jordan,Romania,
Jordan,Russia,
Jordan,Rwanda,
Jordan,Saint Kitts and Nevis,
Jordan,Saint Lucia,
Jordan,Samoa,
Jordan,San Marino,
Jordan,Sao Tome and Principe,
Jordan,Saudi Arabia,
Jordan,Senegal,
Jordan,Serbia,
Jordan,Seychelles,
Jordan,Sierra Leone,
Jordan,Singapore,
Jordan,Slovakia,
Jordan,Slovenia,
Jordan,Solomon Islands,
Jordan,Somalia,
Jordan,South Africa,
Jordan,South Korea,
Jordan,South Sudan,
Jordan,Spain,
Jordan,Sri Lanka,
Jordan,Saint Vincent and the Grenadines,
Jordan,Sudan,
Jordan,Suriname,
Jordan,Sweden,
Jordan,Switzerland,
Jordan,Syria,
Jordan,Taiwan,
Jordan,Tajikistan,
Jordan,Tanzania,
Jordan,Thailand,
Jordan,Timor-Leste,
Jordan,Togo,
Jordan,Tonga,
Jordan,Trinidad and Tobago,
Jordan,Tunisia,
Jordan,Turkmenistan,
Jordan,Tuvalu,
Jordan,Turkey,
Jordan,Uganda,
Jordan,Ukraine,
Jordan,United Arab Emirates,
Jordan,United Kingdom,
Jordan,United States,
Jordan,Uruguay,
Jordan,Uzbekistan,
Jordan,Vanuatu,
Jordan,Vatican,
Jordan,Venezuela,
Jordan,Vietnam,
Jordan,Yemen,
Jordan,Zambia,
Jordan,Zimbabwe,
Jordan,Afghanistan,
Kazakhstan,Albania,
Kazakhstan,Algeria,
Kazakhstan,Andorra,
Kazakhstan,Angola,
Kazakhstan,Antigua and Barbuda,
Kazakhstan,Argentina,
Kazakhstan,Armenia,
Kazakhstan,Australia,
Kazakhstan,Austria,
Kazakhstan,Azerbaijan,
Kazakhstan,Bahamas,
Kazakhstan,Bahrain,
Kazakhstan,Bangladesh,
Kazakhstan,Barbados,
Kazakhstan,Belarus,
Kazakhstan,Belgium,
Kazakhstan,Belize,
Kazakhstan,Benin,
Kazakhstan,Bhutan,
Kazakhstan,Bolivia,
Kazakhstan,Bosnia and Herzegovina,
Kazakhstan,Botswana,
Kazakhstan,Brazil,
Kazakhstan,Brunei,
Kazakhstan,Bulgaria,
Kazakhstan,Burkina Faso,
Kazakhstan,Burundi,
Kazakhstan,Cambodia,
Kazakhstan,Cameroon,
Kazakhstan,Canada,
Kazakhstan,Cape Verde,
Kazakhstan,Central African Republic,
Kazakhstan,Chad,
Kazakhstan,Chile,
Kazakhstan,China,
Kazakhstan,Colombia,
Kazakhstan,Comoros,
Kazakhstan,Congo,
Kazakhstan,DR Congo,
Kazakhstan,Costa Rica,
Kazakhstan,Ivory Coast,
Kazakhstan,Croatia,
Kazakhstan,Cuba,
Kazakhstan,Cyprus,
Kazakhstan,Czech Republic,
Kazakhstan,Denmark,
Kazakhstan,Djibouti,
Kazakhstan,Dominica,
Kazakhstan,Dominican Republic,
Kazakhstan,Ecuador,
Kazakhstan,Egypt,
Kazakhstan,El Salvador,
Kazakhstan,Equatorial Guinea,
Kazakhstan,Eritrea,
Kazakhstan,Estonia,
Kazakhstan,Swaziland,
Kazakhstan,Ethiopia,
Kazakhstan,Fiji,
Kazakhstan,Finland,
Kazakhstan,France,
Kazakhstan,Gabon,
Kazakhstan,Gambia,
Kazakhstan,Georgia,
Kazakhstan,Germany,
Kazakhstan,Ghana,
Kazakhstan,Greece,
Kazakhstan,Grenada,
Kazakhstan,Guatemala,
Kazakhstan,Guinea,
Kazakhstan,Guinea-Bissau,
Kazakhstan,Guyana,
Kazakhstan,Haiti,
Kazakhstan,Honduras,
Kazakhstan,Hong Kong,
Kazakhstan,Hungary,
Kazakhstan,Iceland,
Kazakhstan,India,
Kazakhstan,Indonesia,
Kazakhstan,Iran,
Kazakhstan,Iraq,
Kazakhstan,Ireland,
Kazakhstan,Israel,
Kazakhstan,Italy,
Kazakhstan,Jamaica,
Kazakhstan,Japan,
Kazakhstan,Jordan,
Kazakhstan,Kazakhstan,-1
Kazakhstan,Kenya,
Kazakhstan,Kiribati,
Kazakhstan,Kosovo,
Kazakhstan,Kuwait,
Kazakhstan,Kyrgyzstan,
Kazakhstan,Laos,
Kazakhstan,Latvia,
Kazakhstan,Lebanon,
Kazakhstan,Lesotho,
Kazakhstan,Liberia,
Kazakhstan,Libya,
Kazakhstan,Liechtenstein,
Kazakhstan,Lithuania,
Kazakhstan,Luxembourg,
Kazakhstan,Macao,
Kazakhstan,Madagascar,
Kazakhstan,Malawi,
Kazakhstan,Malaysia,
Kazakhstan,Maldives,
Kazakhstan,Mali,
Kazakhstan,Malta,
Kazakhstan,Marshall Islands,
Kazakhstan,Mauritania,
Kazakhstan,Mauritius,
Kazakhstan,Mexico,
Kazakhstan,Micronesia,
Kazakhstan,Moldova,
Kazakhstan,Monaco,
Kazakhstan,Mongolia,
Kazakhstan,Montenegro,
Kazakhstan,Morocco,
Kazakhstan,Mozambique,
Kazakhstan,Myanmar,
Kazakhstan,Namibia,
Kazakhstan,Nauru,
Kazakhstan,Nepal,
Kazakhstan,Netherlands,
Kazakhstan,New Zealand,
Kazakhstan,Nicaragua,
Kazakhstan,Niger,
Kazakhstan,Nigeria,
Kazakhstan,North Korea,
Kazakhstan,North Macedonia,
Kazakhstan,Norway,
Kazakhstan,Oman,
Kazakhstan,Pakistan,
Kazakhstan,Palau,
Kazakhstan,Palestine,
Kazakhstan,Panama,
Kazakhstan,Papua New Guinea,
Kazakhstan,Paraguay,
Kazakhstan,Peru,
Kazakhstan,Philippines,
Kazakhstan,Poland,
Kazakhstan,Portugal,
Kazakhstan,Qatar,
Kazakhstan,Romania,
Kazakhstan,Russia,
Kazakhstan,Rwanda,
Kazakhstan,Saint Kitts and Nevis,
Kazakhstan,Saint Lucia,
Kazakhstan,Samoa,
Kazakhstan,San Marino,
Kazakhstan,Sao Tome and Principe,
Kazakhstan,Saudi Arabia,
Kazakhstan,Senegal,
Kazakhstan,Serbia,
Kazakhstan,Seychelles,
Kazakhstan,Sierra Leone,
Kazakhstan,Singapore,
Kazakhstan,Slovakia,
Kazakhstan,Slovenia,
Kazakhstan,Solomon Islands,
Kazakhstan,Somalia,
Kazakhstan,South Africa,
Kazakhstan,South Korea,
Kazakhstan,South Sudan,
Kazakhstan,Spain,
Kazakhstan,Sri Lanka,
Kazakhstan,Saint Vincent and the Grenadines,
Kazakhstan,Sudan,
Kazakhstan,Suriname,
Kazakhstan,Sweden,
Kazakhstan,Switzerland,
Kazakhstan,Syria,
Kazakhstan,Taiwan,
Kazakhstan,Tajikistan,
Kazakhstan,Tanzania,
Kazakhstan,Thailand,
Kazakhstan,Timor-Leste,
Kazakhstan,Togo,
Kazakhstan,Tonga,
Kazakhstan,Trinidad and Tobago,
Kazakhstan,Tunisia,
Kazakhstan,Turkmenistan,
Kazakhstan,Tuvalu,
Kazakhstan,Turkey,
Kazakhstan,Uganda,
Kazakhstan,Ukraine,
Kazakhstan,United Arab Emirates,
Kazakhstan,United Kingdom,
Kazakhstan,United States,
Kazakhstan,Uruguay,
Kazakhstan,Uzbekistan,
Kazakhstan,Vanuatu,
Kazakhstan,Vatican,
Kazakhstan,Venezuela,
Kazakhstan,Vietnam,
Kazakhstan,Yemen,
Kazakhstan,Zambia,
Kazakhstan,Zimbabwe,
Kazakhstan,Afghanistan,
Kenya,Albania,
Kenya,Algeria,
Kenya,Andorra,
Kenya,Angola,
Kenya,Antigua and Barbuda,
Kenya,Argentina,
Kenya,Armenia,
Kenya,Australia,
Kenya,Austria,
Kenya,Azerbaijan,
Kenya,Bahamas,
Kenya,Bahrain,
Kenya,Bangladesh,
Kenya,Barbados,
Kenya,Belarus,
Kenya,Belgium,
Kenya,Belize,
Kenya,Benin,
Kenya,Bhutan,
Kenya,Bolivia,
Kenya,Bosnia and Herzegovina,
Kenya,Botswana,
Kenya,Brazil,
Kenya,Brunei,
Kenya,Bulgaria,
Kenya,Burkina Faso,
Kenya,Burundi,
Kenya,Cambodia,
Kenya,Cameroon,
Kenya,Canada,
Kenya,Cape Verde,
Kenya,Central African Republic,
Kenya,Chad,
Kenya,Chile,
Kenya,China,
Kenya,Colombia,
Kenya,Comoros,
Kenya,Congo,
Kenya,DR Congo,
Kenya,Costa Rica,
Kenya,Ivory Coast,
Kenya,Croatia,
Kenya,Cuba,
Kenya,Cyprus,
Kenya,Czech Republic,
Kenya,Denmark,
Kenya,Djibouti,
Kenya,Dominica,
Kenya,Dominican Republic,
Kenya,Ecuador,
Kenya,Egypt,
Kenya,El Salvador,
Kenya,Equatorial Guinea,
Kenya,Eritrea,
Kenya,Estonia,
Kenya,Swaziland,
Kenya,Ethiopia,
Kenya,Fiji,
Kenya,Finland,
Kenya,France,
Kenya,Gabon,
Kenya,Gambia,
Kenya,Georgia,
Kenya,Germany,
Kenya,Ghana,
Kenya,Greece,
Kenya,Grenada,
Kenya,Guatemala,
Kenya,Guinea,
Kenya,Guinea-Bissau,
Kenya,Guyana,
Kenya,Haiti,
Kenya,Honduras,
Kenya,Hong Kong,
Kenya,Hungary,
Kenya,Iceland,
Kenya,India,
Kenya,Indonesia,
Kenya,Iran,
Kenya,Iraq,
Kenya,Ireland,
Kenya,Israel,
Kenya,Italy,
Kenya,Jamaica,
Kenya,Japan,
Kenya,Jordan,
Kenya,Kazakhstan,
Kenya,Kenya,-1
Kenya,Kiribati,
Kenya,Kosovo,
Kenya,Kuwait,
Kenya,Kyrgyzstan,
Kenya,Laos,
Kenya,Latvia,
Kenya,Lebanon,
Kenya,Lesotho,
Kenya,Liberia,
Kenya,Libya,
Kenya,Liechtenstein,
Kenya,Lithuania,
Kenya,Luxembourg,
Kenya,Macao,
Kenya,Madagascar,
Kenya,Malawi,
Kenya,Malaysia,
Kenya,Maldives,
Kenya,Mali,
Kenya,Malta,
Kenya,Marshall Islands,
Kenya,Mauritania,
Kenya,Mauritius,
Kenya,Mexico,
Kenya,Micronesia,
Kenya,Moldova,
Kenya,Monaco,
Kenya,Mongolia,
Kenya,Montenegro,
Kenya,Morocco,
Kenya,Mozambique,
Kenya,Myanmar,
Kenya,Namibia,
Kenya,Nauru,
Kenya,Nepal,
Kenya,Netherlands,
Kenya,New Zealand,
Kenya,Nicaragua,
Kenya,Niger,
Kenya,Nigeria,
Kenya,North Korea,
Kenya,North Macedonia,
Kenya,Norway,
Kenya,Oman,
Kenya,Pakistan,
Kenya,Palau,
Kenya,Palestine,
Kenya,Panama,
Kenya,Papua New Guinea,
Kenya,Paraguay,
Kenya,Peru,
Kenya,Philippines,
Kenya,Poland,
Kenya,Portugal,
Kenya,Qatar,
Kenya,Romania,
Kenya,Russia,
Kenya,Rwanda,
Kenya,Saint Kitts and Nevis,
Kenya,Saint Lucia,
Kenya,Samoa,
Kenya,San Marino,
Kenya,Sao Tome and Principe,
Kenya,Saudi Arabia,
Kenya,Senegal,
Kenya,Serbia,
Kenya,Seychelles,
Kenya,Sierra Leone,
Kenya,Singapore,
Kenya,Slovakia,
Kenya,Slovenia,
Kenya,Solomon Islands,
Kenya,Somalia,
Kenya,South Africa,
Kenya,South Korea,
Kenya,South Sudan,
Kenya,Spain,
Kenya,Sri Lanka,
Kenya,Saint Vincent and the Grenadines,
Kenya,Sudan,
Kenya,Suriname,
Kenya,Sweden,
Kenya,Switzerland,
Kenya,Syria,
Kenya,Taiwan,
Kenya,Tajikistan,
Kenya,Tanzania,
Kenya,Thailand,
Kenya,Timor-Leste,
Kenya,Togo,
Kenya,Tonga,
Kenya,Trinidad and Tobago,
Kenya,Tunisia,
Kenya,Turkmenistan,
Kenya,Tuvalu,
Kenya,Turkey,
Kenya,Uganda,
Kenya,Ukraine,
Kenya,United Arab Emirates,
Kenya,United Kingdom,
Kenya,United States,
Kenya,Uruguay,
Kenya,Uzbekistan,
Kenya,Vanuatu,
Kenya,Vatican,
Kenya,Venezuela,
Kenya,Vietnam,
Kenya,Yemen,
Kenya,Zambia,
Kenya,Zimbabwe,
Kenya,Afghanistan,
Kiribati,Albania,
Kiribati,Algeria,
Kiribati,Andorra,
Kiribati,Angola,
Kiribati,Antigua and Barbuda,
Kiribati,Argentina,
Kiribati,Armenia,
Kiribati,Australia,
Kiribati,Austria,
Kiribati,Azerbaijan,
Kiribati,Bahamas,
Kiribati,Bahrain,
Kiribati,Bangladesh,
Kiribati,Barbados,
Kiribati,Belarus,
Kiribati,Belgium,
Kiribati,Belize,
Kiribati,Benin,
Kiribati,Bhutan,
Kiribati,Bolivia,
Kiribati,Bosnia and Herzegovina,
Kiribati,Botswana,
Kiribati,Brazil,
Kiribati,Brunei,
Kiribati,Bulgaria,
Kiribati,Burkina Faso,
Kiribati,Burundi,
Kiribati,Cambodia,
Kiribati,Cameroon,
Kiribati,Canada,
Kiribati,Cape Verde,
Kiribati,Central African Republic,
Kiribati,Chad,
Kiribati,Chile,
Kiribati,China,
Kiribati,Colombia,
Kiribati,Comoros,
Kiribati,Congo,
Kiribati,DR Congo,
Kiribati,Costa Rica,
Kiribati,Ivory Coast,
Kiribati,Croatia,
Kiribati,Cuba,
Kiribati,Cyprus,
Kiribati,Czech Republic,
Kiribati,Denmark,
Kiribati,Djibouti,
Kiribati,Dominica,
Kiribati,Dominican Republic,
Kiribati,Ecuador,
Kiribati,Egypt,
Kiribati,El Salvador,
Kiribati,Equatorial Guinea,
Kiribati,Eritrea,
Kiribati,Estonia,
Kiribati,Swaziland,
Kiribati,Ethiopia,
Kiribati,Fiji,
Kiribati,Finland,
Kiribati,France,
Kiribati,Gabon,
Kiribati,Gambia,
Kiribati,Georgia,
Kiribati,Germany,
Kiribati,Ghana,
Kiribati,Greece,
Kiribati,Grenada,
Kiribati,Guatemala,
Kiribati,Guinea,
Kiribati,Guinea-Bissau,
Kiribati,Guyana,
Kiribati,Haiti,
Kiribati,Honduras,
Kiribati,Hong Kong,
Kiribati,Hungary,
Kiribati,Iceland,
Kiribati,India,
Kiribati,Indonesia,
Kiribati,Iran,
Kiribati,Iraq,
Kiribati,Ireland,
Kiribati,Israel,
Kiribati,Italy,
Kiribati,Jamaica,
Kiribati,Japan,
Kiribati,Jordan,
Kiribati,Kazakhstan,
Kiribati,Kenya,
Kiribati,Kiribati,-1
Kiribati,Kosovo,
Kiribati,Kuwait,
Kiribati,Kyrgyzstan,
Kiribati,Laos,
Kiribati,Latvia,
Kiribati,Lebanon,
Kiribati,Lesotho,
Kiribati,Liberia,
Kiribati,Libya,
Kiribati,Liechtenstein,
Kiribati,Lithuania,
Kiribati,Luxembourg,
Kiribati,Macao,
Kiribati,Madagascar,
Kiribati,Malawi,
Kiribati,Malaysia,
Kiribati,Maldives,
Kiribati,Mali,
Kiribati,Malta,
Kiribati,Marshall Islands,
Kiribati,Mauritania,
Kiribati,Mauritius,
Kiribati,Mexico,
Kiribati,Micronesia,
Kiribati,Moldova,
Kiribati,Monaco,
Kiribati,Mongolia,
Kiribati,Montenegro,
Kiribati,Morocco,
Kiribati,Mozambique,
Kiribati,Myanmar,
Kiribati,Namibia,
Kiribati,Nauru,
Kiribati,Nepal,
Kiribati,Netherlands,
Kiribati,New Zealand,
Kiribati,Nicaragua,
Kiribati,Niger,
Kiribati,Nigeria,
Kiribati,North Korea,
Kiribati,North Macedonia,
Kiribati,Norway,
Kiribati,Oman,
Kiribati,Pakistan,
Kiribati,Palau,
Kiribati,Palestine,
Kiribati,Panama,
Kiribati,Papua New Guinea,
Kiribati,Paraguay,
Kiribati,Peru,
Kiribati,Philippines,
Kiribati,Poland,
Kiribati,Portugal,
Kiribati,Qatar,
Kiribati,Romania,
Kiribati,Russia,
Kiribati,Rwanda,
Kiribati,Saint Kitts and Nevis,
Kiribati,Saint Lucia,
Kiribati,Samoa,
Kiribati,San Marino,
Kiribati,Sao Tome and Principe,
Kiribati,Saudi Arabia,
Kiribati,Senegal,
Kiribati,Serbia,
Kiribati,Seychelles,
Kiribati,Sierra Leone,
Kiribati,Singapore,
Kiribati,Slovakia,
Kiribati,Slovenia,
Kiribati,Solomon Islands,
Kiribati,Somalia,
Kiribati,South Africa,
Kiribati,South Korea,
Kiribati,South Sudan,
Kiribati,Spain,
Kiribati,Sri Lanka,
Kiribati,Saint Vincent and the Grenadines,
Kiribati,Sudan,
Kiribati,Suriname,
Kiribati,Sweden,
Kiribati,Switzerland,
Kiribati,Syria,
Kiribati,Taiwan,
Kiribati,Tajikistan,
Kiribati,Tanzania,
Kiribati,Thailand,
Kiribati,Timor-Leste,
Kiribati,Togo,
Kiribati,Tonga,
Kiribati,Trinidad and Tobago,
Kiribati,Tunisia,
Kiribati,Turkmenistan,
Kiribati,Tuvalu,
Kiribati,Turkey,
Kiribati,Uganda,
Kiribati,Ukraine,
Kiribati,United Arab Emirates,
Kiribati,United Kingdom,
Kiribati,United States,
Kiribati,Uruguay,
Kiribati,Uzbekistan,
Kiribati,Vanuatu,
Kiribati,Vatican,
Kiribati,Venezuela,
Kiribati,Vietnam,
Kiribati,Yemen,
Kiribati,Zambia,
Kiribati,Zimbabwe,
Kiribati,Afghanistan,
Kosovo,Albania,
Kosovo,Algeria,
Kosovo,Andorra,
Kosovo,Angola,
Kosovo,Antigua and Barbuda,
Kosovo,Argentina,
Kosovo,Armenia,
Kosovo,Australia,
Kosovo,Austria,
Kosovo,Azerbaijan,
Kosovo,Bahamas,
Kosovo,Bahrain,
Kosovo,Bangladesh,
Kosovo,Barbados,
Kosovo,Belarus,
Kosovo,Belgium,
Kosovo,Belize,
Kosovo,Benin,
Kosovo,Bhutan,
Kosovo,Bolivia,
Kosovo,Bosnia and Herzegovina,
Kosovo,Botswana,
Kosovo,Brazil,
Kosovo,Brunei,
Kosovo,Bulgaria,
Kosovo,Burkina Faso,
Kosovo,Burundi,
Kosovo,Cambodia,
Kosovo,Cameroon,
Kosovo,Canada,
Kosovo,Cape Verde,
Kosovo,Central African Republic,
Kosovo,Chad,
Kosovo,Chile,
Kosovo,China,
Kosovo,Colombia,
Kosovo,Comoros,
Kosovo,Congo,
Kosovo,DR Congo,
Kosovo,Costa Rica,
Kosovo,Ivory Coast,
Kosovo,Croatia,
Kosovo,Cuba,
Kosovo,Cyprus,
Kosovo,Czech Republic,
Kosovo,Denmark,
Kosovo,Djibouti,
Kosovo,Dominica,
Kosovo,Dominican Republic,
Kosovo,Ecuador,
Kosovo,Egypt,
Kosovo,El Salvador,
Kosovo,Equatorial Guinea,
Kosovo,Eritrea,
Kosovo,Estonia,
Kosovo,Swaziland,
Kosovo,Ethiopia,
Kosovo,Fiji,
Kosovo,Finland,
Kosovo,France,
Kosovo,Gabon,
Kosovo,Gambia,
Kosovo,Georgia,
Kosovo,Germany,
Kosovo,Ghana,
Kosovo,Greece,
Kosovo,Grenada,
Kosovo,Guatemala,
Kosovo,Guinea,
Kosovo,Guinea-Bissau,
Kosovo,Guyana,
Kosovo,Haiti,
Kosovo,Honduras,
Kosovo,Hong Kong,
Kosovo,Hungary,
Kosovo,Iceland,
Kosovo,India,
Kosovo,Indonesia,
Kosovo,Iran,
Kosovo,Iraq,
Kosovo,Ireland,
Kosovo,Israel,
Kosovo,Italy,
Kosovo,Jamaica,
Kosovo,Japan,
Kosovo,Jordan,
Kosovo,Kazakhstan,
Kosovo,Kenya,
Kosovo,Kiribati,
Kosovo,Kosovo,-1
Kosovo,Kuwait,
Kosovo,Kyrgyzstan,
Kosovo,Laos,
Kosovo,Latvia,
Kosovo,Lebanon,
Kosovo,Lesotho,
Kosovo,Liberia,
Kosovo,Libya,
Kosovo,Liechtenstein,
Kosovo,Lithuania,
Kosovo,Luxembourg,
Kosovo,Macao,
Kosovo,Madagascar,
Kosovo,Malawi,
Kosovo,Malaysia,
Kosovo,Maldives,
Kosovo,Mali,
Kosovo,Malta,
Kosovo,Marshall Islands,
Kosovo,Mauritania,
Kosovo,Mauritius,
Kosovo,Mexico,
Kosovo,Micronesia,
Kosovo,Moldova,
Kosovo,Monaco,
Kosovo,Mongolia,
Kosovo,Montenegro,
Kosovo,Morocco,
Kosovo,Mozambique,
Kosovo,Myanmar,
Kosovo,Namibia,
Kosovo,Nauru,
Kosovo,Nepal,
Kosovo,Netherlands,
Kosovo,New Zealand,
Kosovo,Nicaragua,
Kosovo,Niger,
Kosovo,Nigeria,
Kosovo,North Korea,
Kosovo,North Macedonia,
Kosovo,Norway,
Kosovo,Oman,
Kosovo,Pakistan,
Kosovo,Palau,
Kosovo,Palestine,
Kosovo,Panama,
Kosovo,Papua New Guinea,
Kosovo,Paraguay,
Kosovo,Peru,
Kosovo,Philippines,
Kosovo,Poland,
Kosovo,Portugal,
Kosovo,Qatar,
Kosovo,Romania,
Kosovo,Russia,
Kosovo,Rwanda,
Kosovo,Saint Kitts and Nevis,
Kosovo,Saint Lucia,
Kosovo,Samoa,
Kosovo,San Marino,
Kosovo,Sao Tome and Principe,
Kosovo,Saudi Arabia,
Kosovo,Senegal,
Kosovo,Serbia,
Kosovo,Seychelles,
Kosovo,Sierra Leone,
Kosovo,Singapore,
Kosovo,Slovakia,
Kosovo,Slovenia,
Kosovo,Solomon Islands,
Kosovo,Somalia,
Kosovo,South Africa,
Kosovo,South Korea,
Kosovo,South Sudan,
Kosovo,Spain,
Kosovo,Sri Lanka,
Kosovo,Saint Vincent and the Grenadines,
Kosovo,Sudan,
Kosovo,Suriname,
Kosovo,Sweden,
Kosovo,Switzerland,
Kosovo,Syria,
Kosovo,Taiwan,
Kosovo,Tajikistan,
Kosovo,Tanzania,
Kosovo,Thailand,
Kosovo,Timor-Leste,
Kosovo,Togo,
Kosovo,Tonga,
Kosovo,Trinidad and Tobago,
Kosovo,Tunisia,
Kosovo,Turkmenistan,
Kosovo,Tuvalu,
Kosovo,Turkey,
Kosovo,Uganda,
Kosovo,Ukraine,
Kosovo,United Arab Emirates,
Kosovo,United Kingdom,
Kosovo,United States,
Kosovo,Uruguay,
Kosovo,Uzbekistan,
Kosovo,Vanuatu,
Kosovo,Vatican,
Kosovo,Venezuela,
Kosovo,Vietnam,
Kosovo,Yemen,
Kosovo,Zambia,
Kosovo,Zimbabwe,
Kosovo,Afghanistan,
Kuwait,Albania,
Kuwait,Algeria,
Kuwait,Andorra,
Kuwait,Angola,
Kuwait,Antigua and Barbuda,
Kuwait,Argentina,
Kuwait,Armenia,
Kuwait,Australia,
Kuwait,Austria,
Kuwait,Azerbaijan,
Kuwait,Bahamas,
Kuwait,Bahrain,
Kuwait,Bangladesh,
Kuwait,Barbados,
Kuwait,Belarus,
Kuwait,Belgium,
Kuwait,Belize,
Kuwait,Benin,
Kuwait,Bhutan,
Kuwait,Bolivia,
Kuwait,Bosnia and Herzegovina,
Kuwait,Botswana,
Kuwait,Brazil,
Kuwait,Brunei,
Kuwait,Bulgaria,
Kuwait,Burkina Faso,
Kuwait,Burundi,
Kuwait,Cambodia,
Kuwait,Cameroon,
Kuwait,Canada,
Kuwait,Cape Verde,
Kuwait,Central African Republic,
Kuwait,Chad,
Kuwait,Chile,
Kuwait,China,
Kuwait,Colombia,
Kuwait,Comoros,
Kuwait,Congo,
Kuwait,DR Congo,
Kuwait,Costa Rica,
Kuwait,Ivory Coast,
Kuwait,Croatia,
Kuwait,Cuba,
Kuwait,Cyprus,
Kuwait,Czech Republic,
Kuwait,Denmark,
Kuwait,Djibouti,
Kuwait,Dominica,
Kuwait,Dominican Republic,
Kuwait,Ecuador,
Kuwait,Egypt,
Kuwait,El Salvador,
Kuwait,Equatorial Guinea,
Kuwait,Eritrea,
Kuwait,Estonia,
Kuwait,Swaziland,
Kuwait,Ethiopia,
Kuwait,Fiji,
Kuwait,Finland,
Kuwait,France,
Kuwait,Gabon,
Kuwait,Gambia,
Kuwait,Georgia,
Kuwait,Germany,
Kuwait,Ghana,
Kuwait,Greece,
Kuwait,Grenada,
Kuwait,Guatemala,
Kuwait,Guinea,
Kuwait,Guinea-Bissau,
Kuwait,Guyana,
Kuwait,Haiti,
Kuwait,Honduras,
Kuwait,Hong Kong,
Kuwait,Hungary,
Kuwait,Iceland,
Kuwait,India,
Kuwait,Indonesia,
Kuwait,Iran,
Kuwait,Iraq,
Kuwait,Ireland,
Kuwait,Israel,
Kuwait,Italy,
Kuwait,Jamaica,
Kuwait,Japan,
Kuwait,Jordan,
Kuwait,Kazakhstan,
Kuwait,Kenya,
Kuwait,Kiribati,
Kuwait,Kosovo,
Kuwait,Kuwait,-1
Kuwait,Kyrgyzstan,
Kuwait,Laos,
Kuwait,Latvia,
Kuwait,Lebanon,
Kuwait,Lesotho,
Kuwait,Liberia,
Kuwait,Libya,
Kuwait,Liechtenstein,
Kuwait,Lithuania,
Kuwait,Luxembourg,
Kuwait,Macao,
Kuwait,Madagascar,
Kuwait,Malawi,
Kuwait,Malaysia,
Kuwait,Maldives,
Kuwait,Mali,
Kuwait,Malta,
Kuwait,Marshall Islands,
Kuwait,Mauritania,
Kuwait,Mauritius,
Kuwait,Mexico,
Kuwait,Micronesia,
Kuwait,Moldova,
Kuwait,Monaco,
Kuwait,Mongolia,
Kuwait,Montenegro,
Kuwait,Morocco,
Kuwait,Mozambique,
Kuwait,Myanmar,
Kuwait,Namibia,
Kuwait,Nauru,
Kuwait,Nepal,
Kuwait,Netherlands,
Kuwait,New Zealand,
Kuwait,Nicaragua,
Kuwait,Niger,
Kuwait,Nigeria,
Kuwait,North Korea,
Kuwait,North Macedonia,
Kuwait,Norway,
Kuwait,Oman,
Kuwait,Pakistan,
Kuwait,Palau,
Kuwait,Palestine,
Kuwait,Panama,
Kuwait,Papua New Guinea,
Kuwait,Paraguay,
Kuwait,Peru,
Kuwait,Philippines,
Kuwait,Poland,
Kuwait,Portugal,
Kuwait,Qatar,
Kuwait,Romania,
Kuwait,Russia,
Kuwait,Rwanda,
Kuwait,Saint Kitts and Nevis,
Kuwait,Saint Lucia,
Kuwait,Samoa,
Kuwait,San Marino,
Kuwait,Sao Tome and Principe,
Kuwait,Saudi Arabia,
Kuwait,Senegal,
Kuwait,Serbia,
Kuwait,Seychelles,
Kuwait,Sierra Leone,
Kuwait,Singapore,
Kuwait,Slovakia,
Kuwait,Slovenia,
Kuwait,Solomon Islands,
Kuwait,Somalia,
Kuwait,South Africa,
Kuwait,South Korea,
Kuwait,South Sudan,
Kuwait,Spain,
Kuwait,Sri Lanka,
Kuwait,Saint Vincent and the Grenadines,
Kuwait,Sudan,
Kuwait,Suriname,
Kuwait,Sweden,
Kuwait,Switzerland,
Kuwait,Syria,
Kuwait,Taiwan,
Kuwait,Tajikistan,
Kuwait,Tanzania,
Kuwait,Thailand,
Kuwait,Timor-Leste,
Kuwait,Togo,
Kuwait,Tonga,
Kuwait,Trinidad and Tobago,
Kuwait,Tunisia,
Kuwait,Turkmenistan,
Kuwait,Tuvalu,
Kuwait,Turkey,
Kuwait,Uganda,
Kuwait,Ukraine,
Kuwait,United Arab Emirates,
Kuwait,United Kingdom,
Kuwait,United States,
Kuwait,Uruguay,
Kuwait,Uzbekistan,
Kuwait,Vanuatu,
Kuwait,Vatican,
Kuwait,Venezuela,
Kuwait,Vietnam,
Kuwait,Yemen,
Kuwait,Zambia,
Kuwait,Zimbabwe,
Kuwait,Afghanistan,
Kyrgyzstan,Albania,
Kyrgyzstan,Algeria,
Kyrgyzstan,Andorra,
Kyrgyzstan,Angola,
Kyrgyzstan,Antigua and Barbuda,
Kyrgyzstan,Argentina,
Kyrgyzstan,Armenia,
Kyrgyzstan,Australia,
Kyrgyzstan,Austria,
Kyrgyzstan,Azerbaijan,
Kyrgyzstan,Bahamas,
Kyrgyzstan,Bahrain,
Kyrgyzstan,Bangladesh,
Kyrgyzstan,Barbados,
Kyrgyzstan,Belarus,
Kyrgyzstan,Belgium,
Kyrgyzstan,Belize,
Kyrgyzstan,Benin,
Kyrgyzstan,Bhutan,
Kyrgyzstan,Bolivia,
Kyrgyzstan,Bosnia and Herzegovina,
Kyrgyzstan,Botswana,
Kyrgyzstan,Brazil,
Kyrgyzstan,Brunei,
Kyrgyzstan,Bulgaria,
Kyrgyzstan,Burkina Faso,
Kyrgyzstan,Burundi,
Kyrgyzstan,Cambodia,
Kyrgyzstan,Cameroon,
Kyrgyzstan,Canada,
Kyrgyzstan,Cape Verde,
Kyrgyzstan,Central African Republic,
Kyrgyzstan,Chad,
Kyrgyzstan,Chile,
Kyrgyzstan,China,
Kyrgyzstan,Colombia,
Kyrgyzstan,Comoros,
Kyrgyzstan,Congo,
Kyrgyzstan,DR Congo,
Kyrgyzstan,Costa Rica,
Kyrgyzstan,Ivory Coast,
Kyrgyzstan,Croatia,
Kyrgyzstan,Cuba,
Kyrgyzstan,Cyprus,
Kyrgyzstan,Czech Republic,
Kyrgyzstan,Denmark,
Kyrgyzstan,Djibouti,
Kyrgyzstan,Dominica,
Kyrgyzstan,Dominican Republic,
Kyrgyzstan,Ecuador,
Kyrgyzstan,Egypt,
Kyrgyzstan,El Salvador,
Kyrgyzstan,Equatorial Guinea,
Kyrgyzstan,Eritrea,
Kyrgyzstan,Estonia,
Kyrgyzstan,Swaziland,
Kyrgyzstan,Ethiopia,
Kyrgyzstan,Fiji,
Kyrgyzstan,Finland,
Kyrgyzstan,France,
Kyrgyzstan,Gabon,
Kyrgyzstan,Gambia,
Kyrgyzstan,Georgia,
Kyrgyzstan,Germany,
Kyrgyzstan,Ghana,
Kyrgyzstan,Greece,
Kyrgyzstan,Grenada,
Kyrgyzstan,Guatemala,
Kyrgyzstan,Guinea,
Kyrgyzstan,Guinea-Bissau,
Kyrgyzstan,Guyana,
Kyrgyzstan,Haiti,
Kyrgyzstan,Honduras,
Kyrgyzstan,Hong Kong,
Kyrgyzstan,Hungary,
Kyrgyzstan,Iceland,
Kyrgyzstan,India,
Kyrgyzstan,Indonesia,
Kyrgyzstan,Iran,
Kyrgyzstan,Iraq,
Kyrgyzstan,Ireland,
Kyrgyzstan,Israel,
Kyrgyzstan,Italy,
Kyrgyzstan,Jamaica,
Kyrgyzstan,Japan,
Kyrgyzstan,Jordan,
Kyrgyzstan,Kazakhstan,
Kyrgyzstan,Kenya,
Kyrgyzstan,Kiribati,
Kyrgyzstan,Kosovo,
Kyrgyzstan,Kuwait,
Kyrgyzstan,Kyrgyzstan,-1
Kyrgyzstan,Laos,
Kyrgyzstan,Latvia,
Kyrgyzstan,Lebanon,
Kyrgyzstan,Lesotho,
Kyrgyzstan,Liberia,
Kyrgyzstan,Libya,
Kyrgyzstan,Liechtenstein,
Kyrgyzstan,Lithuania,
Kyrgyzstan,Luxembourg,
Kyrgyzstan,Macao,
Kyrgyzstan,Madagascar,
Kyrgyzstan,Malawi,
Kyrgyzstan,Malaysia,
Kyrgyzstan,Maldives,
Kyrgyzstan,Mali,
Kyrgyzstan,Malta,
Kyrgyzstan,Marshall Islands,
Kyrgyzstan,Mauritania,
Kyrgyzstan,Mauritius,
Kyrgyzstan,Mexico,
Kyrgyzstan,Micronesia,
Kyrgyzstan,Moldova,
Kyrgyzstan,Monaco,
Kyrgyzstan,Mongolia,
Kyrgyzstan,Montenegro,
Kyrgyzstan,Morocco,
Kyrgyzstan,Mozambique,
Kyrgyzstan,Myanmar,
Kyrgyzstan,Namibia,
Kyrgyzstan,Nauru,
Kyrgyzstan,Nepal,
Kyrgyzstan,Netherlands,
Kyrgyzstan,New Zealand,
Kyrgyzstan,Nicaragua,
Kyrgyzstan,Niger,
Kyrgyzstan,Nigeria,
Kyrgyzstan,North Korea,
Kyrgyzstan,North Macedonia,
Kyrgyzstan,Norway,
Kyrgyzstan,Oman,
Kyrgyzstan,Pakistan,
Kyrgyzstan,Palau,
Kyrgyzstan,Palestine,
Kyrgyzstan,Panama,
Kyrgyzstan,Papua New Guinea,
Kyrgyzstan,Paraguay,
Kyrgyzstan,Peru,
Kyrgyzstan,Philippines,
Kyrgyzstan,Poland,
Kyrgyzstan,Portugal,
Kyrgyzstan,Qatar,
Kyrgyzstan,Romania,
Kyrgyzstan,Russia,
Kyrgyzstan,Rwanda,
Kyrgyzstan,Saint Kitts and Nevis,
Kyrgyzstan,Saint Lucia,
Kyrgyzstan,Samoa,
Kyrgyzstan,San Marino,
Kyrgyzstan,Sao Tome and Principe,
Kyrgyzstan,Saudi Arabia,
Kyrgyzstan,Senegal,
Kyrgyzstan,Serbia,
Kyrgyzstan,Seychelles,
Kyrgyzstan,Sierra Leone,
Kyrgyzstan,Singapore,
Kyrgyzstan,Slovakia,
Kyrgyzstan,Slovenia,
Kyrgyzstan,Solomon Islands,
Kyrgyzstan,Somalia,
Kyrgyzstan,South Africa,
Kyrgyzstan,South Korea,
Kyrgyzstan,South Sudan,
Kyrgyzstan,Spain,
Kyrgyzstan,Sri Lanka,
Kyrgyzstan,Saint Vincent and the Grenadines,
Kyrgyzstan,Sudan,
Kyrgyzstan,Suriname,
Kyrgyzstan,Sweden,
Kyrgyzstan,Switzerland,
Kyrgyzstan,Syria,
Kyrgyzstan,Taiwan,
Kyrgyzstan,Tajikistan,
Kyrgyzstan,Tanzania,
Kyrgyzstan,Thailand,
Kyrgyzstan,Timor-Leste,
Kyrgyzstan,Togo,
Kyrgyzstan,Tonga,
Kyrgyzstan,Trinidad and Tobago,
Kyrgyzstan,Tunisia,
Kyrgyzstan,Turkmenistan,
Kyrgyzstan,Tuvalu,
Kyrgyzstan,Turkey,
Kyrgyzstan,Uganda,
Kyrgyzstan,Ukraine,
Kyrgyzstan,United Arab Emirates,
Kyrgyzstan,United Kingdom,
Kyrgyzstan,United States,
Kyrgyzstan,Uruguay,
Kyrgyzstan,Uzbekistan,
Kyrgyzstan,Vanuatu,
Kyrgyzstan,Vatican,
Kyrgyzstan,Venezuela,
Kyrgyzstan,Vietnam,
Kyrgyzstan,Yemen,
Kyrgyzstan,Zambia,
Kyrgyzstan,Zimbabwe,
Kyrgyzstan,Afghanistan,
Laos,Albania,
Laos,Algeria,
Laos,Andorra,
Laos,Angola,
Laos,Antigua and Barbuda,
Laos,Argentina,
Laos,Armenia,
Laos,Australia,
Laos,Austria,
Laos,Azerbaijan,
Laos,Bahamas,
Laos,Bahrain,
Laos,Bangladesh,
Laos,Barbados,
Laos,Belarus,
Laos,Belgium,
Laos,Belize,
Laos,Benin,
Laos,Bhutan,
Laos,Bolivia,
Laos,Bosnia and Herzegovina,
Laos,Botswana,
Laos,Brazil,
Laos,Brunei,
Laos,Bulgaria,
Laos,Burkina Faso,
Laos,Burundi,
Laos,Cambodia,
Laos,Cameroon,
Laos,Canada,
Laos,Cape Verde,
Laos,Central African Republic,
Laos,Chad,
Laos,Chile,
Laos,China,
Laos,Colombia,
Laos,Comoros,
Laos,Congo,
Laos,DR Congo,
Laos,Costa Rica,
Laos,Ivory Coast,
Laos,Croatia,
Laos,Cuba,
Laos,Cyprus,
Laos,Czech Republic,
Laos,Denmark,
Laos,Djibouti,
Laos,Dominica,
Laos,Dominican Republic,
Laos,Ecuador,
Laos,Egypt,
Laos,El Salvador,
Laos,Equatorial Guinea,
Laos,Eritrea,
Laos,Estonia,
Laos,Swaziland,
Laos,Ethiopia,
Laos,Fiji,
Laos,Finland,
Laos,France,
Laos,Gabon,
Laos,Gambia,
Laos,Georgia,
Laos,Germany,
Laos,Ghana,
Laos,Greece,
Laos,Grenada,
Laos,Guatemala,
Laos,Guinea,
Laos,Guinea-Bissau,
Laos,Guyana,
Laos,Haiti,
Laos,Honduras,
Laos,Hong Kong,
Laos,Hungary,
Laos,Iceland,
Laos,India,
Laos,Indonesia,
Laos,Iran,
Laos,Iraq,
Laos,Ireland,
Laos,Israel,
Laos,Italy,
Laos,Jamaica,
Laos,Japan,
Laos,Jordan,
Laos,Kazakhstan,
Laos,Kenya,
Laos,Kiribati,
Laos,Kosovo,
Laos,Kuwait,
Laos,Kyrgyzstan,
Laos,Laos,-1
Laos,Latvia,
Laos,Lebanon,
Laos,Lesotho,
Laos,Liberia,
Laos,Libya,
Laos,Liechtenstein,
Laos,Lithuania,
Laos,Luxembourg,
Laos,Macao,
Laos,Madagascar,
Laos,Malawi,
Laos,Malaysia,
Laos,Maldives,
Laos,Mali,
Laos,Malta,
Laos,Marshall Islands,
Laos,Mauritania,
Laos,Mauritius,
Laos,Mexico,
Laos,Micronesia,
Laos,Moldova,
Laos,Monaco,
Laos,Mongolia,
Laos,Montenegro,
Laos,Morocco,
Laos,Mozambique,
Laos,Myanmar,
Laos,Namibia,
Laos,Nauru,
Laos,Nepal,
Laos,Netherlands,
Laos,New Zealand,
Laos,Nicaragua,
Laos,Niger,
Laos,Nigeria,
Laos,North Korea,
Laos,North Macedonia,
Laos,Norway,
Laos,Oman,
Laos,Pakistan,
Laos,Palau,
Laos,Palestine,
Laos,Panama,
Laos,Papua New Guinea,
Laos,Paraguay,
Laos,Peru,
Laos,Philippines,
Laos,Poland,
Laos,Portugal,
Laos,Qatar,
Laos,Romania,
Laos,Russia,
Laos,Rwanda,
Laos,Saint Kitts and Nevis,
Laos,Saint Lucia,
Laos,Samoa,
Laos,San Marino,
Laos,Sao Tome and Principe,
Laos,Saudi Arabia,
Laos,Senegal,
Laos,Serbia,
Laos,Seychelles,
Laos,Sierra Leone,
Laos,Singapore,
Laos,Slovakia,
Laos,Slovenia,
Laos,Solomon Islands,
Laos,Somalia,
Laos,South Africa,
Laos,South Korea,
Laos,South Sudan,
Laos,Spain,
Laos,Sri Lanka,
Laos,Saint Vincent and the Grenadines,
Laos,Sudan,
Laos,Suriname,
Laos,Sweden,
Laos,Switzerland,
Laos,Syria,
Laos,Taiwan,
Laos,Tajikistan,
Laos,Tanzania,
Laos,Thailand,
Laos,Timor-Leste,
Laos,Togo,
Laos,Tonga,
Laos,Trinidad and Tobago,
Laos,Tunisia,
Laos,Turkmenistan,
Laos,Tuvalu,
Laos,Turkey,
Laos,Uganda,
Laos,Ukraine,
Laos,United Arab Emirates,
Laos,United Kingdom,
Laos,United States,
Laos,Uruguay,
Laos,Uzbekistan,
Laos,Vanuatu,
Laos,Vatican,
Laos,Venezuela,
Laos,Vietnam,
Laos,Yemen,
Laos,Zambia,
Laos,Zimbabwe,
Laos,Afghanistan,
Latvia,Albania,
Latvia,Algeria,
Latvia,Andorra,
Latvia,Angola,
Latvia,Antigua and Barbuda,
Latvia,Argentina,
Latvia,Armenia,
Latvia,Australia,
Latvia,Austria,
Latvia,Azerbaijan,
Latvia,Bahamas,
Latvia,Bahrain,
Latvia,Bangladesh,
Latvia,Barbados,
Latvia,Belarus,
Latvia,Belgium,
Latvia,Belize,
Latvia,Benin,
Latvia,Bhutan,
Latvia,Bolivia,
Latvia,Bosnia and Herzegovina,
Latvia,Botswana,
Latvia,Brazil,
Latvia,Brunei,
Latvia,Bulgaria,
Latvia,Burkina Faso,
Latvia,Burundi,
Latvia,Cambodia,
Latvia,Cameroon,
Latvia,Canada,
Latvia,Cape Verde,
Latvia,Central African Republic,
Latvia,Chad,
Latvia,Chile,
Latvia,China,
Latvia,Colombia,
Latvia,Comoros,
Latvia,Congo,
Latvia,DR Congo,
Latvia,Costa Rica,
Latvia,Ivory Coast,
Latvia,Croatia,
Latvia,Cuba,
Latvia,Cyprus,
Latvia,Czech Republic,
Latvia,Denmark,
Latvia,Djibouti,
Latvia,Dominica,
Latvia,Dominican Republic,
Latvia,Ecuador,
Latvia,Egypt,
Latvia,El Salvador,
Latvia,Equatorial Guinea,
Latvia,Eritrea,
Latvia,Estonia,
Latvia,Swaziland,
Latvia,Ethiopia,
Latvia,Fiji,
Latvia,Finland,
Latvia,France,
Latvia,Gabon,
Latvia,Gambia,
Latvia,Georgia,
Latvia,Germany,
Latvia,Ghana,
Latvia,Greece,
Latvia,Grenada,
Latvia,Guatemala,
Latvia,Guinea,
Latvia,Guinea-Bissau,
Latvia,Guyana,
Latvia,Haiti,
Latvia,Honduras,
Latvia,Hong Kong,
Latvia,Hungary,
Latvia,Iceland,
Latvia,India,
Latvia,Indonesia,
Latvia,Iran,
Latvia,Iraq,
Latvia,Ireland,
Latvia,Israel,
Latvia,Italy,
Latvia,Jamaica,
Latvia,Japan,
Latvia,Jordan,
Latvia,Kazakhstan,
Latvia,Kenya,
Latvia,Kiribati,
Latvia,Kosovo,
Latvia,Kuwait,
Latvia,Kyrgyzstan,
Latvia,Laos,
Latvia,Latvia,-1
Latvia,Lebanon,
Latvia,Lesotho,
Latvia,Liberia,
Latvia,Libya,
Latvia,Liechtenstein,
Latvia,Lithuania,
Latvia,Luxembourg,
Latvia,Macao,
Latvia,Madagascar,
Latvia,Malawi,
Latvia,Malaysia,
Latvia,Maldives,
Latvia,Mali,
Latvia,Malta,
Latvia,Marshall Islands,
Latvia,Mauritania,
Latvia,Mauritius,
Latvia,Mexico,
Latvia,Micronesia,
Latvia,Moldova,
Latvia,Monaco,
Latvia,Mongolia,
Latvia,Montenegro,
Latvia,Morocco,
Latvia,Mozambique,
Latvia,Myanmar,
Latvia,Namibia,
Latvia,Nauru,
Latvia,Nepal,
Latvia,Netherlands,
Latvia,New Zealand,
Latvia,Nicaragua,
Latvia,Niger,
Latvia,Nigeria,
Latvia,North Korea,
Latvia,North Macedonia,
Latvia,Norway,
Latvia,Oman,
Latvia,Pakistan,
Latvia,Palau,
Latvia,Palestine,
Latvia,Panama,
Latvia,Papua New Guinea,
Latvia,Paraguay,
Latvia,Peru,
Latvia,Philippines,
Latvia,Poland,
Latvia,Portugal,
Latvia,Qatar,
Latvia,Romania,
Latvia,Russia,
Latvia,Rwanda,
Latvia,Saint Kitts and Nevis,
Latvia,Saint Lucia,
Latvia,Samoa,
Latvia,San Marino,
Latvia,Sao Tome and Principe,
Latvia,Saudi Arabia,
Latvia,Senegal,
Latvia,Serbia,
Latvia,Seychelles,
Latvia,Sierra Leone,
Latvia,Singapore,
Latvia,Slovakia,
Latvia,Slovenia,
Latvia,Solomon Islands,
Latvia,Somalia,
Latvia,South Africa,
Latvia,South Korea,
Latvia,South Sudan,
Latvia,Spain,
Latvia,Sri Lanka,
Latvia,Saint Vincent and the Grenadines,
Latvia,Sudan,
Latvia,Suriname,
Latvia,Sweden,
Latvia,Switzerland,
Latvia,Syria,
Latvia,Taiwan,
Latvia,Tajikistan,
Latvia,Tanzania,
Latvia,Thailand,
Latvia,Timor-Leste,
Latvia,Togo,
Latvia,Tonga,
Latvia,Trinidad and Tobago,
Latvia,Tunisia,
Latvia,Turkmenistan,
Latvia,Tuvalu,
Latvia,Turkey,
Latvia,Uganda,
Latvia,Ukraine,
Latvia,United Arab Emirates,
Latvia,United Kingdom,
Latvia,United States,
Latvia,Uruguay,
Latvia,Uzbekistan,
Latvia,Vanuatu,
Latvia,Vatican,
Latvia,Venezuela,
Latvia,Vietnam,
Latvia,Yemen,
Latvia,Zambia,
Latvia,Zimbabwe,
Latvia,Afghanistan,
Lebanon,Albania,
Lebanon,Algeria,
Lebanon,Andorra,
Lebanon,Angola,
Lebanon,Antigua and Barbuda,
Lebanon,Argentina,
Lebanon,Armenia,
Lebanon,Australia,
Lebanon,Austria,
Lebanon,Azerbaijan,
Lebanon,Bahamas,
Lebanon,Bahrain,
Lebanon,Bangladesh,
Lebanon,Barbados,
Lebanon,Belarus,
Lebanon,Belgium,
Lebanon,Belize,
Lebanon,Benin,
Lebanon,Bhutan,
Lebanon,Bolivia,
Lebanon,Bosnia and Herzegovina,
Lebanon,Botswana,
Lebanon,Brazil,
Lebanon,Brunei,
Lebanon,Bulgaria,
Lebanon,Burkina Faso,
Lebanon,Burundi,
Lebanon,Cambodia,
Lebanon,Cameroon,
Lebanon,Canada,
Lebanon,Cape Verde,
Lebanon,Central African Republic,
Lebanon,Chad,
Lebanon,Chile,
Lebanon,China,
Lebanon,Colombia,
Lebanon,Comoros,
Lebanon,Congo,
Lebanon,DR Congo,
Lebanon,Costa Rica,
Lebanon,Ivory Coast,
Lebanon,Croatia,
Lebanon,Cuba,
Lebanon,Cyprus,
Lebanon,Czech Republic,
Lebanon,Denmark,
Lebanon,Djibouti,
Lebanon,Dominica,
Lebanon,Dominican Republic,
Lebanon,Ecuador,
Lebanon,Egypt,
Lebanon,El Salvador,
Lebanon,Equatorial Guinea,
Lebanon,Eritrea,
Lebanon,Estonia,
Lebanon,Swaziland,
Lebanon,Ethiopia,
Lebanon,Fiji,
Lebanon,Finland,
Lebanon,France,
Lebanon,Gabon,
Lebanon,Gambia,
Lebanon,Georgia,
Lebanon,Germany,
Lebanon,Ghana,
Lebanon,Greece,
Lebanon,Grenada,
Lebanon,Guatemala,
Lebanon,Guinea,
Lebanon,Guinea-Bissau,
Lebanon,Guyana,
Lebanon,Haiti,
Lebanon,Honduras,
Lebanon,Hong Kong,
Lebanon,Hungary,
Lebanon,Iceland,
Lebanon,India,
Lebanon,Indonesia,
Lebanon,Iran,
Lebanon,Iraq,
Lebanon,Ireland,
Lebanon,Israel,
Lebanon,Italy,
Lebanon,Jamaica,
Lebanon,Japan,
Lebanon,Jordan,
Lebanon,Kazakhstan,
Lebanon,Kenya,
Lebanon,Kiribati,
Lebanon,Kosovo,
Lebanon,Kuwait,
Lebanon,Kyrgyzstan,
Lebanon,Laos,
Lebanon,Latvia,
Lebanon,Lebanon,-1
Lebanon,Lesotho,
Lebanon,Liberia,
Lebanon,Libya,
Lebanon,Liechtenstein,
Lebanon,Lithuania,
Lebanon,Luxembourg,
Lebanon,Macao,
Lebanon,Madagascar,
Lebanon,Malawi,
Lebanon,Malaysia,
Lebanon,Maldives,
Lebanon,Mali,
Lebanon,Malta,
Lebanon,Marshall Islands,
Lebanon,Mauritania,
Lebanon,Mauritius,
Lebanon,Mexico,
Lebanon,Micronesia,
Lebanon,Moldova,
Lebanon,Monaco,
Lebanon,Mongolia,
Lebanon,Montenegro,
Lebanon,Morocco,
Lebanon,Mozambique,
Lebanon,Myanmar,
Lebanon,Namibia,
Lebanon,Nauru,
Lebanon,Nepal,
Lebanon,Netherlands,
Lebanon,New Zealand,
Lebanon,Nicaragua,
Lebanon,Niger,
Lebanon,Nigeria,
Lebanon,North Korea,
Lebanon,North Macedonia,
Lebanon,Norway,
Lebanon,Oman,
Lebanon,Pakistan,
Lebanon,Palau,
Lebanon,Palestine,
Lebanon,Panama,
Lebanon,Papua New Guinea,
Lebanon,Paraguay,
Lebanon,Peru,
Lebanon,Philippines,
Lebanon,Poland,
Lebanon,Portugal,
Lebanon,Qatar,
Lebanon,Romania,
Lebanon,Russia,
Lebanon,Rwanda,
Lebanon,Saint Kitts and Nevis,
Lebanon,Saint Lucia,
Lebanon,Samoa,
Lebanon,San Marino,
Lebanon,Sao Tome and Principe,
Lebanon,Saudi Arabia,
Lebanon,Senegal,
Lebanon,Serbia,
Lebanon,Seychelles,
Lebanon,Sierra Leone,
Lebanon,Singapore,
Lebanon,Slovakia,
Lebanon,Slovenia,
Lebanon,Solomon Islands,
Lebanon,Somalia,
Lebanon,South Africa,
Lebanon,South Korea,
Lebanon,South Sudan,
Lebanon,Spain,
Lebanon,Sri Lanka,
Lebanon,Saint Vincent and the Grenadines,
Lebanon,Sudan,
Lebanon,Suriname,
Lebanon,Sweden,
Lebanon,Switzerland,
Lebanon,Syria,
Lebanon,Taiwan,
Lebanon,Tajikistan,
Lebanon,Tanzania,
Lebanon,Thailand,
Lebanon,Timor-Leste,
Lebanon,Togo,
Lebanon,Tonga,
Lebanon,Trinidad and Tobago,
Lebanon,Tunisia,
Lebanon,Turkmenistan,
Lebanon,Tuvalu,
Lebanon,Turkey,
Lebanon,Uganda,
Lebanon,Ukraine,
Lebanon,United Arab Emirates,
Lebanon,United Kingdom,
Lebanon,United States,
Lebanon,Uruguay,
Lebanon,Uzbekistan,
Lebanon,Vanuatu,
Lebanon,Vatican,
Lebanon,Venezuela,
Lebanon,Vietnam,
Lebanon,Yemen,
Lebanon,Zambia,
Lebanon,Zimbabwe,
Lebanon,Afghanistan,
Lesotho,Albania,
Lesotho,Algeria,
Lesotho,Andorra,
Lesotho,Angola,
Lesotho,Antigua and Barbuda,
Lesotho,Argentina,
Lesotho,Armenia,
Lesotho,Australia,
Lesotho,Austria,
Lesotho,Azerbaijan,
Lesotho,Bahamas,
Lesotho,Bahrain,
Lesotho,Bangladesh,
Lesotho,Barbados,
Lesotho,Belarus,
Lesotho,Belgium,
Lesotho,Belize,
Lesotho,Benin,
Lesotho,Bhutan,
Lesotho,Bolivia,
Lesotho,Bosnia and Herzegovina,
Lesotho,Botswana,
Lesotho,Brazil,
Lesotho,Brunei,
Lesotho,Bulgaria,
Lesotho,Burkina Faso,
Lesotho,Burundi,
Lesotho,Cambodia,
Lesotho,Cameroon,
Lesotho,Canada,
Lesotho,Cape Verde,
Lesotho,Central African Republic,
Lesotho,Chad,
Lesotho,Chile,
Lesotho,China,
Lesotho,Colombia,
Lesotho,Comoros,
Lesotho,Congo,
Lesotho,DR Congo,
Lesotho,Costa Rica,
Lesotho,Ivory Coast,
Lesotho,Croatia,
Lesotho,Cuba,
Lesotho,Cyprus,
Lesotho,Czech Republic,
Lesotho,Denmark,
Lesotho,Djibouti,
Lesotho,Dominica,
Lesotho,Dominican Republic,
Lesotho,Ecuador,
Lesotho,Egypt,
Lesotho,El Salvador,
Lesotho,Equatorial Guinea,
Lesotho,Eritrea,
Lesotho,Estonia,
Lesotho,Swaziland,
Lesotho,Ethiopia,
Lesotho,Fiji,
Lesotho,Finland,
Lesotho,France,
Lesotho,Gabon,
Lesotho,Gambia,
Lesotho,Georgia,
Lesotho,Germany,
Lesotho,Ghana,
Lesotho,Greece,
Lesotho,Grenada,
Lesotho,Guatemala,
Lesotho,Guinea,
Lesotho,Guinea-Bissau,
Lesotho,Guyana,
Lesotho,Haiti,
Lesotho,Honduras,
Lesotho,Hong Kong,
Lesotho,Hungary,
Lesotho,Iceland,
Lesotho,India,
Lesotho,Indonesia,
Lesotho,Iran,
Lesotho,Iraq,
Lesotho,Ireland,
Lesotho,Israel,
Lesotho,Italy,
Lesotho,Jamaica,
Lesotho,Japan,
Lesotho,Jordan,
Lesotho,Kazakhstan,
Lesotho,Kenya,
Lesotho,Kiribati,
Lesotho,Kosovo,
Lesotho,Kuwait,
Lesotho,Kyrgyzstan,
Lesotho,Laos,
Lesotho,Latvia,
Lesotho,Lebanon,
Lesotho,Lesotho,-1
Lesotho,Liberia,
Lesotho,Libya,
Lesotho,Liechtenstein,
Lesotho,Lithuania,
Lesotho,Luxembourg,
Lesotho,Macao,
Lesotho,Madagascar,
Lesotho,Malawi,
Lesotho,Malaysia,
Lesotho,Maldives,
Lesotho,Mali,
Lesotho,Malta,
Lesotho,Marshall Islands,
Lesotho,Mauritania,
Lesotho,Mauritius,
Lesotho,Mexico,
Lesotho,Micronesia,
Lesotho,Moldova,
Lesotho,Monaco,
Lesotho,Mongolia,
Lesotho,Montenegro,
Lesotho,Morocco,
Lesotho,Mozambique,
Lesotho,Myanmar,
Lesotho,Namibia,
Lesotho,Nauru,
Lesotho,Nepal,
Lesotho,Netherlands,
Lesotho,New Zealand,
Lesotho,Nicaragua,
Lesotho,Niger,
Lesotho,Nigeria,
Lesotho,North Korea,
Lesotho,North Macedonia,
Lesotho,Norway,
Lesotho,Oman,
Lesotho,Pakistan,
Lesotho,Palau,
Lesotho,Palestine,
Lesotho,Panama,
Lesotho,Papua New Guinea,
Lesotho,Paraguay,
Lesotho,Peru,
Lesotho,Philippines,
Lesotho,Poland,
Lesotho,Portugal,
Lesotho,Qatar,
Lesotho,Romania,
Lesotho,Russia,
Lesotho,Rwanda,
Lesotho,Saint Kitts and Nevis,
Lesotho,Saint Lucia,
Lesotho,Samoa,
Lesotho,San Marino,
Lesotho,Sao Tome and Principe,
Lesotho,Saudi Arabia,
Lesotho,Senegal,
Lesotho,Serbia,
Lesotho,Seychelles,
Lesotho,Sierra Leone,
Lesotho,Singapore,
Lesotho,Slovakia,
Lesotho,Slovenia,
Lesotho,Solomon Islands,
Lesotho,Somalia,
Lesotho,South Africa,
Lesotho,South Korea,
Lesotho,South Sudan,
Lesotho,Spain,
Lesotho,Sri Lanka,
Lesotho,Saint Vincent and the Grenadines,
Lesotho,Sudan,
Lesotho,Suriname,
Lesotho,Sweden,
Lesotho,Switzerland,
Lesotho,Syria,
Lesotho,Taiwan,
Lesotho,Tajikistan,
Lesotho,Tanzania,
Lesotho,Thailand,
Lesotho,Timor-Leste,
Lesotho,Togo,
Lesotho,Tonga,
Lesotho,Trinidad and Tobago,
Lesotho,Tunisia,
Lesotho,Turkmenistan,
Lesotho,Tuvalu,
Lesotho,Turkey,
Lesotho,Uganda,
Lesotho,Ukraine,
Lesotho,United Arab Emirates,
Lesotho,United Kingdom,
Lesotho,United States,
Lesotho,Uruguay,
Lesotho,Uzbekistan,
Lesotho,Vanuatu,
Lesotho,Vatican,
Lesotho,Venezuela,
Lesotho,Vietnam,
Lesotho,Yemen,
Lesotho,Zambia,
Lesotho,Zimbabwe,
Lesotho,Afghanistan,
Liberia,Albania,
Liberia,Algeria,
Liberia,Andorra,
Liberia,Angola,
Liberia,Antigua and Barbuda,
Liberia,Argentina,
Liberia,Armenia,
Liberia,Australia,
Liberia,Austria,
Liberia,Azerbaijan,
Liberia,Bahamas,
Liberia,Bahrain,
Liberia,Bangladesh,
Liberia,Barbados,
Liberia,Belarus,
Liberia,Belgium,
Liberia,Belize,
Liberia,Benin,
Liberia,Bhutan,
Liberia,Bolivia,
Liberia,Bosnia and Herzegovina,
Liberia,Botswana,
Liberia,Brazil,
Liberia,Brunei,
Liberia,Bulgaria,
Liberia,Burkina Faso,
Liberia,Burundi,
Liberia,Cambodia,
Liberia,Cameroon,
Liberia,Canada,
Liberia,Cape Verde,
Liberia,Central African Republic,
Liberia,Chad,
Liberia,Chile,
Liberia,China,
Liberia,Colombia,
Liberia,Comoros,
Liberia,Congo,
Liberia,DR Congo,
Liberia,Costa Rica,
Liberia,Ivory Coast,
Liberia,Croatia,
Liberia,Cuba,
Liberia,Cyprus,
Liberia,Czech Republic,
Liberia,Denmark,
Liberia,Djibouti,
Liberia,Dominica,
Liberia,Dominican Republic,
Liberia,Ecuador,
Liberia,Egypt,
Liberia,El Salvador,
Liberia,Equatorial Guinea,
Liberia,Eritrea,
Liberia,Estonia,
Liberia,Swaziland,
Liberia,Ethiopia,
Liberia,Fiji,
Liberia,Finland,
Liberia,France,
Liberia,Gabon,
Liberia,Gambia,
Liberia,Georgia,
Liberia,Germany,
Liberia,Ghana,
Liberia,Greece,
Liberia,Grenada,
Liberia,Guatemala,
Liberia,Guinea,
Liberia,Guinea-Bissau,
Liberia,Guyana,
Liberia,Haiti,
Liberia,Honduras,
Liberia,Hong Kong,
Liberia,Hungary,
Liberia,Iceland,
Liberia,India,
Liberia,Indonesia,
Liberia,Iran,
Liberia,Iraq,
Liberia,Ireland,
Liberia,Israel,
Liberia,Italy,
Liberia,Jamaica,
Liberia,Japan,
Liberia,Jordan,
Liberia,Kazakhstan,
Liberia,Kenya,
Liberia,Kiribati,
Liberia,Kosovo,
Liberia,Kuwait,
Liberia,Kyrgyzstan,
Liberia,Laos,
Liberia,Latvia,
Liberia,Lebanon,
Liberia,Lesotho,
Liberia,Liberia,-1
Liberia,Libya,
Liberia,Liechtenstein,
Liberia,Lithuania,
Liberia,Luxembourg,
Liberia,Macao,
Liberia,Madagascar,
Liberia,Malawi,
Liberia,Malaysia,
Liberia,Maldives,
Liberia,Mali,
Liberia,Malta,
Liberia,Marshall Islands,
Liberia,Mauritania,
Liberia,Mauritius,
Liberia,Mexico,
Liberia,Micronesia,
Liberia,Moldova,
Liberia,Monaco,
Liberia,Mongolia,
Liberia,Montenegro,
Liberia,Morocco,
Liberia,Mozambique,
Liberia,Myanmar,
Liberia,Namibia,
Liberia,Nauru,
Liberia,Nepal,
Liberia,Netherlands,
Liberia,New Zealand,
Liberia,Nicaragua,
Liberia,Niger,
Liberia,Nigeria,
Liberia,North Korea,
Liberia,North Macedonia,
Liberia,Norway,
Liberia,Oman,
Liberia,Pakistan,
Liberia,Palau,
Liberia,Palestine,
Liberia,Panama,
Liberia,Papua New Guinea,
Liberia,Paraguay,
Liberia,Peru,
Liberia,Philippines,
Liberia,Poland,
Liberia,Portugal,
Liberia,Qatar,
Liberia,Romania,
Liberia,Russia,
Liberia,Rwanda,
Liberia,Saint Kitts and Nevis,
Liberia,Saint Lucia,
Liberia,Samoa,
Liberia,San Marino,
Liberia,Sao Tome and Principe,
Liberia,Saudi Arabia,
Liberia,Senegal,
Liberia,Serbia,
Liberia,Seychelles,
Liberia,Sierra Leone,
Liberia,Singapore,
Liberia,Slovakia,
Liberia,Slovenia,
Liberia,Solomon Islands,
Liberia,Somalia,
Liberia,South Africa,
Liberia,South Korea,
Liberia,South Sudan,
Liberia,Spain,
Liberia,Sri Lanka,
Liberia,Saint Vincent and the Grenadines,
Liberia,Sudan,
Liberia,Suriname,
Liberia,Sweden,
Liberia,Switzerland,
Liberia,Syria,
Liberia,Taiwan,
Liberia,Tajikistan,
Liberia,Tanzania,
Liberia,Thailand,
Liberia,Timor-Leste,
Liberia,Togo,
Liberia,Tonga,
Liberia,Trinidad and Tobago,
Liberia,Tunisia,
Liberia,Turkmenistan,
Liberia,Tuvalu,
Liberia,Turkey,
Liberia,Uganda,
Liberia,Ukraine,
Liberia,United Arab Emirates,
Liberia,United Kingdom,
Liberia,United States,
Liberia,Uruguay,
Liberia,Uzbekistan,
Liberia,Vanuatu,
Liberia,Vatican,
Liberia,Venezuela,
Liberia,Vietnam,
Liberia,Yemen,
Liberia,Zambia,
Liberia,Zimbabwe,
Liberia,Afghanistan,
Libya,Albania,
Libya,Algeria,
Libya,Andorra,
Libya,Angola,
Libya,Antigua and Barbuda,
Libya,Argentina,
Libya,Armenia,
Libya,Australia,
Libya,Austria,
Libya,Azerbaijan,
Libya,Bahamas,
Libya,Bahrain,
Libya,Bangladesh,
Libya,Barbados,
Libya,Belarus,
Libya,Belgium,
Libya,Belize,
Libya,Benin,
Libya,Bhutan,
Libya,Bolivia,
Libya,Bosnia and Herzegovina,
Libya,Botswana,
Libya,Brazil,
Libya,Brunei,
Libya,Bulgaria,
Libya,Burkina Faso,
Libya,Burundi,
Libya,Cambodia,
Libya,Cameroon,
Libya,Canada,
Libya,Cape Verde,
Libya,Central African Republic,
Libya,Chad,
Libya,Chile,
Libya,China,
Libya,Colombia,
Libya,Comoros,
Libya,Congo,
Libya,DR Congo,
Libya,Costa Rica,
Libya,Ivory Coast,
Libya,Croatia,
Libya,Cuba,
Libya,Cyprus,
Libya,Czech Republic,
Libya,Denmark,
Libya,Djibouti,
Libya,Dominica,
Libya,Dominican Republic,
Libya,Ecuador,
Libya,Egypt,
Libya,El Salvador,
Libya,Equatorial Guinea,
Libya,Eritrea,
Libya,Estonia,
Libya,Swaziland,
Libya,Ethiopia,
Libya,Fiji,
Libya,Finland,
Libya,France,
Libya,Gabon,
Libya,Gambia,
Libya,Georgia,
Libya,Germany,
Libya,Ghana,
Libya,Greece,
Libya,Grenada,
Libya,Guatemala,
Libya,Guinea,
Libya,Guinea-Bissau,
Libya,Guyana,
Libya,Haiti,
Libya,Honduras,
Libya,Hong Kong,
Libya,Hungary,
Libya,Iceland,
Libya,India,
Libya,Indonesia,
Libya,Iran,
Libya,Iraq,
Libya,Ireland,
Libya,Israel,
Libya,Italy,
Libya,Jamaica,
Libya,Japan,
Libya,Jordan,
Libya,Kazakhstan,
Libya,Kenya,
Libya,Kiribati,
Libya,Kosovo,
Libya,Kuwait,
Libya,Kyrgyzstan,
Libya,Laos,
Libya,Latvia,
Libya,Lebanon,
Libya,Lesotho,
Libya,Liberia,
Libya,Libya,-1
Libya,Liechtenstein,
Libya,Lithuania,
Libya,Luxembourg,
Libya,Macao,
Libya,Madagascar,
Libya,Malawi,
Libya,Malaysia,
Libya,Maldives,
Libya,Mali,
Libya,Malta,
Libya,Marshall Islands,
Libya,Mauritania,
Libya,Mauritius,
Libya,Mexico,
Libya,Micronesia,
Libya,Moldova,
Libya,Monaco,
Libya,Mongolia,
Libya,Montenegro,
Libya,Morocco,
Libya,Mozambique,
Libya,Myanmar,
Libya,Namibia,
Libya,Nauru,
Libya,Nepal,
Libya,Netherlands,
Libya,New Zealand,
Libya,Nicaragua,
Libya,Niger,
Libya,Nigeria,
Libya,North Korea,
Libya,North Macedonia,
Libya,Norway,
Libya,Oman,
Libya,Pakistan,
Libya,Palau,
Libya,Palestine,
Libya,Panama,
Libya,Papua New Guinea,
Libya,Paraguay,
Libya,Peru,
Libya,Philippines,
Libya,Poland,
Libya,Portugal,
Libya,Qatar,
Libya,Romania,
Libya,Russia,
Libya,Rwanda,
Libya,Saint Kitts and Nevis,
Libya,Saint Lucia,
Libya,Samoa,
Libya,San Marino,
Libya,Sao Tome and Principe,
Libya,Saudi Arabia,
Libya,Senegal,
Libya,Serbia,
Libya,Seychelles,
Libya,Sierra Leone,
Libya,Singapore,
Libya,Slovakia,
Libya,Slovenia,
Libya,Solomon Islands,
Libya,Somalia,
Libya,South Africa,
Libya,South Korea,
Libya,South Sudan,
Libya,Spain,
Libya,Sri Lanka,
Libya,Saint Vincent and the Grenadines,
Libya,Sudan,
Libya,Suriname,
Libya,Sweden,
Libya,Switzerland,
Libya,Syria,
Libya,Taiwan,
Libya,Tajikistan,
Libya,Tanzania,
Libya,Thailand,
Libya,Timor-Leste,
Libya,Togo,
Libya,Tonga,
Libya,Trinidad and Tobago,
Libya,Tunisia,
Libya,Turkmenistan,
Libya,Tuvalu,
Libya,Turkey,
Libya,Uganda,
Libya,Ukraine,
Libya,United Arab Emirates,
Libya,United Kingdom,
Libya,United States,
Libya,Uruguay,
Libya,Uzbekistan,
Libya,Vanuatu,
Libya,Vatican,
Libya,Venezuela,
Libya,Vietnam,
Libya,Yemen,
Libya,Zambia,
Libya,Zimbabwe,
Libya,Afghanistan,
Liechtenstein,Albania,
Liechtenstein,Algeria,
Liechtenstein,Andorra,
Liechtenstein,Angola,
Liechtenstein,Antigua and Barbuda,
Liechtenstein,Argentina,
Liechtenstein,Armenia,
Liechtenstein,Australia,
Liechtenstein,Austria,
Liechtenstein,Azerbaijan,
Liechtenstein,Bahamas,
Liechtenstein,Bahrain,
Liechtenstein,Bangladesh,
Liechtenstein,Barbados,
Liechtenstein,Belarus,
Liechtenstein,Belgium,
Liechtenstein,Belize,
Liechtenstein,Benin,
Liechtenstein,Bhutan,
Liechtenstein,Bolivia,
Liechtenstein,Bosnia and Herzegovina,
Liechtenstein,Botswana,
Liechtenstein,Brazil,
Liechtenstein,Brunei,
Liechtenstein,Bulgaria,
Liechtenstein,Burkina Faso,
Liechtenstein,Burundi,
Liechtenstein,Cambodia,
Liechtenstein,Cameroon,
Liechtenstein,Canada,
Liechtenstein,Cape Verde,
Liechtenstein,Central African Republic,
Liechtenstein,Chad,
Liechtenstein,Chile,
Liechtenstein,China,
Liechtenstein,Colombia,
Liechtenstein,Comoros,
Liechtenstein,Congo,
Liechtenstein,DR Congo,
Liechtenstein,Costa Rica,
Liechtenstein,Ivory Coast,
Liechtenstein,Croatia,
Liechtenstein,Cuba,
Liechtenstein,Cyprus,
Liechtenstein,Czech Republic,
Liechtenstein,Denmark,
Liechtenstein,Djibouti,
Liechtenstein,Dominica,
Liechtenstein,Dominican Republic,
Liechtenstein,Ecuador,
Liechtenstein,Egypt,
Liechtenstein,El Salvador,
Liechtenstein,Equatorial Guinea,
Liechtenstein,Eritrea,
Liechtenstein,Estonia,
Liechtenstein,Swaziland,
Liechtenstein,Ethiopia,
Liechtenstein,Fiji,
Liechtenstein,Finland,
Liechtenstein,France,
Liechtenstein,Gabon,
Liechtenstein,Gambia,
Liechtenstein,Georgia,
Liechtenstein,Germany,
Liechtenstein,Ghana,
Liechtenstein,Greece,
Liechtenstein,Grenada,
Liechtenstein,Guatemala,
Liechtenstein,Guinea,
Liechtenstein,Guinea-Bissau,
Liechtenstein,Guyana,
Liechtenstein,Haiti,
Liechtenstein,Honduras,
Liechtenstein,Hong Kong,
Liechtenstein,Hungary,
Liechtenstein,Iceland,
Liechtenstein,India,
Liechtenstein,Indonesia,
Liechtenstein,Iran,
Liechtenstein,Iraq,
Liechtenstein,Ireland,
Liechtenstein,Israel,
Liechtenstein,Italy,
Liechtenstein,Jamaica,
Liechtenstein,Japan,
Liechtenstein,Jordan,
Liechtenstein,Kazakhstan,
Liechtenstein,Kenya,
Liechtenstein,Kiribati,
Liechtenstein,Kosovo,
Liechtenstein,Kuwait,
Liechtenstein,Kyrgyzstan,
Liechtenstein,Laos,
Liechtenstein,Latvia,
Liechtenstein,Lebanon,
Liechtenstein,Lesotho,
Liechtenstein,Liberia,
Liechtenstein,Libya,
Liechtenstein,Liechtenstein,-1
Liechtenstein,Lithuania,
Liechtenstein,Luxembourg,
Liechtenstein,Macao,
Liechtenstein,Madagascar,
Liechtenstein,Malawi,
Liechtenstein,Malaysia,
Liechtenstein,Maldives,
Liechtenstein,Mali,
Liechtenstein,Malta,
Liechtenstein,Marshall Islands,
Liechtenstein,Mauritania,
Liechtenstein,Mauritius,
Liechtenstein,Mexico,
Liechtenstein,Micronesia,
Liechtenstein,Moldova,
Liechtenstein,Monaco,
Liechtenstein,Mongolia,
Liechtenstein,Montenegro,
Liechtenstein,Morocco,
Liechtenstein,Mozambique,
Liechtenstein,Myanmar,
Liechtenstein,Namibia,
Liechtenstein,Nauru,
Liechtenstein,Nepal,
Liechtenstein,Netherlands,
Liechtenstein,New Zealand,
Liechtenstein,Nicaragua,
Liechtenstein,Niger,
Liechtenstein,Nigeria,
Liechtenstein,North Korea,
Liechtenstein,North Macedonia,
Liechtenstein,Norway,
Liechtenstein,Oman,
Liechtenstein,Pakistan,
Liechtenstein,Palau,
Liechtenstein,Palestine,
Liechtenstein,Panama,
Liechtenstein,Papua New Guinea,
Liechtenstein,Paraguay,
Liechtenstein,Peru,
Liechtenstein,Philippines,
Liechtenstein,Poland,
Liechtenstein,Portugal,
Liechtenstein,Qatar,
Liechtenstein,Romania,
Liechtenstein,Russia,
Liechtenstein,Rwanda,
Liechtenstein,Saint Kitts and Nevis,
Liechtenstein,Saint Lucia,
Liechtenstein,Samoa,
Liechtenstein,San Marino,
Liechtenstein,Sao Tome and Principe,
Liechtenstein,Saudi Arabia,
Liechtenstein,Senegal,
Liechtenstein,Serbia,
Liechtenstein,Seychelles,
Liechtenstein,Sierra Leone,
Liechtenstein,Singapore,
Liechtenstein,Slovakia,
Liechtenstein,Slovenia,
Liechtenstein,Solomon Islands,
Liechtenstein,Somalia,
Liechtenstein,South Africa,
Liechtenstein,South Korea,
Liechtenstein,South Sudan,
Liechtenstein,Spain,
Liechtenstein,Sri Lanka,
Liechtenstein,Saint Vincent and the Grenadines,
Liechtenstein,Sudan,
Liechtenstein,Suriname,
Liechtenstein,Sweden,
Liechtenstein,Switzerland,
Liechtenstein,Syria,
Liechtenstein,Taiwan,
Liechtenstein,Tajikistan,
Liechtenstein,Tanzania,
Liechtenstein,Thailand,
Liechtenstein,Timor-Leste,
Liechtenstein,Togo,
Liechtenstein,Tonga,
Liechtenstein,Trinidad and Tobago,
Liechtenstein,Tunisia,
Liechtenstein,Turkmenistan,
Liechtenstein,Tuvalu,
Liechtenstein,Turkey,
Liechtenstein,Uganda,
Liechtenstein,Ukraine,
Liechtenstein,United Arab Emirates,
Liechtenstein,United Kingdom,
Liechtenstein,United States,
Liechtenstein,Uruguay,
Liechtenstein,Uzbekistan,
Liechtenstein,Vanuatu,
Liechtenstein,Vatican,
Liechtenstein,Venezuela,
Liechtenstein,Vietnam,
Liechtenstein,Yemen,
Liechtenstein,Zambia,
Liechtenstein,Zimbabwe,
Liechtenstein,Afghanistan,
Lithuania,Albania,
Lithuania,Algeria,
Lithuania,Andorra,
Lithuania,Angola,
Lithuania,Antigua and Barbuda,
Lithuania,Argentina,
Lithuania,Armenia,
Lithuania,Australia,
Lithuania,Austria,
Lithuania,Azerbaijan,
Lithuania,Bahamas,
Lithuania,Bahrain,
Lithuania,Bangladesh,
Lithuania,Barbados,
Lithuania,Belarus,
Lithuania,Belgium,
Lithuania,Belize,
Lithuania,Benin,
Lithuania,Bhutan,
Lithuania,Bolivia,
Lithuania,Bosnia and Herzegovina,
Lithuania,Botswana,
Lithuania,Brazil,
Lithuania,Brunei,
Lithuania,Bulgaria,
Lithuania,Burkina Faso,
Lithuania,Burundi,
Lithuania,Cambodia,
Lithuania,Cameroon,
Lithuania,Canada,
Lithuania,Cape Verde,
Lithuania,Central African Republic,
Lithuania,Chad,
Lithuania,Chile,
Lithuania,China,
Lithuania,Colombia,
Lithuania,Comoros,
Lithuania,Congo,
Lithuania,DR Congo,
Lithuania,Costa Rica,
Lithuania,Ivory Coast,
Lithuania,Croatia,
Lithuania,Cuba,
Lithuania,Cyprus,
Lithuania,Czech Republic,
Lithuania,Denmark,
Lithuania,Djibouti,
Lithuania,Dominica,
Lithuania,Dominican Republic,
Lithuania,Ecuador,
Lithuania,Egypt,
Lithuania,El Salvador,
Lithuania,Equatorial Guinea,
Lithuania,Eritrea,
Lithuania,Estonia,
Lithuania,Swaziland,
Lithuania,Ethiopia,
Lithuania,Fiji,
Lithuania,Finland,
Lithuania,France,
Lithuania,Gabon,
Lithuania,Gambia,
Lithuania,Georgia,
Lithuania,Germany,
Lithuania,Ghana,
Lithuania,Greece,
Lithuania,Grenada,
Lithuania,Guatemala,
Lithuania,Guinea,
Lithuania,Guinea-Bissau,
Lithuania,Guyana,
Lithuania,Haiti,
Lithuania,Honduras,
Lithuania,Hong Kong,
Lithuania,Hungary,
Lithuania,Iceland,
Lithuania,India,
Lithuania,Indonesia,
Lithuania,Iran,
Lithuania,Iraq,
Lithuania,Ireland,
Lithuania,Israel,
Lithuania,Italy,
Lithuania,Jamaica,
Lithuania,Japan,
Lithuania,Jordan,
Lithuania,Kazakhstan,
Lithuania,Kenya,
Lithuania,Kiribati,
Lithuania,Kosovo,
Lithuania,Kuwait,
Lithuania,Kyrgyzstan,
Lithuania,Laos,
Lithuania,Latvia,
Lithuania,Lebanon,
Lithuania,Lesotho,
Lithuania,Liberia,
Lithuania,Libya,
Lithuania,Liechtenstein,
Lithuania,Lithuania,-1
Lithuania,Luxembourg,
Lithuania,Macao,
Lithuania,Madagascar,
Lithuania,Malawi,
Lithuania,Malaysia,
Lithuania,Maldives,
Lithuania,Mali,
Lithuania,Malta,
Lithuania,Marshall Islands,
Lithuania,Mauritania,
Lithuania,Mauritius,
Lithuania,Mexico,
Lithuania,Micronesia,
Lithuania,Moldova,
Lithuania,Monaco,
Lithuania,Mongolia,
Lithuania,Montenegro,
Lithuania,Morocco,
Lithuania,Mozambique,
Lithuania,Myanmar,
Lithuania,Namibia,
Lithuania,Nauru,
Lithuania,Nepal,
Lithuania,Netherlands,
Lithuania,New Zealand,
Lithuania,Nicaragua,
Lithuania,Niger,
Lithuania,Nigeria,
Lithuania,North Korea,
Lithuania,North Macedonia,
Lithuania,Norway,
Lithuania,Oman,
Lithuania,Pakistan,
Lithuania,Palau,
Lithuania,Palestine,
Lithuania,Panama,
Lithuania,Papua New Guinea,
Lithuania,Paraguay,
Lithuania,Peru,
Lithuania,Philippines,
Lithuania,Poland,
Lithuania,Portugal,
Lithuania,Qatar,
Lithuania,Romania,
Lithuania,Russia,
Lithuania,Rwanda,
Lithuania,Saint Kitts and Nevis,
Lithuania,Saint Lucia,
Lithuania,Samoa,
Lithuania,San Marino,
Lithuania,Sao Tome and Principe,
Lithuania,Saudi Arabia,
Lithuania,Senegal,
Lithuania,Serbia,
Lithuania,Seychelles,
Lithuania,Sierra Leone,
Lithuania,Singapore,
Lithuania,Slovakia,
Lithuania,Slovenia,
Lithuania,Solomon Islands,
Lithuania,Somalia,
Lithuania,South Africa,
Lithuania,South Korea,
Lithuania,South Sudan,
Lithuania,Spain,
Lithuania,Sri Lanka,
Lithuania,Saint Vincent and the Grenadines,
Lithuania,Sudan,
Lithuania,Suriname,
Lithuania,Sweden,
Lithuania,Switzerland,
Lithuania,Syria,
Lithuania,Taiwan,
Lithuania,Tajikistan,
Lithuania,Tanzania,
Lithuania,Thailand,
Lithuania,Timor-Leste,
Lithuania,Togo,
Lithuania,Tonga,
Lithuania,Trinidad and Tobago,
Lithuania,Tunisia,
Lithuania,Turkmenistan,
Lithuania,Tuvalu,
Lithuania,Turkey,
Lithuania,Uganda,
Lithuania,Ukraine,
Lithuania,United Arab Emirates,
Lithuania,United Kingdom,
Lithuania,United States,
Lithuania,Uruguay,
Lithuania,Uzbekistan,
Lithuania,Vanuatu,
Lithuania,Vatican,
Lithuania,Venezuela,
Lithuania,Vietnam,
Lithuania,Yemen,
Lithuania,Zambia,
Lithuania,Zimbabwe,
Lithuania,Afghanistan,
Luxembourg,Albania,
Luxembourg,Algeria,
Luxembourg,Andorra,
Luxembourg,Angola,
Luxembourg,Antigua and Barbuda,
Luxembourg,Argentina,
Luxembourg,Armenia,
Luxembourg,Australia,
Luxembourg,Austria,
Luxembourg,Azerbaijan,
Luxembourg,Bahamas,
Luxembourg,Bahrain,
Luxembourg,Bangladesh,
Luxembourg,Barbados,
Luxembourg,Belarus,
Luxembourg,Belgium,
Luxembourg,Belize,
Luxembourg,Benin,
Luxembourg,Bhutan,
Luxembourg,Bolivia,
Luxembourg,Bosnia and Herzegovina,
Luxembourg,Botswana,
Luxembourg,Brazil,
Luxembourg,Brunei,
Luxembourg,Bulgaria,
Luxembourg,Burkina Faso,
Luxembourg,Burundi,
Luxembourg,Cambodia,
Luxembourg,Cameroon,
Luxembourg,Canada,
Luxembourg,Cape Verde,
Luxembourg,Central African Republic,
Luxembourg,Chad,
Luxembourg,Chile,
Luxembourg,China,
Luxembourg,Colombia,
Luxembourg,Comoros,
Luxembourg,Congo,
Luxembourg,DR Congo,
Luxembourg,Costa Rica,
Luxembourg,Ivory Coast,
Luxembourg,Croatia,
Luxembourg,Cuba,
Luxembourg,Cyprus,
Luxembourg,Czech Republic,
Luxembourg,Denmark,
Luxembourg,Djibouti,
Luxembourg,Dominica,
Luxembourg,Dominican Republic,
Luxembourg,Ecuador,
Luxembourg,Egypt,
Luxembourg,El Salvador,
Luxembourg,Equatorial Guinea,
Luxembourg,Eritrea,
Luxembourg,Estonia,
Luxembourg,Swaziland,
Luxembourg,Ethiopia,
Luxembourg,Fiji,
Luxembourg,Finland,
Luxembourg,France,
Luxembourg,Gabon,
Luxembourg,Gambia,
Luxembourg,Georgia,
Luxembourg,Germany,
Luxembourg,Ghana,
Luxembourg,Greece,
Luxembourg,Grenada,
Luxembourg,Guatemala,
Luxembourg,Guinea,
Luxembourg,Guinea-Bissau,
Luxembourg,Guyana,
Luxembourg,Haiti,
Luxembourg,Honduras,
Luxembourg,Hong Kong,
Luxembourg,Hungary,
Luxembourg,Iceland,
Luxembourg,India,
Luxembourg,Indonesia,
Luxembourg,Iran,
Luxembourg,Iraq,
Luxembourg,Ireland,
Luxembourg,Israel,
Luxembourg,Italy,
Luxembourg,Jamaica,
Luxembourg,Japan,
Luxembourg,Jordan,
Luxembourg,Kazakhstan,
Luxembourg,Kenya,
Luxembourg,Kiribati,
Luxembourg,Kosovo,
Luxembourg,Kuwait,
Luxembourg,Kyrgyzstan,
Luxembourg,Laos,
Luxembourg,Latvia,
Luxembourg,Lebanon,
Luxembourg,Lesotho,
Luxembourg,Liberia,
Luxembourg,Libya,
Luxembourg,Liechtenstein,
Luxembourg,Lithuania,
Luxembourg,Luxembourg,-1
Luxembourg,Macao,
Luxembourg,Madagascar,
Luxembourg,Malawi,
Luxembourg,Malaysia,
Luxembourg,Maldives,
Luxembourg,Mali,
Luxembourg,Malta,
Luxembourg,Marshall Islands,
Luxembourg,Mauritania,
Luxembourg,Mauritius,
Luxembourg,Mexico,
Luxembourg,Micronesia,
Luxembourg,Moldova,
Luxembourg,Monaco,
Luxembourg,Mongolia,
Luxembourg,Montenegro,
Luxembourg,Morocco,
Luxembourg,Mozambique,
Luxembourg,Myanmar,
Luxembourg,Namibia,
Luxembourg,Nauru,
Luxembourg,Nepal,
Luxembourg,Netherlands,
Luxembourg,New Zealand,
Luxembourg,Nicaragua,
Luxembourg,Niger,
Luxembourg,Nigeria,
Luxembourg,North Korea,
Luxembourg,North Macedonia,
Luxembourg,Norway,
Luxembourg,Oman,
Luxembourg,Pakistan,
Luxembourg,Palau,
Luxembourg,Palestine,
Luxembourg,Panama,
Luxembourg,Papua New Guinea,
Luxembourg,Paraguay,
Luxembourg,Peru,
Luxembourg,Philippines,
Luxembourg,Poland,
Luxembourg,Portugal,
Luxembourg,Qatar,
Luxembourg,Romania,
Luxembourg,Russia,
Luxembourg,Rwanda,
Luxembourg,Saint Kitts and Nevis,
Luxembourg,Saint Lucia,
Luxembourg,Samoa,
Luxembourg,San Marino,
Luxembourg,Sao Tome and Principe,
Luxembourg,Saudi Arabia,
Luxembourg,Senegal,
Luxembourg,Serbia,
Luxembourg,Seychelles,
Luxembourg,Sierra Leone,
Luxembourg,Singapore,
Luxembourg,Slovakia,
Luxembourg,Slovenia,
Luxembourg,Solomon Islands,
Luxembourg,Somalia,
Luxembourg,South Africa,
Luxembourg,South Korea,
Luxembourg,South Sudan,
Luxembourg,Spain,
Luxembourg,Sri Lanka,
Luxembourg,Saint Vincent and the Grenadines,
Luxembourg,Sudan,
Luxembourg,Suriname,
Luxembourg,Sweden,
Luxembourg,Switzerland,
Luxembourg,Syria,
Luxembourg,Taiwan,
Luxembourg,Tajikistan,
Luxembourg,Tanzania,
Luxembourg,Thailand,
Luxembourg,Timor-Leste,
Luxembourg,Togo,
Luxembourg,Tonga,
Luxembourg,Trinidad and Tobago,
Luxembourg,Tunisia,
Luxembourg,Turkmenistan,
Luxembourg,Tuvalu,
Luxembourg,Turkey,
Luxembourg,Uganda,
Luxembourg,Ukraine,
Luxembourg,United Arab Emirates,
Luxembourg,United Kingdom,
Luxembourg,United States,
Luxembourg,Uruguay,
Luxembourg,Uzbekistan,
Luxembourg,Vanuatu,
Luxembourg,Vatican,
Luxembourg,Venezuela,
Luxembourg,Vietnam,
Luxembourg,Yemen,
Luxembourg,Zambia,
Luxembourg,Zimbabwe,
Luxembourg,Afghanistan,
Macao,Albania,
Macao,Algeria,
Macao,Andorra,
Macao,Angola,
Macao,Antigua and Barbuda,
Macao,Argentina,
Macao,Armenia,
Macao,Australia,
Macao,Austria,
Macao,Azerbaijan,
Macao,Bahamas,
Macao,Bahrain,
Macao,Bangladesh,
Macao,Barbados,
Macao,Belarus,
Macao,Belgium,
Macao,Belize,
Macao,Benin,
Macao,Bhutan,
Macao,Bolivia,
Macao,Bosnia and Herzegovina,
Macao,Botswana,
Macao,Brazil,
Macao,Brunei,
Macao,Bulgaria,
Macao,Burkina Faso,
Macao,Burundi,
Macao,Cambodia,
Macao,Cameroon,
Macao,Canada,
Macao,Cape Verde,
Macao,Central African Republic,
Macao,Chad,
Macao,Chile,
Macao,China,
Macao,Colombia,
Macao,Comoros,
Macao,Congo,
Macao,DR Congo,
Macao,Costa Rica,
Macao,Ivory Coast,
Macao,Croatia,
Macao,Cuba,
Macao,Cyprus,
Macao,Czech Republic,
Macao,Denmark,
Macao,Djibouti,
Macao,Dominica,
Macao,Dominican Republic,
Macao,Ecuador,
Macao,Egypt,
Macao,El Salvador,
Macao,Equatorial Guinea,
Macao,Eritrea,
Macao,Estonia,
Macao,Swaziland,
Macao,Ethiopia,
Macao,Fiji,
Macao,Finland,
Macao,France,
Macao,Gabon,
Macao,Gambia,
Macao,Georgia,
Macao,Germany,
Macao,Ghana,
Macao,Greece,
Macao,Grenada,
Macao,Guatemala,
Macao,Guinea,
Macao,Guinea-Bissau,
Macao,Guyana,
Macao,Haiti,
Macao,Honduras,
Macao,Hong Kong,
Macao,Hungary,
Macao,Iceland,
Macao,India,
Macao,Indonesia,
Macao,Iran,
Macao,Iraq,
Macao,Ireland,
Macao,Israel,
Macao,Italy,
Macao,Jamaica,
Macao,Japan,
Macao,Jordan,
Macao,Kazakhstan,
Macao,Kenya,
Macao,Kiribati,
Macao,Kosovo,
Macao,Kuwait,
Macao,Kyrgyzstan,
Macao,Laos,
Macao,Latvia,
Macao,Lebanon,
Macao,Lesotho,
Macao,Liberia,
Macao,Libya,
Macao,Liechtenstein,
Macao,Lithuania,
Macao,Luxembourg,
Macao,Macao,-1
Macao,Madagascar,
Macao,Malawi,
Macao,Malaysia,
Macao,Maldives,
Macao,Mali,
Macao,Malta,
Macao,Marshall Islands,
Macao,Mauritania,
Macao,Mauritius,
Macao,Mexico,
Macao,Micronesia,
Macao,Moldova,
Macao,Monaco,
Macao,Mongolia,
Macao,Montenegro,
Macao,Morocco,
Macao,Mozambique,
Macao,Myanmar,
Macao,Namibia,
Macao,Nauru,
Macao,Nepal,
Macao,Netherlands,
Macao,New Zealand,
Macao,Nicaragua,
Macao,Niger,
Macao,Nigeria,
Macao,North Korea,
Macao,North Macedonia,
Macao,Norway,
Macao,Oman,
Macao,Pakistan,
Macao,Palau,
Macao,Palestine,
Macao,Panama,
Macao,Papua New Guinea,
Macao,Paraguay,
Macao,Peru,
Macao,Philippines,
Macao,Poland,
Macao,Portugal,
Macao,Qatar,
Macao,Romania,
Macao,Russia,
Macao,Rwanda,
Macao,Saint Kitts and Nevis,
Macao,Saint Lucia,
Macao,Samoa,
Macao,San Marino,
Macao,Sao Tome and Principe,
Macao,Saudi Arabia,
Macao,Senegal,
Macao,Serbia,
Macao,Seychelles,
Macao,Sierra Leone,
Macao,Singapore,
Macao,Slovakia,
Macao,Slovenia,
Macao,Solomon Islands,
Macao,Somalia,
Macao,South Africa,
Macao,South Korea,
Macao,South Sudan,
Macao,Spain,
Macao,Sri Lanka,
Macao,Saint Vincent and the Grenadines,
Macao,Sudan,
Macao,Suriname,
Macao,Sweden,
Macao,Switzerland,
Macao,Syria,
Macao,Taiwan,
Macao,Tajikistan,
Macao,Tanzania,
Macao,Thailand,
Macao,Timor-Leste,
Macao,Togo,
Macao,Tonga,
Macao,Trinidad and Tobago,
Macao,Tunisia,
Macao,Turkmenistan,
Macao,Tuvalu,
Macao,Turkey,
Macao,Uganda,
Macao,Ukraine,
Macao,United Arab Emirates,
Macao,United Kingdom,
Macao,United States,
Macao,Uruguay,
Macao,Uzbekistan,
Macao,Vanuatu,
Macao,Vatican,
Macao,Venezuela,
Macao,Vietnam,
Macao,Yemen,
Macao,Zambia,
Macao,Zimbabwe,
Macao,Afghanistan,
Madagascar,Albania,
Madagascar,Algeria,
Madagascar,Andorra,
Madagascar,Angola,
Madagascar,Antigua and Barbuda,
Madagascar,Argentina,
Madagascar,Armenia,
Madagascar,Australia,
Madagascar,Austria,
Madagascar,Azerbaijan,
Madagascar,Bahamas,
Madagascar,Bahrain,
Madagascar,Bangladesh,
Madagascar,Barbados,
Madagascar,Belarus,
Madagascar,Belgium,
Madagascar,Belize,
Madagascar,Benin,
Madagascar,Bhutan,
Madagascar,Bolivia,
Madagascar,Bosnia and Herzegovina,
Madagascar,Botswana,
Madagascar,Brazil,
Madagascar,Brunei,
Madagascar,Bulgaria,
Madagascar,Burkina Faso,
Madagascar,Burundi,
Madagascar,Cambodia,
Madagascar,Cameroon,
Madagascar,Canada,
Madagascar,Cape Verde,
Madagascar,Central African Republic,
Madagascar,Chad,
Madagascar,Chile,
Madagascar,China,
Madagascar,Colombia,
Madagascar,Comoros,
Madagascar,Congo,
Madagascar,DR Congo,
Madagascar,Costa Rica,
Madagascar,Ivory Coast,
Madagascar,Croatia,
Madagascar,Cuba,
Madagascar,Cyprus,
Madagascar,Czech Republic,
Madagascar,Denmark,
Madagascar,Djibouti,
Madagascar,Dominica,
Madagascar,Dominican Republic,
Madagascar,Ecuador,
Madagascar,Egypt,
Madagascar,El Salvador,
Madagascar,Equatorial Guinea,
Madagascar,Eritrea,
Madagascar,Estonia,
Madagascar,Swaziland,
Madagascar,Ethiopia,
Madagascar,Fiji,
Madagascar,Finland,
Madagascar,France,
Madagascar,Gabon,
Madagascar,Gambia,
Madagascar,Georgia,
Madagascar,Germany,
Madagascar,Ghana,
Madagascar,Greece,
Madagascar,Grenada,
Madagascar,Guatemala,
Madagascar,Guinea,
Madagascar,Guinea-Bissau,
Madagascar,Guyana,
Madagascar,Haiti,
Madagascar,Honduras,
Madagascar,Hong Kong,
Madagascar,Hungary,
Madagascar,Iceland,
Madagascar,India,
Madagascar,Indonesia,
Madagascar,Iran,
Madagascar,Iraq,
Madagascar,Ireland,
Madagascar,Israel,
Madagascar,Italy,
Madagascar,Jamaica,
Madagascar,Japan,
Madagascar,Jordan,
Madagascar,Kazakhstan,
Madagascar,Kenya,
Madagascar,Kiribati,
Madagascar,Kosovo,
Madagascar,Kuwait,
Madagascar,Kyrgyzstan,
Madagascar,Laos,
Madagascar,Latvia,
Madagascar,Lebanon,
Madagascar,Lesotho,
Madagascar,Liberia,
Madagascar,Libya,
Madagascar,Liechtenstein,
Madagascar,Lithuania,
Madagascar,Luxembourg,
Madagascar,Macao,
Madagascar,Madagascar,-1
Madagascar,Malawi,
Madagascar,Malaysia,
Madagascar,Maldives,
Madagascar,Mali,
Madagascar,Malta,
Madagascar,Marshall Islands,
Madagascar,Mauritania,
Madagascar,Mauritius,
Madagascar,Mexico,
Madagascar,Micronesia,
Madagascar,Moldova,
Madagascar,Monaco,
Madagascar,Mongolia,
Madagascar,Montenegro,
Madagascar,Morocco,
Madagascar,Mozambique,
Madagascar,Myanmar,
Madagascar,Namibia,
Madagascar,Nauru,
Madagascar,Nepal,
Madagascar,Netherlands,
Madagascar,New Zealand,
Madagascar,Nicaragua,
Madagascar,Niger,
Madagascar,Nigeria,
Madagascar,North Korea,
Madagascar,North Macedonia,
Madagascar,Norway,
Madagascar,Oman,
Madagascar,Pakistan,
Madagascar,Palau,
Madagascar,Palestine,
Madagascar,Panama,
Madagascar,Papua New Guinea,
Madagascar,Paraguay,
Madagascar,Peru,
Madagascar,Philippines,
Madagascar,Poland,
Madagascar,Portugal,
Madagascar,Qatar,
Madagascar,Romania,
Madagascar,Russia,
Madagascar,Rwanda,
Madagascar,Saint Kitts and Nevis,
Madagascar,Saint Lucia,
Madagascar,Samoa,
Madagascar,San Marino,
Madagascar,Sao Tome and Principe,
Madagascar,Saudi Arabia,
Madagascar,Senegal,
Madagascar,Serbia,
Madagascar,Seychelles,
Madagascar,Sierra Leone,
Madagascar,Singapore,
Madagascar,Slovakia,
Madagascar,Slovenia,
Madagascar,Solomon Islands,
Madagascar,Somalia,
Madagascar,South Africa,
Madagascar,South Korea,
Madagascar,South Sudan,
Madagascar,Spain,
Madagascar,Sri Lanka,
Madagascar,Saint Vincent and the Grenadines,
Madagascar,Sudan,
Madagascar,Suriname,
Madagascar,Sweden,
Madagascar,Switzerland,
Madagascar,Syria,
Madagascar,Taiwan,
Madagascar,Tajikistan,
Madagascar,Tanzania,
Madagascar,Thailand,
Madagascar,Timor-Leste,
Madagascar,Togo,
Madagascar,Tonga,
Madagascar,Trinidad and Tobago,
Madagascar,Tunisia,
Madagascar,Turkmenistan,
Madagascar,Tuvalu,
Madagascar,Turkey,
Madagascar,Uganda,
Madagascar,Ukraine,
Madagascar,United Arab Emirates,
Madagascar,United Kingdom,
Madagascar,United States,
Madagascar,Uruguay,
Madagascar,Uzbekistan,
Madagascar,Vanuatu,
Madagascar,Vatican,
Madagascar,Venezuela,
Madagascar,Vietnam,
Madagascar,Yemen,
Madagascar,Zambia,
Madagascar,Zimbabwe,
Madagascar,Afghanistan,
Malawi,Albania,
Malawi,Algeria,
Malawi,Andorra,
Malawi,Angola,
Malawi,Antigua and Barbuda,
Malawi,Argentina,
Malawi,Armenia,
Malawi,Australia,
Malawi,Austria,
Malawi,Azerbaijan,
Malawi,Bahamas,
Malawi,Bahrain,
Malawi,Bangladesh,
Malawi,Barbados,
Malawi,Belarus,
Malawi,Belgium,
Malawi,Belize,
Malawi,Benin,
Malawi,Bhutan,
Malawi,Bolivia,
Malawi,Bosnia and Herzegovina,
Malawi,Botswana,
Malawi,Brazil,
Malawi,Brunei,
Malawi,Bulgaria,
Malawi,Burkina Faso,
Malawi,Burundi,
Malawi,Cambodia,
Malawi,Cameroon,
Malawi,Canada,
Malawi,Cape Verde,
Malawi,Central African Republic,
Malawi,Chad,
Malawi,Chile,
Malawi,China,
Malawi,Colombia,
Malawi,Comoros,
Malawi,Congo,
Malawi,DR Congo,
Malawi,Costa Rica,
Malawi,Ivory Coast,
Malawi,Croatia,
Malawi,Cuba,
Malawi,Cyprus,
Malawi,Czech Republic,
Malawi,Denmark,
Malawi,Djibouti,
Malawi,Dominica,
Malawi,Dominican Republic,
Malawi,Ecuador,
Malawi,Egypt,
Malawi,El Salvador,
Malawi,Equatorial Guinea,
Malawi,Eritrea,
Malawi,Estonia,
Malawi,Swaziland,
Malawi,Ethiopia,
Malawi,Fiji,
Malawi,Finland,
Malawi,France,
Malawi,Gabon,
Malawi,Gambia,
Malawi,Georgia,
Malawi,Germany,
Malawi,Ghana,
Malawi,Greece,
Malawi,Grenada,
Malawi,Guatemala,
Malawi,Guinea,
Malawi,Guinea-Bissau,
Malawi,Guyana,
Malawi,Haiti,
Malawi,Honduras,
Malawi,Hong Kong,
Malawi,Hungary,
Malawi,Iceland,
Malawi,India,
Malawi,Indonesia,
Malawi,Iran,
Malawi,Iraq,
Malawi,Ireland,
Malawi,Israel,
Malawi,Italy,
Malawi,Jamaica,
Malawi,Japan,
Malawi,Jordan,
Malawi,Kazakhstan,
Malawi,Kenya,
Malawi,Kiribati,
Malawi,Kosovo,
Malawi,Kuwait,
Malawi,Kyrgyzstan,
Malawi,Laos,
Malawi,Latvia,
Malawi,Lebanon,
Malawi,Lesotho,
Malawi,Liberia,
Malawi,Libya,
Malawi,Liechtenstein,
Malawi,Lithuania,
Malawi,Luxembourg,
Malawi,Macao,
Malawi,Madagascar,
Malawi,Malawi,-1
Malawi,Malaysia,
Malawi,Maldives,
Malawi,Mali,
Malawi,Malta,
Malawi,Marshall Islands,
Malawi,Mauritania,
Malawi,Mauritius,
Malawi,Mexico,
Malawi,Micronesia,
Malawi,Moldova,
Malawi,Monaco,
Malawi,Mongolia,
Malawi,Montenegro,
Malawi,Morocco,
Malawi,Mozambique,
Malawi,Myanmar,
Malawi,Namibia,
Malawi,Nauru,
Malawi,Nepal,
Malawi,Netherlands,
Malawi,New Zealand,
Malawi,Nicaragua,
Malawi,Niger,
Malawi,Nigeria,
Malawi,North Korea,
Malawi,North Macedonia,
Malawi,Norway,
Malawi,Oman,
Malawi,Pakistan,
Malawi,Palau,
Malawi,Palestine,
Malawi,Panama,
Malawi,Papua New Guinea,
Malawi,Paraguay,
Malawi,Peru,
Malawi,Philippines,
Malawi,Poland,
Malawi,Portugal,
Malawi,Qatar,
Malawi,Romania,
Malawi,Russia,
Malawi,Rwanda,
Malawi,Saint Kitts and Nevis,
Malawi,Saint Lucia,
Malawi,Samoa,
Malawi,San Marino,
Malawi,Sao Tome and Principe,
Malawi,Saudi Arabia,
Malawi,Senegal,
Malawi,Serbia,
Malawi,Seychelles,
Malawi,Sierra Leone,
Malawi,Singapore,
Malawi,Slovakia,
Malawi,Slovenia,
Malawi,Solomon Islands,
Malawi,Somalia,
Malawi,South Africa,
Malawi,South Korea,
Malawi,South Sudan,
Malawi,Spain,
Malawi,Sri Lanka,
Malawi,Saint Vincent and the Grenadines,
Malawi,Sudan,
Malawi,Suriname,
Malawi,Sweden,
Malawi,Switzerland,
Malawi,Syria,
Malawi,Taiwan,
Malawi,Tajikistan,
Malawi,Tanzania,
Malawi,Thailand,
Malawi,Timor-Leste,
Malawi,Togo,
Malawi,Tonga,
Malawi,Trinidad and Tobago,
Malawi,Tunisia,
Malawi,Turkmenistan,
Malawi,Tuvalu,
Malawi,Turkey,
Malawi,Uganda,
Malawi,Ukraine,
Malawi,United Arab Emirates,
Malawi,United Kingdom,
Malawi,United States,
Malawi,Uruguay,
Malawi,Uzbekistan,
Malawi,Vanuatu,
Malawi,Vatican,
Malawi,Venezuela,
Malawi,Vietnam,
Malawi,Yemen,
Malawi,Zambia,
Malawi,Zimbabwe,
Malawi,Afghanistan,
Malaysia,Albania,
Malaysia,Algeria,
Malaysia,Andorra,
Malaysia,Angola,
Malaysia,Antigua and Barbuda,
Malaysia,Argentina,
Malaysia,Armenia,
Malaysia,Australia,
Malaysia,Austria,
Malaysia,Azerbaijan,
Malaysia,Bahamas,
Malaysia,Bahrain,
Malaysia,Bangladesh,
Malaysia,Barbados,
Malaysia,Belarus,
Malaysia,Belgium,
Malaysia,Belize,
Malaysia,Benin,
Malaysia,Bhutan,
Malaysia,Bolivia,
Malaysia,Bosnia and Herzegovina,
Malaysia,Botswana,
Malaysia,Brazil,
Malaysia,Brunei,
Malaysia,Bulgaria,
Malaysia,Burkina Faso,
Malaysia,Burundi,
Malaysia,Cambodia,
Malaysia,Cameroon,
Malaysia,Canada,
Malaysia,Cape Verde,
Malaysia,Central African Republic,
Malaysia,Chad,
Malaysia,Chile,
Malaysia,China,
Malaysia,Colombia,
Malaysia,Comoros,
Malaysia,Congo,
Malaysia,DR Congo,
Malaysia,Costa Rica,
Malaysia,Ivory Coast,
Malaysia,Croatia,
Malaysia,Cuba,
Malaysia,Cyprus,
Malaysia,Czech Republic,
Malaysia,Denmark,
Malaysia,Djibouti,
Malaysia,Dominica,
Malaysia,Dominican Republic,
Malaysia,Ecuador,
Malaysia,Egypt,
Malaysia,El Salvador,
Malaysia,Equatorial Guinea,
Malaysia,Eritrea,
Malaysia,Estonia,
Malaysia,Swaziland,
Malaysia,Ethiopia,
Malaysia,Fiji,
Malaysia,Finland,
Malaysia,France,
Malaysia,Gabon,
Malaysia,Gambia,
Malaysia,Georgia,
Malaysia,Germany,
Malaysia,Ghana,
Malaysia,Greece,
Malaysia,Grenada,
Malaysia,Guatemala,
Malaysia,Guinea,
Malaysia,Guinea-Bissau,
Malaysia,Guyana,
Malaysia,Haiti,
Malaysia,Honduras,
Malaysia,Hong Kong,
Malaysia,Hungary,
Malaysia,Iceland,
Malaysia,India,
Malaysia,Indonesia,
Malaysia,Iran,
Malaysia,Iraq,
Malaysia,Ireland,
Malaysia,Israel,
Malaysia,Italy,
Malaysia,Jamaica,
Malaysia,Japan,
Malaysia,Jordan,
Malaysia,Kazakhstan,
Malaysia,Kenya,
Malaysia,Kiribati,
Malaysia,Kosovo,
Malaysia,Kuwait,
Malaysia,Kyrgyzstan,
Malaysia,Laos,
Malaysia,Latvia,
Malaysia,Lebanon,
Malaysia,Lesotho,
Malaysia,Liberia,
Malaysia,Libya,
Malaysia,Liechtenstein,
Malaysia,Lithuania,
Malaysia,Luxembourg,
Malaysia,Macao,
Malaysia,Madagascar,
Malaysia,Malawi,
Malaysia,Malaysia,-1
Malaysia,Maldives,
Malaysia,Mali,
Malaysia,Malta,
Malaysia,Marshall Islands,
Malaysia,Mauritania,
Malaysia,Mauritius,
Malaysia,Mexico,
Malaysia,Micronesia,
Malaysia,Moldova,
Malaysia,Monaco,
Malaysia,Mongolia,
Malaysia,Montenegro,
Malaysia,Morocco,
Malaysia,Mozambique,
Malaysia,Myanmar,
Malaysia,Namibia,
Malaysia,Nauru,
Malaysia,Nepal,
Malaysia,Netherlands,
Malaysia,New Zealand,
Malaysia,Nicaragua,
Malaysia,Niger,
Malaysia,Nigeria,
Malaysia,North Korea,
Malaysia,North Macedonia,
Malaysia,Norway,
Malaysia,Oman,
Malaysia,Pakistan,
Malaysia,Palau,
Malaysia,Palestine,
Malaysia,Panama,
Malaysia,Papua New Guinea,
Malaysia,Paraguay,
Malaysia,Peru,
Malaysia,Philippines,
Malaysia,Poland,
Malaysia,Portugal,
Malaysia,Qatar,
Malaysia,Romania,
Malaysia,Russia,
Malaysia,Rwanda,
Malaysia,Saint Kitts and Nevis,
Malaysia,Saint Lucia,
Malaysia,Samoa,
Malaysia,San Marino,
Malaysia,Sao Tome and Principe,
Malaysia,Saudi Arabia,
Malaysia,Senegal,
Malaysia,Serbia,
Malaysia,Seychelles,
Malaysia,Sierra Leone,
Malaysia,Singapore,
Malaysia,Slovakia,
Malaysia,Slovenia,
Malaysia,Solomon Islands,
Malaysia,Somalia,
Malaysia,South Africa,
Malaysia,South Korea,
Malaysia,South Sudan,
Malaysia,Spain,
Malaysia,Sri Lanka,
Malaysia,Saint Vincent and the Grenadines,
Malaysia,Sudan,
Malaysia,Suriname,
Malaysia,Sweden,
Malaysia,Switzerland,
Malaysia,Syria,
Malaysia,Taiwan,
Malaysia,Tajikistan,
Malaysia,Tanzania,
Malaysia,Thailand,
Malaysia,Timor-Leste,
Malaysia,Togo,
Malaysia,Tonga,
Malaysia,Trinidad and Tobago,
Malaysia,Tunisia,
Malaysia,Turkmenistan,
Malaysia,Tuvalu,
Malaysia,Turkey,
Malaysia,Uganda,
Malaysia,Ukraine,
Malaysia,United Arab Emirates,
Malaysia,United Kingdom,
Malaysia,United States,
Malaysia,Uruguay,
Malaysia,Uzbekistan,
Malaysia,Vanuatu,
Malaysia,Vatican,
Malaysia,Venezuela,
Malaysia,Vietnam,
Malaysia,Yemen,
Malaysia,Zambia,
Malaysia,Zimbabwe,
Malaysia,Afghanistan,
Maldives,Albania,
Maldives,Algeria,
Maldives,Andorra,
Maldives,Angola,
Maldives,Antigua and Barbuda,
Maldives,Argentina,
Maldives,Armenia,
Maldives,Australia,
Maldives,Austria,
Maldives,Azerbaijan,
Maldives,Bahamas,
Maldives,Bahrain,
Maldives,Bangladesh,
Maldives,Barbados,
Maldives,Belarus,
Maldives,Belgium,
Maldives,Belize,
Maldives,Benin,
Maldives,Bhutan,
Maldives,Bolivia,
Maldives,Bosnia and Herzegovina,
Maldives,Botswana,
Maldives,Brazil,
Maldives,Brunei,
Maldives,Bulgaria,
Maldives,Burkina Faso,
Maldives,Burundi,
Maldives,Cambodia,
Maldives,Cameroon,
Maldives,Canada,
Maldives,Cape Verde,
Maldives,Central African Republic,
Maldives,Chad,
Maldives,Chile,
Maldives,China,
Maldives,Colombia,
Maldives,Comoros,
Maldives,Congo,
Maldives,DR Congo,
Maldives,Costa Rica,
Maldives,Ivory Coast,
Maldives,Croatia,
Maldives,Cuba,
Maldives,Cyprus,
Maldives,Czech Republic,
Maldives,Denmark,
Maldives,Djibouti,
Maldives,Dominica,
Maldives,Dominican Republic,
Maldives,Ecuador,
Maldives,Egypt,
Maldives,El Salvador,
Maldives,Equatorial Guinea,
Maldives,Eritrea,
Maldives,Estonia,
Maldives,Swaziland,
Maldives,Ethiopia,
Maldives,Fiji,
Maldives,Finland,
Maldives,France,
Maldives,Gabon,
Maldives,Gambia,
Maldives,Georgia,
Maldives,Germany,
Maldives,Ghana,
Maldives,Greece,
Maldives,Grenada,
Maldives,Guatemala,
Maldives,Guinea,
Maldives,Guinea-Bissau,
Maldives,Guyana,
Maldives,Haiti,
Maldives,Honduras,
Maldives,Hong Kong,
Maldives,Hungary,
Maldives,Iceland,
Maldives,India,
Maldives,Indonesia,
Maldives,Iran,
Maldives,Iraq,
Maldives,Ireland,
Maldives,Israel,
Maldives,Italy,
Maldives,Jamaica,
Maldives,Japan,
Maldives,Jordan,
Maldives,Kazakhstan,
Maldives,Kenya,
Maldives,Kiribati,
Maldives,Kosovo,
Maldives,Kuwait,
Maldives,Kyrgyzstan,
Maldives,Laos,
Maldives,Latvia,
Maldives,Lebanon,
Maldives,Lesotho,
Maldives,Liberia,
Maldives,Libya,
Maldives,Liechtenstein,
Maldives,Lithuania,
Maldives,Luxembourg,
Maldives,Macao,
Maldives,Madagascar,
Maldives,Malawi,
Maldives,Malaysia,
Maldives,Maldives,-1
Maldives,Mali,
Maldives,Malta,
Maldives,Marshall Islands,
Maldives,Mauritania,
Maldives,Mauritius,
Maldives,Mexico,
Maldives,Micronesia,
Maldives,Moldova,
Maldives,Monaco,
Maldives,Mongolia,
Maldives,Montenegro,
Maldives,Morocco,
Maldives,Mozambique,
Maldives,Myanmar,
Maldives,Namibia,
Maldives,Nauru,
Maldives,Nepal,
Maldives,Netherlands,
Maldives,New Zealand,
Maldives,Nicaragua,
Maldives,Niger,
Maldives,Nigeria,
Maldives,North Korea,
Maldives,North Macedonia,
Maldives,Norway,
Maldives,Oman,
Maldives,Pakistan,
Maldives,Palau,
Maldives,Palestine,
Maldives,Panama,
Maldives,Papua New Guinea,
Maldives,Paraguay,
Maldives,Peru,
Maldives,Philippines,
Maldives,Poland,
Maldives,Portugal,
Maldives,Qatar,
Maldives,Romania,
Maldives,Russia,
Maldives,Rwanda,
Maldives,Saint Kitts and Nevis,
Maldives,Saint Lucia,
Maldives,Samoa,
Maldives,San Marino,
Maldives,Sao Tome and Principe,
Maldives,Saudi Arabia,
Maldives,Senegal,
Maldives,Serbia,
Maldives,Seychelles,
Maldives,Sierra Leone,
Maldives,Singapore,
Maldives,Slovakia,
Maldives,Slovenia,
Maldives,Solomon Islands,
Maldives,Somalia,
Maldives,South Africa,
Maldives,South Korea,
Maldives,South Sudan,
Maldives,Spain,
Maldives,Sri Lanka,
Maldives,Saint Vincent and the Grenadines,
Maldives,Sudan,
Maldives,Suriname,
Maldives,Sweden,
Maldives,Switzerland,
Maldives,Syria,
Maldives,Taiwan,
Maldives,Tajikistan,
Maldives,Tanzania,
Maldives,Thailand,
Maldives,Timor-Leste,
Maldives,Togo,
Maldives,Tonga,
Maldives,Trinidad and Tobago,
Maldives,Tunisia,
Maldives,Turkmenistan,
Maldives,Tuvalu,
Maldives,Turkey,
Maldives,Uganda,
Maldives,Ukraine,
Maldives,United Arab Emirates,
Maldives,United Kingdom,
Maldives,United States,
Maldives,Uruguay,
Maldives,Uzbekistan,
Maldives,Vanuatu,
Maldives,Vatican,
Maldives,Venezuela,
Maldives,Vietnam,
Maldives,Yemen,
Maldives,Zambia,
Maldives,Zimbabwe,
Maldives,Afghanistan,
Mali,Albania,
Mali,Algeria,
Mali,Andorra,
Mali,Angola,
Mali,Antigua and Barbuda,
Mali,Argentina,
Mali,Armenia,
Mali,Australia,
Mali,Austria,
Mali,Azerbaijan,
Mali,Bahamas,
Mali,Bahrain,
Mali,Bangladesh,
Mali,Barbados,
Mali,Belarus,
Mali,Belgium,
Mali,Belize,
Mali,Benin,
Mali,Bhutan,
Mali,Bolivia,
Mali,Bosnia and Herzegovina,
Mali,Botswana,
Mali,Brazil,
Mali,Brunei,
Mali,Bulgaria,
Mali,Burkina Faso,
Mali,Burundi,
Mali,Cambodia,
Mali,Cameroon,
Mali,Canada,
Mali,Cape Verde,
Mali,Central African Republic,
Mali,Chad,
Mali,Chile,
Mali,China,
Mali,Colombia,
Mali,Comoros,
Mali,Congo,
Mali,DR Congo,
Mali,Costa Rica,
Mali,Ivory Coast,
Mali,Croatia,
Mali,Cuba,
Mali,Cyprus,
Mali,Czech Republic,
Mali,Denmark,
Mali,Djibouti,
Mali,Dominica,
Mali,Dominican Republic,
Mali,Ecuador,
Mali,Egypt,
Mali,El Salvador,
Mali,Equatorial Guinea,
Mali,Eritrea,
Mali,Estonia,
Mali,Swaziland,
Mali,Ethiopia,
Mali,Fiji,
Mali,Finland,
Mali,France,
Mali,Gabon,
Mali,Gambia,
Mali,Georgia,
Mali,Germany,
Mali,Ghana,
Mali,Greece,
Mali,Grenada,
Mali,Guatemala,
Mali,Guinea,
Mali,Guinea-Bissau,
Mali,Guyana,
Mali,Haiti,
Mali,Honduras,
Mali,Hong Kong,
Mali,Hungary,
Mali,Iceland,
Mali,India,
Mali,Indonesia,
Mali,Iran,
Mali,Iraq,
Mali,Ireland,
Mali,Israel,
Mali,Italy,
Mali,Jamaica,
Mali,Japan,
Mali,Jordan,
Mali,Kazakhstan,
Mali,Kenya,
Mali,Kiribati,
Mali,Kosovo,
Mali,Kuwait,
Mali,Kyrgyzstan,
Mali,Laos,
Mali,Latvia,
Mali,Lebanon,
Mali,Lesotho,
Mali,Liberia,
Mali,Libya,
Mali,Liechtenstein,
Mali,Lithuania,
Mali,Luxembourg,
Mali,Macao,
Mali,Madagascar,
Mali,Malawi,
Mali,Malaysia,
Mali,Maldives,
Mali,Mali,-1
Mali,Malta,
Mali,Marshall Islands,
Mali,Mauritania,
Mali,Mauritius,
Mali,Mexico,
Mali,Micronesia,
Mali,Moldova,
Mali,Monaco,
Mali,Mongolia,
Mali,Montenegro,
Mali,Morocco,
Mali,Mozambique,
Mali,Myanmar,
Mali,Namibia,
Mali,Nauru,
Mali,Nepal,
Mali,Netherlands,
Mali,New Zealand,
Mali,Nicaragua,
Mali,Niger,
Mali,Nigeria,
Mali,North Korea,
Mali,North Macedonia,
Mali,Norway,
Mali,Oman,
Mali,Pakistan,
Mali,Palau,
Mali,Palestine,
Mali,Panama,
Mali,Papua New Guinea,
Mali,Paraguay,
Mali,Peru,
Mali,Philippines,
Mali,Poland,
Mali,Portugal,
Mali,Qatar,
Mali,Romania,
Mali,Russia,
Mali,Rwanda,
Mali,Saint Kitts and Nevis,
Mali,Saint Lucia,
Mali,Samoa,
Mali,San Marino,
Mali,Sao Tome and Principe,
Mali,Saudi Arabia,
Mali,Senegal,
Mali,Serbia,
Mali,Seychelles,
Mali,Sierra Leone,
Mali,Singapore,
Mali,Slovakia,
Mali,Slovenia,
Mali,Solomon Islands,
Mali,Somalia,
Mali,South Africa,
Mali,South Korea,
Mali,South Sudan,
Mali,Spain,
Mali,Sri Lanka,
Mali,Saint Vincent and the Grenadines,
Mali,Sudan,
Mali,Suriname,
Mali,Sweden,
Mali,Switzerland,
Mali,Syria,
Mali,Taiwan,
Mali,Tajikistan,
Mali,Tanzania,
Mali,Thailand,
Mali,Timor-Leste,
Mali,Togo,
Mali,Tonga,
Mali,Trinidad and Tobago,
Mali,Tunisia,
Mali,Turkmenistan,
Mali,Tuvalu,
Mali,Turkey,
Mali,Uganda,
Mali,Ukraine,
Mali,United Arab Emirates,
Mali,United Kingdom,
Mali,United States,
Mali,Uruguay,
Mali,Uzbekistan,
Mali,Vanuatu,
Mali,Vatican,
Mali,Venezuela,
Mali,Vietnam,
Mali,Yemen,
Mali,Zambia,
Mali,Zimbabwe,
Mali,Afghanistan,
Malta,Albania,
Malta,Algeria,
Malta,Andorra,
Malta,Angola,
Malta,Antigua and Barbuda,
Malta,Argentina,
Malta,Armenia,
Malta,Australia,
Malta,Austria,
Malta,Azerbaijan,
Malta,Bahamas,
Malta,Bahrain,
Malta,Bangladesh,
Malta,Barbados,
Malta,Belarus,
Malta,Belgium,
Malta,Belize,
Malta,Benin,
Malta,Bhutan,
Malta,Bolivia,
Malta,Bosnia and Herzegovina,
Malta,Botswana,
Malta,Brazil,
Malta,Brunei,
Malta,Bulgaria,
Malta,Burkina Faso,
Malta,Burundi,
Malta,Cambodia,
Malta,Cameroon,
Malta,Canada,
Malta,Cape Verde,
Malta,Central African Republic,
Malta,Chad,
Malta,Chile,
Malta,China,
Malta,Colombia,
Malta,Comoros,
Malta,Congo,
Malta,DR Congo,
Malta,Costa Rica,
Malta,Ivory Coast,
Malta,Croatia,
Malta,Cuba,
Malta,Cyprus,
Malta,Czech Republic,
Malta,Denmark,
Malta,Djibouti,
Malta,Dominica,
Malta,Dominican Republic,
Malta,Ecuador,
Malta,Egypt,
Malta,El Salvador,
Malta,Equatorial Guinea,
Malta,Eritrea,
Malta,Estonia,
Malta,Swaziland,
Malta,Ethiopia,
Malta,Fiji,
Malta,Finland,
Malta,France,
Malta,Gabon,
Malta,Gambia,
Malta,Georgia,
Malta,Germany,
Malta,Ghana,
Malta,Greece,
Malta,Grenada,
Malta,Guatemala,
Malta,Guinea,
Malta,Guinea-Bissau,
Malta,Guyana,
Malta,Haiti,
Malta,Honduras,
Malta,Hong Kong,
Malta,Hungary,
Malta,Iceland,
Malta,India,
Malta,Indonesia,
Malta,Iran,
Malta,Iraq,
Malta,Ireland,
Malta,Israel,
Malta,Italy,
Malta,Jamaica,
Malta,Japan,
Malta,Jordan,
Malta,Kazakhstan,
Malta,Kenya,
Malta,Kiribati,
Malta,Kosovo,
Malta,Kuwait,
Malta,Kyrgyzstan,
Malta,Laos,
Malta,Latvia,
Malta,Lebanon,
Malta,Lesotho,
Malta,Liberia,
Malta,Libya,
Malta,Liechtenstein,
Malta,Lithuania,
Malta,Luxembourg,
Malta,Macao,
Malta,Madagascar,
Malta,Malawi,
Malta,Malaysia,
Malta,Maldives,
Malta,Mali,
Malta,Malta,-1
Malta,Marshall Islands,
Malta,Mauritania,
Malta,Mauritius,
Malta,Mexico,
Malta,Micronesia,
Malta,Moldova,
Malta,Monaco,
Malta,Mongolia,
Malta,Montenegro,
Malta,Morocco,
Malta,Mozambique,
Malta,Myanmar,
Malta,Namibia,
Malta,Nauru,
Malta,Nepal,
Malta,Netherlands,
Malta,New Zealand,
Malta,Nicaragua,
Malta,Niger,
Malta,Nigeria,
Malta,North Korea,
Malta,North Macedonia,
Malta,Norway,
Malta,Oman,
Malta,Pakistan,
Malta,Palau,
Malta,Palestine,
Malta,Panama,
Malta,Papua New Guinea,
Malta,Paraguay,
Malta,Peru,
Malta,Philippines,
Malta,Poland,
Malta,Portugal,
Malta,Qatar,
Malta,Romania,
Malta,Russia,
Malta,Rwanda,
Malta,Saint Kitts and Nevis,
Malta,Saint Lucia,
Malta,Samoa,
Malta,San Marino,
Malta,Sao Tome and Principe,
Malta,Saudi Arabia,
Malta,Senegal,
Malta,Serbia,
Malta,Seychelles,
Malta,Sierra Leone,
Malta,Singapore,
Malta,Slovakia,
Malta,Slovenia,
Malta,Solomon Islands,
Malta,Somalia,
Malta,South Africa,
Malta,South Korea,
Malta,South Sudan,
Malta,Spain,
Malta,Sri Lanka,
Malta,Saint Vincent and the Grenadines,
Malta,Sudan,
Malta,Suriname,
Malta,Sweden,
Malta,Switzerland,
Malta,Syria,
Malta,Taiwan,
Malta,Tajikistan,
Malta,Tanzania,
Malta,Thailand,
Malta,Timor-Leste,
Malta,Togo,
Malta,Tonga,
Malta,Trinidad and Tobago,
Malta,Tunisia,
Malta,Turkmenistan,
Malta,Tuvalu,
Malta,Turkey,
Malta,Uganda,
Malta,Ukraine,
Malta,United Arab Emirates,
Malta,United Kingdom,
Malta,United States,
Malta,Uruguay,
Malta,Uzbekistan,
Malta,Vanuatu,
Malta,Vatican,
Malta,Venezuela,
Malta,Vietnam,
Malta,Yemen,
Malta,Zambia,
Malta,Zimbabwe,
Malta,Afghanistan,
Marshall Islands,Albania,
Marshall Islands,Algeria,
Marshall Islands,Andorra,
Marshall Islands,Angola,
Marshall Islands,Antigua and Barbuda,
Marshall Islands,Argentina,
Marshall Islands,Armenia,
Marshall Islands,Australia,
Marshall Islands,Austria,
Marshall Islands,Azerbaijan,
Marshall Islands,Bahamas,
Marshall Islands,Bahrain,
Marshall Islands,Bangladesh,
Marshall Islands,Barbados,
Marshall Islands,Belarus,
Marshall Islands,Belgium,
Marshall Islands,Belize,
Marshall Islands,Benin,
Marshall Islands,Bhutan,
Marshall Islands,Bolivia,
Marshall Islands,Bosnia and Herzegovina,
Marshall Islands,Botswana,
Marshall Islands,Brazil,
Marshall Islands,Brunei,
Marshall Islands,Bulgaria,
Marshall Islands,Burkina Faso,
Marshall Islands,Burundi,
Marshall Islands,Cambodia,
Marshall Islands,Cameroon,
Marshall Islands,Canada,
Marshall Islands,Cape Verde,
Marshall Islands,Central African Republic,
Marshall Islands,Chad,
Marshall Islands,Chile,
Marshall Islands,China,
Marshall Islands,Colombia,
Marshall Islands,Comoros,
Marshall Islands,Congo,
Marshall Islands,DR Congo,
Marshall Islands,Costa Rica,
Marshall Islands,Ivory Coast,
Marshall Islands,Croatia,
Marshall Islands,Cuba,
Marshall Islands,Cyprus,
Marshall Islands,Czech Republic,
Marshall Islands,Denmark,
Marshall Islands,Djibouti,
Marshall Islands,Dominica,
Marshall Islands,Dominican Republic,
Marshall Islands,Ecuador,
Marshall Islands,Egypt,
Marshall Islands,El Salvador,
Marshall Islands,Equatorial Guinea,
Marshall Islands,Eritrea,
Marshall Islands,Estonia,
Marshall Islands,Swaziland,
Marshall Islands,Ethiopia,
Marshall Islands,Fiji,
Marshall Islands,Finland,
Marshall Islands,France,
Marshall Islands,Gabon,
Marshall Islands,Gambia,
Marshall Islands,Georgia,
Marshall Islands,Germany,
Marshall Islands,Ghana,
Marshall Islands,Greece,
Marshall Islands,Grenada,
Marshall Islands,Guatemala,
Marshall Islands,Guinea,
Marshall Islands,Guinea-Bissau,
Marshall Islands,Guyana,
Marshall Islands,Haiti,
Marshall Islands,Honduras,
Marshall Islands,Hong Kong,
Marshall Islands,Hungary,
Marshall Islands,Iceland,
Marshall Islands,India,
Marshall Islands,Indonesia,
Marshall Islands,Iran,
Marshall Islands,Iraq,
Marshall Islands,Ireland,
Marshall Islands,Israel,
Marshall Islands,Italy,
Marshall Islands,Jamaica,
Marshall Islands,Japan,
Marshall Islands,Jordan,
Marshall Islands,Kazakhstan,
Marshall Islands,Kenya,
Marshall Islands,Kiribati,
Marshall Islands,Kosovo,
Marshall Islands,Kuwait,
Marshall Islands,Kyrgyzstan,
Marshall Islands,Laos,
Marshall Islands,Latvia,
Marshall Islands,Lebanon,
Marshall Islands,Lesotho,
Marshall Islands,Liberia,
Marshall Islands,Libya,
Marshall Islands,Liechtenstein,
Marshall Islands,Lithuania,
Marshall Islands,Luxembourg,
Marshall Islands,Macao,
Marshall Islands,Madagascar,
Marshall Islands,Malawi,
Marshall Islands,Malaysia,
Marshall Islands,Maldives,
Marshall Islands,Mali,
Marshall Islands,Malta,
Marshall Islands,Marshall Islands,-1
Marshall Islands,Mauritania,
Marshall Islands,Mauritius,
Marshall Islands,Mexico,
Marshall Islands,Micronesia,
Marshall Islands,Moldova,
Marshall Islands,Monaco,
Marshall Islands,Mongolia,
Marshall Islands,Montenegro,
Marshall Islands,Morocco,
Marshall Islands,Mozambique,
Marshall Islands,Myanmar,
Marshall Islands,Namibia,
Marshall Islands,Nauru,
Marshall Islands,Nepal,
Marshall Islands,Netherlands,
Marshall Islands,New Zealand,
Marshall Islands,Nicaragua,
Marshall Islands,Niger,
Marshall Islands,Nigeria,
Marshall Islands,North Korea,
Marshall Islands,North Macedonia,
Marshall Islands,Norway,
Marshall Islands,Oman,
Marshall Islands,Pakistan,
Marshall Islands,Palau,
Marshall Islands,Palestine,
Marshall Islands,Panama,
Marshall Islands,Papua New Guinea,
Marshall Islands,Paraguay,
Marshall Islands,Peru,
Marshall Islands,Philippines,
Marshall Islands,Poland,
Marshall Islands,Portugal,
Marshall Islands,Qatar,
Marshall Islands,Romania,
Marshall Islands,Russia,
Marshall Islands,Rwanda,
Marshall Islands,Saint Kitts and Nevis,
Marshall Islands,Saint Lucia,
Marshall Islands,Samoa,
Marshall Islands,San Marino,
Marshall Islands,Sao Tome and Principe,
Marshall Islands,Saudi Arabia,
Marshall Islands,Senegal,
Marshall Islands,Serbia,
Marshall Islands,Seychelles,
Marshall Islands,Sierra Leone,
Marshall Islands,Singapore,
Marshall Islands,Slovakia,
Marshall Islands,Slovenia,
Marshall Islands,Solomon Islands,
Marshall Islands,Somalia,
Marshall Islands,South Africa,
Marshall Islands,South Korea,
Marshall Islands,South Sudan,
Marshall Islands,Spain,
Marshall Islands,Sri Lanka,
Marshall Islands,Saint Vincent and the Grenadines,
Marshall Islands,Sudan,
Marshall Islands,Suriname,
Marshall Islands,Sweden,
Marshall Islands,Switzerland,
Marshall Islands,Syria,
Marshall Islands,Taiwan,
Marshall Islands,Tajikistan,
Marshall Islands,Tanzania,
Marshall Islands,Thailand,
Marshall Islands,Timor-Leste,
Marshall Islands,Togo,
Marshall Islands,Tonga,
Marshall Islands,Trinidad and Tobago,
Marshall Islands,Tunisia,
Marshall Islands,Turkmenistan,
Marshall Islands,Tuvalu,
Marshall Islands,Turkey,
Marshall Islands,Uganda,
Marshall Islands,Ukraine,
Marshall Islands,United Arab Emirates,
Marshall Islands,United Kingdom,
Marshall Islands,United States,
Marshall Islands,Uruguay,
Marshall Islands,Uzbekistan,
Marshall Islands,Vanuatu,
Marshall Islands,Vatican,
Marshall Islands,Venezuela,
Marshall Islands,Vietnam,
Marshall Islands,Yemen,
Marshall Islands,Zambia,
Marshall Islands,Zimbabwe,
Marshall Islands,Afghanistan,
Mauritania,Albania,
Mauritania,Algeria,
Mauritania,Andorra,
Mauritania,Angola,
Mauritania,Antigua and Barbuda,
Mauritania,Argentina,
Mauritania,Armenia,
Mauritania,Australia,
Mauritania,Austria,
Mauritania,Azerbaijan,
Mauritania,Bahamas,
Mauritania,Bahrain,
Mauritania,Bangladesh,
Mauritania,Barbados,
Mauritania,Belarus,
Mauritania,Belgium,
Mauritania,Belize,
Mauritania,Benin,
Mauritania,Bhutan,
Mauritania,Bolivia,
Mauritania,Bosnia and Herzegovina,
Mauritania,Botswana,
Mauritania,Brazil,
Mauritania,Brunei,
Mauritania,Bulgaria,
Mauritania,Burkina Faso,
Mauritania,Burundi,
Mauritania,Cambodia,
Mauritania,Cameroon,
Mauritania,Canada,
Mauritania,Cape Verde,
Mauritania,Central African Republic,
Mauritania,Chad,
Mauritania,Chile,
Mauritania,China,
Mauritania,Colombia,
Mauritania,Comoros,
Mauritania,Congo,
Mauritania,DR Congo,
Mauritania,Costa Rica,
Mauritania,Ivory Coast,
Mauritania,Croatia,
Mauritania,Cuba,
Mauritania,Cyprus,
Mauritania,Czech Republic,
Mauritania,Denmark,
Mauritania,Djibouti,
Mauritania,Dominica,
Mauritania,Dominican Republic,
Mauritania,Ecuador,
Mauritania,Egypt,
Mauritania,El Salvador,
Mauritania,Equatorial Guinea,
Mauritania,Eritrea,
Mauritania,Estonia,
Mauritania,Swaziland,
Mauritania,Ethiopia,
Mauritania,Fiji,
Mauritania,Finland,
Mauritania,France,
Mauritania,Gabon,
Mauritania,Gambia,
Mauritania,Georgia,
Mauritania,Germany,
Mauritania,Ghana,
Mauritania,Greece,
Mauritania,Grenada,
Mauritania,Guatemala,
Mauritania,Guinea,
Mauritania,Guinea-Bissau,
Mauritania,Guyana,
Mauritania,Haiti,
Mauritania,Honduras,
Mauritania,Hong Kong,
Mauritania,Hungary,
Mauritania,Iceland,
Mauritania,India,
Mauritania,Indonesia,
Mauritania,Iran,
Mauritania,Iraq,
Mauritania,Ireland,
Mauritania,Israel,
Mauritania,Italy,
Mauritania,Jamaica,
Mauritania,Japan,
Mauritania,Jordan,
Mauritania,Kazakhstan,
Mauritania,Kenya,
Mauritania,Kiribati,
Mauritania,Kosovo,
Mauritania,Kuwait,
Mauritania,Kyrgyzstan,
Mauritania,Laos,
Mauritania,Latvia,
Mauritania,Lebanon,
Mauritania,Lesotho,
Mauritania,Liberia,
Mauritania,Libya,
Mauritania,Liechtenstein,
Mauritania,Lithuania,
Mauritania,Luxembourg,
Mauritania,Macao,
Mauritania,Madagascar,
Mauritania,Malawi,
Mauritania,Malaysia,
Mauritania,Maldives,
Mauritania,Mali,
Mauritania,Malta,
Mauritania,Marshall Islands,
Mauritania,Mauritania,-1
Mauritania,Mauritius,
Mauritania,Mexico,
Mauritania,Micronesia,
Mauritania,Moldova,
Mauritania,Monaco,
Mauritania,Mongolia,
Mauritania,Montenegro,
Mauritania,Morocco,
Mauritania,Mozambique,
Mauritania,Myanmar,
Mauritania,Namibia,
Mauritania,Nauru,
Mauritania,Nepal,
Mauritania,Netherlands,
Mauritania,New Zealand,
Mauritania,Nicaragua,
Mauritania,Niger,
Mauritania,Nigeria,
Mauritania,North Korea,
Mauritania,North Macedonia,
Mauritania,Norway,
Mauritania,Oman,
Mauritania,Pakistan,
Mauritania,Palau,
Mauritania,Palestine,
Mauritania,Panama,
Mauritania,Papua New Guinea,
Mauritania,Paraguay,
Mauritania,Peru,
Mauritania,Philippines,
Mauritania,Poland,
Mauritania,Portugal,
Mauritania,Qatar,
Mauritania,Romania,
Mauritania,Russia,
Mauritania,Rwanda,
Mauritania,Saint Kitts and Nevis,
Mauritania,Saint Lucia,
Mauritania,Samoa,
Mauritania,San Marino,
Mauritania,Sao Tome and Principe,
Mauritania,Saudi Arabia,
Mauritania,Senegal,
Mauritania,Serbia,
Mauritania,Seychelles,
Mauritania,Sierra Leone,
Mauritania,Singapore,
Mauritania,Slovakia,
Mauritania,Slovenia,
Mauritania,Solomon Islands,
Mauritania,Somalia,
Mauritania,South Africa,
Mauritania,South Korea,
Mauritania,South Sudan,
Mauritania,Spain,
Mauritania,Sri Lanka,
Mauritania,Saint Vincent and the Grenadines,
Mauritania,Sudan,
Mauritania,Suriname,
Mauritania,Sweden,
Mauritania,Switzerland,
Mauritania,Syria,
Mauritania,Taiwan,
Mauritania,Tajikistan,
Mauritania,Tanzania,
Mauritania,Thailand,
Mauritania,Timor-Leste,
Mauritania,Togo,
Mauritania,Tonga,
Mauritania,Trinidad and Tobago,
Mauritania,Tunisia,
Mauritania,Turkmenistan,
Mauritania,Tuvalu,
Mauritania,Turkey,
Mauritania,Uganda,
Mauritania,Ukraine,
Mauritania,United Arab Emirates,
Mauritania,United Kingdom,
Mauritania,United States,
Mauritania,Uruguay,
Mauritania,Uzbekistan,
Mauritania,Vanuatu,
Mauritania,Vatican,
Mauritania,Venezuela,
Mauritania,Vietnam,
Mauritania,Yemen,
Mauritania,Zambia,
Mauritania,Zimbabwe,
Mauritania,Afghanistan,
Mauritius,Albania,
Mauritius,Algeria,
Mauritius,Andorra,
Mauritius,Angola,
Mauritius,Antigua and Barbuda,
Mauritius,Argentina,
Mauritius,Armenia,
Mauritius,Australia,
Mauritius,Austria,
Mauritius,Azerbaijan,
Mauritius,Bahamas,
Mauritius,Bahrain,
Mauritius,Bangladesh,
Mauritius,Barbados,
Mauritius,Belarus,
Mauritius,Belgium,
Mauritius,Belize,
Mauritius,Benin,
Mauritius,Bhutan,
Mauritius,Bolivia,
Mauritius,Bosnia and Herzegovina,
Mauritius,Botswana,
Mauritius,Brazil,
Mauritius,Brunei,
Mauritius,Bulgaria,
Mauritius,Burkina Faso,
Mauritius,Burundi,
Mauritius,Cambodia,
Mauritius,Cameroon,
Mauritius,Canada,
Mauritius,Cape Verde,
Mauritius,Central African Republic,
Mauritius,Chad,
Mauritius,Chile,
Mauritius,China,
Mauritius,Colombia,
Mauritius,Comoros,
Mauritius,Congo,
Mauritius,DR Congo,
Mauritius,Costa Rica,
Mauritius,Ivory Coast,
Mauritius,Croatia,
Mauritius,Cuba,
Mauritius,Cyprus,
Mauritius,Czech Republic,
Mauritius,Denmark,
Mauritius,Djibouti,
Mauritius,Dominica,
Mauritius,Dominican Republic,
Mauritius,Ecuador,
Mauritius,Egypt,
Mauritius,El Salvador,
Mauritius,Equatorial Guinea,
Mauritius,Eritrea,
Mauritius,Estonia,
Mauritius,Swaziland,
Mauritius,Ethiopia,
Mauritius,Fiji,
Mauritius,Finland,
Mauritius,France,
Mauritius,Gabon,
Mauritius,Gambia,
Mauritius,Georgia,
Mauritius,Germany,
Mauritius,Ghana,
Mauritius,Greece,
Mauritius,Grenada,
Mauritius,Guatemala,
Mauritius,Guinea,
Mauritius,Guinea-Bissau,
Mauritius,Guyana,
Mauritius,Haiti,
Mauritius,Honduras,
Mauritius,Hong Kong,
Mauritius,Hungary,
Mauritius,Iceland,
Mauritius,India,
Mauritius,Indonesia,
Mauritius,Iran,
Mauritius,Iraq,
Mauritius,Ireland,
Mauritius,Israel,
Mauritius,Italy,
Mauritius,Jamaica,
Mauritius,Japan,
Mauritius,Jordan,
Mauritius,Kazakhstan,
Mauritius,Kenya,
Mauritius,Kiribati,
Mauritius,Kosovo,
Mauritius,Kuwait,
Mauritius,Kyrgyzstan,
Mauritius,Laos,
Mauritius,Latvia,
Mauritius,Lebanon,
Mauritius,Lesotho,
Mauritius,Liberia,
Mauritius,Libya,
Mauritius,Liechtenstein,
Mauritius,Lithuania,
Mauritius,Luxembourg,
Mauritius,Macao,
Mauritius,Madagascar,
Mauritius,Malawi,
Mauritius,Malaysia,
Mauritius,Maldives,
Mauritius,Mali,
Mauritius,Malta,
Mauritius,Marshall Islands,
Mauritius,Mauritania,
Mauritius,Mauritius,-1
Mauritius,Mexico,
Mauritius,Micronesia,
Mauritius,Moldova,
Mauritius,Monaco,
Mauritius,Mongolia,
Mauritius,Montenegro,
Mauritius,Morocco,
Mauritius,Mozambique,
Mauritius,Myanmar,
Mauritius,Namibia,
Mauritius,Nauru,
Mauritius,Nepal,
Mauritius,Netherlands,
Mauritius,New Zealand,
Mauritius,Nicaragua,
Mauritius,Niger,
Mauritius,Nigeria,
Mauritius,North Korea,
Mauritius,North Macedonia,
Mauritius,Norway,
Mauritius,Oman,
Mauritius,Pakistan,
Mauritius,Palau,
Mauritius,Palestine,
Mauritius,Panama,
Mauritius,Papua New Guinea,
Mauritius,Paraguay,
Mauritius,Peru,
Mauritius,Philippines,
Mauritius,Poland,
Mauritius,Portugal,
Mauritius,Qatar,
Mauritius,Romania,
Mauritius,Russia,
Mauritius,Rwanda,
Mauritius,Saint Kitts and Nevis,
Mauritius,Saint Lucia,
Mauritius,Samoa,
Mauritius,San Marino,
Mauritius,Sao Tome and Principe,
Mauritius,Saudi Arabia,
Mauritius,Senegal,
Mauritius,Serbia,
Mauritius,Seychelles,
Mauritius,Sierra Leone,
Mauritius,Singapore,
Mauritius,Slovakia,
Mauritius,Slovenia,
Mauritius,Solomon Islands,
Mauritius,Somalia,
Mauritius,South Africa,
Mauritius,South Korea,
Mauritius,South Sudan,
Mauritius,Spain,
Mauritius,Sri Lanka,
Mauritius,Saint Vincent and the Grenadines,
Mauritius,Sudan,
Mauritius,Suriname,
Mauritius,Sweden,
Mauritius,Switzerland,
Mauritius,Syria,
Mauritius,Taiwan,
Mauritius,Tajikistan,
Mauritius,Tanzania,
Mauritius,Thailand,
Mauritius,Timor-Leste,
Mauritius,Togo,
Mauritius,Tonga,
Mauritius,Trinidad and Tobago,
Mauritius,Tunisia,
Mauritius,Turkmenistan,
Mauritius,Tuvalu,
Mauritius,Turkey,
Mauritius,Uganda,
Mauritius,Ukraine,
Mauritius,United Arab Emirates,
Mauritius,United Kingdom,
Mauritius,United States,
Mauritius,Uruguay,
Mauritius,Uzbekistan,
Mauritius,Vanuatu,
Mauritius,Vatican,
Mauritius,Venezuela,
Mauritius,Vietnam,
Mauritius,Yemen,
Mauritius,Zambia,
Mauritius,Zimbabwe,
Mauritius,Afghanistan,
Mexico,Albania,
Mexico,Algeria,
Mexico,Andorra,
Mexico,Angola,
Mexico,Antigua and Barbuda,
Mexico,Argentina,
Mexico,Armenia,
Mexico,Australia,
Mexico,Austria,
Mexico,Azerbaijan,
Mexico,Bahamas,
Mexico,Bahrain,
Mexico,Bangladesh,
Mexico,Barbados,
Mexico,Belarus,
Mexico,Belgium,
Mexico,Belize,
Mexico,Benin,
Mexico,Bhutan,
Mexico,Bolivia,
Mexico,Bosnia and Herzegovina,
Mexico,Botswana,
Mexico,Brazil,
Mexico,Brunei,
Mexico,Bulgaria,
Mexico,Burkina Faso,
Mexico,Burundi,
Mexico,Cambodia,
Mexico,Cameroon,
Mexico,Canada,
Mexico,Cape Verde,
Mexico,Central African Republic,
Mexico,Chad,
Mexico,Chile,
Mexico,China,
Mexico,Colombia,
Mexico,Comoros,
Mexico,Congo,
Mexico,DR Congo,
Mexico,Costa Rica,
Mexico,Ivory Coast,
Mexico,Croatia,
Mexico,Cuba,
Mexico,Cyprus,
Mexico,Czech Republic,
Mexico,Denmark,
Mexico,Djibouti,
Mexico,Dominica,
Mexico,Dominican Republic,
Mexico,Ecuador,
Mexico,Egypt,
Mexico,El Salvador,
Mexico,Equatorial Guinea,
Mexico,Eritrea,
Mexico,Estonia,
Mexico,Swaziland,
Mexico,Ethiopia,
Mexico,Fiji,
Mexico,Finland,
Mexico,France,
Mexico,Gabon,
Mexico,Gambia,
Mexico,Georgia,
Mexico,Germany,
Mexico,Ghana,
Mexico,Greece,
Mexico,Grenada,
Mexico,Guatemala,
Mexico,Guinea,
Mexico,Guinea-Bissau,
Mexico,Guyana,
Mexico,Haiti,
Mexico,Honduras,
Mexico,Hong Kong,
Mexico,Hungary,
Mexico,Iceland,
Mexico,India,
Mexico,Indonesia,
Mexico,Iran,
Mexico,Iraq,
Mexico,Ireland,
Mexico,Israel,
Mexico,Italy,
Mexico,Jamaica,
Mexico,Japan,
Mexico,Jordan,
Mexico,Kazakhstan,
Mexico,Kenya,
Mexico,Kiribati,
Mexico,Kosovo,
Mexico,Kuwait,
Mexico,Kyrgyzstan,
Mexico,Laos,
Mexico,Latvia,
Mexico,Lebanon,
Mexico,Lesotho,
Mexico,Liberia,
Mexico,Libya,
Mexico,Liechtenstein,
Mexico,Lithuania,
Mexico,Luxembourg,
Mexico,Macao,
Mexico,Madagascar,
Mexico,Malawi,
Mexico,Malaysia,
Mexico,Maldives,
Mexico,Mali,
Mexico,Malta,
Mexico,Marshall Islands,
Mexico,Mauritania,
Mexico,Mauritius,
Mexico,Mexico,-1
Mexico,Micronesia,
Mexico,Moldova,
Mexico,Monaco,
Mexico,Mongolia,
Mexico,Montenegro,
Mexico,Morocco,
Mexico,Mozambique,
Mexico,Myanmar,
Mexico,Namibia,
Mexico,Nauru,
Mexico,Nepal,
Mexico,Netherlands,
Mexico,New Zealand,
Mexico,Nicaragua,
Mexico,Niger,
Mexico,Nigeria,
Mexico,North Korea,
Mexico,North Macedonia,
Mexico,Norway,
Mexico,Oman,
Mexico,Pakistan,
Mexico,Palau,
Mexico,Palestine,
Mexico,Panama,
Mexico,Papua New Guinea,
Mexico,Paraguay,
Mexico,Peru,
Mexico,Philippines,
Mexico,Poland,
Mexico,Portugal,
Mexico,Qatar,
Mexico,Romania,
Mexico,Russia,
Mexico,Rwanda,
Mexico,Saint Kitts and Nevis,
Mexico,Saint Lucia,
Mexico,Samoa,
Mexico,San Marino,
Mexico,Sao Tome and Principe,
Mexico,Saudi Arabia,
Mexico,Senegal,
Mexico,Serbia,
Mexico,Seychelles,
Mexico,Sierra Leone,
Mexico,Singapore,
Mexico,Slovakia,
Mexico,Slovenia,
Mexico,Solomon Islands,
Mexico,Somalia,
Mexico,South Africa,
Mexico,South Korea,
Mexico,South Sudan,
Mexico,Spain,
Mexico,Sri Lanka,
Mexico,Saint Vincent and the Grenadines,
Mexico,Sudan,
Mexico,Suriname,
Mexico,Sweden,
Mexico,Switzerland,
Mexico,Syria,
Mexico,Taiwan,
Mexico,Tajikistan,
Mexico,Tanzania,
Mexico,Thailand,
Mexico,Timor-Leste,
Mexico,Togo,
Mexico,Tonga,
Mexico,Trinidad and Tobago,
Mexico,Tunisia,
Mexico,Turkmenistan,
Mexico,Tuvalu,
Mexico,Turkey,
Mexico,Uganda,
Mexico,Ukraine,
Mexico,United Arab Emirates,
Mexico,United Kingdom,
Mexico,United States,
Mexico,Uruguay,
Mexico,Uzbekistan,
Mexico,Vanuatu,
Mexico,Vatican,
Mexico,Venezuela,
Mexico,Vietnam,
Mexico,Yemen,
Mexico,Zambia,
Mexico,Zimbabwe,
Mexico,Afghanistan,
Micronesia,Albania,
Micronesia,Algeria,
Micronesia,Andorra,
Micronesia,Angola,
Micronesia,Antigua and Barbuda,
Micronesia,Argentina,
Micronesia,Armenia,
Micronesia,Australia,
Micronesia,Austria,
Micronesia,Azerbaijan,
Micronesia,Bahamas,
Micronesia,Bahrain,
Micronesia,Bangladesh,
Micronesia,Barbados,
Micronesia,Belarus,
Micronesia,Belgium,
Micronesia,Belize,
Micronesia,Benin,
Micronesia,Bhutan,
Micronesia,Bolivia,
Micronesia,Bosnia and Herzegovina,
Micronesia,Botswana,
Micronesia,Brazil,
Micronesia,Brunei,
Micronesia,Bulgaria,
Micronesia,Burkina Faso,
Micronesia,Burundi,
Micronesia,Cambodia,
Micronesia,Cameroon,
Micronesia,Canada,
Micronesia,Cape Verde,
Micronesia,Central African Republic,
Micronesia,Chad,
Micronesia,Chile,
Micronesia,China,
Micronesia,Colombia,
Micronesia,Comoros,
Micronesia,Congo,
Micronesia,DR Congo,
Micronesia,Costa Rica,
Micronesia,Ivory Coast,
Micronesia,Croatia,
Micronesia,Cuba,
Micronesia,Cyprus,
Micronesia,Czech Republic,
Micronesia,Denmark,
Micronesia,Djibouti,
Micronesia,Dominica,
Micronesia,Dominican Republic,
Micronesia,Ecuador,
Micronesia,Egypt,
Micronesia,El Salvador,
Micronesia,Equatorial Guinea,
Micronesia,Eritrea,
Micronesia,Estonia,
Micronesia,Swaziland,
Micronesia,Ethiopia,
Micronesia,Fiji,
Micronesia,Finland,
Micronesia,France,
Micronesia,Gabon,
Micronesia,Gambia,
Micronesia,Georgia,
Micronesia,Germany,
Micronesia,Ghana,
Micronesia,Greece,
Micronesia,Grenada,
Micronesia,Guatemala,
Micronesia,Guinea,
Micronesia,Guinea-Bissau,
Micronesia,Guyana,
Micronesia,Haiti,
Micronesia,Honduras,
Micronesia,Hong Kong,
Micronesia,Hungary,
Micronesia,Iceland,
Micronesia,India,
Micronesia,Indonesia,
Micronesia,Iran,
Micronesia,Iraq,
Micronesia,Ireland,
Micronesia,Israel,
Micronesia,Italy,
Micronesia,Jamaica,
Micronesia,Japan,
Micronesia,Jordan,
Micronesia,Kazakhstan,
Micronesia,Kenya,
Micronesia,Kiribati,
Micronesia,Kosovo,
Micronesia,Kuwait,
Micronesia,Kyrgyzstan,
Micronesia,Laos,
Micronesia,Latvia,
Micronesia,Lebanon,
Micronesia,Lesotho,
Micronesia,Liberia,
Micronesia,Libya,
Micronesia,Liechtenstein,
Micronesia,Lithuania,
Micronesia,Luxembourg,
Micronesia,Macao,
Micronesia,Madagascar,
Micronesia,Malawi,
Micronesia,Malaysia,
Micronesia,Maldives,
Micronesia,Mali,
Micronesia,Malta,
Micronesia,Marshall Islands,
Micronesia,Mauritania,
Micronesia,Mauritius,
Micronesia,Mexico,
Micronesia,Micronesia,-1
Micronesia,Moldova,
Micronesia,Monaco,
Micronesia,Mongolia,
Micronesia,Montenegro,
Micronesia,Morocco,
Micronesia,Mozambique,
Micronesia,Myanmar,
Micronesia,Namibia,
Micronesia,Nauru,
Micronesia,Nepal,
Micronesia,Netherlands,
Micronesia,New Zealand,
Micronesia,Nicaragua,
Micronesia,Niger,
Micronesia,Nigeria,
Micronesia,North Korea,
Micronesia,North Macedonia,
Micronesia,Norway,
Micronesia,Oman,
Micronesia,Pakistan,
Micronesia,Palau,
Micronesia,Palestine,
Micronesia,Panama,
Micronesia,Papua New Guinea,
Micronesia,Paraguay,
Micronesia,Peru,
Micronesia,Philippines,
Micronesia,Poland,
Micronesia,Portugal,
Micronesia,Qatar,
Micronesia,Romania,
Micronesia,Russia,
Micronesia,Rwanda,
Micronesia,Saint Kitts and Nevis,
Micronesia,Saint Lucia,
Micronesia,Samoa,
Micronesia,San Marino,
Micronesia,Sao Tome and Principe,
Micronesia,Saudi Arabia,
Micronesia,Senegal,
Micronesia,Serbia,
Micronesia,Seychelles,
Micronesia,Sierra Leone,
Micronesia,Singapore,
Micronesia,Slovakia,
Micronesia,Slovenia,
Micronesia,Solomon Islands,
Micronesia,Somalia,
Micronesia,South Africa,
Micronesia,South Korea,
Micronesia,South Sudan,
Micronesia,Spain,
Micronesia,Sri Lanka,
Micronesia,Saint Vincent and the Grenadines,
Micronesia,Sudan,
Micronesia,Suriname,
Micronesia,Sweden,
Micronesia,Switzerland,
Micronesia,Syria,
Micronesia,Taiwan,
Micronesia,Tajikistan,
Micronesia,Tanzania,
Micronesia,Thailand,
Micronesia,Timor-Leste,
Micronesia,Togo,
Micronesia,Tonga,
Micronesia,Trinidad and Tobago,
Micronesia,Tunisia,
Micronesia,Turkmenistan,
Micronesia,Tuvalu,
Micronesia,Turkey,
Micronesia,Uganda,
Micronesia,Ukraine,
Micronesia,United Arab Emirates,
Micronesia,United Kingdom,
Micronesia,United States,
Micronesia,Uruguay,
Micronesia,Uzbekistan,
Micronesia,Vanuatu,
Micronesia,Vatican,
Micronesia,Venezuela,
Micronesia,Vietnam,
Micronesia,Yemen,
Micronesia,Zambia,
Micronesia,Zimbabwe,
Micronesia,Afghanistan,
Moldova,Albania,
Moldova,Algeria,
Moldova,Andorra,
Moldova,Angola,
Moldova,Antigua and Barbuda,
Moldova,Argentina,
Moldova,Armenia,
Moldova,Australia,
Moldova,Austria,
Moldova,Azerbaijan,
Moldova,Bahamas,
Moldova,Bahrain,
Moldova,Bangladesh,
Moldova,Barbados,
Moldova,Belarus,
Moldova,Belgium,
Moldova,Belize,
Moldova,Benin,
Moldova,Bhutan,
Moldova,Bolivia,
Moldova,Bosnia and Herzegovina,
Moldova,Botswana,
Moldova,Brazil,
Moldova,Brunei,
Moldova,Bulgaria,
Moldova,Burkina Faso,
Moldova,Burundi,
Moldova,Cambodia,
Moldova,Cameroon,
Moldova,Canada,
Moldova,Cape Verde,
Moldova,Central African Republic,
Moldova,Chad,
Moldova,Chile,
Moldova,China,
Moldova,Colombia,
Moldova,Comoros,
Moldova,Congo,
Moldova,DR Congo,
Moldova,Costa Rica,
Moldova,Ivory Coast,
Moldova,Croatia,
Moldova,Cuba,
Moldova,Cyprus,
Moldova,Czech Republic,
Moldova,Denmark,
Moldova,Djibouti,
Moldova,Dominica,
Moldova,Dominican Republic,
Moldova,Ecuador,
Moldova,Egypt,
Moldova,El Salvador,
Moldova,Equatorial Guinea,
Moldova,Eritrea,
Moldova,Estonia,
Moldova,Swaziland,
Moldova,Ethiopia,
Moldova,Fiji,
Moldova,Finland,
Moldova,France,
Moldova,Gabon,
Moldova,Gambia,
Moldova,Georgia,
Moldova,Germany,
Moldova,Ghana,
Moldova,Greece,
Moldova,Grenada,
Moldova,Guatemala,
Moldova,Guinea,
Moldova,Guinea-Bissau,
Moldova,Guyana,
Moldova,Haiti,
Moldova,Honduras,
Moldova,Hong Kong,
Moldova,Hungary,
Moldova,Iceland,
Moldova,India,
Moldova,Indonesia,
Moldova,Iran,
Moldova,Iraq,
Moldova,Ireland,
Moldova,Israel,
Moldova,Italy,
Moldova,Jamaica,
Moldova,Japan,
Moldova,Jordan,
Moldova,Kazakhstan,
Moldova,Kenya,
Moldova,Kiribati,
Moldova,Kosovo,
Moldova,Kuwait,
Moldova,Kyrgyzstan,
Moldova,Laos,
Moldova,Latvia,
Moldova,Lebanon,
Moldova,Lesotho,
Moldova,Liberia,
Moldova,Libya,
Moldova,Liechtenstein,
Moldova,Lithuania,
Moldova,Luxembourg,
Moldova,Macao,
Moldova,Madagascar,
Moldova,Malawi,
Moldova,Malaysia,
Moldova,Maldives,
Moldova,Mali,
Moldova,Malta,
Moldova,Marshall Islands,
Moldova,Mauritania,
Moldova,Mauritius,
Moldova,Mexico,
Moldova,Micronesia,
Moldova,Moldova,-1
Moldova,Monaco,
Moldova,Mongolia,
Moldova,Montenegro,
Moldova,Morocco,
Moldova,Mozambique,
Moldova,Myanmar,
Moldova,Namibia,
Moldova,Nauru,
Moldova,Nepal,
Moldova,Netherlands,
Moldova,New Zealand,
Moldova,Nicaragua,
Moldova,Niger,
Moldova,Nigeria,
Moldova,North Korea,
Moldova,North Macedonia,
Moldova,Norway,
Moldova,Oman,
Moldova,Pakistan,
Moldova,Palau,
Moldova,Palestine,
Moldova,Panama,
Moldova,Papua New Guinea,
Moldova,Paraguay,
Moldova,Peru,
Moldova,Philippines,
Moldova,Poland,
Moldova,Portugal,
Moldova,Qatar,
Moldova,Romania,
Moldova,Russia,
Moldova,Rwanda,
Moldova,Saint Kitts and Nevis,
Moldova,Saint Lucia,
Moldova,Samoa,
Moldova,San Marino,
Moldova,Sao Tome and Principe,
Moldova,Saudi Arabia,
Moldova,Senegal,
Moldova,Serbia,
Moldova,Seychelles,
Moldova,Sierra Leone,
Moldova,Singapore,
Moldova,Slovakia,
Moldova,Slovenia,
Moldova,Solomon Islands,
Moldova,Somalia,
Moldova,South Africa,
Moldova,South Korea,
Moldova,South Sudan,
Moldova,Spain,
Moldova,Sri Lanka,
Moldova,Saint Vincent and the Grenadines,
Moldova,Sudan,
Moldova,Suriname,
Moldova,Sweden,
Moldova,Switzerland,
Moldova,Syria,
Moldova,Taiwan,
Moldova,Tajikistan,
Moldova,Tanzania,
Moldova,Thailand,
Moldova,Timor-Leste,
Moldova,Togo,
Moldova,Tonga,
Moldova,Trinidad and Tobago,
Moldova,Tunisia,
Moldova,Turkmenistan,
Moldova,Tuvalu,
Moldova,Turkey,
Moldova,Uganda,
Moldova,Ukraine,
Moldova,United Arab Emirates,
Moldova,United Kingdom,
Moldova,United States,
Moldova,Uruguay,
Moldova,Uzbekistan,
Moldova,Vanuatu,
Moldova,Vatican,
Moldova,Venezuela,
Moldova,Vietnam,
Moldova,Yemen,
Moldova,Zambia,
Moldova,Zimbabwe,
Moldova,Afghanistan,
Monaco,Albania,
Monaco,Algeria,
Monaco,Andorra,
Monaco,Angola,
Monaco,Antigua and Barbuda,
Monaco,Argentina,
Monaco,Armenia,
Monaco,Australia,
Monaco,Austria,
Monaco,Azerbaijan,
Monaco,Bahamas,
Monaco,Bahrain,
Monaco,Bangladesh,
Monaco,Barbados,
Monaco,Belarus,
Monaco,Belgium,
Monaco,Belize,
Monaco,Benin,
Monaco,Bhutan,
Monaco,Bolivia,
Monaco,Bosnia and Herzegovina,
Monaco,Botswana,
Monaco,Brazil,
Monaco,Brunei,
Monaco,Bulgaria,
Monaco,Burkina Faso,
Monaco,Burundi,
Monaco,Cambodia,
Monaco,Cameroon,
Monaco,Canada,
Monaco,Cape Verde,
Monaco,Central African Republic,
Monaco,Chad,
Monaco,Chile,
Monaco,China,
Monaco,Colombia,
Monaco,Comoros,
Monaco,Congo,
Monaco,DR Congo,
Monaco,Costa Rica,
Monaco,Ivory Coast,
Monaco,Croatia,
Monaco,Cuba,
Monaco,Cyprus,
Monaco,Czech Republic,
Monaco,Denmark,
Monaco,Djibouti,
Monaco,Dominica,
Monaco,Dominican Republic,
Monaco,Ecuador,
Monaco,Egypt,
Monaco,El Salvador,
Monaco,Equatorial Guinea,
Monaco,Eritrea,
Monaco,Estonia,
Monaco,Swaziland,
Monaco,Ethiopia,
Monaco,Fiji,
Monaco,Finland,
Monaco,France,
Monaco,Gabon,
Monaco,Gambia,
Monaco,Georgia,
Monaco,Germany,
Monaco,Ghana,
Monaco,Greece,
Monaco,Grenada,
Monaco,Guatemala,
Monaco,Guinea,
Monaco,Guinea-Bissau,
Monaco,Guyana,
Monaco,Haiti,
Monaco,Honduras,
Monaco,Hong Kong,
Monaco,Hungary,
Monaco,Iceland,
Monaco,India,
Monaco,Indonesia,
Monaco,Iran,
Monaco,Iraq,
Monaco,Ireland,
Monaco,Israel,
Monaco,Italy,
Monaco,Jamaica,
Monaco,Japan,
Monaco,Jordan,
Monaco,Kazakhstan,
Monaco,Kenya,
Monaco,Kiribati,
Monaco,Kosovo,
Monaco,Kuwait,
Monaco,Kyrgyzstan,
Monaco,Laos,
Monaco,Latvia,
Monaco,Lebanon,
Monaco,Lesotho,
Monaco,Liberia,
Monaco,Libya,
Monaco,Liechtenstein,
Monaco,Lithuania,
Monaco,Luxembourg,
Monaco,Macao,
Monaco,Madagascar,
Monaco,Malawi,
Monaco,Malaysia,
Monaco,Maldives,
Monaco,Mali,
Monaco,Malta,
Monaco,Marshall Islands,
Monaco,Mauritania,
Monaco,Mauritius,
Monaco,Mexico,
Monaco,Micronesia,
Monaco,Moldova,
Monaco,Monaco,-1
Monaco,Mongolia,
Monaco,Montenegro,
Monaco,Morocco,
Monaco,Mozambique,
Monaco,Myanmar,
Monaco,Namibia,
Monaco,Nauru,
Monaco,Nepal,
Monaco,Netherlands,
Monaco,New Zealand,
Monaco,Nicaragua,
Monaco,Niger,
Monaco,Nigeria,
Monaco,North Korea,
Monaco,North Macedonia,
Monaco,Norway,
Monaco,Oman,
Monaco,Pakistan,
Monaco,Palau,
Monaco,Palestine,
Monaco,Panama,
Monaco,Papua New Guinea,
Monaco,Paraguay,
Monaco,Peru,
Monaco,Philippines,
Monaco,Poland,
Monaco,Portugal,
Monaco,Qatar,
Monaco,Romania,
Monaco,Russia,
Monaco,Rwanda,
Monaco,Saint Kitts and Nevis,
Monaco,Saint Lucia,
Monaco,Samoa,
Monaco,San Marino,
Monaco,Sao Tome and Principe,
Monaco,Saudi Arabia,
Monaco,Senegal,
Monaco,Serbia,
Monaco,Seychelles,
Monaco,Sierra Leone,
Monaco,Singapore,
Monaco,Slovakia,
Monaco,Slovenia,
Monaco,Solomon Islands,
Monaco,Somalia,
Monaco,South Africa,
Monaco,South Korea,
Monaco,South Sudan,
Monaco,Spain,
Monaco,Sri Lanka,
Monaco,Saint Vincent and the Grenadines,
Monaco,Sudan,
Monaco,Suriname,
Monaco,Sweden,
Monaco,Switzerland,
Monaco,Syria,
Monaco,Taiwan,
Monaco,Tajikistan,
Monaco,Tanzania,
Monaco,Thailand,
Monaco,Timor-Leste,
Monaco,Togo,
Monaco,Tonga,
Monaco,Trinidad and Tobago,
Monaco,Tunisia,
Monaco,Turkmenistan,
Monaco,Tuvalu,
Monaco,Turkey,
Monaco,Uganda,
Monaco,Ukraine,
Monaco,United Arab Emirates,
Monaco,United Kingdom,
Monaco,United States,
Monaco,Uruguay,
Monaco,Uzbekistan,
Monaco,Vanuatu,
Monaco,Vatican,
Monaco,Venezuela,
Monaco,Vietnam,
Monaco,Yemen,
Monaco,Zambia,
Monaco,Zimbabwe,
Monaco,Afghanistan,
Mongolia,Albania,
Mongolia,Algeria,
Mongolia,Andorra,
Mongolia,Angola,
Mongolia,Antigua and Barbuda,
Mongolia,Argentina,
Mongolia,Armenia,
Mongolia,Australia,
Mongolia,Austria,
Mongolia,Azerbaijan,
Mongolia,Bahamas,
Mongolia,Bahrain,
Mongolia,Bangladesh,
Mongolia,Barbados,
Mongolia,Belarus,
Mongolia,Belgium,
Mongolia,Belize,
Mongolia,Benin,
Mongolia,Bhutan,
Mongolia,Bolivia,
Mongolia,Bosnia and Herzegovina,
Mongolia,Botswana,
Mongolia,Brazil,
Mongolia,Brunei,
Mongolia,Bulgaria,
Mongolia,Burkina Faso,
Mongolia,Burundi,
Mongolia,Cambodia,
Mongolia,Cameroon,
Mongolia,Canada,
Mongolia,Cape Verde,
Mongolia,Central African Republic,
Mongolia,Chad,
Mongolia,Chile,
Mongolia,China,
Mongolia,Colombia,
Mongolia,Comoros,
Mongolia,Congo,
Mongolia,DR Congo,
Mongolia,Costa Rica,
Mongolia,Ivory Coast,
Mongolia,Croatia,
Mongolia,Cuba,
Mongolia,Cyprus,
Mongolia,Czech Republic,
Mongolia,Denmark,
Mongolia,Djibouti,
Mongolia,Dominica,
Mongolia,Dominican Republic,
Mongolia,Ecuador,
Mongolia,Egypt,
Mongolia,El Salvador,
Mongolia,Equatorial Guinea,
Mongolia,Eritrea,
Mongolia,Estonia,
Mongolia,Swaziland,
Mongolia,Ethiopia,
Mongolia,Fiji,
Mongolia,Finland,
Mongolia,France,
Mongolia,Gabon,
Mongolia,Gambia,
Mongolia,Georgia,
Mongolia,Germany,
Mongolia,Ghana,
Mongolia,Greece,
Mongolia,Grenada,
Mongolia,Guatemala,
Mongolia,Guinea,
Mongolia,Guinea-Bissau,
Mongolia,Guyana,
Mongolia,Haiti,
Mongolia,Honduras,
Mongolia,Hong Kong,
Mongolia,Hungary,
Mongolia,Iceland,
Mongolia,India,
Mongolia,Indonesia,
Mongolia,Iran,
Mongolia,Iraq,
Mongolia,Ireland,
Mongolia,Israel,
Mongolia,Italy,
Mongolia,Jamaica,
Mongolia,Japan,
Mongolia,Jordan,
Mongolia,Kazakhstan,
Mongolia,Kenya,
Mongolia,Kiribati,
Mongolia,Kosovo,
Mongolia,Kuwait,
Mongolia,Kyrgyzstan,
Mongolia,Laos,
Mongolia,Latvia,
Mongolia,Lebanon,
Mongolia,Lesotho,
Mongolia,Liberia,
Mongolia,Libya,
Mongolia,Liechtenstein,
Mongolia,Lithuania,
Mongolia,Luxembourg,
Mongolia,Macao,
Mongolia,Madagascar,
Mongolia,Malawi,
Mongolia,Malaysia,
Mongolia,Maldives,
Mongolia,Mali,
Mongolia,Malta,
Mongolia,Marshall Islands,
Mongolia,Mauritania,
Mongolia,Mauritius,
Mongolia,Mexico,
Mongolia,Micronesia,
Mongolia,Moldova,
Mongolia,Monaco,
Mongolia,Mongolia,-1
Mongolia,Montenegro,
Mongolia,Morocco,
Mongolia,Mozambique,
Mongolia,Myanmar,
Mongolia,Namibia,
Mongolia,Nauru,
Mongolia,Nepal,
Mongolia,Netherlands,
Mongolia,New Zealand,
Mongolia,Nicaragua,
Mongolia,Niger,
Mongolia,Nigeria,
Mongolia,North Korea,
Mongolia,North Macedonia,
Mongolia,Norway,
Mongolia,Oman,
Mongolia,Pakistan,
Mongolia,Palau,
Mongolia,Palestine,
Mongolia,Panama,
Mongolia,Papua New Guinea,
Mongolia,Paraguay,
Mongolia,Peru,
Mongolia,Philippines,
Mongolia,Poland,
Mongolia,Portugal,
Mongolia,Qatar,
Mongolia,Romania,
Mongolia,Russia,
Mongolia,Rwanda,
Mongolia,Saint Kitts and Nevis,
Mongolia,Saint Lucia,
Mongolia,Samoa,
Mongolia,San Marino,
Mongolia,Sao Tome and Principe,
Mongolia,Saudi Arabia,
Mongolia,Senegal,
Mongolia,Serbia,
Mongolia,Seychelles,
Mongolia,Sierra Leone,
Mongolia,Singapore,
Mongolia,Slovakia,
Mongolia,Slovenia,
Mongolia,Solomon Islands,
Mongolia,Somalia,
Mongolia,South Africa,
Mongolia,South Korea,
Mongolia,South Sudan,
Mongolia,Spain,
Mongolia,Sri Lanka,
Mongolia,Saint Vincent and the Grenadines,
Mongolia,Sudan,
Mongolia,Suriname,
Mongolia,Sweden,
Mongolia,Switzerland,
Mongolia,Syria,
Mongolia,Taiwan,
Mongolia,Tajikistan,
Mongolia,Tanzania,
Mongolia,Thailand,
Mongolia,Timor-Leste,
Mongolia,Togo,
Mongolia,Tonga,
Mongolia,Trinidad and Tobago,
Mongolia,Tunisia,
Mongolia,Turkmenistan,
Mongolia,Tuvalu,
Mongolia,Turkey,
Mongolia,Uganda,
Mongolia,Ukraine,
Mongolia,United Arab Emirates,
Mongolia,United Kingdom,
Mongolia,United States,
Mongolia,Uruguay,
Mongolia,Uzbekistan,
Mongolia,Vanuatu,
Mongolia,Vatican,
Mongolia,Venezuela,
Mongolia,Vietnam,
Mongolia,Yemen,
Mongolia,Zambia,
Mongolia,Zimbabwe,
Mongolia,Afghanistan,
Montenegro,Albania,
Montenegro,Algeria,
Montenegro,Andorra,
Montenegro,Angola,
Montenegro,Antigua and Barbuda,
Montenegro,Argentina,
Montenegro,Armenia,
Montenegro,Australia,
Montenegro,Austria,
Montenegro,Azerbaijan,
Montenegro,Bahamas,
Montenegro,Bahrain,
Montenegro,Bangladesh,
Montenegro,Barbados,
Montenegro,Belarus,
Montenegro,Belgium,
Montenegro,Belize,
Montenegro,Benin,
Montenegro,Bhutan,
Montenegro,Bolivia,
Montenegro,Bosnia and Herzegovina,
Montenegro,Botswana,
Montenegro,Brazil,
Montenegro,Brunei,
Montenegro,Bulgaria,
Montenegro,Burkina Faso,
Montenegro,Burundi,
Montenegro,Cambodia,
Montenegro,Cameroon,
Montenegro,Canada,
Montenegro,Cape Verde,
Montenegro,Central African Republic,
Montenegro,Chad,
Montenegro,Chile,
Montenegro,China,
Montenegro,Colombia,
Montenegro,Comoros,
Montenegro,Congo,
Montenegro,DR Congo,
Montenegro,Costa Rica,
Montenegro,Ivory Coast,
Montenegro,Croatia,
Montenegro,Cuba,
Montenegro,Cyprus,
Montenegro,Czech Republic,
Montenegro,Denmark,
Montenegro,Djibouti,
Montenegro,Dominica,
Montenegro,Dominican Republic,
Montenegro,Ecuador,
Montenegro,Egypt,
Montenegro,El Salvador,
Montenegro,Equatorial Guinea,
Montenegro,Eritrea,
Montenegro,Estonia,
Montenegro,Swaziland,
Montenegro,Ethiopia,
Montenegro,Fiji,
Montenegro,Finland,
Montenegro,France,
Montenegro,Gabon,
Montenegro,Gambia,
Montenegro,Georgia,
Montenegro,Germany,
Montenegro,Ghana,
Montenegro,Greece,
Montenegro,Grenada,
Montenegro,Guatemala,
Montenegro,Guinea,
Montenegro,Guinea-Bissau,
Montenegro,Guyana,
Montenegro,Haiti,
Montenegro,Honduras,
Montenegro,Hong Kong,
Montenegro,Hungary,
Montenegro,Iceland,
Montenegro,India,
Montenegro,Indonesia,
Montenegro,Iran,
Montenegro,Iraq,
Montenegro,Ireland,
Montenegro,Israel,
Montenegro,Italy,
Montenegro,Jamaica,
Montenegro,Japan,
Montenegro,Jordan,
Montenegro,Kazakhstan,
Montenegro,Kenya,
Montenegro,Kiribati,
Montenegro,Kosovo,
Montenegro,Kuwait,
Montenegro,Kyrgyzstan,
Montenegro,Laos,
Montenegro,Latvia,
Montenegro,Lebanon,
Montenegro,Lesotho,
Montenegro,Liberia,
Montenegro,Libya,
Montenegro,Liechtenstein,
Montenegro,Lithuania,
Montenegro,Luxembourg,
Montenegro,Macao,
Montenegro,Madagascar,
Montenegro,Malawi,
Montenegro,Malaysia,
Montenegro,Maldives,
Montenegro,Mali,
Montenegro,Malta,
Montenegro,Marshall Islands,
Montenegro,Mauritania,
Montenegro,Mauritius,
Montenegro,Mexico,
Montenegro,Micronesia,
Montenegro,Moldova,
Montenegro,Monaco,
Montenegro,Mongolia,
Montenegro,Montenegro,-1
Montenegro,Morocco,
Montenegro,Mozambique,
Montenegro,Myanmar,
Montenegro,Namibia,
Montenegro,Nauru,
Montenegro,Nepal,
Montenegro,Netherlands,
Montenegro,New Zealand,
Montenegro,Nicaragua,
Montenegro,Niger,
Montenegro,Nigeria,
Montenegro,North Korea,
Montenegro,North Macedonia,
Montenegro,Norway,
Montenegro,Oman,
Montenegro,Pakistan,
Montenegro,Palau,
Montenegro,Palestine,
Montenegro,Panama,
Montenegro,Papua New Guinea,
Montenegro,Paraguay,
Montenegro,Peru,
Montenegro,Philippines,
Montenegro,Poland,
Montenegro,Portugal,
Montenegro,Qatar,
Montenegro,Romania,
Montenegro,Russia,
Montenegro,Rwanda,
Montenegro,Saint Kitts and Nevis,
Montenegro,Saint Lucia,
Montenegro,Samoa,
Montenegro,San Marino,
Montenegro,Sao Tome and Principe,
Montenegro,Saudi Arabia,
Montenegro,Senegal,
Montenegro,Serbia,
Montenegro,Seychelles,
Montenegro,Sierra Leone,
Montenegro,Singapore,
Montenegro,Slovakia,
Montenegro,Slovenia,
Montenegro,Solomon Islands,
Montenegro,Somalia,
Montenegro,South Africa,
Montenegro,South Korea,
Montenegro,South Sudan,
Montenegro,Spain,
Montenegro,Sri Lanka,
Montenegro,Saint Vincent and the Grenadines,
Montenegro,Sudan,
Montenegro,Suriname,
Montenegro,Sweden,
Montenegro,Switzerland,
Montenegro,Syria,
Montenegro,Taiwan,
Montenegro,Tajikistan,
Montenegro,Tanzania,
Montenegro,Thailand,
Montenegro,Timor-Leste,
Montenegro,Togo,
Montenegro,Tonga,
Montenegro,Trinidad and Tobago,
Montenegro,Tunisia,
Montenegro,Turkmenistan,
Montenegro,Tuvalu,
Montenegro,Turkey,
Montenegro,Uganda,
Montenegro,Ukraine,
Montenegro,United Arab Emirates,
Montenegro,United Kingdom,
Montenegro,United States,
Montenegro,Uruguay,
Montenegro,Uzbekistan,
Montenegro,Vanuatu,
Montenegro,Vatican,
Montenegro,Venezuela,
Montenegro,Vietnam,
Montenegro,Yemen,
Montenegro,Zambia,
Montenegro,Zimbabwe,
Montenegro,Afghanistan,
Morocco,Albania,
Morocco,Algeria,
Morocco,Andorra,
Morocco,Angola,
Morocco,Antigua and Barbuda,
Morocco,Argentina,
Morocco,Armenia,
Morocco,Australia,
Morocco,Austria,
Morocco,Azerbaijan,
Morocco,Bahamas,
Morocco,Bahrain,
Morocco,Bangladesh,
Morocco,Barbados,
Morocco,Belarus,
Morocco,Belgium,
Morocco,Belize,
Morocco,Benin,
Morocco,Bhutan,
Morocco,Bolivia,
Morocco,Bosnia and Herzegovina,
Morocco,Botswana,
Morocco,Brazil,
Morocco,Brunei,
Morocco,Bulgaria,
Morocco,Burkina Faso,
Morocco,Burundi,
Morocco,Cambodia,
Morocco,Cameroon,
Morocco,Canada,
Morocco,Cape Verde,
Morocco,Central African Republic,
Morocco,Chad,
Morocco,Chile,
Morocco,China,
Morocco,Colombia,
Morocco,Comoros,
Morocco,Congo,
Morocco,DR Congo,
Morocco,Costa Rica,
Morocco,Ivory Coast,
Morocco,Croatia,
Morocco,Cuba,
Morocco,Cyprus,
Morocco,Czech Republic,
Morocco,Denmark,
Morocco,Djibouti,
Morocco,Dominica,
Morocco,Dominican Republic,
Morocco,Ecuador,
Morocco,Egypt,
Morocco,El Salvador,
Morocco,Equatorial Guinea,
Morocco,Eritrea,
Morocco,Estonia,
Morocco,Swaziland,
Morocco,Ethiopia,
Morocco,Fiji,
Morocco,Finland,
Morocco,France,
Morocco,Gabon,
Morocco,Gambia,
Morocco,Georgia,
Morocco,Germany,
Morocco,Ghana,
Morocco,Greece,
Morocco,Grenada,
Morocco,Guatemala,
Morocco,Guinea,
Morocco,Guinea-Bissau,
Morocco,Guyana,
Morocco,Haiti,
Morocco,Honduras,
Morocco,Hong Kong,
Morocco,Hungary,
Morocco,Iceland,
Morocco,India,
Morocco,Indonesia,
Morocco,Iran,
Morocco,Iraq,
Morocco,Ireland,
Morocco,Israel,
Morocco,Italy,
Morocco,Jamaica,
Morocco,Japan,
Morocco,Jordan,
Morocco,Kazakhstan,
Morocco,Kenya,
Morocco,Kiribati,
Morocco,Kosovo,
Morocco,Kuwait,
Morocco,Kyrgyzstan,
Morocco,Laos,
Morocco,Latvia,
Morocco,Lebanon,
Morocco,Lesotho,
Morocco,Liberia,
Morocco,Libya,
Morocco,Liechtenstein,
Morocco,Lithuania,
Morocco,Luxembourg,
Morocco,Macao,
Morocco,Madagascar,
Morocco,Malawi,
Morocco,Malaysia,
Morocco,Maldives,
Morocco,Mali,
Morocco,Malta,
Morocco,Marshall Islands,
Morocco,Mauritania,
Morocco,Mauritius,
Morocco,Mexico,
Morocco,Micronesia,
Morocco,Moldova,
Morocco,Monaco,
Morocco,Mongolia,
Morocco,Montenegro,
Morocco,Morocco,-1
Morocco,Mozambique,
Morocco,Myanmar,
Morocco,Namibia,
Morocco,Nauru,
Morocco,Nepal,
Morocco,Netherlands,
Morocco,New Zealand,
Morocco,Nicaragua,
Morocco,Niger,
Morocco,Nigeria,
Morocco,North Korea,
Morocco,North Macedonia,
Morocco,Norway,
Morocco,Oman,
Morocco,Pakistan,
Morocco,Palau,
Morocco,Palestine,
Morocco,Panama,
Morocco,Papua New Guinea,
Morocco,Paraguay,
Morocco,Peru,
Morocco,Philippines,
Morocco,Poland,
Morocco,Portugal,
Morocco,Qatar,
Morocco,Romania,
Morocco,Russia,
Morocco,Rwanda,
Morocco,Saint Kitts and Nevis,
Morocco,Saint Lucia,
Morocco,Samoa,
Morocco,San Marino,
Morocco,Sao Tome and Principe,
Morocco,Saudi Arabia,
Morocco,Senegal,
Morocco,Serbia,
Morocco,Seychelles,
Morocco,Sierra Leone,
Morocco,Singapore,
Morocco,Slovakia,
Morocco,Slovenia,
Morocco,Solomon Islands,
Morocco,Somalia,
Morocco,South Africa,
Morocco,South Korea,
Morocco,South Sudan,
Morocco,Spain,
Morocco,Sri Lanka,
Morocco,Saint Vincent and the Grenadines,
Morocco,Sudan,
Morocco,Suriname,
Morocco,Sweden,
Morocco,Switzerland,
Morocco,Syria,
Morocco,Taiwan,
Morocco,Tajikistan,
Morocco,Tanzania,
Morocco,Thailand,
Morocco,Timor-Leste,
Morocco,Togo,
Morocco,Tonga,
Morocco,Trinidad and Tobago,
Morocco,Tunisia,
Morocco,Turkmenistan,
Morocco,Tuvalu,
Morocco,Turkey,
Morocco,Uganda,
Morocco,Ukraine,
Morocco,United Arab Emirates,
Morocco,United Kingdom,
Morocco,United States,
Morocco,Uruguay,
Morocco,Uzbekistan,
Morocco,Vanuatu,
Morocco,Vatican,
Morocco,Venezuela,
Morocco,Vietnam,
Morocco,Yemen,
Morocco,Zambia,
Morocco,Zimbabwe,
Morocco,Afghanistan,
Mozambique,Albania,
Mozambique,Algeria,
Mozambique,Andorra,
Mozambique,Angola,
Mozambique,Antigua and Barbuda,
Mozambique,Argentina,
Mozambique,Armenia,
Mozambique,Australia,
Mozambique,Austria,
Mozambique,Azerbaijan,
Mozambique,Bahamas,
Mozambique,Bahrain,
Mozambique,Bangladesh,
Mozambique,Barbados,
Mozambique,Belarus,
Mozambique,Belgium,
Mozambique,Belize,
Mozambique,Benin,
Mozambique,Bhutan,
Mozambique,Bolivia,
Mozambique,Bosnia and Herzegovina,
Mozambique,Botswana,
Mozambique,Brazil,
Mozambique,Brunei,
Mozambique,Bulgaria,
Mozambique,Burkina Faso,
Mozambique,Burundi,
Mozambique,Cambodia,
Mozambique,Cameroon,
Mozambique,Canada,
Mozambique,Cape Verde,
Mozambique,Central African Republic,
Mozambique,Chad,
Mozambique,Chile,
Mozambique,China,
Mozambique,Colombia,
Mozambique,Comoros,
Mozambique,Congo,
Mozambique,DR Congo,
Mozambique,Costa Rica,
Mozambique,Ivory Coast,
Mozambique,Croatia,
Mozambique,Cuba,
Mozambique,Cyprus,
Mozambique,Czech Republic,
Mozambique,Denmark,
Mozambique,Djibouti,
Mozambique,Dominica,
Mozambique,Dominican Republic,
Mozambique,Ecuador,
Mozambique,Egypt,
Mozambique,El Salvador,
Mozambique,Equatorial Guinea,
Mozambique,Eritrea,
Mozambique,Estonia,
Mozambique,Swaziland,
Mozambique,Ethiopia,
Mozambique,Fiji,
Mozambique,Finland,
Mozambique,France,
Mozambique,Gabon,
Mozambique,Gambia,
Mozambique,Georgia,
Mozambique,Germany,
Mozambique,Ghana,
Mozambique,Greece,
Mozambique,Grenada,
Mozambique,Guatemala,
Mozambique,Guinea,
Mozambique,Guinea-Bissau,
Mozambique,Guyana,
Mozambique,Haiti,
Mozambique,Honduras,
Mozambique,Hong Kong,
Mozambique,Hungary,
Mozambique,Iceland,
Mozambique,India,
Mozambique,Indonesia,
Mozambique,Iran,
Mozambique,Iraq,
Mozambique,Ireland,
Mozambique,Israel,
Mozambique,Italy,
Mozambique,Jamaica,
Mozambique,Japan,
Mozambique,Jordan,
Mozambique,Kazakhstan,
Mozambique,Kenya,
Mozambique,Kiribati,
Mozambique,Kosovo,
Mozambique,Kuwait,
Mozambique,Kyrgyzstan,
Mozambique,Laos,
Mozambique,Latvia,
Mozambique,Lebanon,
Mozambique,Lesotho,
Mozambique,Liberia,
Mozambique,Libya,
Mozambique,Liechtenstein,
Mozambique,Lithuania,
Mozambique,Luxembourg,
Mozambique,Macao,
Mozambique,Madagascar,
Mozambique,Malawi,
Mozambique,Malaysia,
Mozambique,Maldives,
Mozambique,Mali,
Mozambique,Malta,
Mozambique,Marshall Islands,
Mozambique,Mauritania,
Mozambique,Mauritius,
Mozambique,Mexico,
Mozambique,Micronesia,
Mozambique,Moldova,
Mozambique,Monaco,
Mozambique,Mongolia,
Mozambique,Montenegro,
Mozambique,Morocco,
Mozambique,Mozambique,-1
Mozambique,Myanmar,
Mozambique,Namibia,
Mozambique,Nauru,
Mozambique,Nepal,
Mozambique,Netherlands,
Mozambique,New Zealand,
Mozambique,Nicaragua,
Mozambique,Niger,
Mozambique,Nigeria,
Mozambique,North Korea,
Mozambique,North Macedonia,
Mozambique,Norway,
Mozambique,Oman,
Mozambique,Pakistan,
Mozambique,Palau,
Mozambique,Palestine,
Mozambique,Panama,
Mozambique,Papua New Guinea,
Mozambique,Paraguay,
Mozambique,Peru,
Mozambique,Philippines,
Mozambique,Poland,
Mozambique,Portugal,
Mozambique,Qatar,
Mozambique,Romania,
Mozambique,Russia,
Mozambique,Rwanda,
Mozambique,Saint Kitts and Nevis,
Mozambique,Saint Lucia,
Mozambique,Samoa,
Mozambique,San Marino,
Mozambique,Sao Tome and Principe,
Mozambique,Saudi Arabia,
Mozambique,Senegal,
Mozambique,Serbia,
Mozambique,Seychelles,
Mozambique,Sierra Leone,
Mozambique,Singapore,
Mozambique,Slovakia,
Mozambique,Slovenia,
Mozambique,Solomon Islands,
Mozambique,Somalia,
Mozambique,South Africa,
Mozambique,South Korea,
Mozambique,South Sudan,
Mozambique,Spain,
Mozambique,Sri Lanka,
Mozambique,Saint Vincent and the Grenadines,
Mozambique,Sudan,
Mozambique,Suriname,
Mozambique,Sweden,
Mozambique,Switzerland,
Mozambique,Syria,
Mozambique,Taiwan,
Mozambique,Tajikistan,
Mozambique,Tanzania,
Mozambique,Thailand,
Mozambique,Timor-Leste,
Mozambique,Togo,
Mozambique,Tonga,
Mozambique,Trinidad and Tobago,
Mozambique,Tunisia,
Mozambique,Turkmenistan,
Mozambique,Tuvalu,
Mozambique,Turkey,
Mozambique,Uganda,
Mozambique,Ukraine,
Mozambique,United Arab Emirates,
Mozambique,United Kingdom,
Mozambique,United States,
Mozambique,Uruguay,
Mozambique,Uzbekistan,
Mozambique,Vanuatu,
Mozambique,Vatican,
Mozambique,Venezuela,
Mozambique,Vietnam,
Mozambique,Yemen,
Mozambique,Zambia,
Mozambique,Zimbabwe,
Mozambique,Afghanistan,
Myanmar,Albania,
Myanmar,Algeria,
Myanmar,Andorra,
Myanmar,Angola,
Myanmar,Antigua and Barbuda,
Myanmar,Argentina,
Myanmar,Armenia,
Myanmar,Australia,
Myanmar,Austria,
Myanmar,Azerbaijan,
Myanmar,Bahamas,
Myanmar,Bahrain,
Myanmar,Bangladesh,
Myanmar,Barbados,
Myanmar,Belarus,
Myanmar,Belgium,
Myanmar,Belize,
Myanmar,Benin,
Myanmar,Bhutan,
Myanmar,Bolivia,
Myanmar,Bosnia and Herzegovina,
Myanmar,Botswana,
Myanmar,Brazil,
Myanmar,Brunei,
Myanmar,Bulgaria,
Myanmar,Burkina Faso,
Myanmar,Burundi,
Myanmar,Cambodia,
Myanmar,Cameroon,
Myanmar,Canada,
Myanmar,Cape Verde,
Myanmar,Central African Republic,
Myanmar,Chad,
Myanmar,Chile,
Myanmar,China,
Myanmar,Colombia,
Myanmar,Comoros,
Myanmar,Congo,
Myanmar,DR Congo,
Myanmar,Costa Rica,
Myanmar,Ivory Coast,
Myanmar,Croatia,
Myanmar,Cuba,
Myanmar,Cyprus,
Myanmar,Czech Republic,
Myanmar,Denmark,
Myanmar,Djibouti,
Myanmar,Dominica,
Myanmar,Dominican Republic,
Myanmar,Ecuador,
Myanmar,Egypt,
Myanmar,El Salvador,
Myanmar,Equatorial Guinea,
Myanmar,Eritrea,
Myanmar,Estonia,
Myanmar,Swaziland,
Myanmar,Ethiopia,
Myanmar,Fiji,
Myanmar,Finland,
Myanmar,France,
Myanmar,Gabon,
Myanmar,Gambia,
Myanmar,Georgia,
Myanmar,Germany,
Myanmar,Ghana,
Myanmar,Greece,
Myanmar,Grenada,
Myanmar,Guatemala,
Myanmar,Guinea,
Myanmar,Guinea-Bissau,
Myanmar,Guyana,
Myanmar,Haiti,
Myanmar,Honduras,
Myanmar,Hong Kong,
Myanmar,Hungary,
Myanmar,Iceland,
Myanmar,India,
Myanmar,Indonesia,
Myanmar,Iran,
Myanmar,Iraq,
Myanmar,Ireland,
Myanmar,Israel,
Myanmar,Italy,
Myanmar,Jamaica,
Myanmar,Japan,
Myanmar,Jordan,
Myanmar,Kazakhstan,
Myanmar,Kenya,
Myanmar,Kiribati,
Myanmar,Kosovo,
Myanmar,Kuwait,
Myanmar,Kyrgyzstan,
Myanmar,Laos,
Myanmar,Latvia,
Myanmar,Lebanon,
Myanmar,Lesotho,
Myanmar,Liberia,
Myanmar,Libya,
Myanmar,Liechtenstein,
Myanmar,Lithuania,
Myanmar,Luxembourg,
Myanmar,Macao,
Myanmar,Madagascar,
Myanmar,Malawi,
Myanmar,Malaysia,
Myanmar,Maldives,
Myanmar,Mali,
Myanmar,Malta,
Myanmar,Marshall Islands,
Myanmar,Mauritania,
Myanmar,Mauritius,
Myanmar,Mexico,
Myanmar,Micronesia,
Myanmar,Moldova,
Myanmar,Monaco,
Myanmar,Mongolia,
Myanmar,Montenegro,
Myanmar,Morocco,
Myanmar,Mozambique,
Myanmar,Myanmar,-1
Myanmar,Namibia,
Myanmar,Nauru,
Myanmar,Nepal,
Myanmar,Netherlands,
Myanmar,New Zealand,
Myanmar,Nicaragua,
Myanmar,Niger,
Myanmar,Nigeria,
Myanmar,North Korea,
Myanmar,North Macedonia,
Myanmar,Norway,
Myanmar,Oman,
Myanmar,Pakistan,
Myanmar,Palau,
Myanmar,Palestine,
Myanmar,Panama,
Myanmar,Papua New Guinea,
Myanmar,Paraguay,
Myanmar,Peru,
Myanmar,Philippines,
Myanmar,Poland,
Myanmar,Portugal,
Myanmar,Qatar,
Myanmar,Romania,
Myanmar,Russia,
Myanmar,Rwanda,
Myanmar,Saint Kitts and Nevis,
Myanmar,Saint Lucia,
Myanmar,Samoa,
Myanmar,San Marino,
Myanmar,Sao Tome and Principe,
Myanmar,Saudi Arabia,
Myanmar,Senegal,
Myanmar,Serbia,
Myanmar,Seychelles,
Myanmar,Sierra Leone,
Myanmar,Singapore,
Myanmar,Slovakia,
Myanmar,Slovenia,
Myanmar,Solomon Islands,
Myanmar,Somalia,
Myanmar,South Africa,
Myanmar,South Korea,
Myanmar,South Sudan,
Myanmar,Spain,
Myanmar,Sri Lanka,
Myanmar,Saint Vincent and the Grenadines,
Myanmar,Sudan,
Myanmar,Suriname,
Myanmar,Sweden,
Myanmar,Switzerland,
Myanmar,Syria,
Myanmar,Taiwan,
Myanmar,Tajikistan,
Myanmar,Tanzania,
Myanmar,Thailand,
Myanmar,Timor-Leste,
Myanmar,Togo,
Myanmar,Tonga,
Myanmar,Trinidad and Tobago,
Myanmar,Tunisia,
Myanmar,Turkmenistan,
Myanmar,Tuvalu,
Myanmar,Turkey,
Myanmar,Uganda,
Myanmar,Ukraine,
Myanmar,United Arab Emirates,
Myanmar,United Kingdom,
Myanmar,United States,
Myanmar,Uruguay,
Myanmar,Uzbekistan,
Myanmar,Vanuatu,
Myanmar,Vatican,
Myanmar,Venezuela,
Myanmar,Vietnam,
Myanmar,Yemen,
Myanmar,Zambia,
Myanmar,Zimbabwe,
Myanmar,Afghanistan,
Namibia,Albania,
Namibia,Algeria,
Namibia,Andorra,
Namibia,Angola,
Namibia,Antigua and Barbuda,
Namibia,Argentina,
Namibia,Armenia,
Namibia,Australia,
Namibia,Austria,
Namibia,Azerbaijan,
Namibia,Bahamas,
Namibia,Bahrain,
Namibia,Bangladesh,
Namibia,Barbados,
Namibia,Belarus,
Namibia,Belgium,
Namibia,Belize,
Namibia,Benin,
Namibia,Bhutan,
Namibia,Bolivia,
Namibia,Bosnia and Herzegovina,
Namibia,Botswana,
Namibia,Brazil,
Namibia,Brunei,
Namibia,Bulgaria,
Namibia,Burkina Faso,
Namibia,Burundi,
Namibia,Cambodia,
Namibia,Cameroon,
Namibia,Canada,
Namibia,Cape Verde,
Namibia,Central African Republic,
Namibia,Chad,
Namibia,Chile,
Namibia,China,
Namibia,Colombia,
Namibia,Comoros,
Namibia,Congo,
Namibia,DR Congo,
Namibia,Costa Rica,
Namibia,Ivory Coast,
Namibia,Croatia,
Namibia,Cuba,
Namibia,Cyprus,
Namibia,Czech Republic,
Namibia,Denmark,
Namibia,Djibouti,
Namibia,Dominica,
Namibia,Dominican Republic,
Namibia,Ecuador,
Namibia,Egypt,
Namibia,El Salvador,
Namibia,Equatorial Guinea,
Namibia,Eritrea,
Namibia,Estonia,
Namibia,Swaziland,
Namibia,Ethiopia,
Namibia,Fiji,
Namibia,Finland,
Namibia,France,
Namibia,Gabon,
Namibia,Gambia,
Namibia,Georgia,
Namibia,Germany,
Namibia,Ghana,
Namibia,Greece,
Namibia,Grenada,
Namibia,Guatemala,
Namibia,Guinea,
Namibia,Guinea-Bissau,
Namibia,Guyana,
Namibia,Haiti,
Namibia,Honduras,
Namibia,Hong Kong,
Namibia,Hungary,
Namibia,Iceland,
Namibia,India,
Namibia,Indonesia,
Namibia,Iran,
Namibia,Iraq,
Namibia,Ireland,
Namibia,Israel,
Namibia,Italy,
Namibia,Jamaica,
Namibia,Japan,
Namibia,Jordan,
Namibia,Kazakhstan,
Namibia,Kenya,
Namibia,Kiribati,
Namibia,Kosovo,
Namibia,Kuwait,
Namibia,Kyrgyzstan,
Namibia,Laos,
Namibia,Latvia,
Namibia,Lebanon,
Namibia,Lesotho,
Namibia,Liberia,
Namibia,Libya,
Namibia,Liechtenstein,
Namibia,Lithuania,
Namibia,Luxembourg,
Namibia,Macao,
Namibia,Madagascar,
Namibia,Malawi,
Namibia,Malaysia,
Namibia,Maldives,
Namibia,Mali,
Namibia,Malta,
Namibia,Marshall Islands,
Namibia,Mauritania,
Namibia,Mauritius,
Namibia,Mexico,
Namibia,Micronesia,
Namibia,Moldova,
Namibia,Monaco,
Namibia,Mongolia,
Namibia,Montenegro,
Namibia,Morocco,
Namibia,Mozambique,
Namibia,Myanmar,
Namibia,Namibia,-1
Namibia,Nauru,
Namibia,Nepal,
Namibia,Netherlands,
Namibia,New Zealand,
Namibia,Nicaragua,
Namibia,Niger,
Namibia,Nigeria,
Namibia,North Korea,
Namibia,North Macedonia,
Namibia,Norway,
Namibia,Oman,
Namibia,Pakistan,
Namibia,Palau,
Namibia,Palestine,
Namibia,Panama,
Namibia,Papua New Guinea,
Namibia,Paraguay,
Namibia,Peru,
Namibia,Philippines,
Namibia,Poland,
Namibia,Portugal,
Namibia,Qatar,
Namibia,Romania,
Namibia,Russia,
Namibia,Rwanda,
Namibia,Saint Kitts and Nevis,
Namibia,Saint Lucia,
Namibia,Samoa,
Namibia,San Marino,
Namibia,Sao Tome and Principe,
Namibia,Saudi Arabia,
Namibia,Senegal,
Namibia,Serbia,
Namibia,Seychelles,
Namibia,Sierra Leone,
Namibia,Singapore,
Namibia,Slovakia,
Namibia,Slovenia,
Namibia,Solomon Islands,
Namibia,Somalia,
Namibia,South Africa,
Namibia,South Korea,
Namibia,South Sudan,
Namibia,Spain,
Namibia,Sri Lanka,
Namibia,Saint Vincent and the Grenadines,
Namibia,Sudan,
Namibia,Suriname,
Namibia,Sweden,
Namibia,Switzerland,
Namibia,Syria,
Namibia,Taiwan,
Namibia,Tajikistan,
Namibia,Tanzania,
Namibia,Thailand,
Namibia,Timor-Leste,
Namibia,Togo,
Namibia,Tonga,
Namibia,Trinidad and Tobago,
Namibia,Tunisia,
Namibia,Turkmenistan,
Namibia,Tuvalu,
Namibia,Turkey,
Namibia,Uganda,
Namibia,Ukraine,
Namibia,United Arab Emirates,
Namibia,United Kingdom,
Namibia,United States,
Namibia,Uruguay,
Namibia,Uzbekistan,
Namibia,Vanuatu,
Namibia,Vatican,
Namibia,Venezuela,
Namibia,Vietnam,
Namibia,Yemen,
Namibia,Zambia,
Namibia,Zimbabwe,
Namibia,Afghanistan,
Nauru,Albania,
Nauru,Algeria,
Nauru,Andorra,
Nauru,Angola,
Nauru,Antigua and Barbuda,
Nauru,Argentina,
Nauru,Armenia,
Nauru,Australia,
Nauru,Austria,
Nauru,Azerbaijan,
Nauru,Bahamas,
Nauru,Bahrain,
Nauru,Bangladesh,
Nauru,Barbados,
Nauru,Belarus,
Nauru,Belgium,
Nauru,Belize,
Nauru,Benin,
Nauru,Bhutan,
Nauru,Bolivia,
Nauru,Bosnia and Herzegovina,
Nauru,Botswana,
Nauru,Brazil,
Nauru,Brunei,
Nauru,Bulgaria,
Nauru,Burkina Faso,
Nauru,Burundi,
Nauru,Cambodia,
Nauru,Cameroon,
Nauru,Canada,
Nauru,Cape Verde,
Nauru,Central African Republic,
Nauru,Chad,
Nauru,Chile,
Nauru,China,
Nauru,Colombia,
Nauru,Comoros,
Nauru,Congo,
Nauru,DR Congo,
Nauru,Costa Rica,
Nauru,Ivory Coast,
Nauru,Croatia,
Nauru,Cuba,
Nauru,Cyprus,
Nauru,Czech Republic,
Nauru,Denmark,
Nauru,Djibouti,
Nauru,Dominica,
Nauru,Dominican Republic,
Nauru,Ecuador,
Nauru,Egypt,
Nauru,El Salvador,
Nauru,Equatorial Guinea,
Nauru,Eritrea,
Nauru,Estonia,
Nauru,Swaziland,
Nauru,Ethiopia,
Nauru,Fiji,
Nauru,Finland,
Nauru,France,
Nauru,Gabon,
Nauru,Gambia,
Nauru,Georgia,
Nauru,Germany,
Nauru,Ghana,
Nauru,Greece,
Nauru,Grenada,
Nauru,Guatemala,
Nauru,Guinea,
Nauru,Guinea-Bissau,
Nauru,Guyana,
Nauru,Haiti,
Nauru,Honduras,
Nauru,Hong Kong,
Nauru,Hungary,
Nauru,Iceland,
Nauru,India,
Nauru,Indonesia,
Nauru,Iran,
Nauru,Iraq,
Nauru,Ireland,
Nauru,Israel,
Nauru,Italy,
Nauru,Jamaica,
Nauru,Japan,
Nauru,Jordan,
Nauru,Kazakhstan,
Nauru,Kenya,
Nauru,Kiribati,
Nauru,Kosovo,
Nauru,Kuwait,
Nauru,Kyrgyzstan,
Nauru,Laos,
Nauru,Latvia,
Nauru,Lebanon,
Nauru,Lesotho,
Nauru,Liberia,
Nauru,Libya,
Nauru,Liechtenstein,
Nauru,Lithuania,
Nauru,Luxembourg,
Nauru,Macao,
Nauru,Madagascar,
Nauru,Malawi,
Nauru,Malaysia,
Nauru,Maldives,
Nauru,Mali,
Nauru,Malta,
Nauru,Marshall Islands,
Nauru,Mauritania,
Nauru,Mauritius,
Nauru,Mexico,
Nauru,Micronesia,
Nauru,Moldova,
Nauru,Monaco,
Nauru,Mongolia,
Nauru,Montenegro,
Nauru,Morocco,
Nauru,Mozambique,
Nauru,Myanmar,
Nauru,Namibia,
Nauru,Nauru,-1
Nauru,Nepal,
Nauru,Netherlands,
Nauru,New Zealand,
Nauru,Nicaragua,
Nauru,Niger,
Nauru,Nigeria,
Nauru,North Korea,
Nauru,North Macedonia,
Nauru,Norway,
Nauru,Oman,
Nauru,Pakistan,
Nauru,Palau,
Nauru,Palestine,
Nauru,Panama,
Nauru,Papua New Guinea,
Nauru,Paraguay,
Nauru,Peru,
Nauru,Philippines,
Nauru,Poland,
Nauru,Portugal,
Nauru,Qatar,
Nauru,Romania,
Nauru,Russia,
Nauru,Rwanda,
Nauru,Saint Kitts and Nevis,
Nauru,Saint Lucia,
Nauru,Samoa,
Nauru,San Marino,
Nauru,Sao Tome and Principe,
Nauru,Saudi Arabia,
Nauru,Senegal,
Nauru,Serbia,
Nauru,Seychelles,
Nauru,Sierra Leone,
Nauru,Singapore,
Nauru,Slovakia,
Nauru,Slovenia,
Nauru,Solomon Islands,
Nauru,Somalia,
Nauru,South Africa,
Nauru,South Korea,
Nauru,South Sudan,
Nauru,Spain,
Nauru,Sri Lanka,
Nauru,Saint Vincent and the Grenadines,
Nauru,Sudan,
Nauru,Suriname,
Nauru,Sweden,
Nauru,Switzerland,
Nauru,Syria,
Nauru,Taiwan,
Nauru,Tajikistan,
Nauru,Tanzania,
Nauru,Thailand,
Nauru,Timor-Leste,
Nauru,Togo,
Nauru,Tonga,
Nauru,Trinidad and Tobago,
Nauru,Tunisia,
Nauru,Turkmenistan,
Nauru,Tuvalu,
Nauru,Turkey,
Nauru,Uganda,
Nauru,Ukraine,
Nauru,United Arab Emirates,
Nauru,United Kingdom,
Nauru,United States,
Nauru,Uruguay,
Nauru,Uzbekistan,
Nauru,Vanuatu,
Nauru,Vatican,
Nauru,Venezuela,
Nauru,Vietnam,
Nauru,Yemen,
Nauru,Zambia,
Nauru,Zimbabwe,
Nauru,Afghanistan,
Nepal,Albania,
Nepal,Algeria,
Nepal,Andorra,
Nepal,Angola,
Nepal,Antigua and Barbuda,
Nepal,Argentina,
Nepal,Armenia,
Nepal,Australia,
Nepal,Austria,
Nepal,Azerbaijan,
Nepal,Bahamas,
Nepal,Bahrain,
Nepal,Bangladesh,
Nepal,Barbados,
Nepal,Belarus,
Nepal,Belgium,
Nepal,Belize,
Nepal,Benin,
Nepal,Bhutan,
Nepal,Bolivia,
Nepal,Bosnia and Herzegovina,
Nepal,Botswana,
Nepal,Brazil,
Nepal,Brunei,
Nepal,Bulgaria,
Nepal,Burkina Faso,
Nepal,Burundi,
Nepal,Cambodia,
Nepal,Cameroon,
Nepal,Canada,
Nepal,Cape Verde,
Nepal,Central African Republic,
Nepal,Chad,
Nepal,Chile,
Nepal,China,
Nepal,Colombia,
Nepal,Comoros,
Nepal,Congo,
Nepal,DR Congo,
Nepal,Costa Rica,
Nepal,Ivory Coast,
Nepal,Croatia,
Nepal,Cuba,
Nepal,Cyprus,
Nepal,Czech Republic,
Nepal,Denmark,
Nepal,Djibouti,
Nepal,Dominica,
Nepal,Dominican Republic,
Nepal,Ecuador,
Nepal,Egypt,
Nepal,El Salvador,
Nepal,Equatorial Guinea,
Nepal,Eritrea,
Nepal,Estonia,
Nepal,Swaziland,
Nepal,Ethiopia,
Nepal,Fiji,
Nepal,Finland,
Nepal,France,
Nepal,Gabon,
Nepal,Gambia,
Nepal,Georgia,
Nepal,Germany,
Nepal,Ghana,
Nepal,Greece,
Nepal,Grenada,
Nepal,Guatemala,
Nepal,Guinea,
Nepal,Guinea-Bissau,
Nepal,Guyana,
Nepal,Haiti,
Nepal,Honduras,
Nepal,Hong Kong,
Nepal,Hungary,
Nepal,Iceland,
Nepal,India,
Nepal,Indonesia,
Nepal,Iran,
Nepal,Iraq,
Nepal,Ireland,
Nepal,Israel,
Nepal,Italy,
Nepal,Jamaica,
Nepal,Japan,
Nepal,Jordan,
Nepal,Kazakhstan,
Nepal,Kenya,
Nepal,Kiribati,
Nepal,Kosovo,
Nepal,Kuwait,
Nepal,Kyrgyzstan,
Nepal,Laos,
Nepal,Latvia,
Nepal,Lebanon,
Nepal,Lesotho,
Nepal,Liberia,
Nepal,Libya,
Nepal,Liechtenstein,
Nepal,Lithuania,
Nepal,Luxembourg,
Nepal,Macao,
Nepal,Madagascar,
Nepal,Malawi,
Nepal,Malaysia,
Nepal,Maldives,
Nepal,Mali,
Nepal,Malta,
Nepal,Marshall Islands,
Nepal,Mauritania,
Nepal,Mauritius,
Nepal,Mexico,
Nepal,Micronesia,
Nepal,Moldova,
Nepal,Monaco,
Nepal,Mongolia,
Nepal,Montenegro,
Nepal,Morocco,
Nepal,Mozambique,
Nepal,Myanmar,
Nepal,Namibia,
Nepal,Nauru,
Nepal,Nepal,-1
Nepal,Netherlands,
Nepal,New Zealand,
Nepal,Nicaragua,
Nepal,Niger,
Nepal,Nigeria,
Nepal,North Korea,
Nepal,North Macedonia,
Nepal,Norway,
Nepal,Oman,
Nepal,Pakistan,
Nepal,Palau,
Nepal,Palestine,
Nepal,Panama,
Nepal,Papua New Guinea,
Nepal,Paraguay,
Nepal,Peru,
Nepal,Philippines,
Nepal,Poland,
Nepal,Portugal,
Nepal,Qatar,
Nepal,Romania,
Nepal,Russia,
Nepal,Rwanda,
Nepal,Saint Kitts and Nevis,
Nepal,Saint Lucia,
Nepal,Samoa,
Nepal,San Marino,
Nepal,Sao Tome and Principe,
Nepal,Saudi Arabia,
Nepal,Senegal,
Nepal,Serbia,
Nepal,Seychelles,
Nepal,Sierra Leone,
Nepal,Singapore,
Nepal,Slovakia,
Nepal,Slovenia,
Nepal,Solomon Islands,
Nepal,Somalia,
Nepal,South Africa,
Nepal,South Korea,
Nepal,South Sudan,
Nepal,Spain,
Nepal,Sri Lanka,
Nepal,Saint Vincent and the Grenadines,
Nepal,Sudan,
Nepal,Suriname,
Nepal,Sweden,
Nepal,Switzerland,
Nepal,Syria,
Nepal,Taiwan,
Nepal,Tajikistan,
Nepal,Tanzania,
Nepal,Thailand,
Nepal,Timor-Leste,
Nepal,Togo,
Nepal,Tonga,
Nepal,Trinidad and Tobago,
Nepal,Tunisia,
Nepal,Turkmenistan,
Nepal,Tuvalu,
Nepal,Turkey,
Nepal,Uganda,
Nepal,Ukraine,
Nepal,United Arab Emirates,
Nepal,United Kingdom,
Nepal,United States,
Nepal,Uruguay,
Nepal,Uzbekistan,
Nepal,Vanuatu,
Nepal,Vatican,
Nepal,Venezuela,
Nepal,Vietnam,
Nepal,Yemen,
Nepal,Zambia,
Nepal,Zimbabwe,
Nepal,Afghanistan,
Netherlands,Albania,
Netherlands,Algeria,
Netherlands,Andorra,
Netherlands,Angola,
Netherlands,Antigua and Barbuda,
Netherlands,Argentina,
Netherlands,Armenia,
Netherlands,Australia,
Netherlands,Austria,
Netherlands,Azerbaijan,
Netherlands,Bahamas,
Netherlands,Bahrain,
Netherlands,Bangladesh,
Netherlands,Barbados,
Netherlands,Belarus,
Netherlands,Belgium,
Netherlands,Belize,
Netherlands,Benin,
Netherlands,Bhutan,
Netherlands,Bolivia,
Netherlands,Bosnia and Herzegovina,
Netherlands,Botswana,
Netherlands,Brazil,
Netherlands,Brunei,
Netherlands,Bulgaria,
Netherlands,Burkina Faso,
Netherlands,Burundi,
Netherlands,Cambodia,
Netherlands,Cameroon,
Netherlands,Canada,
Netherlands,Cape Verde,
Netherlands,Central African Republic,
Netherlands,Chad,
Netherlands,Chile,
Netherlands,China,
Netherlands,Colombia,
Netherlands,Comoros,
Netherlands,Congo,
Netherlands,DR Congo,
Netherlands,Costa Rica,
Netherlands,Ivory Coast,
Netherlands,Croatia,
Netherlands,Cuba,
Netherlands,Cyprus,
Netherlands,Czech Republic,
Netherlands,Denmark,
Netherlands,Djibouti,
Netherlands,Dominica,
Netherlands,Dominican Republic,
Netherlands,Ecuador,
Netherlands,Egypt,
Netherlands,El Salvador,
Netherlands,Equatorial Guinea,
Netherlands,Eritrea,
Netherlands,Estonia,
Netherlands,Swaziland,
Netherlands,Ethiopia,
Netherlands,Fiji,
Netherlands,Finland,
Netherlands,France,
Netherlands,Gabon,
Netherlands,Gambia,
Netherlands,Georgia,
Netherlands,Germany,
Netherlands,Ghana,
Netherlands,Greece,
Netherlands,Grenada,
Netherlands,Guatemala,
Netherlands,Guinea,
Netherlands,Guinea-Bissau,
Netherlands,Guyana,
Netherlands,Haiti,
Netherlands,Honduras,
Netherlands,Hong Kong,
Netherlands,Hungary,
Netherlands,Iceland,
Netherlands,India,
Netherlands,Indonesia,
Netherlands,Iran,
Netherlands,Iraq,
Netherlands,Ireland,
Netherlands,Israel,
Netherlands,Italy,
Netherlands,Jamaica,
Netherlands,Japan,
Netherlands,Jordan,
Netherlands,Kazakhstan,
Netherlands,Kenya,
Netherlands,Kiribati,
Netherlands,Kosovo,
Netherlands,Kuwait,
Netherlands,Kyrgyzstan,
Netherlands,Laos,
Netherlands,Latvia,
Netherlands,Lebanon,
Netherlands,Lesotho,
Netherlands,Liberia,
Netherlands,Libya,
Netherlands,Liechtenstein,
Netherlands,Lithuania,
Netherlands,Luxembourg,
Netherlands,Macao,
Netherlands,Madagascar,
Netherlands,Malawi,
Netherlands,Malaysia,
Netherlands,Maldives,
Netherlands,Mali,
Netherlands,Malta,
Netherlands,Marshall Islands,
Netherlands,Mauritania,
Netherlands,Mauritius,
Netherlands,Mexico,
Netherlands,Micronesia,
Netherlands,Moldova,
Netherlands,Monaco,
Netherlands,Mongolia,
Netherlands,Montenegro,
Netherlands,Morocco,
Netherlands,Mozambique,
Netherlands,Myanmar,
Netherlands,Namibia,
Netherlands,Nauru,
Netherlands,Nepal,
Netherlands,Netherlands,-1
Netherlands,New Zealand,
Netherlands,Nicaragua,
Netherlands,Niger,
Netherlands,Nigeria,
Netherlands,North Korea,
Netherlands,North Macedonia,
Netherlands,Norway,
Netherlands,Oman,
Netherlands,Pakistan,
Netherlands,Palau,
Netherlands,Palestine,
Netherlands,Panama,
Netherlands,Papua New Guinea,
Netherlands,Paraguay,
Netherlands,Peru,
Netherlands,Philippines,
Netherlands,Poland,
Netherlands,Portugal,
Netherlands,Qatar,
Netherlands,Romania,
Netherlands,Russia,
Netherlands,Rwanda,
Netherlands,Saint Kitts and Nevis,
Netherlands,Saint Lucia,
Netherlands,Samoa,
Netherlands,San Marino,
Netherlands,Sao Tome and Principe,
Netherlands,Saudi Arabia,
Netherlands,Senegal,
Netherlands,Serbia,
Netherlands,Seychelles,
Netherlands,Sierra Leone,
Netherlands,Singapore,
Netherlands,Slovakia,
Netherlands,Slovenia,
Netherlands,Solomon Islands,
Netherlands,Somalia,
Netherlands,South Africa,
Netherlands,South Korea,
Netherlands,South Sudan,
Netherlands,Spain,
Netherlands,Sri Lanka,
Netherlands,Saint Vincent and the Grenadines,
Netherlands,Sudan,
Netherlands,Suriname,
Netherlands,Sweden,
Netherlands,Switzerland,
Netherlands,Syria,
Netherlands,Taiwan,
Netherlands,Tajikistan,
Netherlands,Tanzania,
Netherlands,Thailand,
Netherlands,Timor-Leste,
Netherlands,Togo,
Netherlands,Tonga,
Netherlands,Trinidad and Tobago,
Netherlands,Tunisia,
Netherlands,Turkmenistan,
Netherlands,Tuvalu,
Netherlands,Turkey,
Netherlands,Uganda,
Netherlands,Ukraine,
Netherlands,United Arab Emirates,
Netherlands,United Kingdom,
Netherlands,United States,
Netherlands,Uruguay,
Netherlands,Uzbekistan,
Netherlands,Vanuatu,
Netherlands,Vatican,
Netherlands,Venezuela,
Netherlands,Vietnam,
Netherlands,Yemen,
Netherlands,Zambia,
Netherlands,Zimbabwe,
Netherlands,Afghanistan,
New Zealand,Albania,
New Zealand,Algeria,
New Zealand,Andorra,
New Zealand,Angola,
New Zealand,Antigua and Barbuda,
New Zealand,Argentina,
New Zealand,Armenia,
New Zealand,Australia,
New Zealand,Austria,
New Zealand,Azerbaijan,
New Zealand,Bahamas,
New Zealand,Bahrain,
New Zealand,Bangladesh,
New Zealand,Barbados,
New Zealand,Belarus,
New Zealand,Belgium,
New Zealand,Belize,
New Zealand,Benin,
New Zealand,Bhutan,
New Zealand,Bolivia,
New Zealand,Bosnia and Herzegovina,
New Zealand,Botswana,
New Zealand,Brazil,
New Zealand,Brunei,
New Zealand,Bulgaria,
New Zealand,Burkina Faso,
New Zealand,Burundi,
New Zealand,Cambodia,
New Zealand,Cameroon,
New Zealand,Canada,
New Zealand,Cape Verde,
New Zealand,Central African Republic,
New Zealand,Chad,
New Zealand,Chile,
New Zealand,China,
New Zealand,Colombia,
New Zealand,Comoros,
New Zealand,Congo,
New Zealand,DR Congo,
New Zealand,Costa Rica,
New Zealand,Ivory Coast,
New Zealand,Croatia,
New Zealand,Cuba,
New Zealand,Cyprus,
New Zealand,Czech Republic,
New Zealand,Denmark,
New Zealand,Djibouti,
New Zealand,Dominica,
New Zealand,Dominican Republic,
New Zealand,Ecuador,
New Zealand,Egypt,
New Zealand,El Salvador,
New Zealand,Equatorial Guinea,
New Zealand,Eritrea,
New Zealand,Estonia,
New Zealand,Swaziland,
New Zealand,Ethiopia,
New Zealand,Fiji,
New Zealand,Finland,
New Zealand,France,
New Zealand,Gabon,
New Zealand,Gambia,
New Zealand,Georgia,
New Zealand,Germany,
New Zealand,Ghana,
New Zealand,Greece,
New Zealand,Grenada,
New Zealand,Guatemala,
New Zealand,Guinea,
New Zealand,Guinea-Bissau,
New Zealand,Guyana,
New Zealand,Haiti,
New Zealand,Honduras,
New Zealand,Hong Kong,
New Zealand,Hungary,
New Zealand,Iceland,
New Zealand,India,
New Zealand,Indonesia,
New Zealand,Iran,
New Zealand,Iraq,
New Zealand,Ireland,
New Zealand,Israel,
New Zealand,Italy,
New Zealand,Jamaica,
New Zealand,Japan,
New Zealand,Jordan,
New Zealand,Kazakhstan,
New Zealand,Kenya,
New Zealand,Kiribati,
New Zealand,Kosovo,
New Zealand,Kuwait,
New Zealand,Kyrgyzstan,
New Zealand,Laos,
New Zealand,Latvia,
New Zealand,Lebanon,
New Zealand,Lesotho,
New Zealand,Liberia,
New Zealand,Libya,
New Zealand,Liechtenstein,
New Zealand,Lithuania,
New Zealand,Luxembourg,
New Zealand,Macao,
New Zealand,Madagascar,
New Zealand,Malawi,
New Zealand,Malaysia,
New Zealand,Maldives,
New Zealand,Mali,
New Zealand,Malta,
New Zealand,Marshall Islands,
New Zealand,Mauritania,
New Zealand,Mauritius,
New Zealand,Mexico,
New Zealand,Micronesia,
New Zealand,Moldova,
New Zealand,Monaco,
New Zealand,Mongolia,
New Zealand,Montenegro,
New Zealand,Morocco,
New Zealand,Mozambique,
New Zealand,Myanmar,
New Zealand,Namibia,
New Zealand,Nauru,
New Zealand,Nepal,
New Zealand,Netherlands,
New Zealand,New Zealand,-1
New Zealand,Nicaragua,
New Zealand,Niger,
New Zealand,Nigeria,
New Zealand,North Korea,
New Zealand,North Macedonia,
New Zealand,Norway,
New Zealand,Oman,
New Zealand,Pakistan,
New Zealand,Palau,
New Zealand,Palestine,
New Zealand,Panama,
New Zealand,Papua New Guinea,
New Zealand,Paraguay,
New Zealand,Peru,
New Zealand,Philippines,
New Zealand,Poland,
New Zealand,Portugal,
New Zealand,Qatar,
New Zealand,Romania,
New Zealand,Russia,
New Zealand,Rwanda,
New Zealand,Saint Kitts and Nevis,
New Zealand,Saint Lucia,
New Zealand,Samoa,
New Zealand,San Marino,
New Zealand,Sao Tome and Principe,
New Zealand,Saudi Arabia,
New Zealand,Senegal,
New Zealand,Serbia,
New Zealand,Seychelles,
New Zealand,Sierra Leone,
New Zealand,Singapore,
New Zealand,Slovakia,
New Zealand,Slovenia,
New Zealand,Solomon Islands,
New Zealand,Somalia,
New Zealand,South Africa,
New Zealand,South Korea,
New Zealand,South Sudan,
New Zealand,Spain,
New Zealand,Sri Lanka,
New Zealand,Saint Vincent and the Grenadines,
New Zealand,Sudan,
New Zealand,Suriname,
New Zealand,Sweden,
New Zealand,Switzerland,
New Zealand,Syria,
New Zealand,Taiwan,
New Zealand,Tajikistan,
New Zealand,Tanzania,
New Zealand,Thailand,
New Zealand,Timor-Leste,
New Zealand,Togo,
New Zealand,Tonga,
New Zealand,Trinidad and Tobago,
New Zealand,Tunisia,
New Zealand,Turkmenistan,
New Zealand,Tuvalu,
New Zealand,Turkey,
New Zealand,Uganda,
New Zealand,Ukraine,
New Zealand,United Arab Emirates,
New Zealand,United Kingdom,
New Zealand,United States,
New Zealand,Uruguay,
New Zealand,Uzbekistan,
New Zealand,Vanuatu,
New Zealand,Vatican,
New Zealand,Venezuela,
New Zealand,Vietnam,
New Zealand,Yemen,
New Zealand,Zambia,
New Zealand,Zimbabwe,
New Zealand,Afghanistan,
Nicaragua,Albania,
Nicaragua,Algeria,
Nicaragua,Andorra,
Nicaragua,Angola,
Nicaragua,Antigua and Barbuda,
Nicaragua,Argentina,
Nicaragua,Armenia,
Nicaragua,Australia,
Nicaragua,Austria,
Nicaragua,Azerbaijan,
Nicaragua,Bahamas,
Nicaragua,Bahrain,
Nicaragua,Bangladesh,
Nicaragua,Barbados,
Nicaragua,Belarus,
Nicaragua,Belgium,
Nicaragua,Belize,
Nicaragua,Benin,
Nicaragua,Bhutan,
Nicaragua,Bolivia,
Nicaragua,Bosnia and Herzegovina,
Nicaragua,Botswana,
Nicaragua,Brazil,
Nicaragua,Brunei,
Nicaragua,Bulgaria,
Nicaragua,Burkina Faso,
Nicaragua,Burundi,
Nicaragua,Cambodia,
Nicaragua,Cameroon,
Nicaragua,Canada,
Nicaragua,Cape Verde,
Nicaragua,Central African Republic,
Nicaragua,Chad,
Nicaragua,Chile,
Nicaragua,China,
Nicaragua,Colombia,
Nicaragua,Comoros,
Nicaragua,Congo,
Nicaragua,DR Congo,
Nicaragua,Costa Rica,
Nicaragua,Ivory Coast,
Nicaragua,Croatia,
Nicaragua,Cuba,
Nicaragua,Cyprus,
Nicaragua,Czech Republic,
Nicaragua,Denmark,
Nicaragua,Djibouti,
Nicaragua,Dominica,
Nicaragua,Dominican Republic,
Nicaragua,Ecuador,
Nicaragua,Egypt,
Nicaragua,El Salvador,
Nicaragua,Equatorial Guinea,
Nicaragua,Eritrea,
Nicaragua,Estonia,
Nicaragua,Swaziland,
Nicaragua,Ethiopia,
Nicaragua,Fiji,
Nicaragua,Finland,
Nicaragua,France,
Nicaragua,Gabon,
Nicaragua,Gambia,
Nicaragua,Georgia,
Nicaragua,Germany,
Nicaragua,Ghana,
Nicaragua,Greece,
Nicaragua,Grenada,
Nicaragua,Guatemala,
Nicaragua,Guinea,
Nicaragua,Guinea-Bissau,
Nicaragua,Guyana,
Nicaragua,Haiti,
Nicaragua,Honduras,
Nicaragua,Hong Kong,
Nicaragua,Hungary,
Nicaragua,Iceland,
Nicaragua,India,
Nicaragua,Indonesia,
Nicaragua,Iran,
Nicaragua,Iraq,
Nicaragua,Ireland,
Nicaragua,Israel,
Nicaragua,Italy,
Nicaragua,Jamaica,
Nicaragua,Japan,
Nicaragua,Jordan,
Nicaragua,Kazakhstan,
Nicaragua,Kenya,
Nicaragua,Kiribati,
Nicaragua,Kosovo,
Nicaragua,Kuwait,
Nicaragua,Kyrgyzstan,
Nicaragua,Laos,
Nicaragua,Latvia,
Nicaragua,Lebanon,
Nicaragua,Lesotho,
Nicaragua,Liberia,
Nicaragua,Libya,
Nicaragua,Liechtenstein,
Nicaragua,Lithuania,
Nicaragua,Luxembourg,
Nicaragua,Macao,
Nicaragua,Madagascar,
Nicaragua,Malawi,
Nicaragua,Malaysia,
Nicaragua,Maldives,
Nicaragua,Mali,
Nicaragua,Malta,
Nicaragua,Marshall Islands,
Nicaragua,Mauritania,
Nicaragua,Mauritius,
Nicaragua,Mexico,
Nicaragua,Micronesia,
Nicaragua,Moldova,
Nicaragua,Monaco,
Nicaragua,Mongolia,
Nicaragua,Montenegro,
Nicaragua,Morocco,
Nicaragua,Mozambique,
Nicaragua,Myanmar,
Nicaragua,Namibia,
Nicaragua,Nauru,
Nicaragua,Nepal,
Nicaragua,Netherlands,
Nicaragua,New Zealand,
Nicaragua,Nicaragua,-1
Nicaragua,Niger,
Nicaragua,Nigeria,
Nicaragua,North Korea,
Nicaragua,North Macedonia,
Nicaragua,Norway,
Nicaragua,Oman,
Nicaragua,Pakistan,
Nicaragua,Palau,
Nicaragua,Palestine,
Nicaragua,Panama,
Nicaragua,Papua New Guinea,
Nicaragua,Paraguay,
Nicaragua,Peru,
Nicaragua,Philippines,
Nicaragua,Poland,
Nicaragua,Portugal,
Nicaragua,Qatar,
Nicaragua,Romania,
Nicaragua,Russia,
Nicaragua,Rwanda,
Nicaragua,Saint Kitts and Nevis,
Nicaragua,Saint Lucia,
Nicaragua,Samoa,
Nicaragua,San Marino,
Nicaragua,Sao Tome and Principe,
Nicaragua,Saudi Arabia,
Nicaragua,Senegal,
Nicaragua,Serbia,
Nicaragua,Seychelles,
Nicaragua,Sierra Leone,
Nicaragua,Singapore,
Nicaragua,Slovakia,
Nicaragua,Slovenia,
Nicaragua,Solomon Islands,
Nicaragua,Somalia,
Nicaragua,South Africa,
Nicaragua,South Korea,
Nicaragua,South Sudan,
Nicaragua,Spain,
Nicaragua,Sri Lanka,
Nicaragua,Saint Vincent and the Grenadines,
Nicaragua,Sudan,
Nicaragua,Suriname,
Nicaragua,Sweden,
Nicaragua,Switzerland,
Nicaragua,Syria,
Nicaragua,Taiwan,
Nicaragua,Tajikistan,
Nicaragua,Tanzania,
Nicaragua,Thailand,
Nicaragua,Timor-Leste,
Nicaragua,Togo,
Nicaragua,Tonga,
Nicaragua,Trinidad and Tobago,
Nicaragua,Tunisia,
Nicaragua,Turkmenistan,
Nicaragua,Tuvalu,
Nicaragua,Turkey,
Nicaragua,Uganda,
Nicaragua,Ukraine,
Nicaragua,United Arab Emirates,
Nicaragua,United Kingdom,
Nicaragua,United States,
Nicaragua,Uruguay,
Nicaragua,Uzbekistan,
Nicaragua,Vanuatu,
Nicaragua,Vatican,
Nicaragua,Venezuela,
Nicaragua,Vietnam,
Nicaragua,Yemen,
Nicaragua,Zambia,
Nicaragua,Zimbabwe,
Nicaragua,Afghanistan,
Niger,Albania,
Niger,Algeria,
Niger,Andorra,
Niger,Angola,
Niger,Antigua and Barbuda,
Niger,Argentina,
Niger,Armenia,
Niger,Australia,
Niger,Austria,
Niger,Azerbaijan,
Niger,Bahamas,
Niger,Bahrain,
Niger,Bangladesh,
Niger,Barbados,
Niger,Belarus,
Niger,Belgium,
Niger,Belize,
Niger,Benin,
Niger,Bhutan,
Niger,Bolivia,
Niger,Bosnia and Herzegovina,
Niger,Botswana,
Niger,Brazil,
Niger,Brunei,
Niger,Bulgaria,
Niger,Burkina Faso,
Niger,Burundi,
Niger,Cambodia,
Niger,Cameroon,
Niger,Canada,
Niger,Cape Verde,
Niger,Central African Republic,
Niger,Chad,
Niger,Chile,
Niger,China,
Niger,Colombia,
Niger,Comoros,
Niger,Congo,
Niger,DR Congo,
Niger,Costa Rica,
Niger,Ivory Coast,
Niger,Croatia,
Niger,Cuba,
Niger,Cyprus,
Niger,Czech Republic,
Niger,Denmark,
Niger,Djibouti,
Niger,Dominica,
Niger,Dominican Republic,
Niger,Ecuador,
Niger,Egypt,
Niger,El Salvador,
Niger,Equatorial Guinea,
Niger,Eritrea,
Niger,Estonia,
Niger,Swaziland,
Niger,Ethiopia,
Niger,Fiji,
Niger,Finland,
Niger,France,
Niger,Gabon,
Niger,Gambia,
Niger,Georgia,
Niger,Germany,
Niger,Ghana,
Niger,Greece,
Niger,Grenada,
Niger,Guatemala,
Niger,Guinea,
Niger,Guinea-Bissau,
Niger,Guyana,
Niger,Haiti,
Niger,Honduras,
Niger,Hong Kong,
Niger,Hungary,
Niger,Iceland,
Niger,India,
Niger,Indonesia,
Niger,Iran,
Niger,Iraq,
Niger,Ireland,
Niger,Israel,
Niger,Italy,
Niger,Jamaica,
Niger,Japan,
Niger,Jordan,
Niger,Kazakhstan,
Niger,Kenya,
Niger,Kiribati,
Niger,Kosovo,
Niger,Kuwait,
Niger,Kyrgyzstan,
Niger,Laos,
Niger,Latvia,
Niger,Lebanon,
Niger,Lesotho,
Niger,Liberia,
Niger,Libya,
Niger,Liechtenstein,
Niger,Lithuania,
Niger,Luxembourg,
Niger,Macao,
Niger,Madagascar,
Niger,Malawi,
Niger,Malaysia,
Niger,Maldives,
Niger,Mali,
Niger,Malta,
Niger,Marshall Islands,
Niger,Mauritania,
Niger,Mauritius,
Niger,Mexico,
Niger,Micronesia,
Niger,Moldova,
Niger,Monaco,
Niger,Mongolia,
Niger,Montenegro,
Niger,Morocco,
Niger,Mozambique,
Niger,Myanmar,
Niger,Namibia,
Niger,Nauru,
Niger,Nepal,
Niger,Netherlands,
Niger,New Zealand,
Niger,Nicaragua,
Niger,Niger,-1
Niger,Nigeria,
Niger,North Korea,
Niger,North Macedonia,
Niger,Norway,
Niger,Oman,
Niger,Pakistan,
Niger,Palau,
Niger,Palestine,
Niger,Panama,
Niger,Papua New Guinea,
Niger,Paraguay,
Niger,Peru,
Niger,Philippines,
Niger,Poland,
Niger,Portugal,
Niger,Qatar,
Niger,Romania,
Niger,Russia,
Niger,Rwanda,
Niger,Saint Kitts and Nevis,
Niger,Saint Lucia,
Niger,Samoa,
Niger,San Marino,
Niger,Sao Tome and Principe,
Niger,Saudi Arabia,
Niger,Senegal,
Niger,Serbia,
Niger,Seychelles,
Niger,Sierra Leone,
Niger,Singapore,
Niger,Slovakia,
Niger,Slovenia,
Niger,Solomon Islands,
Niger,Somalia,
Niger,South Africa,
Niger,South Korea,
Niger,South Sudan,
Niger,Spain,
Niger,Sri Lanka,
Niger,Saint Vincent and the Grenadines,
Niger,Sudan,
Niger,Suriname,
Niger,Sweden,
Niger,Switzerland,
Niger,Syria,
Niger,Taiwan,
Niger,Tajikistan,
Niger,Tanzania,
Niger,Thailand,
Niger,Timor-Leste,
Niger,Togo,
Niger,Tonga,
Niger,Trinidad and Tobago,
Niger,Tunisia,
Niger,Turkmenistan,
Niger,Tuvalu,
Niger,Turkey,
Niger,Uganda,
Niger,Ukraine,
Niger,United Arab Emirates,
Niger,United Kingdom,
Niger,United States,
Niger,Uruguay,
Niger,Uzbekistan,
Niger,Vanuatu,
Niger,Vatican,
Niger,Venezuela,
Niger,Vietnam,
Niger,Yemen,
Niger,Zambia,
Niger,Zimbabwe,
Niger,Afghanistan,
Nigeria,Albania,
Nigeria,Algeria,
Nigeria,Andorra,
Nigeria,Angola,
Nigeria,Antigua and Barbuda,
Nigeria,Argentina,
Nigeria,Armenia,
Nigeria,Australia,
Nigeria,Austria,
Nigeria,Azerbaijan,
Nigeria,Bahamas,
Nigeria,Bahrain,
Nigeria,Bangladesh,
Nigeria,Barbados,
Nigeria,Belarus,
Nigeria,Belgium,
Nigeria,Belize,
Nigeria,Benin,
Nigeria,Bhutan,
Nigeria,Bolivia,
Nigeria,Bosnia and Herzegovina,
Nigeria,Botswana,
Nigeria,Brazil,
Nigeria,Brunei,
Nigeria,Bulgaria,
Nigeria,Burkina Faso,
Nigeria,Burundi,
Nigeria,Cambodia,
Nigeria,Cameroon,
Nigeria,Canada,
Nigeria,Cape Verde,
Nigeria,Central African Republic,
Nigeria,Chad,
Nigeria,Chile,
Nigeria,China,
Nigeria,Colombia,
Nigeria,Comoros,
Nigeria,Congo,
Nigeria,DR Congo,
Nigeria,Costa Rica,
Nigeria,Ivory Coast,
Nigeria,Croatia,
Nigeria,Cuba,
Nigeria,Cyprus,
Nigeria,Czech Republic,
Nigeria,Denmark,
Nigeria,Djibouti,
Nigeria,Dominica,
Nigeria,Dominican Republic,
Nigeria,Ecuador,
Nigeria,Egypt,
Nigeria,El Salvador,
Nigeria,Equatorial Guinea,
Nigeria,Eritrea,
Nigeria,Estonia,
Nigeria,Swaziland,
Nigeria,Ethiopia,
Nigeria,Fiji,
Nigeria,Finland,
Nigeria,France,
Nigeria,Gabon,
Nigeria,Gambia,
Nigeria,Georgia,
Nigeria,Germany,
Nigeria,Ghana,
Nigeria,Greece,
Nigeria,Grenada,
Nigeria,Guatemala,
Nigeria,Guinea,
Nigeria,Guinea-Bissau,
Nigeria,Guyana,
Nigeria,Haiti,
Nigeria,Honduras,
Nigeria,Hong Kong,
Nigeria,Hungary,
Nigeria,Iceland,
Nigeria,India,
Nigeria,Indonesia,
Nigeria,Iran,
Nigeria,Iraq,
Nigeria,Ireland,
Nigeria,Israel,
Nigeria,Italy,
Nigeria,Jamaica,
Nigeria,Japan,
Nigeria,Jordan,
Nigeria,Kazakhstan,
Nigeria,Kenya,
Nigeria,Kiribati,
Nigeria,Kosovo,
Nigeria,Kuwait,
Nigeria,Kyrgyzstan,
Nigeria,Laos,
Nigeria,Latvia,
Nigeria,Lebanon,
Nigeria,Lesotho,
Nigeria,Liberia,
Nigeria,Libya,
Nigeria,Liechtenstein,
Nigeria,Lithuania,
Nigeria,Luxembourg,
Nigeria,Macao,
Nigeria,Madagascar,
Nigeria,Malawi,
Nigeria,Malaysia,
Nigeria,Maldives,
Nigeria,Mali,
Nigeria,Malta,
Nigeria,Marshall Islands,
Nigeria,Mauritania,
Nigeria,Mauritius,
Nigeria,Mexico,
Nigeria,Micronesia,
Nigeria,Moldova,
Nigeria,Monaco,
Nigeria,Mongolia,
Nigeria,Montenegro,
Nigeria,Morocco,
Nigeria,Mozambique,
Nigeria,Myanmar,
Nigeria,Namibia,
Nigeria,Nauru,
Nigeria,Nepal,
Nigeria,Netherlands,
Nigeria,New Zealand,
Nigeria,Nicaragua,
Nigeria,Niger,
Nigeria,Nigeria,-1
Nigeria,North Korea,
Nigeria,North Macedonia,
Nigeria,Norway,
Nigeria,Oman,
Nigeria,Pakistan,
Nigeria,Palau,
Nigeria,Palestine,
Nigeria,Panama,
Nigeria,Papua New Guinea,
Nigeria,Paraguay,
Nigeria,Peru,
Nigeria,Philippines,
Nigeria,Poland,
Nigeria,Portugal,
Nigeria,Qatar,
Nigeria,Romania,
Nigeria,Russia,
Nigeria,Rwanda,
Nigeria,Saint Kitts and Nevis,
Nigeria,Saint Lucia,
Nigeria,Samoa,
Nigeria,San Marino,
Nigeria,Sao Tome and Principe,
Nigeria,Saudi Arabia,
Nigeria,Senegal,
Nigeria,Serbia,
Nigeria,Seychelles,
Nigeria,Sierra Leone,
Nigeria,Singapore,
Nigeria,Slovakia,
Nigeria,Slovenia,
Nigeria,Solomon Islands,
Nigeria,Somalia,
Nigeria,South Africa,
Nigeria,South Korea,
Nigeria,South Sudan,
Nigeria,Spain,
Nigeria,Sri Lanka,
Nigeria,Saint Vincent and the Grenadines,
Nigeria,Sudan,
Nigeria,Suriname,
Nigeria,Sweden,
Nigeria,Switzerland,
Nigeria,Syria,
Nigeria,Taiwan,
Nigeria,Tajikistan,
Nigeria,Tanzania,
Nigeria,Thailand,
Nigeria,Timor-Leste,
Nigeria,Togo,
Nigeria,Tonga,
Nigeria,Trinidad and Tobago,
Nigeria,Tunisia,
Nigeria,Turkmenistan,
Nigeria,Tuvalu,
Nigeria,Turkey,
Nigeria,Uganda,
Nigeria,Ukraine,
Nigeria,United Arab Emirates,
Nigeria,United Kingdom,
Nigeria,United States,
Nigeria,Uruguay,
Nigeria,Uzbekistan,
Nigeria,Vanuatu,
Nigeria,Vatican,
Nigeria,Venezuela,
Nigeria,Vietnam,
Nigeria,Yemen,
Nigeria,Zambia,
Nigeria,Zimbabwe,
Nigeria,Afghanistan,
North Korea,Albania,
North Korea,Algeria,
North Korea,Andorra,
North Korea,Angola,
North Korea,Antigua and Barbuda,
North Korea,Argentina,
North Korea,Armenia,
North Korea,Australia,
North Korea,Austria,
North Korea,Azerbaijan,
North Korea,Bahamas,
North Korea,Bahrain,
North Korea,Bangladesh,
North Korea,Barbados,
North Korea,Belarus,
North Korea,Belgium,
North Korea,Belize,
North Korea,Benin,
North Korea,Bhutan,
North Korea,Bolivia,
North Korea,Bosnia and Herzegovina,
North Korea,Botswana,
North Korea,Brazil,
North Korea,Brunei,
North Korea,Bulgaria,
North Korea,Burkina Faso,
North Korea,Burundi,
North Korea,Cambodia,
North Korea,Cameroon,
North Korea,Canada,
North Korea,Cape Verde,
North Korea,Central African Republic,
North Korea,Chad,
North Korea,Chile,
North Korea,China,
North Korea,Colombia,
North Korea,Comoros,
North Korea,Congo,
North Korea,DR Congo,
North Korea,Costa Rica,
North Korea,Ivory Coast,
North Korea,Croatia,
North Korea,Cuba,
North Korea,Cyprus,
North Korea,Czech Republic,
North Korea,Denmark,
North Korea,Djibouti,
North Korea,Dominica,
North Korea,Dominican Republic,
North Korea,Ecuador,
North Korea,Egypt,
North Korea,El Salvador,
North Korea,Equatorial Guinea,
North Korea,Eritrea,
North Korea,Estonia,
North Korea,Swaziland,
North Korea,Ethiopia,
North Korea,Fiji,
North Korea,Finland,
North Korea,France,
North Korea,Gabon,
North Korea,Gambia,
North Korea,Georgia,
North Korea,Germany,
North Korea,Ghana,
North Korea,Greece,
North Korea,Grenada,
North Korea,Guatemala,
North Korea,Guinea,
North Korea,Guinea-Bissau,
North Korea,Guyana,
North Korea,Haiti,
North Korea,Honduras,
North Korea,Hong Kong,
North Korea,Hungary,
North Korea,Iceland,
North Korea,India,
North Korea,Indonesia,
North Korea,Iran,
North Korea,Iraq,
North Korea,Ireland,
North Korea,Israel,
North Korea,Italy,
North Korea,Jamaica,
North Korea,Japan,
North Korea,Jordan,
North Korea,Kazakhstan,
North Korea,Kenya,
North Korea,Kiribati,
North Korea,Kosovo,
North Korea,Kuwait,
North Korea,Kyrgyzstan,
North Korea,Laos,
North Korea,Latvia,
North Korea,Lebanon,
North Korea,Lesotho,
North Korea,Liberia,
North Korea,Libya,
North Korea,Liechtenstein,
North Korea,Lithuania,
North Korea,Luxembourg,
North Korea,Macao,
North Korea,Madagascar,
North Korea,Malawi,
North Korea,Malaysia,
North Korea,Maldives,
North Korea,Mali,
North Korea,Malta,
North Korea,Marshall Islands,
North Korea,Mauritania,
North Korea,Mauritius,
North Korea,Mexico,
North Korea,Micronesia,
North Korea,Moldova,
North Korea,Monaco,
North Korea,Mongolia,
North Korea,Montenegro,
North Korea,Morocco,
North Korea,Mozambique,
North Korea,Myanmar,
North Korea,Namibia,
North Korea,Nauru,
North Korea,Nepal,
North Korea,Netherlands,
North Korea,New Zealand,
North Korea,Nicaragua,
North Korea,Niger,
North Korea,Nigeria,
North Korea,North Korea,-1
North Korea,North Macedonia,
North Korea,Norway,
North Korea,Oman,
North Korea,Pakistan,
North Korea,Palau,
North Korea,Palestine,
North Korea,Panama,
North Korea,Papua New Guinea,
North Korea,Paraguay,
North Korea,Peru,
North Korea,Philippines,
North Korea,Poland,
North Korea,Portugal,
North Korea,Qatar,
North Korea,Romania,
North Korea,Russia,
North Korea,Rwanda,
North Korea,Saint Kitts and Nevis,
North Korea,Saint Lucia,
North Korea,Samoa,
North Korea,San Marino,
North Korea,Sao Tome and Principe,
North Korea,Saudi Arabia,
North Korea,Senegal,
North Korea,Serbia,
North Korea,Seychelles,
North Korea,Sierra Leone,
North Korea,Singapore,
North Korea,Slovakia,
North Korea,Slovenia,
North Korea,Solomon Islands,
North Korea,Somalia,
North Korea,South Africa,
North Korea,South Korea,
North Korea,South Sudan,
North Korea,Spain,
North Korea,Sri Lanka,
North Korea,Saint Vincent and the Grenadines,
North Korea,Sudan,
North Korea,Suriname,
North Korea,Sweden,
North Korea,Switzerland,
North Korea,Syria,
North Korea,Taiwan,
North Korea,Tajikistan,
North Korea,Tanzania,
North Korea,Thailand,
North Korea,Timor-Leste,
North Korea,Togo,
North Korea,Tonga,
North Korea,Trinidad and Tobago,
North Korea,Tunisia,
North Korea,Turkmenistan,
North Korea,Tuvalu,
North Korea,Turkey,
North Korea,Uganda,
North Korea,Ukraine,
North Korea,United Arab Emirates,
North Korea,United Kingdom,
North Korea,United States,
North Korea,Uruguay,
North Korea,Uzbekistan,
North Korea,Vanuatu,
North Korea,Vatican,
North Korea,Venezuela,
North Korea,Vietnam,
North Korea,Yemen,
North Korea,Zambia,
North Korea,Zimbabwe,
North Korea,Afghanistan,
North Macedonia,Albania,
North Macedonia,Algeria,
North Macedonia,Andorra,
North Macedonia,Angola,
North Macedonia,Antigua and Barbuda,
North Macedonia,Argentina,
North Macedonia,Armenia,
North Macedonia,Australia,
North Macedonia,Austria,
North Macedonia,Azerbaijan,
North Macedonia,Bahamas,
North Macedonia,Bahrain,
North Macedonia,Bangladesh,
North Macedonia,Barbados,
North Macedonia,Belarus,
North Macedonia,Belgium,
North Macedonia,Belize,
North Macedonia,Benin,
North Macedonia,Bhutan,
North Macedonia,Bolivia,
North Macedonia,Bosnia and Herzegovina,
North Macedonia,Botswana,
North Macedonia,Brazil,
North Macedonia,Brunei,
North Macedonia,Bulgaria,
North Macedonia,Burkina Faso,
North Macedonia,Burundi,
North Macedonia,Cambodia,
North Macedonia,Cameroon,
North Macedonia,Canada,
North Macedonia,Cape Verde,
North Macedonia,Central African Republic,
North Macedonia,Chad,
North Macedonia,Chile,
North Macedonia,China,
North Macedonia,Colombia,
North Macedonia,Comoros,
North Macedonia,Congo,
North Macedonia,DR Congo,
North Macedonia,Costa Rica,
North Macedonia,Ivory Coast,
North Macedonia,Croatia,
North Macedonia,Cuba,
North Macedonia,Cyprus,
North Macedonia,Czech Republic,
North Macedonia,Denmark,
North Macedonia,Djibouti,
North Macedonia,Dominica,
North Macedonia,Dominican Republic,
North Macedonia,Ecuador,
North Macedonia,Egypt,
North Macedonia,El Salvador,
North Macedonia,Equatorial Guinea,
North Macedonia,Eritrea,
North Macedonia,Estonia,
North Macedonia,Swaziland,
North Macedonia,Ethiopia,
North Macedonia,Fiji,
North Macedonia,Finland,
North Macedonia,France,
North Macedonia,Gabon,
North Macedonia,Gambia,
North Macedonia,Georgia,
North Macedonia,Germany,
North Macedonia,Ghana,
North Macedonia,Greece,
North Macedonia,Grenada,
North Macedonia,Guatemala,
North Macedonia,Guinea,
North Macedonia,Guinea-Bissau,
North Macedonia,Guyana,
North Macedonia,Haiti,
North Macedonia,Honduras,
North Macedonia,Hong Kong,
North Macedonia,Hungary,
North Macedonia,Iceland,
North Macedonia,India,
North Macedonia,Indonesia,
North Macedonia,Iran,
North Macedonia,Iraq,
North Macedonia,Ireland,
North Macedonia,Israel,
North Macedonia,Italy,
North Macedonia,Jamaica,
North Macedonia,Japan,
North Macedonia,Jordan,
North Macedonia,Kazakhstan,
North Macedonia,Kenya,
North Macedonia,Kiribati,
North Macedonia,Kosovo,
North Macedonia,Kuwait,
North Macedonia,Kyrgyzstan,
North Macedonia,Laos,
North Macedonia,Latvia,
North Macedonia,Lebanon,
North Macedonia,Lesotho,
North Macedonia,Liberia,
North Macedonia,Libya,
North Macedonia,Liechtenstein,
North Macedonia,Lithuania,
North Macedonia,Luxembourg,
North Macedonia,Macao,
North Macedonia,Madagascar,
North Macedonia,Malawi,
North Macedonia,Malaysia,
North Macedonia,Maldives,
North Macedonia,Mali,
North Macedonia,Malta,
North Macedonia,Marshall Islands,
North Macedonia,Mauritania,
North Macedonia,Mauritius,
North Macedonia,Mexico,
North Macedonia,Micronesia,
North Macedonia,Moldova,
North Macedonia,Monaco,
North Macedonia,Mongolia,
North Macedonia,Montenegro,
North Macedonia,Morocco,
North Macedonia,Mozambique,
North Macedonia,Myanmar,
North Macedonia,Namibia,
North Macedonia,Nauru,
North Macedonia,Nepal,
North Macedonia,Netherlands,
North Macedonia,New Zealand,
North Macedonia,Nicaragua,
North Macedonia,Niger,
North Macedonia,Nigeria,
North Macedonia,North Korea,
North Macedonia,North Macedonia,-1
North Macedonia,Norway,
North Macedonia,Oman,
North Macedonia,Pakistan,
North Macedonia,Palau,
North Macedonia,Palestine,
North Macedonia,Panama,
North Macedonia,Papua New Guinea,
North Macedonia,Paraguay,
North Macedonia,Peru,
North Macedonia,Philippines,
North Macedonia,Poland,
North Macedonia,Portugal,
North Macedonia,Qatar,
North Macedonia,Romania,
North Macedonia,Russia,
North Macedonia,Rwanda,
North Macedonia,Saint Kitts and Nevis,
North Macedonia,Saint Lucia,
North Macedonia,Samoa,
North Macedonia,San Marino,
North Macedonia,Sao Tome and Principe,
North Macedonia,Saudi Arabia,
North Macedonia,Senegal,
North Macedonia,Serbia,
North Macedonia,Seychelles,
North Macedonia,Sierra Leone,
North Macedonia,Singapore,
North Macedonia,Slovakia,
North Macedonia,Slovenia,
North Macedonia,Solomon Islands,
North Macedonia,Somalia,
North Macedonia,South Africa,
North Macedonia,South Korea,
North Macedonia,South Sudan,
North Macedonia,Spain,
North Macedonia,Sri Lanka,
North Macedonia,Saint Vincent and the Grenadines,
North Macedonia,Sudan,
North Macedonia,Suriname,
North Macedonia,Sweden,
North Macedonia,Switzerland,
North Macedonia,Syria,
North Macedonia,Taiwan,
North Macedonia,Tajikistan,
North Macedonia,Tanzania,
North Macedonia,Thailand,
North Macedonia,Timor-Leste,
North Macedonia,Togo,
North Macedonia,Tonga,
North Macedonia,Trinidad and Tobago,
North Macedonia,Tunisia,
North Macedonia,Turkmenistan,
North Macedonia,Tuvalu,
North Macedonia,Turkey,
North Macedonia,Uganda,
North Macedonia,Ukraine,
North Macedonia,United Arab Emirates,
North Macedonia,United Kingdom,
North Macedonia,United States,
North Macedonia,Uruguay,
North Macedonia,Uzbekistan,
North Macedonia,Vanuatu,
North Macedonia,Vatican,
North Macedonia,Venezuela,
North Macedonia,Vietnam,
North Macedonia,Yemen,
North Macedonia,Zambia,
North Macedonia,Zimbabwe,
North Macedonia,Afghanistan,
Norway,Albania,
Norway,Algeria,
Norway,Andorra,
Norway,Angola,
Norway,Antigua and Barbuda,
Norway,Argentina,
Norway,Armenia,
Norway,Australia,
Norway,Austria,
Norway,Azerbaijan,
Norway,Bahamas,
Norway,Bahrain,
Norway,Bangladesh,
Norway,Barbados,
Norway,Belarus,
Norway,Belgium,
Norway,Belize,
Norway,Benin,
Norway,Bhutan,
Norway,Bolivia,
Norway,Bosnia and Herzegovina,
Norway,Botswana,
Norway,Brazil,
Norway,Brunei,
Norway,Bulgaria,
Norway,Burkina Faso,
Norway,Burundi,
Norway,Cambodia,
Norway,Cameroon,
Norway,Canada,
Norway,Cape Verde,
Norway,Central African Republic,
Norway,Chad,
Norway,Chile,
Norway,China,
Norway,Colombia,
Norway,Comoros,
Norway,Congo,
Norway,DR Congo,
Norway,Costa Rica,
Norway,Ivory Coast,
Norway,Croatia,
Norway,Cuba,
Norway,Cyprus,
Norway,Czech Republic,
Norway,Denmark,
Norway,Djibouti,
Norway,Dominica,
Norway,Dominican Republic,
Norway,Ecuador,
Norway,Egypt,
Norway,El Salvador,
Norway,Equatorial Guinea,
Norway,Eritrea,
Norway,Estonia,
Norway,Swaziland,
Norway,Ethiopia,
Norway,Fiji,
Norway,Finland,
Norway,France,
Norway,Gabon,
Norway,Gambia,
Norway,Georgia,
Norway,Germany,
Norway,Ghana,
Norway,Greece,
Norway,Grenada,
Norway,Guatemala,
Norway,Guinea,
Norway,Guinea-Bissau,
Norway,Guyana,
Norway,Haiti,
Norway,Honduras,
Norway,Hong Kong,
Norway,Hungary,
Norway,Iceland,
Norway,India,
Norway,Indonesia,
Norway,Iran,
Norway,Iraq,
Norway,Ireland,
Norway,Israel,
Norway,Italy,
Norway,Jamaica,
Norway,Japan,
Norway,Jordan,
Norway,Kazakhstan,
Norway,Kenya,
Norway,Kiribati,
Norway,Kosovo,
Norway,Kuwait,
Norway,Kyrgyzstan,
Norway,Laos,
Norway,Latvia,
Norway,Lebanon,
Norway,Lesotho,
Norway,Liberia,
Norway,Libya,
Norway,Liechtenstein,
Norway,Lithuania,
Norway,Luxembourg,
Norway,Macao,
Norway,Madagascar,
Norway,Malawi,
Norway,Malaysia,
Norway,Maldives,
Norway,Mali,
Norway,Malta,
Norway,Marshall Islands,
Norway,Mauritania,
Norway,Mauritius,
Norway,Mexico,
Norway,Micronesia,
Norway,Moldova,
Norway,Monaco,
Norway,Mongolia,
Norway,Montenegro,
Norway,Morocco,
Norway,Mozambique,
Norway,Myanmar,
Norway,Namibia,
Norway,Nauru,
Norway,Nepal,
Norway,Netherlands,
Norway,New Zealand,
Norway,Nicaragua,
Norway,Niger,
Norway,Nigeria,
Norway,North Korea,
Norway,North Macedonia,
Norway,Norway,-1
Norway,Oman,
Norway,Pakistan,
Norway,Palau,
Norway,Palestine,
Norway,Panama,
Norway,Papua New Guinea,
Norway,Paraguay,
Norway,Peru,
Norway,Philippines,
Norway,Poland,
Norway,Portugal,
Norway,Qatar,
Norway,Romania,
Norway,Russia,
Norway,Rwanda,
Norway,Saint Kitts and Nevis,
Norway,Saint Lucia,
Norway,Samoa,
Norway,San Marino,
Norway,Sao Tome and Principe,
Norway,Saudi Arabia,
Norway,Senegal,
Norway,Serbia,
Norway,Seychelles,
Norway,Sierra Leone,
Norway,Singapore,
Norway,Slovakia,
Norway,Slovenia,
Norway,Solomon Islands,
Norway,Somalia,
Norway,South Africa,
Norway,South Korea,
Norway,South Sudan,
Norway,Spain,
Norway,Sri Lanka,
Norway,Saint Vincent and the Grenadines,
Norway,Sudan,
Norway,Suriname,
Norway,Sweden,
Norway,Switzerland,
Norway,Syria,
Norway,Taiwan,
Norway,Tajikistan,
Norway,Tanzania,
Norway,Thailand,
Norway,Timor-Leste,
Norway,Togo,
Norway,Tonga,
Norway,Trinidad and Tobago,
Norway,Tunisia,
Norway,Turkmenistan,
Norway,Tuvalu,
Norway,Turkey,
Norway,Uganda,
Norway,Ukraine,
Norway,United Arab Emirates,
Norway,United Kingdom,
Norway,United States,
Norway,Uruguay,
Norway,Uzbekistan,
Norway,Vanuatu,
Norway,Vatican,
Norway,Venezuela,
Norway,Vietnam,
Norway,Yemen,
Norway,Zambia,
Norway,Zimbabwe,
Norway,Afghanistan,
Oman,Albania,
Oman,Algeria,
Oman,Andorra,
Oman,Angola,
Oman,Antigua and Barbuda,
Oman,Argentina,
Oman,Armenia,
Oman,Australia,
Oman,Austria,
Oman,Azerbaijan,
Oman,Bahamas,
Oman,Bahrain,
Oman,Bangladesh,
Oman,Barbados,
Oman,Belarus,
Oman,Belgium,
Oman,Belize,
Oman,Benin,
Oman,Bhutan,
Oman,Bolivia,
Oman,Bosnia and Herzegovina,
Oman,Botswana,
Oman,Brazil,
Oman,Brunei,
Oman,Bulgaria,
Oman,Burkina Faso,
Oman,Burundi,
Oman,Cambodia,
Oman,Cameroon,
Oman,Canada,
Oman,Cape Verde,
Oman,Central African Republic,
Oman,Chad,
Oman,Chile,
Oman,China,
Oman,Colombia,
Oman,Comoros,
Oman,Congo,
Oman,DR Congo,
Oman,Costa Rica,
Oman,Ivory Coast,
Oman,Croatia,
Oman,Cuba,
Oman,Cyprus,
Oman,Czech Republic,
Oman,Denmark,
Oman,Djibouti,
Oman,Dominica,
Oman,Dominican Republic,
Oman,Ecuador,
Oman,Egypt,
Oman,El Salvador,
Oman,Equatorial Guinea,
Oman,Eritrea,
Oman,Estonia,
Oman,Swaziland,
Oman,Ethiopia,
Oman,Fiji,
Oman,Finland,
Oman,France,
Oman,Gabon,
Oman,Gambia,
Oman,Georgia,
Oman,Germany,
Oman,Ghana,
Oman,Greece,
Oman,Grenada,
Oman,Guatemala,
Oman,Guinea,
Oman,Guinea-Bissau,
Oman,Guyana,
Oman,Haiti,
Oman,Honduras,
Oman,Hong Kong,
Oman,Hungary,
Oman,Iceland,
Oman,India,
Oman,Indonesia,
Oman,Iran,
Oman,Iraq,
Oman,Ireland,
Oman,Israel,
Oman,Italy,
Oman,Jamaica,
Oman,Japan,
Oman,Jordan,
Oman,Kazakhstan,
Oman,Kenya,
Oman,Kiribati,
Oman,Kosovo,
Oman,Kuwait,
Oman,Kyrgyzstan,
Oman,Laos,
Oman,Latvia,
Oman,Lebanon,
Oman,Lesotho,
Oman,Liberia,
Oman,Libya,
Oman,Liechtenstein,
Oman,Lithuania,
Oman,Luxembourg,
Oman,Macao,
Oman,Madagascar,
Oman,Malawi,
Oman,Malaysia,
Oman,Maldives,
Oman,Mali,
Oman,Malta,
Oman,Marshall Islands,
Oman,Mauritania,
Oman,Mauritius,
Oman,Mexico,
Oman,Micronesia,
Oman,Moldova,
Oman,Monaco,
Oman,Mongolia,
Oman,Montenegro,
Oman,Morocco,
Oman,Mozambique,
Oman,Myanmar,
Oman,Namibia,
Oman,Nauru,
Oman,Nepal,
Oman,Netherlands,
Oman,New Zealand,
Oman,Nicaragua,
Oman,Niger,
Oman,Nigeria,
Oman,North Korea,
Oman,North Macedonia,
Oman,Norway,
Oman,Oman,-1
Oman,Pakistan,
Oman,Palau,
Oman,Palestine,
Oman,Panama,
Oman,Papua New Guinea,
Oman,Paraguay,
Oman,Peru,
Oman,Philippines,
Oman,Poland,
Oman,Portugal,
Oman,Qatar,
Oman,Romania,
Oman,Russia,
Oman,Rwanda,
Oman,Saint Kitts and Nevis,
Oman,Saint Lucia,
Oman,Samoa,
Oman,San Marino,
Oman,Sao Tome and Principe,
Oman,Saudi Arabia,
Oman,Senegal,
Oman,Serbia,
Oman,Seychelles,
Oman,Sierra Leone,
Oman,Singapore,
Oman,Slovakia,
Oman,Slovenia,
Oman,Solomon Islands,
Oman,Somalia,
Oman,South Africa,
Oman,South Korea,
Oman,South Sudan,
Oman,Spain,
Oman,Sri Lanka,
Oman,Saint Vincent and the Grenadines,
Oman,Sudan,
Oman,Suriname,
Oman,Sweden,
Oman,Switzerland,
Oman,Syria,
Oman,Taiwan,
Oman,Tajikistan,
Oman,Tanzania,
Oman,Thailand,
Oman,Timor-Leste,
Oman,Togo,
Oman,Tonga,
Oman,Trinidad and Tobago,
Oman,Tunisia,
Oman,Turkmenistan,
Oman,Tuvalu,
Oman,Turkey,
Oman,Uganda,
Oman,Ukraine,
Oman,United Arab Emirates,
Oman,United Kingdom,
Oman,United States,
Oman,Uruguay,
Oman,Uzbekistan,
Oman,Vanuatu,
Oman,Vatican,
Oman,Venezuela,
Oman,Vietnam,
Oman,Yemen,
Oman,Zambia,
Oman,Zimbabwe,
Oman,Afghanistan,
Pakistan,Albania,
Pakistan,Algeria,
Pakistan,Andorra,
Pakistan,Angola,
Pakistan,Antigua and Barbuda,
Pakistan,Argentina,
Pakistan,Armenia,
Pakistan,Australia,
Pakistan,Austria,
Pakistan,Azerbaijan,
Pakistan,Bahamas,
Pakistan,Bahrain,
Pakistan,Bangladesh,
Pakistan,Barbados,
Pakistan,Belarus,
Pakistan,Belgium,
Pakistan,Belize,
Pakistan,Benin,
Pakistan,Bhutan,
Pakistan,Bolivia,
Pakistan,Bosnia and Herzegovina,
Pakistan,Botswana,
Pakistan,Brazil,
Pakistan,Brunei,
Pakistan,Bulgaria,
Pakistan,Burkina Faso,
Pakistan,Burundi,
Pakistan,Cambodia,
Pakistan,Cameroon,
Pakistan,Canada,
Pakistan,Cape Verde,
Pakistan,Central African Republic,
Pakistan,Chad,
Pakistan,Chile,
Pakistan,China,
Pakistan,Colombia,
Pakistan,Comoros,
Pakistan,Congo,
Pakistan,DR Congo,
Pakistan,Costa Rica,
Pakistan,Ivory Coast,
Pakistan,Croatia,
Pakistan,Cuba,
Pakistan,Cyprus,
Pakistan,Czech Republic,
Pakistan,Denmark,
Pakistan,Djibouti,
Pakistan,Dominica,
Pakistan,Dominican Republic,
Pakistan,Ecuador,
Pakistan,Egypt,
Pakistan,El Salvador,
Pakistan,Equatorial Guinea,
Pakistan,Eritrea,
Pakistan,Estonia,
Pakistan,Swaziland,
Pakistan,Ethiopia,
Pakistan,Fiji,
Pakistan,Finland,
Pakistan,France,
Pakistan,Gabon,
Pakistan,Gambia,
Pakistan,Georgia,
Pakistan,Germany,
Pakistan,Ghana,
Pakistan,Greece,
Pakistan,Grenada,
Pakistan,Guatemala,
Pakistan,Guinea,
Pakistan,Guinea-Bissau,
Pakistan,Guyana,
Pakistan,Haiti,
Pakistan,Honduras,
Pakistan,Hong Kong,
Pakistan,Hungary,
Pakistan,Iceland,
Pakistan,India,
Pakistan,Indonesia,
Pakistan,Iran,
Pakistan,Iraq,
Pakistan,Ireland,
Pakistan,Israel,
Pakistan,Italy,
Pakistan,Jamaica,
Pakistan,Japan,
Pakistan,Jordan,
Pakistan,Kazakhstan,
Pakistan,Kenya,
Pakistan,Kiribati,
Pakistan,Kosovo,
Pakistan,Kuwait,
Pakistan,Kyrgyzstan,
Pakistan,Laos,
Pakistan,Latvia,
Pakistan,Lebanon,
Pakistan,Lesotho,
Pakistan,Liberia,
Pakistan,Libya,
Pakistan,Liechtenstein,
Pakistan,Lithuania,
Pakistan,Luxembourg,
Pakistan,Macao,
Pakistan,Madagascar,
Pakistan,Malawi,
Pakistan,Malaysia,
Pakistan,Maldives,
Pakistan,Mali,
Pakistan,Malta,
Pakistan,Marshall Islands,
Pakistan,Mauritania,
Pakistan,Mauritius,
Pakistan,Mexico,
Pakistan,Micronesia,
Pakistan,Moldova,
Pakistan,Monaco,
Pakistan,Mongolia,
Pakistan,Montenegro,
Pakistan,Morocco,
Pakistan,Mozambique,
Pakistan,Myanmar,
Pakistan,Namibia,
Pakistan,Nauru,
Pakistan,Nepal,
Pakistan,Netherlands,
Pakistan,New Zealand,
Pakistan,Nicaragua,
Pakistan,Niger,
Pakistan,Nigeria,
Pakistan,North Korea,
Pakistan,North Macedonia,
Pakistan,Norway,
Pakistan,Oman,
Pakistan,Pakistan,-1
Pakistan,Palau,
Pakistan,Palestine,
Pakistan,Panama,
Pakistan,Papua New Guinea,
Pakistan,Paraguay,
Pakistan,Peru,
Pakistan,Philippines,
Pakistan,Poland,
Pakistan,Portugal,
Pakistan,Qatar,
Pakistan,Romania,
Pakistan,Russia,
Pakistan,Rwanda,
Pakistan,Saint Kitts and Nevis,
Pakistan,Saint Lucia,
Pakistan,Samoa,
Pakistan,San Marino,
Pakistan,Sao Tome and Principe,
Pakistan,Saudi Arabia,
Pakistan,Senegal,
Pakistan,Serbia,
Pakistan,Seychelles,
Pakistan,Sierra Leone,
Pakistan,Singapore,
Pakistan,Slovakia,
Pakistan,Slovenia,
Pakistan,Solomon Islands,
Pakistan,Somalia,
Pakistan,South Africa,
Pakistan,South Korea,
Pakistan,South Sudan,
Pakistan,Spain,
Pakistan,Sri Lanka,
Pakistan,Saint Vincent and the Grenadines,
Pakistan,Sudan,
Pakistan,Suriname,
Pakistan,Sweden,
Pakistan,Switzerland,
Pakistan,Syria,
Pakistan,Taiwan,
Pakistan,Tajikistan,
Pakistan,Tanzania,
Pakistan,Thailand,
Pakistan,Timor-Leste,
Pakistan,Togo,
Pakistan,Tonga,
Pakistan,Trinidad and Tobago,
Pakistan,Tunisia,
Pakistan,Turkmenistan,
Pakistan,Tuvalu,
Pakistan,Turkey,
Pakistan,Uganda,
Pakistan,Ukraine,
Pakistan,United Arab Emirates,
Pakistan,United Kingdom,
Pakistan,United States,
Pakistan,Uruguay,
Pakistan,Uzbekistan,
Pakistan,Vanuatu,
Pakistan,Vatican,
Pakistan,Venezuela,
Pakistan,Vietnam,
Pakistan,Yemen,
Pakistan,Zambia,
Pakistan,Zimbabwe,
Pakistan,Afghanistan,
Palau,Albania,
Palau,Algeria,
Palau,Andorra,
Palau,Angola,
Palau,Antigua and Barbuda,
Palau,Argentina,
Palau,Armenia,
Palau,Australia,
Palau,Austria,
Palau,Azerbaijan,
Palau,Bahamas,
Palau,Bahrain,
Palau,Bangladesh,
Palau,Barbados,
Palau,Belarus,
Palau,Belgium,
Palau,Belize,
Palau,Benin,
Palau,Bhutan,
Palau,Bolivia,
Palau,Bosnia and Herzegovina,
Palau,Botswana,
Palau,Brazil,
Palau,Brunei,
Palau,Bulgaria,
Palau,Burkina Faso,
Palau,Burundi,
Palau,Cambodia,
Palau,Cameroon,
Palau,Canada,
Palau,Cape Verde,
Palau,Central African Republic,
Palau,Chad,
Palau,Chile,
Palau,China,
Palau,Colombia,
Palau,Comoros,
Palau,Congo,
Palau,DR Congo,
Palau,Costa Rica,
Palau,Ivory Coast,
Palau,Croatia,
Palau,Cuba,
Palau,Cyprus,
Palau,Czech Republic,
Palau,Denmark,
Palau,Djibouti,
Palau,Dominica,
Palau,Dominican Republic,
Palau,Ecuador,
Palau,Egypt,
Palau,El Salvador,
Palau,Equatorial Guinea,
Palau,Eritrea,
Palau,Estonia,
Palau,Swaziland,
Palau,Ethiopia,
Palau,Fiji,
Palau,Finland,
Palau,France,
Palau,Gabon,
Palau,Gambia,
Palau,Georgia,
Palau,Germany,
Palau,Ghana,
Palau,Greece,
Palau,Grenada,
Palau,Guatemala,
Palau,Guinea,
Palau,Guinea-Bissau,
Palau,Guyana,
Palau,Haiti,
Palau,Honduras,
Palau,Hong Kong,
Palau,Hungary,
Palau,Iceland,
Palau,India,
Palau,Indonesia,
Palau,Iran,
Palau,Iraq,
Palau,Ireland,
Palau,Israel,
Palau,Italy,
Palau,Jamaica,
Palau,Japan,
Palau,Jordan,
Palau,Kazakhstan,
Palau,Kenya,
Palau,Kiribati,
Palau,Kosovo,
Palau,Kuwait,
Palau,Kyrgyzstan,
Palau,Laos,
Palau,Latvia,
Palau,Lebanon,
Palau,Lesotho,
Palau,Liberia,
Palau,Libya,
Palau,Liechtenstein,
Palau,Lithuania,
Palau,Luxembourg,
Palau,Macao,
Palau,Madagascar,
Palau,Malawi,
Palau,Malaysia,
Palau,Maldives,
Palau,Mali,
Palau,Malta,
Palau,Marshall Islands,
Palau,Mauritania,
Palau,Mauritius,
Palau,Mexico,
Palau,Micronesia,
Palau,Moldova,
Palau,Monaco,
Palau,Mongolia,
Palau,Montenegro,
Palau,Morocco,
Palau,Mozambique,
Palau,Myanmar,
Palau,Namibia,
Palau,Nauru,
Palau,Nepal,
Palau,Netherlands,
Palau,New Zealand,
Palau,Nicaragua,
Palau,Niger,
Palau,Nigeria,
Palau,North Korea,
Palau,North Macedonia,
Palau,Norway,
Palau,Oman,
Palau,Pakistan,
Palau,Palau,-1
Palau,Palestine,
Palau,Panama,
Palau,Papua New Guinea,
Palau,Paraguay,
Palau,Peru,
Palau,Philippines,
Palau,Poland,
Palau,Portugal,
Palau,Qatar,
Palau,Romania,
Palau,Russia,
Palau,Rwanda,
Palau,Saint Kitts and Nevis,
Palau,Saint Lucia,
Palau,Samoa,
Palau,San Marino,
Palau,Sao Tome and Principe,
Palau,Saudi Arabia,
Palau,Senegal,
Palau,Serbia,
Palau,Seychelles,
Palau,Sierra Leone,
Palau,Singapore,
Palau,Slovakia,
Palau,Slovenia,
Palau,Solomon Islands,
Palau,Somalia,
Palau,South Africa,
Palau,South Korea,
Palau,South Sudan,
Palau,Spain,
Palau,Sri Lanka,
Palau,Saint Vincent and the Grenadines,
Palau,Sudan,
Palau,Suriname,
Palau,Sweden,
Palau,Switzerland,
Palau,Syria,
Palau,Taiwan,
Palau,Tajikistan,
Palau,Tanzania,
Palau,Thailand,
Palau,Timor-Leste,
Palau,Togo,
Palau,Tonga,
Palau,Trinidad and Tobago,
Palau,Tunisia,
Palau,Turkmenistan,
Palau,Tuvalu,
Palau,Turkey,
Palau,Uganda,
Palau,Ukraine,
Palau,United Arab Emirates,
Palau,United Kingdom,
Palau,United States,
Palau,Uruguay,
Palau,Uzbekistan,
Palau,Vanuatu,
Palau,Vatican,
Palau,Venezuela,
Palau,Vietnam,
Palau,Yemen,
Palau,Zambia,
Palau,Zimbabwe,
Palau,Afghanistan,
Palestine,Albania,
Palestine,Algeria,
Palestine,Andorra,
Palestine,Angola,
Palestine,Antigua and Barbuda,
Palestine,Argentina,
Palestine,Armenia,
Palestine,Australia,
Palestine,Austria,
Palestine,Azerbaijan,
Palestine,Bahamas,
Palestine,Bahrain,
Palestine,Bangladesh,
Palestine,Barbados,
Palestine,Belarus,
Palestine,Belgium,
Palestine,Belize,
Palestine,Benin,
Palestine,Bhutan,
Palestine,Bolivia,
Palestine,Bosnia and Herzegovina,
Palestine,Botswana,
Palestine,Brazil,
Palestine,Brunei,
Palestine,Bulgaria,
Palestine,Burkina Faso,
Palestine,Burundi,
Palestine,Cambodia,
Palestine,Cameroon,
Palestine,Canada,
Palestine,Cape Verde,
Palestine,Central African Republic,
Palestine,Chad,
Palestine,Chile,
Palestine,China,
Palestine,Colombia,
Palestine,Comoros,
Palestine,Congo,
Palestine,DR Congo,
Palestine,Costa Rica,
Palestine,Ivory Coast,
Palestine,Croatia,
Palestine,Cuba,
Palestine,Cyprus,
Palestine,Czech Republic,
Palestine,Denmark,
Palestine,Djibouti,
Palestine,Dominica,
Palestine,Dominican Republic,
Palestine,Ecuador,
Palestine,Egypt,
Palestine,El Salvador,
Palestine,Equatorial Guinea,
Palestine,Eritrea,
Palestine,Estonia,
Palestine,Swaziland,
Palestine,Ethiopia,
Palestine,Fiji,
Palestine,Finland,
Palestine,France,
Palestine,Gabon,
Palestine,Gambia,
Palestine,Georgia,
Palestine,Germany,
Palestine,Ghana,
Palestine,Greece,
Palestine,Grenada,
Palestine,Guatemala,
Palestine,Guinea,
Palestine,Guinea-Bissau,
Palestine,Guyana,
Palestine,Haiti,
Palestine,Honduras,
Palestine,Hong Kong,
Palestine,Hungary,
Palestine,Iceland,
Palestine,India,
Palestine,Indonesia,
Palestine,Iran,
Palestine,Iraq,
Palestine,Ireland,
Palestine,Israel,
Palestine,Italy,
Palestine,Jamaica,
Palestine,Japan,
Palestine,Jordan,
Palestine,Kazakhstan,
Palestine,Kenya,
Palestine,Kiribati,
Palestine,Kosovo,
Palestine,Kuwait,
Palestine,Kyrgyzstan,
Palestine,Laos,
Palestine,Latvia,
Palestine,Lebanon,
Palestine,Lesotho,
Palestine,Liberia,
Palestine,Libya,
Palestine,Liechtenstein,
Palestine,Lithuania,
Palestine,Luxembourg,
Palestine,Macao,
Palestine,Madagascar,
Palestine,Malawi,
Palestine,Malaysia,
Palestine,Maldives,
Palestine,Mali,
Palestine,Malta,
Palestine,Marshall Islands,
Palestine,Mauritania,
Palestine,Mauritius,
Palestine,Mexico,
Palestine,Micronesia,
Palestine,Moldova,
Palestine,Monaco,
Palestine,Mongolia,
Palestine,Montenegro,
Palestine,Morocco,
Palestine,Mozambique,
Palestine,Myanmar,
Palestine,Namibia,
Palestine,Nauru,
Palestine,Nepal,
Palestine,Netherlands,
Palestine,New Zealand,
Palestine,Nicaragua,
Palestine,Niger,
Palestine,Nigeria,
Palestine,North Korea,
Palestine,North Macedonia,
Palestine,Norway,
Palestine,Oman,
Palestine,Pakistan,
Palestine,Palau,
Palestine,Palestine,-1
Palestine,Panama,
Palestine,Papua New Guinea,
Palestine,Paraguay,
Palestine,Peru,
Palestine,Philippines,
Palestine,Poland,
Palestine,Portugal,
Palestine,Qatar,
Palestine,Romania,
Palestine,Russia,
Palestine,Rwanda,
Palestine,Saint Kitts and Nevis,
Palestine,Saint Lucia,
Palestine,Samoa,
Palestine,San Marino,
Palestine,Sao Tome and Principe,
Palestine,Saudi Arabia,
Palestine,Senegal,
Palestine,Serbia,
Palestine,Seychelles,
Palestine,Sierra Leone,
Palestine,Singapore,
Palestine,Slovakia,
Palestine,Slovenia,
Palestine,Solomon Islands,
Palestine,Somalia,
Palestine,South Africa,
Palestine,South Korea,
Palestine,South Sudan,
Palestine,Spain,
Palestine,Sri Lanka,
Palestine,Saint Vincent and the Grenadines,
Palestine,Sudan,
Palestine,Suriname,
Palestine,Sweden,
Palestine,Switzerland,
Palestine,Syria,
Palestine,Taiwan,
Palestine,Tajikistan,
Palestine,Tanzania,
Palestine,Thailand,
Palestine,Timor-Leste,
Palestine,Togo,
Palestine,Tonga,
Palestine,Trinidad and Tobago,
Palestine,Tunisia,
Palestine,Turkmenistan,
Palestine,Tuvalu,
Palestine,Turkey,
Palestine,Uganda,
Palestine,Ukraine,
Palestine,United Arab Emirates,
Palestine,United Kingdom,
Palestine,United States,
Palestine,Uruguay,
Palestine,Uzbekistan,
Palestine,Vanuatu,
Palestine,Vatican,
Palestine,Venezuela,
Palestine,Vietnam,
Palestine,Yemen,
Palestine,Zambia,
Palestine,Zimbabwe,
Palestine,Afghanistan,
Panama,Albania,
Panama,Algeria,
Panama,Andorra,
Panama,Angola,
Panama,Antigua and Barbuda,
Panama,Argentina,
Panama,Armenia,
Panama,Australia,
Panama,Austria,
Panama,Azerbaijan,
Panama,Bahamas,
Panama,Bahrain,
Panama,Bangladesh,
Panama,Barbados,
Panama,Belarus,
Panama,Belgium,
Panama,Belize,
Panama,Benin,
Panama,Bhutan,
Panama,Bolivia,
Panama,Bosnia and Herzegovina,
Panama,Botswana,
Panama,Brazil,
Panama,Brunei,
Panama,Bulgaria,
Panama,Burkina Faso,
Panama,Burundi,
Panama,Cambodia,
Panama,Cameroon,
Panama,Canada,
Panama,Cape Verde,
Panama,Central African Republic,
Panama,Chad,
Panama,Chile,
Panama,China,
Panama,Colombia,
Panama,Comoros,
Panama,Congo,
Panama,DR Congo,
Panama,Costa Rica,
Panama,Ivory Coast,
Panama,Croatia,
Panama,Cuba,
Panama,Cyprus,
Panama,Czech Republic,
Panama,Denmark,
Panama,Djibouti,
Panama,Dominica,
Panama,Dominican Republic,
Panama,Ecuador,
Panama,Egypt,
Panama,El Salvador,
Panama,Equatorial Guinea,
Panama,Eritrea,
Panama,Estonia,
Panama,Swaziland,
Panama,Ethiopia,
Panama,Fiji,
Panama,Finland,
Panama,France,
Panama,Gabon,
Panama,Gambia,
Panama,Georgia,
Panama,Germany,
Panama,Ghana,
Panama,Greece,
Panama,Grenada,
Panama,Guatemala,
Panama,Guinea,
Panama,Guinea-Bissau,
Panama,Guyana,
Panama,Haiti,
Panama,Honduras,
Panama,Hong Kong,
Panama,Hungary,
Panama,Iceland,
Panama,India,
Panama,Indonesia,
Panama,Iran,
Panama,Iraq,
Panama,Ireland,
Panama,Israel,
Panama,Italy,
Panama,Jamaica,
Panama,Japan,
Panama,Jordan,
Panama,Kazakhstan,
Panama,Kenya,
Panama,Kiribati,
Panama,Kosovo,
Panama,Kuwait,
Panama,Kyrgyzstan,
Panama,Laos,
Panama,Latvia,
Panama,Lebanon,
Panama,Lesotho,
Panama,Liberia,
Panama,Libya,
Panama,Liechtenstein,
Panama,Lithuania,
Panama,Luxembourg,
Panama,Macao,
Panama,Madagascar,
Panama,Malawi,
Panama,Malaysia,
Panama,Maldives,
Panama,Mali,
Panama,Malta,
Panama,Marshall Islands,
Panama,Mauritania,
Panama,Mauritius,
Panama,Mexico,
Panama,Micronesia,
Panama,Moldova,
Panama,Monaco,
Panama,Mongolia,
Panama,Montenegro,
Panama,Morocco,
Panama,Mozambique,
Panama,Myanmar,
Panama,Namibia,
Panama,Nauru,
Panama,Nepal,
Panama,Netherlands,
Panama,New Zealand,
Panama,Nicaragua,
Panama,Niger,
Panama,Nigeria,
Panama,North Korea,
Panama,North Macedonia,
Panama,Norway,
Panama,Oman,
Panama,Pakistan,
Panama,Palau,
Panama,Palestine,
Panama,Panama,-1
Panama,Papua New Guinea,
Panama,Paraguay,
Panama,Peru,
Panama,Philippines,
Panama,Poland,
Panama,Portugal,
Panama,Qatar,
Panama,Romania,
Panama,Russia,
Panama,Rwanda,
Panama,Saint Kitts and Nevis,
Panama,Saint Lucia,
Panama,Samoa,
Panama,San Marino,
Panama,Sao Tome and Principe,
Panama,Saudi Arabia,
Panama,Senegal,
Panama,Serbia,
Panama,Seychelles,
Panama,Sierra Leone,
Panama,Singapore,
Panama,Slovakia,
Panama,Slovenia,
Panama,Solomon Islands,
Panama,Somalia,
Panama,South Africa,
Panama,South Korea,
Panama,South Sudan,
Panama,Spain,
Panama,Sri Lanka,
Panama,Saint Vincent and the Grenadines,
Panama,Sudan,
Panama,Suriname,
Panama,Sweden,
Panama,Switzerland,
Panama,Syria,
Panama,Taiwan,
Panama,Tajikistan,
Panama,Tanzania,
Panama,Thailand,
Panama,Timor-Leste,
Panama,Togo,
Panama,Tonga,
Panama,Trinidad and Tobago,
Panama,Tunisia,
Panama,Turkmenistan,
Panama,Tuvalu,
Panama,Turkey,
Panama,Uganda,
Panama,Ukraine,
Panama,United Arab Emirates,
Panama,United Kingdom,
Panama,United States,
Panama,Uruguay,
Panama,Uzbekistan,
Panama,Vanuatu,
Panama,Vatican,
Panama,Venezuela,
Panama,Vietnam,
Panama,Yemen,
Panama,Zambia,
Panama,Zimbabwe,
Panama,Afghanistan,
Papua New Guinea,Albania,
Papua New Guinea,Algeria,
Papua New Guinea,Andorra,
Papua New Guinea,Angola,
Papua New Guinea,Antigua and Barbuda,
Papua New Guinea,Argentina,
Papua New Guinea,Armenia,
Papua New Guinea,Australia,
Papua New Guinea,Austria,
Papua New Guinea,Azerbaijan,
Papua New Guinea,Bahamas,
Papua New Guinea,Bahrain,
Papua New Guinea,Bangladesh,
Papua New Guinea,Barbados,
Papua New Guinea,Belarus,
Papua New Guinea,Belgium,
Papua New Guinea,Belize,
Papua New Guinea,Benin,
Papua New Guinea,Bhutan,
Papua New Guinea,Bolivia,
Papua New Guinea,Bosnia and Herzegovina,
Papua New Guinea,Botswana,
Papua New Guinea,Brazil,
Papua New Guinea,Brunei,
Papua New Guinea,Bulgaria,
Papua New Guinea,Burkina Faso,
Papua New Guinea,Burundi,
Papua New Guinea,Cambodia,
Papua New Guinea,Cameroon,
Papua New Guinea,Canada,
Papua New Guinea,Cape Verde,
Papua New Guinea,Central African Republic,
Papua New Guinea,Chad,
Papua New Guinea,Chile,
Papua New Guinea,China,
Papua New Guinea,Colombia,
Papua New Guinea,Comoros,
Papua New Guinea,Congo,
Papua New Guinea,DR Congo,
Papua New Guinea,Costa Rica,
Papua New Guinea,Ivory Coast,
Papua New Guinea,Croatia,
Papua New Guinea,Cuba,
Papua New Guinea,Cyprus,
Papua New Guinea,Czech Republic,
Papua New Guinea,Denmark,
Papua New Guinea,Djibouti,
Papua New Guinea,Dominica,
Papua New Guinea,Dominican Republic,
Papua New Guinea,Ecuador,
Papua New Guinea,Egypt,
Papua New Guinea,El Salvador,
Papua New Guinea,Equatorial Guinea,
Papua New Guinea,Eritrea,
Papua New Guinea,Estonia,
Papua New Guinea,Swaziland,
Papua New Guinea,Ethiopia,
Papua New Guinea,Fiji,
Papua New Guinea,Finland,
Papua New Guinea,France,
Papua New Guinea,Gabon,
Papua New Guinea,Gambia,
Papua New Guinea,Georgia,
Papua New Guinea,Germany,
Papua New Guinea,Ghana,
Papua New Guinea,Greece,
Papua New Guinea,Grenada,
Papua New Guinea,Guatemala,
Papua New Guinea,Guinea,
Papua New Guinea,Guinea-Bissau,
Papua New Guinea,Guyana,
Papua New Guinea,Haiti,
Papua New Guinea,Honduras,
Papua New Guinea,Hong Kong,
Papua New Guinea,Hungary,
Papua New Guinea,Iceland,
Papua New Guinea,India,
Papua New Guinea,Indonesia,
Papua New Guinea,Iran,
Papua New Guinea,Iraq,
Papua New Guinea,Ireland,
Papua New Guinea,Israel,
Papua New Guinea,Italy,
Papua New Guinea,Jamaica,
Papua New Guinea,Japan,
Papua New Guinea,Jordan,
Papua New Guinea,Kazakhstan,
Papua New Guinea,Kenya,
Papua New Guinea,Kiribati,
Papua New Guinea,Kosovo,
Papua New Guinea,Kuwait,
Papua New Guinea,Kyrgyzstan,
Papua New Guinea,Laos,
Papua New Guinea,Latvia,
Papua New Guinea,Lebanon,
Papua New Guinea,Lesotho,
Papua New Guinea,Liberia,
Papua New Guinea,Libya,
Papua New Guinea,Liechtenstein,
Papua New Guinea,Lithuania,
Papua New Guinea,Luxembourg,
Papua New Guinea,Macao,
Papua New Guinea,Madagascar,
Papua New Guinea,Malawi,
Papua New Guinea,Malaysia,
Papua New Guinea,Maldives,
Papua New Guinea,Mali,
Papua New Guinea,Malta,
Papua New Guinea,Marshall Islands,
Papua New Guinea,Mauritania,
Papua New Guinea,Mauritius,
Papua New Guinea,Mexico,
Papua New Guinea,Micronesia,
Papua New Guinea,Moldova,
Papua New Guinea,Monaco,
Papua New Guinea,Mongolia,
Papua New Guinea,Montenegro,
Papua New Guinea,Morocco,
Papua New Guinea,Mozambique,
Papua New Guinea,Myanmar,
Papua New Guinea,Namibia,
Papua New Guinea,Nauru,
Papua New Guinea,Nepal,
Papua New Guinea,Netherlands,
Papua New Guinea,New Zealand,
Papua New Guinea,Nicaragua,
Papua New Guinea,Niger,
Papua New Guinea,Nigeria,
Papua New Guinea,North Korea,
Papua New Guinea,North Macedonia,
Papua New Guinea,Norway,
Papua New Guinea,Oman,
Papua New Guinea,Pakistan,
Papua New Guinea,Palau,
Papua New Guinea,Palestine,
Papua New Guinea,Panama,
Papua New Guinea,Papua New Guinea,-1
Papua New Guinea,Paraguay,
Papua New Guinea,Peru,
Papua New Guinea,Philippines,
Papua New Guinea,Poland,
Papua New Guinea,Portugal,
Papua New Guinea,Qatar,
Papua New Guinea,Romania,
Papua New Guinea,Russia,
Papua New Guinea,Rwanda,
Papua New Guinea,Saint Kitts and Nevis,
Papua New Guinea,Saint Lucia,
Papua New Guinea,Samoa,
Papua New Guinea,San Marino,
Papua New Guinea,Sao Tome and Principe,
Papua New Guinea,Saudi Arabia,
Papua New Guinea,Senegal,
Papua New Guinea,Serbia,
Papua New Guinea,Seychelles,
Papua New Guinea,Sierra Leone,
Papua New Guinea,Singapore,
Papua New Guinea,Slovakia,
Papua New Guinea,Slovenia,
Papua New Guinea,Solomon Islands,
Papua New Guinea,Somalia,
Papua New Guinea,South Africa,
Papua New Guinea,South Korea,
Papua New Guinea,South Sudan,
Papua New Guinea,Spain,
Papua New Guinea,Sri Lanka,
Papua New Guinea,Saint Vincent and the Grenadines,
Papua New Guinea,Sudan,
Papua New Guinea,Suriname,
Papua New Guinea,Sweden,
Papua New Guinea,Switzerland,
Papua New Guinea,Syria,
Papua New Guinea,Taiwan,
Papua New Guinea,Tajikistan,
Papua New Guinea,Tanzania,
Papua New Guinea,Thailand,
Papua New Guinea,Timor-Leste,
Papua New Guinea,Togo,
Papua New Guinea,Tonga,
Papua New Guinea,Trinidad and Tobago,
Papua New Guinea,Tunisia,
Papua New Guinea,Turkmenistan,
Papua New Guinea,Tuvalu,
Papua New Guinea,Turkey,
Papua New Guinea,Uganda,
Papua New Guinea,Ukraine,
Papua New Guinea,United Arab Emirates,
Papua New Guinea,United Kingdom,
Papua New Guinea,United States,
Papua New Guinea,Uruguay,
Papua New Guinea,Uzbekistan,
Papua New Guinea,Vanuatu,
Papua New Guinea,Vatican,
Papua New Guinea,Venezuela,
Papua New Guinea,Vietnam,
Papua New Guinea,Yemen,
Papua New Guinea,Zambia,
Papua New Guinea,Zimbabwe,
Papua New Guinea,Afghanistan,
Paraguay,Albania,
Paraguay,Algeria,
Paraguay,Andorra,
Paraguay,Angola,
Paraguay,Antigua and Barbuda,
Paraguay,Argentina,
Paraguay,Armenia,
Paraguay,Australia,
Paraguay,Austria,
Paraguay,Azerbaijan,
Paraguay,Bahamas,
Paraguay,Bahrain,
Paraguay,Bangladesh,
Paraguay,Barbados,
Paraguay,Belarus,
Paraguay,Belgium,
Paraguay,Belize,
Paraguay,Benin,
Paraguay,Bhutan,
Paraguay,Bolivia,
Paraguay,Bosnia and Herzegovina,
Paraguay,Botswana,
Paraguay,Brazil,
Paraguay,Brunei,
Paraguay,Bulgaria,
Paraguay,Burkina Faso,
Paraguay,Burundi,
Paraguay,Cambodia,
Paraguay,Cameroon,
Paraguay,Canada,
Paraguay,Cape Verde,
Paraguay,Central African Republic,
Paraguay,Chad,
Paraguay,Chile,
Paraguay,China,
Paraguay,Colombia,
Paraguay,Comoros,
Paraguay,Congo,
Paraguay,DR Congo,
Paraguay,Costa Rica,
Paraguay,Ivory Coast,
Paraguay,Croatia,
Paraguay,Cuba,
Paraguay,Cyprus,
Paraguay,Czech Republic,
Paraguay,Denmark,
Paraguay,Djibouti,
Paraguay,Dominica,
Paraguay,Dominican Republic,
Paraguay,Ecuador,
Paraguay,Egypt,
Paraguay,El Salvador,
Paraguay,Equatorial Guinea,
Paraguay,Eritrea,
Paraguay,Estonia,
Paraguay,Swaziland,
Paraguay,Ethiopia,
Paraguay,Fiji,
Paraguay,Finland,
Paraguay,France,
Paraguay,Gabon,
Paraguay,Gambia,
Paraguay,Georgia,
Paraguay,Germany,
Paraguay,Ghana,
Paraguay,Greece,
Paraguay,Grenada,
Paraguay,Guatemala,
Paraguay,Guinea,
Paraguay,Guinea-Bissau,
Paraguay,Guyana,
Paraguay,Haiti,
Paraguay,Honduras,
Paraguay,Hong Kong,
Paraguay,Hungary,
Paraguay,Iceland,
Paraguay,India,
Paraguay,Indonesia,
Paraguay,Iran,
Paraguay,Iraq,
Paraguay,Ireland,
Paraguay,Israel,
Paraguay,Italy,
Paraguay,Jamaica,
Paraguay,Japan,
Paraguay,Jordan,
Paraguay,Kazakhstan,
Paraguay,Kenya,
Paraguay,Kiribati,
Paraguay,Kosovo,
Paraguay,Kuwait,
Paraguay,Kyrgyzstan,
Paraguay,Laos,
Paraguay,Latvia,
Paraguay,Lebanon,
Paraguay,Lesotho,
Paraguay,Liberia,
Paraguay,Libya,
Paraguay,Liechtenstein,
Paraguay,Lithuania,
Paraguay,Luxembourg,
Paraguay,Macao,
Paraguay,Madagascar,
Paraguay,Malawi,
Paraguay,Malaysia,
Paraguay,Maldives,
Paraguay,Mali,
Paraguay,Malta,
Paraguay,Marshall Islands,
Paraguay,Mauritania,
Paraguay,Mauritius,
Paraguay,Mexico,
Paraguay,Micronesia,
Paraguay,Moldova,
Paraguay,Monaco,
Paraguay,Mongolia,
Paraguay,Montenegro,
Paraguay,Morocco,
Paraguay,Mozambique,
Paraguay,Myanmar,
Paraguay,Namibia,
Paraguay,Nauru,
Paraguay,Nepal,
Paraguay,Netherlands,
Paraguay,New Zealand,
Paraguay,Nicaragua,
Paraguay,Niger,
Paraguay,Nigeria,
Paraguay,North Korea,
Paraguay,North Macedonia,
Paraguay,Norway,
Paraguay,Oman,
Paraguay,Pakistan,
Paraguay,Palau,
Paraguay,Palestine,
Paraguay,Panama,
Paraguay,Papua New Guinea,
Paraguay,Paraguay,-1
Paraguay,Peru,
Paraguay,Philippines,
Paraguay,Poland,
Paraguay,Portugal,
Paraguay,Qatar,
Paraguay,Romania,
Paraguay,Russia,
Paraguay,Rwanda,
Paraguay,Saint Kitts and Nevis,
Paraguay,Saint Lucia,
Paraguay,Samoa,
Paraguay,San Marino,
Paraguay,Sao Tome and Principe,
Paraguay,Saudi Arabia,
Paraguay,Senegal,
Paraguay,Serbia,
Paraguay,Seychelles,
Paraguay,Sierra Leone,
Paraguay,Singapore,
Paraguay,Slovakia,
Paraguay,Slovenia,
Paraguay,Solomon Islands,
Paraguay,Somalia,
Paraguay,South Africa,
Paraguay,South Korea,
Paraguay,South Sudan,
Paraguay,Spain,
Paraguay,Sri Lanka,
Paraguay,Saint Vincent and the Grenadines,
Paraguay,Sudan,
Paraguay,Suriname,
Paraguay,Sweden,
Paraguay,Switzerland,
Paraguay,Syria,
Paraguay,Taiwan,
Paraguay,Tajikistan,
Paraguay,Tanzania,
Paraguay,Thailand,
Paraguay,Timor-Leste,
Paraguay,Togo,
Paraguay,Tonga,
Paraguay,Trinidad and Tobago,
Paraguay,Tunisia,
Paraguay,Turkmenistan,
Paraguay,Tuvalu,
Paraguay,Turkey,
Paraguay,Uganda,
Paraguay,Ukraine,
Paraguay,United Arab Emirates,
Paraguay,United Kingdom,
Paraguay,United States,
Paraguay,Uruguay,
Paraguay,Uzbekistan,
Paraguay,Vanuatu,
Paraguay,Vatican,
Paraguay,Venezuela,
Paraguay,Vietnam,
Paraguay,Yemen,
Paraguay,Zambia,
Paraguay,Zimbabwe,
Paraguay,Afghanistan,
Peru,Albania,
Peru,Algeria,
Peru,Andorra,
Peru,Angola,
Peru,Antigua and Barbuda,
Peru,Argentina,
Peru,Armenia,
Peru,Australia,
Peru,Austria,
Peru,Azerbaijan,
Peru,Bahamas,
Peru,Bahrain,
Peru,Bangladesh,
Peru,Barbados,
Peru,Belarus,
Peru,Belgium,
Peru,Belize,
Peru,Benin,
Peru,Bhutan,
Peru,Bolivia,
Peru,Bosnia and Herzegovina,
Peru,Botswana,
Peru,Brazil,
Peru,Brunei,
Peru,Bulgaria,
Peru,Burkina Faso,
Peru,Burundi,
Peru,Cambodia,
Peru,Cameroon,
Peru,Canada,
Peru,Cape Verde,
Peru,Central African Republic,
Peru,Chad,
Peru,Chile,
Peru,China,
Peru,Colombia,
Peru,Comoros,
Peru,Congo,
Peru,DR Congo,
Peru,Costa Rica,
Peru,Ivory Coast,
Peru,Croatia,
Peru,Cuba,
Peru,Cyprus,
Peru,Czech Republic,
Peru,Denmark,
Peru,Djibouti,
Peru,Dominica,
Peru,Dominican Republic,
Peru,Ecuador,
Peru,Egypt,
Peru,El Salvador,
Peru,Equatorial Guinea,
Peru,Eritrea,
Peru,Estonia,
Peru,Swaziland,
Peru,Ethiopia,
Peru,Fiji,
Peru,Finland,
Peru,France,
Peru,Gabon,
Peru,Gambia,
Peru,Georgia,
Peru,Germany,
Peru,Ghana,
Peru,Greece,
Peru,Grenada,
Peru,Guatemala,
Peru,Guinea,
Peru,Guinea-Bissau,
Peru,Guyana,
Peru,Haiti,
Peru,Honduras,
Peru,Hong Kong,
Peru,Hungary,
Peru,Iceland,
Peru,India,
Peru,Indonesia,
Peru,Iran,
Peru,Iraq,
Peru,Ireland,
Peru,Israel,
Peru,Italy,
Peru,Jamaica,
Peru,Japan,
Peru,Jordan,
Peru,Kazakhstan,
Peru,Kenya,
Peru,Kiribati,
Peru,Kosovo,
Peru,Kuwait,
Peru,Kyrgyzstan,
Peru,Laos,
Peru,Latvia,
Peru,Lebanon,
Peru,Lesotho,
Peru,Liberia,
Peru,Libya,
Peru,Liechtenstein,
Peru,Lithuania,
Peru,Luxembourg,
Peru,Macao,
Peru,Madagascar,
Peru,Malawi,
Peru,Malaysia,
Peru,Maldives,
Peru,Mali,
Peru,Malta,
Peru,Marshall Islands,
Peru,Mauritania,
Peru,Mauritius,
Peru,Mexico,
Peru,Micronesia,
Peru,Moldova,
Peru,Monaco,
Peru,Mongolia,
Peru,Montenegro,
Peru,Morocco,
Peru,Mozambique,
Peru,Myanmar,
Peru,Namibia,
Peru,Nauru,
Peru,Nepal,
Peru,Netherlands,
Peru,New Zealand,
Peru,Nicaragua,
Peru,Niger,
Peru,Nigeria,
Peru,North Korea,
Peru,North Macedonia,
Peru,Norway,
Peru,Oman,
Peru,Pakistan,
Peru,Palau,
Peru,Palestine,
Peru,Panama,
Peru,Papua New Guinea,
Peru,Paraguay,
Peru,Peru,-1
Peru,Philippines,
Peru,Poland,
Peru,Portugal,
Peru,Qatar,
Peru,Romania,
Peru,Russia,
Peru,Rwanda,
Peru,Saint Kitts and Nevis,
Peru,Saint Lucia,
Peru,Samoa,
Peru,San Marino,
Peru,Sao Tome and Principe,
Peru,Saudi Arabia,
Peru,Senegal,
Peru,Serbia,
Peru,Seychelles,
Peru,Sierra Leone,
Peru,Singapore,
Peru,Slovakia,
Peru,Slovenia,
Peru,Solomon Islands,
Peru,Somalia,
Peru,South Africa,
Peru,South Korea,
Peru,South Sudan,
Peru,Spain,
Peru,Sri Lanka,
Peru,Saint Vincent and the Grenadines,
Peru,Sudan,
Peru,Suriname,
Peru,Sweden,
Peru,Switzerland,
Peru,Syria,
Peru,Taiwan,
Peru,Tajikistan,
Peru,Tanzania,
Peru,Thailand,
Peru,Timor-Leste,
Peru,Togo,
Peru,Tonga,
Peru,Trinidad and Tobago,
Peru,Tunisia,
Peru,Turkmenistan,
Peru,Tuvalu,
Peru,Turkey,
Peru,Uganda,
Peru,Ukraine,
Peru,United Arab Emirates,
Peru,United Kingdom,
Peru,United States,
Peru,Uruguay,
Peru,Uzbekistan,
Peru,Vanuatu,
Peru,Vatican,
Peru,Venezuela,
Peru,Vietnam,
Peru,Yemen,
Peru,Zambia,
Peru,Zimbabwe,
Peru,Afghanistan,
Philippines,Albania,
Philippines,Algeria,
Philippines,Andorra,
Philippines,Angola,
Philippines,Antigua and Barbuda,
Philippines,Argentina,
Philippines,Armenia,
Philippines,Australia,
Philippines,Austria,
Philippines,Azerbaijan,
Philippines,Bahamas,
Philippines,Bahrain,
Philippines,Bangladesh,
Philippines,Barbados,
Philippines,Belarus,
Philippines,Belgium,
Philippines,Belize,
Philippines,Benin,
Philippines,Bhutan,
Philippines,Bolivia,
Philippines,Bosnia and Herzegovina,
Philippines,Botswana,
Philippines,Brazil,
Philippines,Brunei,
Philippines,Bulgaria,
Philippines,Burkina Faso,
Philippines,Burundi,
Philippines,Cambodia,
Philippines,Cameroon,
Philippines,Canada,
Philippines,Cape Verde,
Philippines,Central African Republic,
Philippines,Chad,
Philippines,Chile,
Philippines,China,
Philippines,Colombia,
Philippines,Comoros,
Philippines,Congo,
Philippines,DR Congo,
Philippines,Costa Rica,
Philippines,Ivory Coast,
Philippines,Croatia,
Philippines,Cuba,
Philippines,Cyprus,
Philippines,Czech Republic,
Philippines,Denmark,
Philippines,Djibouti,
Philippines,Dominica,
Philippines,Dominican Republic,
Philippines,Ecuador,
Philippines,Egypt,
Philippines,El Salvador,
Philippines,Equatorial Guinea,
Philippines,Eritrea,
Philippines,Estonia,
Philippines,Swaziland,
Philippines,Ethiopia,
Philippines,Fiji,
Philippines,Finland,
Philippines,France,
Philippines,Gabon,
Philippines,Gambia,
Philippines,Georgia,
Philippines,Germany,
Philippines,Ghana,
Philippines,Greece,
Philippines,Grenada,
Philippines,Guatemala,
Philippines,Guinea,
Philippines,Guinea-Bissau,
Philippines,Guyana,
Philippines,Haiti,
Philippines,Honduras,
Philippines,Hong Kong,
Philippines,Hungary,
Philippines,Iceland,
Philippines,India,
Philippines,Indonesia,
Philippines,Iran,
Philippines,Iraq,
Philippines,Ireland,
Philippines,Israel,
Philippines,Italy,
Philippines,Jamaica,
Philippines,Japan,
Philippines,Jordan,
Philippines,Kazakhstan,
Philippines,Kenya,
Philippines,Kiribati,
Philippines,Kosovo,
Philippines,Kuwait,
Philippines,Kyrgyzstan,
Philippines,Laos,
Philippines,Latvia,
Philippines,Lebanon,
Philippines,Lesotho,
Philippines,Liberia,
Philippines,Libya,
Philippines,Liechtenstein,
Philippines,Lithuania,
Philippines,Luxembourg,
Philippines,Macao,
Philippines,Madagascar,
Philippines,Malawi,
Philippines,Malaysia,
Philippines,Maldives,
Philippines,Mali,
Philippines,Malta,
Philippines,Marshall Islands,
Philippines,Mauritania,
Philippines,Mauritius,
Philippines,Mexico,
Philippines,Micronesia,
Philippines,Moldova,
Philippines,Monaco,
Philippines,Mongolia,
Philippines,Montenegro,
Philippines,Morocco,
Philippines,Mozambique,
Philippines,Myanmar,
Philippines,Namibia,
Philippines,Nauru,
Philippines,Nepal,
Philippines,Netherlands,
Philippines,New Zealand,
Philippines,Nicaragua,
Philippines,Niger,
Philippines,Nigeria,
Philippines,North Korea,
Philippines,North Macedonia,
Philippines,Norway,
Philippines,Oman,
Philippines,Pakistan,
Philippines,Palau,
Philippines,Palestine,
Philippines,Panama,
Philippines,Papua New Guinea,
Philippines,Paraguay,
Philippines,Peru,
Philippines,Philippines,-1
Philippines,Poland,
Philippines,Portugal,
Philippines,Qatar,
Philippines,Romania,
Philippines,Russia,
Philippines,Rwanda,
Philippines,Saint Kitts and Nevis,
Philippines,Saint Lucia,
Philippines,Samoa,
Philippines,San Marino,
Philippines,Sao Tome and Principe,
Philippines,Saudi Arabia,
Philippines,Senegal,
Philippines,Serbia,
Philippines,Seychelles,
Philippines,Sierra Leone,
Philippines,Singapore,
Philippines,Slovakia,
Philippines,Slovenia,
Philippines,Solomon Islands,
Philippines,Somalia,
Philippines,South Africa,
Philippines,South Korea,
Philippines,South Sudan,
Philippines,Spain,
Philippines,Sri Lanka,
Philippines,Saint Vincent and the Grenadines,
Philippines,Sudan,
Philippines,Suriname,
Philippines,Sweden,
Philippines,Switzerland,
Philippines,Syria,
Philippines,Taiwan,
Philippines,Tajikistan,
Philippines,Tanzania,
Philippines,Thailand,
Philippines,Timor-Leste,
Philippines,Togo,
Philippines,Tonga,
Philippines,Trinidad and Tobago,
Philippines,Tunisia,
Philippines,Turkmenistan,
Philippines,Tuvalu,
Philippines,Turkey,
Philippines,Uganda,
Philippines,Ukraine,
Philippines,United Arab Emirates,
Philippines,United Kingdom,
Philippines,United States,
Philippines,Uruguay,
Philippines,Uzbekistan,
Philippines,Vanuatu,
Philippines,Vatican,
Philippines,Venezuela,
Philippines,Vietnam,
Philippines,Yemen,
Philippines,Zambia,
Philippines,Zimbabwe,
Philippines,Afghanistan,
Poland,Albania,
Poland,Algeria,
Poland,Andorra,
Poland,Angola,
Poland,Antigua and Barbuda,
Poland,Argentina,
Poland,Armenia,
Poland,Australia,
Poland,Austria,
Poland,Azerbaijan,
Poland,Bahamas,
Poland,Bahrain,
Poland,Bangladesh,
Poland,Barbados,
Poland,Belarus,
Poland,Belgium,
Poland,Belize,
Poland,Benin,
Poland,Bhutan,
Poland,Bolivia,
Poland,Bosnia and Herzegovina,
Poland,Botswana,
Poland,Brazil,
Poland,Brunei,
Poland,Bulgaria,
Poland,Burkina Faso,
Poland,Burundi,
Poland,Cambodia,
Poland,Cameroon,
Poland,Canada,
Poland,Cape Verde,
Poland,Central African Republic,
Poland,Chad,
Poland,Chile,
Poland,China,
Poland,Colombia,
Poland,Comoros,
Poland,Congo,
Poland,DR Congo,
Poland,Costa Rica,
Poland,Ivory Coast,
Poland,Croatia,
Poland,Cuba,
Poland,Cyprus,
Poland,Czech Republic,
Poland,Denmark,
Poland,Djibouti,
Poland,Dominica,
Poland,Dominican Republic,
Poland,Ecuador,
Poland,Egypt,
Poland,El Salvador,
Poland,Equatorial Guinea,
Poland,Eritrea,
Poland,Estonia,
Poland,Swaziland,
Poland,Ethiopia,
Poland,Fiji,
Poland,Finland,
Poland,France,
Poland,Gabon,
Poland,Gambia,
Poland,Georgia,
Poland,Germany,
Poland,Ghana,
Poland,Greece,
Poland,Grenada,
Poland,Guatemala,
Poland,Guinea,
Poland,Guinea-Bissau,
Poland,Guyana,
Poland,Haiti,
Poland,Honduras,
Poland,Hong Kong,
Poland,Hungary,
Poland,Iceland,
Poland,India,
Poland,Indonesia,
Poland,Iran,
Poland,Iraq,
Poland,Ireland,
Poland,Israel,
Poland,Italy,
Poland,Jamaica,
Poland,Japan,
Poland,Jordan,
Poland,Kazakhstan,
Poland,Kenya,
Poland,Kiribati,
Poland,Kosovo,
Poland,Kuwait,
Poland,Kyrgyzstan,
Poland,Laos,
Poland,Latvia,
Poland,Lebanon,
Poland,Lesotho,
Poland,Liberia,
Poland,Libya,
Poland,Liechtenstein,
Poland,Lithuania,
Poland,Luxembourg,
Poland,Macao,
Poland,Madagascar,
Poland,Malawi,
Poland,Malaysia,
Poland,Maldives,
Poland,Mali,
Poland,Malta,
Poland,Marshall Islands,
Poland,Mauritania,
Poland,Mauritius,
Poland,Mexico,
Poland,Micronesia,
Poland,Moldova,
Poland,Monaco,
Poland,Mongolia,
Poland,Montenegro,
Poland,Morocco,
Poland,Mozambique,
Poland,Myanmar,
Poland,Namibia,
Poland,Nauru,
Poland,Nepal,
Poland,Netherlands,
Poland,New Zealand,
Poland,Nicaragua,
Poland,Niger,
Poland,Nigeria,
Poland,North Korea,
Poland,North Macedonia,
Poland,Norway,
Poland,Oman,
Poland,Pakistan,
Poland,Palau,
Poland,Palestine,
Poland,Panama,
Poland,Papua New Guinea,
Poland,Paraguay,
Poland,Peru,
Poland,Philippines,
Poland,Poland,-1
Poland,Portugal,
Poland,Qatar,
Poland,Romania,
Poland,Russia,
Poland,Rwanda,
Poland,Saint Kitts and Nevis,
Poland,Saint Lucia,
Poland,Samoa,
Poland,San Marino,
Poland,Sao Tome and Principe,
Poland,Saudi Arabia,
Poland,Senegal,
Poland,Serbia,
Poland,Seychelles,
Poland,Sierra Leone,
Poland,Singapore,
Poland,Slovakia,
Poland,Slovenia,
Poland,Solomon Islands,
Poland,Somalia,
Poland,South Africa,
Poland,South Korea,
Poland,South Sudan,
Poland,Spain,
Poland,Sri Lanka,
Poland,Saint Vincent and the Grenadines,
Poland,Sudan,
Poland,Suriname,
Poland,Sweden,
Poland,Switzerland,
Poland,Syria,
Poland,Taiwan,
Poland,Tajikistan,
Poland,Tanzania,
Poland,Thailand,
Poland,Timor-Leste,
Poland,Togo,
Poland,Tonga,
Poland,Trinidad and Tobago,
Poland,Tunisia,
Poland,Turkmenistan,
Poland,Tuvalu,
Poland,Turkey,
Poland,Uganda,
Poland,Ukraine,
Poland,United Arab Emirates,
Poland,United Kingdom,
Poland,United States,
Poland,Uruguay,
Poland,Uzbekistan,
Poland,Vanuatu,
Poland,Vatican,
Poland,Venezuela,
Poland,Vietnam,
Poland,Yemen,
Poland,Zambia,
Poland,Zimbabwe,
Poland,Afghanistan,
Portugal,Albania,
Portugal,Algeria,
Portugal,Andorra,
Portugal,Angola,
Portugal,Antigua and Barbuda,
Portugal,Argentina,
Portugal,Armenia,
Portugal,Australia,
Portugal,Austria,
Portugal,Azerbaijan,
Portugal,Bahamas,
Portugal,Bahrain,
Portugal,Bangladesh,
Portugal,Barbados,
Portugal,Belarus,
Portugal,Belgium,
Portugal,Belize,
Portugal,Benin,
Portugal,Bhutan,
Portugal,Bolivia,
Portugal,Bosnia and Herzegovina,
Portugal,Botswana,
Portugal,Brazil,
Portugal,Brunei,
Portugal,Bulgaria,
Portugal,Burkina Faso,
Portugal,Burundi,
Portugal,Cambodia,
Portugal,Cameroon,
Portugal,Canada,
Portugal,Cape Verde,
Portugal,Central African Republic,
Portugal,Chad,
Portugal,Chile,
Portugal,China,
Portugal,Colombia,
Portugal,Comoros,
Portugal,Congo,
Portugal,DR Congo,
Portugal,Costa Rica,
Portugal,Ivory Coast,
Portugal,Croatia,
Portugal,Cuba,
Portugal,Cyprus,
Portugal,Czech Republic,
Portugal,Denmark,
Portugal,Djibouti,
Portugal,Dominica,
Portugal,Dominican Republic,
Portugal,Ecuador,
Portugal,Egypt,
Portugal,El Salvador,
Portugal,Equatorial Guinea,
Portugal,Eritrea,
Portugal,Estonia,
Portugal,Swaziland,
Portugal,Ethiopia,
Portugal,Fiji,
Portugal,Finland,
Portugal,France,
Portugal,Gabon,
Portugal,Gambia,
Portugal,Georgia,
Portugal,Germany,
Portugal,Ghana,
Portugal,Greece,
Portugal,Grenada,
Portugal,Guatemala,
Portugal,Guinea,
Portugal,Guinea-Bissau,
Portugal,Guyana,
Portugal,Haiti,
Portugal,Honduras,
Portugal,Hong Kong,
Portugal,Hungary,
Portugal,Iceland,
Portugal,India,
Portugal,Indonesia,
Portugal,Iran,
Portugal,Iraq,
Portugal,Ireland,
Portugal,Israel,
Portugal,Italy,
Portugal,Jamaica,
Portugal,Japan,
Portugal,Jordan,
Portugal,Kazakhstan,
Portugal,Kenya,
Portugal,Kiribati,
Portugal,Kosovo,
Portugal,Kuwait,
Portugal,Kyrgyzstan,
Portugal,Laos,
Portugal,Latvia,
Portugal,Lebanon,
Portugal,Lesotho,
Portugal,Liberia,
Portugal,Libya,
Portugal,Liechtenstein,
Portugal,Lithuania,
Portugal,Luxembourg,
Portugal,Macao,
Portugal,Madagascar,
Portugal,Malawi,
Portugal,Malaysia,
Portugal,Maldives,
Portugal,Mali,
Portugal,Malta,
Portugal,Marshall Islands,
Portugal,Mauritania,
Portugal,Mauritius,
Portugal,Mexico,
Portugal,Micronesia,
Portugal,Moldova,
Portugal,Monaco,
Portugal,Mongolia,
Portugal,Montenegro,
Portugal,Morocco,
Portugal,Mozambique,
Portugal,Myanmar,
Portugal,Namibia,
Portugal,Nauru,
Portugal,Nepal,
Portugal,Netherlands,
Portugal,New Zealand,
Portugal,Nicaragua,
Portugal,Niger,
Portugal,Nigeria,
Portugal,North Korea,
Portugal,North Macedonia,
Portugal,Norway,
Portugal,Oman,
Portugal,Pakistan,
Portugal,Palau,
Portugal,Palestine,
Portugal,Panama,
Portugal,Papua New Guinea,
Portugal,Paraguay,
Portugal,Peru,
Portugal,Philippines,
Portugal,Poland,
Portugal,Portugal,-1
Portugal,Qatar,
Portugal,Romania,
Portugal,Russia,
Portugal,Rwanda,
Portugal,Saint Kitts and Nevis,
Portugal,Saint Lucia,
Portugal,Samoa,
Portugal,San Marino,
Portugal,Sao Tome and Principe,
Portugal,Saudi Arabia,
Portugal,Senegal,
Portugal,Serbia,
Portugal,Seychelles,
Portugal,Sierra Leone,
Portugal,Singapore,
Portugal,Slovakia,
Portugal,Slovenia,
Portugal,Solomon Islands,
Portugal,Somalia,
Portugal,South Africa,
Portugal,South Korea,
Portugal,South Sudan,
Portugal,Spain,
Portugal,Sri Lanka,
Portugal,Saint Vincent and the Grenadines,
Portugal,Sudan,
Portugal,Suriname,
Portugal,Sweden,
Portugal,Switzerland,
Portugal,Syria,
Portugal,Taiwan,
Portugal,Tajikistan,
Portugal,Tanzania,
Portugal,Thailand,
Portugal,Timor-Leste,
Portugal,Togo,
Portugal,Tonga,
Portugal,Trinidad and Tobago,
Portugal,Tunisia,
Portugal,Turkmenistan,
Portugal,Tuvalu,
Portugal,Turkey,
Portugal,Uganda,
Portugal,Ukraine,
Portugal,United Arab Emirates,
Portugal,United Kingdom,
Portugal,United States,
Portugal,Uruguay,
Portugal,Uzbekistan,
Portugal,Vanuatu,
Portugal,Vatican,
Portugal,Venezuela,
Portugal,Vietnam,
Portugal,Yemen,
Portugal,Zambia,
Portugal,Zimbabwe,
Portugal,Afghanistan,
Qatar,Albania,
Qatar,Algeria,
Qatar,Andorra,
Qatar,Angola,
Qatar,Antigua and Barbuda,
Qatar,Argentina,
Qatar,Armenia,
Qatar,Australia,
Qatar,Austria,
Qatar,Azerbaijan,
Qatar,Bahamas,
Qatar,Bahrain,
Qatar,Bangladesh,
Qatar,Barbados,
Qatar,Belarus,
Qatar,Belgium,
Qatar,Belize,
Qatar,Benin,
Qatar,Bhutan,
Qatar,Bolivia,
Qatar,Bosnia and Herzegovina,
Qatar,Botswana,
Qatar,Brazil,
Qatar,Brunei,
Qatar,Bulgaria,
Qatar,Burkina Faso,
Qatar,Burundi,
Qatar,Cambodia,
Qatar,Cameroon,
Qatar,Canada,
Qatar,Cape Verde,
Qatar,Central African Republic,
Qatar,Chad,
Qatar,Chile,
Qatar,China,
Qatar,Colombia,
Qatar,Comoros,
Qatar,Congo,
Qatar,DR Congo,
Qatar,Costa Rica,
Qatar,Ivory Coast,
Qatar,Croatia,
Qatar,Cuba,
Qatar,Cyprus,
Qatar,Czech Republic,
Qatar,Denmark,
Qatar,Djibouti,
Qatar,Dominica,
Qatar,Dominican Republic,
Qatar,Ecuador,
Qatar,Egypt,
Qatar,El Salvador,
Qatar,Equatorial Guinea,
Qatar,Eritrea,
Qatar,Estonia,
Qatar,Swaziland,
Qatar,Ethiopia,
Qatar,Fiji,
Qatar,Finland,
Qatar,France,
Qatar,Gabon,
Qatar,Gambia,
Qatar,Georgia,
Qatar,Germany,
Qatar,Ghana,
Qatar,Greece,
Qatar,Grenada,
Qatar,Guatemala,
Qatar,Guinea,
Qatar,Guinea-Bissau,
Qatar,Guyana,
Qatar,Haiti,
Qatar,Honduras,
Qatar,Hong Kong,
Qatar,Hungary,
Qatar,Iceland,
Qatar,India,
Qatar,Indonesia,
Qatar,Iran,
Qatar,Iraq,
Qatar,Ireland,
Qatar,Israel,
Qatar,Italy,
Qatar,Jamaica,
Qatar,Japan,
Qatar,Jordan,
Qatar,Kazakhstan,
Qatar,Kenya,
Qatar,Kiribati,
Qatar,Kosovo,
Qatar,Kuwait,
Qatar,Kyrgyzstan,
Qatar,Laos,
Qatar,Latvia,
Qatar,Lebanon,
Qatar,Lesotho,
Qatar,Liberia,
Qatar,Libya,
Qatar,Liechtenstein,
Qatar,Lithuania,
Qatar,Luxembourg,
Qatar,Macao,
Qatar,Madagascar,
Qatar,Malawi,
Qatar,Malaysia,
Qatar,Maldives,
Qatar,Mali,
Qatar,Malta,
Qatar,Marshall Islands,
Qatar,Mauritania,
Qatar,Mauritius,
Qatar,Mexico,
Qatar,Micronesia,
Qatar,Moldova,
Qatar,Monaco,
Qatar,Mongolia,
Qatar,Montenegro,
Qatar,Morocco,
Qatar,Mozambique,
Qatar,Myanmar,
Qatar,Namibia,
Qatar,Nauru,
Qatar,Nepal,
Qatar,Netherlands,
Qatar,New Zealand,
Qatar,Nicaragua,
Qatar,Niger,
Qatar,Nigeria,
Qatar,North Korea,
Qatar,North Macedonia,
Qatar,Norway,
Qatar,Oman,
Qatar,Pakistan,
Qatar,Palau,
Qatar,Palestine,
Qatar,Panama,
Qatar,Papua New Guinea,
Qatar,Paraguay,
Qatar,Peru,
Qatar,Philippines,
Qatar,Poland,
Qatar,Portugal,
Qatar,Qatar,-1
Qatar,Romania,
Qatar,Russia,
Qatar,Rwanda,
Qatar,Saint Kitts and Nevis,
Qatar,Saint Lucia,
Qatar,Samoa,
Qatar,San Marino,
Qatar,Sao Tome and Principe,
Qatar,Saudi Arabia,
Qatar,Senegal,
Qatar,Serbia,
Qatar,Seychelles,
Qatar,Sierra Leone,
Qatar,Singapore,
Qatar,Slovakia,
Qatar,Slovenia,
Qatar,Solomon Islands,
Qatar,Somalia,
Qatar,South Africa,
Qatar,South Korea,
Qatar,South Sudan,
Qatar,Spain,
Qatar,Sri Lanka,
Qatar,Saint Vincent and the Grenadines,
Qatar,Sudan,
Qatar,Suriname,
Qatar,Sweden,
Qatar,Switzerland,
Qatar,Syria,
Qatar,Taiwan,
Qatar,Tajikistan,
Qatar,Tanzania,
Qatar,Thailand,
Qatar,Timor-Leste,
Qatar,Togo,
Qatar,Tonga,
Qatar,Trinidad and Tobago,
Qatar,Tunisia,
Qatar,Turkmenistan,
Qatar,Tuvalu,
Qatar,Turkey,
Qatar,Uganda,
Qatar,Ukraine,
Qatar,United Arab Emirates,
Qatar,United Kingdom,
Qatar,United States,
Qatar,Uruguay,
Qatar,Uzbekistan,
Qatar,Vanuatu,
Qatar,Vatican,
Qatar,Venezuela,
Qatar,Vietnam,
Qatar,Yemen,
Qatar,Zambia,
Qatar,Zimbabwe,
Qatar,Afghanistan,
Romania,Albania,
Romania,Algeria,
Romania,Andorra,
Romania,Angola,
Romania,Antigua and Barbuda,
Romania,Argentina,
Romania,Armenia,
Romania,Australia,
Romania,Austria,
Romania,Azerbaijan,
Romania,Bahamas,
Romania,Bahrain,
Romania,Bangladesh,
Romania,Barbados,
Romania,Belarus,
Romania,Belgium,
Romania,Belize,
Romania,Benin,
Romania,Bhutan,
Romania,Bolivia,
Romania,Bosnia and Herzegovina,
Romania,Botswana,
Romania,Brazil,
Romania,Brunei,
Romania,Bulgaria,
Romania,Burkina Faso,
Romania,Burundi,
Romania,Cambodia,
Romania,Cameroon,
Romania,Canada,
Romania,Cape Verde,
Romania,Central African Republic,
Romania,Chad,
Romania,Chile,
Romania,China,
Romania,Colombia,
Romania,Comoros,
Romania,Congo,
Romania,DR Congo,
Romania,Costa Rica,
Romania,Ivory Coast,
Romania,Croatia,
Romania,Cuba,
Romania,Cyprus,
Romania,Czech Republic,
Romania,Denmark,
Romania,Djibouti,
Romania,Dominica,
Romania,Dominican Republic,
Romania,Ecuador,
Romania,Egypt,
Romania,El Salvador,
Romania,Equatorial Guinea,
Romania,Eritrea,
Romania,Estonia,
Romania,Swaziland,
Romania,Ethiopia,
Romania,Fiji,
Romania,Finland,
Romania,France,
Romania,Gabon,
Romania,Gambia,
Romania,Georgia,
Romania,Germany,
Romania,Ghana,
Romania,Greece,
Romania,Grenada,
Romania,Guatemala,
Romania,Guinea,
Romania,Guinea-Bissau,
Romania,Guyana,
Romania,Haiti,
Romania,Honduras,
Romania,Hong Kong,
Romania,Hungary,
Romania,Iceland,
Romania,India,
Romania,Indonesia,
Romania,Iran,
Romania,Iraq,
Romania,Ireland,
Romania,Israel,
Romania,Italy,
Romania,Jamaica,
Romania,Japan,
Romania,Jordan,
Romania,Kazakhstan,
Romania,Kenya,
Romania,Kiribati,
Romania,Kosovo,
Romania,Kuwait,
Romania,Kyrgyzstan,
Romania,Laos,
Romania,Latvia,
Romania,Lebanon,
Romania,Lesotho,
Romania,Liberia,
Romania,Libya,
Romania,Liechtenstein,
Romania,Lithuania,
Romania,Luxembourg,
Romania,Macao,
Romania,Madagascar,
Romania,Malawi,
Romania,Malaysia,
Romania,Maldives,
Romania,Mali,
Romania,Malta,
Romania,Marshall Islands,
Romania,Mauritania,
Romania,Mauritius,
Romania,Mexico,
Romania,Micronesia,
Romania,Moldova,
Romania,Monaco,
Romania,Mongolia,
Romania,Montenegro,
Romania,Morocco,
Romania,Mozambique,
Romania,Myanmar,
Romania,Namibia,
Romania,Nauru,
Romania,Nepal,
Romania,Netherlands,
Romania,New Zealand,
Romania,Nicaragua,
Romania,Niger,
Romania,Nigeria,
Romania,North Korea,
Romania,North Macedonia,
Romania,Norway,
Romania,Oman,
Romania,Pakistan,
Romania,Palau,
Romania,Palestine,
Romania,Panama,
Romania,Papua New Guinea,
Romania,Paraguay,
Romania,Peru,
Romania,Philippines,
Romania,Poland,
Romania,Portugal,
Romania,Qatar,
Romania,Romania,-1
Romania,Russia,
Romania,Rwanda,
Romania,Saint Kitts and Nevis,
Romania,Saint Lucia,
Romania,Samoa,
Romania,San Marino,
Romania,Sao Tome and Principe,
Romania,Saudi Arabia,
Romania,Senegal,
Romania,Serbia,
Romania,Seychelles,
Romania,Sierra Leone,
Romania,Singapore,
Romania,Slovakia,
Romania,Slovenia,
Romania,Solomon Islands,
Romania,Somalia,
Romania,South Africa,
Romania,South Korea,
Romania,South Sudan,
Romania,Spain,
Romania,Sri Lanka,
Romania,Saint Vincent and the Grenadines,
Romania,Sudan,
Romania,Suriname,
Romania,Sweden,
Romania,Switzerland,
Romania,Syria,
Romania,Taiwan,
Romania,Tajikistan,
Romania,Tanzania,
Romania,Thailand,
Romania,Timor-Leste,
Romania,Togo,
Romania,Tonga,
Romania,Trinidad and Tobago,
Romania,Tunisia,
Romania,Turkmenistan,
Romania,Tuvalu,
Romania,Turkey,
Romania,Uganda,
Romania,Ukraine,
Romania,United Arab Emirates,
Romania,United Kingdom,
Romania,United States,
Romania,Uruguay,
Romania,Uzbekistan,
Romania,Vanuatu,
Romania,Vatican,
Romania,Venezuela,
Romania,Vietnam,
Romania,Yemen,
Romania,Zambia,
Romania,Zimbabwe,
Romania,Afghanistan,
Russia,Albania,
Russia,Algeria,
Russia,Andorra,
Russia,Angola,
Russia,Antigua and Barbuda,
Russia,Argentina,
Russia,Armenia,
Russia,Australia,
Russia,Austria,
Russia,Azerbaijan,
Russia,Bahamas,
Russia,Bahrain,
Russia,Bangladesh,
Russia,Barbados,
Russia,Belarus,
Russia,Belgium,
Russia,Belize,
Russia,Benin,
Russia,Bhutan,
Russia,Bolivia,
Russia,Bosnia and Herzegovina,
Russia,Botswana,
Russia,Brazil,
Russia,Brunei,
Russia,Bulgaria,
Russia,Burkina Faso,
Russia,Burundi,
Russia,Cambodia,
Russia,Cameroon,
Russia,Canada,
Russia,Cape Verde,
Russia,Central African Republic,
Russia,Chad,
Russia,Chile,
Russia,China,
Russia,Colombia,
Russia,Comoros,
Russia,Congo,
Russia,DR Congo,
Russia,Costa Rica,
Russia,Ivory Coast,
Russia,Croatia,
Russia,Cuba,
Russia,Cyprus,
Russia,Czech Republic,
Russia,Denmark,
Russia,Djibouti,
Russia,Dominica,
Russia,Dominican Republic,
Russia,Ecuador,
Russia,Egypt,
Russia,El Salvador,
Russia,Equatorial Guinea,
Russia,Eritrea,
Russia,Estonia,
Russia,Swaziland,
Russia,Ethiopia,
Russia,Fiji,
Russia,Finland,
Russia,France,
Russia,Gabon,
Russia,Gambia,
Russia,Georgia,
Russia,Germany,
Russia,Ghana,
Russia,Greece,
Russia,Grenada,
Russia,Guatemala,
Russia,Guinea,
Russia,Guinea-Bissau,
Russia,Guyana,
Russia,Haiti,
Russia,Honduras,
Russia,Hong Kong,
Russia,Hungary,
Russia,Iceland,
Russia,India,
Russia,Indonesia,
Russia,Iran,
Russia,Iraq,
Russia,Ireland,
Russia,Israel,
Russia,Italy,
Russia,Jamaica,
Russia,Japan,
Russia,Jordan,
Russia,Kazakhstan,
Russia,Kenya,
Russia,Kiribati,
Russia,Kosovo,
Russia,Kuwait,
Russia,Kyrgyzstan,
Russia,Laos,
Russia,Latvia,
Russia,Lebanon,
Russia,Lesotho,
Russia,Liberia,
Russia,Libya,
Russia,Liechtenstein,
Russia,Lithuania,
Russia,Luxembourg,
Russia,Macao,
Russia,Madagascar,
Russia,Malawi,
Russia,Malaysia,
Russia,Maldives,
Russia,Mali,
Russia,Malta,
Russia,Marshall Islands,
Russia,Mauritania,
Russia,Mauritius,
Russia,Mexico,
Russia,Micronesia,
Russia,Moldova,
Russia,Monaco,
Russia,Mongolia,
Russia,Montenegro,
Russia,Morocco,
Russia,Mozambique,
Russia,Myanmar,
Russia,Namibia,
Russia,Nauru,
Russia,Nepal,
Russia,Netherlands,
Russia,New Zealand,
Russia,Nicaragua,
Russia,Niger,
Russia,Nigeria,
Russia,North Korea,
Russia,North Macedonia,
Russia,Norway,
Russia,Oman,
Russia,Pakistan,
Russia,Palau,
Russia,Palestine,
Russia,Panama,
Russia,Papua New Guinea,
Russia,Paraguay,
Russia,Peru,
Russia,Philippines,
Russia,Poland,
Russia,Portugal,
Russia,Qatar,
Russia,Romania,
Russia,Russia,-1
Russia,Rwanda,
Russia,Saint Kitts and Nevis,
Russia,Saint Lucia,
Russia,Samoa,
Russia,San Marino,
Russia,Sao Tome and Principe,
Russia,Saudi Arabia,
Russia,Senegal,
Russia,Serbia,
Russia,Seychelles,
Russia,Sierra Leone,
Russia,Singapore,
Russia,Slovakia,
Russia,Slovenia,
Russia,Solomon Islands,
Russia,Somalia,
Russia,South Africa,
Russia,South Korea,
Russia,South Sudan,
Russia,Spain,
Russia,Sri Lanka,
Russia,Saint Vincent and the Grenadines,
Russia,Sudan,
Russia,Suriname,
Russia,Sweden,
Russia,Switzerland,
Russia,Syria,
Russia,Taiwan,
Russia,Tajikistan,
Russia,Tanzania,
Russia,Thailand,
Russia,Timor-Leste,
Russia,Togo,
Russia,Tonga,
Russia,Trinidad and Tobago,
Russia,Tunisia,
Russia,Turkmenistan,
Russia,Tuvalu,
Russia,Turkey,
Russia,Uganda,
Russia,Ukraine,
Russia,United Arab Emirates,
Russia,United Kingdom,
Russia,United States,
Russia,Uruguay,
Russia,Uzbekistan,
Russia,Vanuatu,
Russia,Vatican,
Russia,Venezuela,
Russia,Vietnam,
Russia,Yemen,
Russia,Zambia,
Russia,Zimbabwe,
Russia,Afghanistan,
Rwanda,Albania,
Rwanda,Algeria,
Rwanda,Andorra,
Rwanda,Angola,
Rwanda,Antigua and Barbuda,
Rwanda,Argentina,
Rwanda,Armenia,
Rwanda,Australia,
Rwanda,Austria,
Rwanda,Azerbaijan,
Rwanda,Bahamas,
Rwanda,Bahrain,
Rwanda,Bangladesh,
Rwanda,Barbados,
Rwanda,Belarus,
Rwanda,Belgium,
Rwanda,Belize,
Rwanda,Benin,
Rwanda,Bhutan,
Rwanda,Bolivia,
Rwanda,Bosnia and Herzegovina,
Rwanda,Botswana,
Rwanda,Brazil,
Rwanda,Brunei,
Rwanda,Bulgaria,
Rwanda,Burkina Faso,
Rwanda,Burundi,
Rwanda,Cambodia,
Rwanda,Cameroon,
Rwanda,Canada,
Rwanda,Cape Verde,
Rwanda,Central African Republic,
Rwanda,Chad,
Rwanda,Chile,
Rwanda,China,
Rwanda,Colombia,
Rwanda,Comoros,
Rwanda,Congo,
Rwanda,DR Congo,
Rwanda,Costa Rica,
Rwanda,Ivory Coast,
Rwanda,Croatia,
Rwanda,Cuba,
Rwanda,Cyprus,
Rwanda,Czech Republic,
Rwanda,Denmark,
Rwanda,Djibouti,
Rwanda,Dominica,
Rwanda,Dominican Republic,
Rwanda,Ecuador,
Rwanda,Egypt,
Rwanda,El Salvador,
Rwanda,Equatorial Guinea,
Rwanda,Eritrea,
Rwanda,Estonia,
Rwanda,Swaziland,
Rwanda,Ethiopia,
Rwanda,Fiji,
Rwanda,Finland,
Rwanda,France,
Rwanda,Gabon,
Rwanda,Gambia,
Rwanda,Georgia,
Rwanda,Germany,
Rwanda,Ghana,
Rwanda,Greece,
Rwanda,Grenada,
Rwanda,Guatemala,
Rwanda,Guinea,
Rwanda,Guinea-Bissau,
Rwanda,Guyana,
Rwanda,Haiti,
Rwanda,Honduras,
Rwanda,Hong Kong,
Rwanda,Hungary,
Rwanda,Iceland,
Rwanda,India,
Rwanda,Indonesia,
Rwanda,Iran,
Rwanda,Iraq,
Rwanda,Ireland,
Rwanda,Israel,
Rwanda,Italy,
Rwanda,Jamaica,
Rwanda,Japan,
Rwanda,Jordan,
Rwanda,Kazakhstan,
Rwanda,Kenya,
Rwanda,Kiribati,
Rwanda,Kosovo,
Rwanda,Kuwait,
Rwanda,Kyrgyzstan,
Rwanda,Laos,
Rwanda,Latvia,
Rwanda,Lebanon,
Rwanda,Lesotho,
Rwanda,Liberia,
Rwanda,Libya,
Rwanda,Liechtenstein,
Rwanda,Lithuania,
Rwanda,Luxembourg,
Rwanda,Macao,
Rwanda,Madagascar,
Rwanda,Malawi,
Rwanda,Malaysia,
Rwanda,Maldives,
Rwanda,Mali,
Rwanda,Malta,
Rwanda,Marshall Islands,
Rwanda,Mauritania,
Rwanda,Mauritius,
Rwanda,Mexico,
Rwanda,Micronesia,
Rwanda,Moldova,
Rwanda,Monaco,
Rwanda,Mongolia,
Rwanda,Montenegro,
Rwanda,Morocco,
Rwanda,Mozambique,
Rwanda,Myanmar,
Rwanda,Namibia,
Rwanda,Nauru,
Rwanda,Nepal,
Rwanda,Netherlands,
Rwanda,New Zealand,
Rwanda,Nicaragua,
Rwanda,Niger,
Rwanda,Nigeria,
Rwanda,North Korea,
Rwanda,North Macedonia,
Rwanda,Norway,
Rwanda,Oman,
Rwanda,Pakistan,
Rwanda,Palau,
Rwanda,Palestine,
Rwanda,Panama,
Rwanda,Papua New Guinea,
Rwanda,Paraguay,
Rwanda,Peru,
Rwanda,Philippines,
Rwanda,Poland,
Rwanda,Portugal,
Rwanda,Qatar,
Rwanda,Romania,
Rwanda,Russia,
Rwanda,Rwanda,-1
Rwanda,Saint Kitts and Nevis,
Rwanda,Saint Lucia,
Rwanda,Samoa,
Rwanda,San Marino,
Rwanda,Sao Tome and Principe,
Rwanda,Saudi Arabia,
Rwanda,Senegal,
Rwanda,Serbia,
Rwanda,Seychelles,
Rwanda,Sierra Leone,
Rwanda,Singapore,
Rwanda,Slovakia,
Rwanda,Slovenia,
Rwanda,Solomon Islands,
Rwanda,Somalia,
Rwanda,South Africa,
Rwanda,South Korea,
Rwanda,South Sudan,
Rwanda,Spain,
Rwanda,Sri Lanka,
Rwanda,Saint Vincent and the Grenadines,
Rwanda,Sudan,
Rwanda,Suriname,
Rwanda,Sweden,
Rwanda,Switzerland,
Rwanda,Syria,
Rwanda,Taiwan,
Rwanda,Tajikistan,
Rwanda,Tanzania,
Rwanda,Thailand,
Rwanda,Timor-Leste,
Rwanda,Togo,
Rwanda,Tonga,
Rwanda,Trinidad and Tobago,
Rwanda,Tunisia,
Rwanda,Turkmenistan,
Rwanda,Tuvalu,
Rwanda,Turkey,
Rwanda,Uganda,
Rwanda,Ukraine,
Rwanda,United Arab Emirates,
Rwanda,United Kingdom,
Rwanda,United States,
Rwanda,Uruguay,
Rwanda,Uzbekistan,
Rwanda,Vanuatu,
Rwanda,Vatican,
Rwanda,Venezuela,
Rwanda,Vietnam,
Rwanda,Yemen,
Rwanda,Zambia,
Rwanda,Zimbabwe,
Rwanda,Afghanistan,
Saint Kitts and Nevis,Albania,
Saint Kitts and Nevis,Algeria,
Saint Kitts and Nevis,Andorra,
Saint Kitts and Nevis,Angola,
Saint Kitts and Nevis,Antigua and Barbuda,
Saint Kitts and Nevis,Argentina,
Saint Kitts and Nevis,Armenia,
Saint Kitts and Nevis,Australia,
Saint Kitts and Nevis,Austria,
Saint Kitts and Nevis,Azerbaijan,
Saint Kitts and Nevis,Bahamas,
Saint Kitts and Nevis,Bahrain,
Saint Kitts and Nevis,Bangladesh,
Saint Kitts and Nevis,Barbados,
Saint Kitts and Nevis,Belarus,
Saint Kitts and Nevis,Belgium,
Saint Kitts and Nevis,Belize,
Saint Kitts and Nevis,Benin,
Saint Kitts and Nevis,Bhutan,
Saint Kitts and Nevis,Bolivia,
Saint Kitts and Nevis,Bosnia and Herzegovina,
Saint Kitts and Nevis,Botswana,
Saint Kitts and Nevis,Brazil,
Saint Kitts and Nevis,Brunei,
Saint Kitts and Nevis,Bulgaria,
Saint Kitts and Nevis,Burkina Faso,
Saint Kitts and Nevis,Burundi,
Saint Kitts and Nevis,Cambodia,
Saint Kitts and Nevis,Cameroon,
Saint Kitts and Nevis,Canada,
Saint Kitts and Nevis,Cape Verde,
Saint Kitts and Nevis,Central African Republic,
Saint Kitts and Nevis,Chad,
Saint Kitts and Nevis,Chile,
Saint Kitts and Nevis,China,
Saint Kitts and Nevis,Colombia,
Saint Kitts and Nevis,Comoros,
Saint Kitts and Nevis,Congo,
Saint Kitts and Nevis,DR Congo,
Saint Kitts and Nevis,Costa Rica,
Saint Kitts and Nevis,Ivory Coast,
Saint Kitts and Nevis,Croatia,
Saint Kitts and Nevis,Cuba,
Saint Kitts and Nevis,Cyprus,
Saint Kitts and Nevis,Czech Republic,
Saint Kitts and Nevis,Denmark,
Saint Kitts and Nevis,Djibouti,
Saint Kitts and Nevis,Dominica,
Saint Kitts and Nevis,Dominican Republic,
Saint Kitts and Nevis,Ecuador,
Saint Kitts and Nevis,Egypt,
Saint Kitts and Nevis,El Salvador,
Saint Kitts and Nevis,Equatorial Guinea,
Saint Kitts and Nevis,Eritrea,
Saint Kitts and Nevis,Estonia,
Saint Kitts and Nevis,Swaziland,
Saint Kitts and Nevis,Ethiopia,
Saint Kitts and Nevis,Fiji,
Saint Kitts and Nevis,Finland,
Saint Kitts and Nevis,France,
Saint Kitts and Nevis,Gabon,
Saint Kitts and Nevis,Gambia,
Saint Kitts and Nevis,Georgia,
Saint Kitts and Nevis,Germany,
Saint Kitts and Nevis,Ghana,
Saint Kitts and Nevis,Greece,
Saint Kitts and Nevis,Grenada,
Saint Kitts and Nevis,Guatemala,
Saint Kitts and Nevis,Guinea,
Saint Kitts and Nevis,Guinea-Bissau,
Saint Kitts and Nevis,Guyana,
Saint Kitts and Nevis,Haiti,
Saint Kitts and Nevis,Honduras,
Saint Kitts and Nevis,Hong Kong,
Saint Kitts and Nevis,Hungary,
Saint Kitts and Nevis,Iceland,
Saint Kitts and Nevis,India,
Saint Kitts and Nevis,Indonesia,
Saint Kitts and Nevis,Iran,
Saint Kitts and Nevis,Iraq,
Saint Kitts and Nevis,Ireland,
Saint Kitts and Nevis,Israel,
Saint Kitts and Nevis,Italy,
Saint Kitts and Nevis,Jamaica,
Saint Kitts and Nevis,Japan,
Saint Kitts and Nevis,Jordan,
Saint Kitts and Nevis,Kazakhstan,
Saint Kitts and Nevis,Kenya,
Saint Kitts and Nevis,Kiribati,
Saint Kitts and Nevis,Kosovo,
Saint Kitts and Nevis,Kuwait,
Saint Kitts and Nevis,Kyrgyzstan,
Saint Kitts and Nevis,Laos,
Saint Kitts and Nevis,Latvia,
Saint Kitts and Nevis,Lebanon,
Saint Kitts and Nevis,Lesotho,
Saint Kitts and Nevis,Liberia,
Saint Kitts and Nevis,Libya,
Saint Kitts and Nevis,Liechtenstein,
Saint Kitts and Nevis,Lithuania,
Saint Kitts and Nevis,Luxembourg,
Saint Kitts and Nevis,Macao,
Saint Kitts and Nevis,Madagascar,
Saint Kitts and Nevis,Malawi,
Saint Kitts and Nevis,Malaysia,
Saint Kitts and Nevis,Maldives,
Saint Kitts and Nevis,Mali,
Saint Kitts and Nevis,Malta,
Saint Kitts and Nevis,Marshall Islands,
Saint Kitts and Nevis,Mauritania,
Saint Kitts and Nevis,Mauritius,
Saint Kitts and Nevis,Mexico,
Saint Kitts and Nevis,Micronesia,
Saint Kitts and Nevis,Moldova,
Saint Kitts and Nevis,Monaco,
Saint Kitts and Nevis,Mongolia,
Saint Kitts and Nevis,Montenegro,
Saint Kitts and Nevis,Morocco,
Saint Kitts and Nevis,Mozambique,
Saint Kitts and Nevis,Myanmar,
Saint Kitts and Nevis,Namibia,
Saint Kitts and Nevis,Nauru,
Saint Kitts and Nevis,Nepal,
Saint Kitts and Nevis,Netherlands,
Saint Kitts and Nevis,New Zealand,
Saint Kitts and Nevis,Nicaragua,
Saint Kitts and Nevis,Niger,
Saint Kitts and Nevis,Nigeria,
Saint Kitts and Nevis,North Korea,
Saint Kitts and Nevis,North Macedonia,
Saint Kitts and Nevis,Norway,
Saint Kitts and Nevis,Oman,
Saint Kitts and Nevis,Pakistan,
Saint Kitts and Nevis,Palau,
Saint Kitts and Nevis,Palestine,
Saint Kitts and Nevis,Panama,
Saint Kitts and Nevis,Papua New Guinea,
Saint Kitts and Nevis,Paraguay,
Saint Kitts and Nevis,Peru,
Saint Kitts and Nevis,Philippines,
Saint Kitts and Nevis,Poland,
Saint Kitts and Nevis,Portugal,
Saint Kitts and Nevis,Qatar,
Saint Kitts and Nevis,Romania,
Saint Kitts and Nevis,Russia,
Saint Kitts and Nevis,Rwanda,
Saint Kitts and Nevis,Saint Kitts and Nevis,-1
Saint Kitts and Nevis,Saint Lucia,
Saint Kitts and Nevis,Samoa,
Saint Kitts and Nevis,San Marino,
Saint Kitts and Nevis,Sao Tome and Principe,
Saint Kitts and Nevis,Saudi Arabia,
Saint Kitts and Nevis,Senegal,
Saint Kitts and Nevis,Serbia,
Saint Kitts and Nevis,Seychelles,
Saint Kitts and Nevis,Sierra Leone,
Saint Kitts and Nevis,Singapore,
Saint Kitts and Nevis,Slovakia,
Saint Kitts and Nevis,Slovenia,
Saint Kitts and Nevis,Solomon Islands,
Saint Kitts and Nevis,Somalia,
Saint Kitts and Nevis,South Africa,
Saint Kitts and Nevis,South Korea,
Saint Kitts and Nevis,South Sudan,
Saint Kitts and Nevis,Spain,
Saint Kitts and Nevis,Sri Lanka,
Saint Kitts and Nevis,Saint Vincent and the Grenadines,
Saint Kitts and Nevis,Sudan,
Saint Kitts and Nevis,Suriname,
Saint Kitts and Nevis,Sweden,
Saint Kitts and Nevis,Switzerland,
Saint Kitts and Nevis,Syria,
Saint Kitts and Nevis,Taiwan,
Saint Kitts and Nevis,Tajikistan,
Saint Kitts and Nevis,Tanzania,
Saint Kitts and Nevis,Thailand,
Saint Kitts and Nevis,Timor-Leste,
Saint Kitts and Nevis,Togo,
Saint Kitts and Nevis,Tonga,
Saint Kitts and Nevis,Trinidad and Tobago,
Saint Kitts and Nevis,Tunisia,
Saint Kitts and Nevis,Turkmenistan,
Saint Kitts and Nevis,Tuvalu,
Saint Kitts and Nevis,Turkey,
Saint Kitts and Nevis,Uganda,
Saint Kitts and Nevis,Ukraine,
Saint Kitts and Nevis,United Arab Emirates,
Saint Kitts and Nevis,United Kingdom,
Saint Kitts and Nevis,United States,
Saint Kitts and Nevis,Uruguay,
Saint Kitts and Nevis,Uzbekistan,
Saint Kitts and Nevis,Vanuatu,
Saint Kitts and Nevis,Vatican,
Saint Kitts and Nevis,Venezuela,
Saint Kitts and Nevis,Vietnam,
Saint Kitts and Nevis,Yemen,
Saint Kitts and Nevis,Zambia,
Saint Kitts and Nevis,Zimbabwe,
Saint Kitts and Nevis,Afghanistan,
Saint Lucia,Albania,
Saint Lucia,Algeria,
Saint Lucia,Andorra,
Saint Lucia,Angola,
Saint Lucia,Antigua and Barbuda,
Saint Lucia,Argentina,
Saint Lucia,Armenia,
Saint Lucia,Australia,
Saint Lucia,Austria,
Saint Lucia,Azerbaijan,
Saint Lucia,Bahamas,
Saint Lucia,Bahrain,
Saint Lucia,Bangladesh,
Saint Lucia,Barbados,
Saint Lucia,Belarus,
Saint Lucia,Belgium,
Saint Lucia,Belize,
Saint Lucia,Benin,
Saint Lucia,Bhutan,
Saint Lucia,Bolivia,
Saint Lucia,Bosnia and Herzegovina,
Saint Lucia,Botswana,
Saint Lucia,Brazil,
Saint Lucia,Brunei,
Saint Lucia,Bulgaria,
Saint Lucia,Burkina Faso,
Saint Lucia,Burundi,
Saint Lucia,Cambodia,
Saint Lucia,Cameroon,
Saint Lucia,Canada,
Saint Lucia,Cape Verde,
Saint Lucia,Central African Republic,
Saint Lucia,Chad,
Saint Lucia,Chile,
Saint Lucia,China,
Saint Lucia,Colombia,
Saint Lucia,Comoros,
Saint Lucia,Congo,
Saint Lucia,DR Congo,
Saint Lucia,Costa Rica,
Saint Lucia,Ivory Coast,
Saint Lucia,Croatia,
Saint Lucia,Cuba,
Saint Lucia,Cyprus,
Saint Lucia,Czech Republic,
Saint Lucia,Denmark,
Saint Lucia,Djibouti,
Saint Lucia,Dominica,
Saint Lucia,Dominican Republic,
Saint Lucia,Ecuador,
Saint Lucia,Egypt,
Saint Lucia,El Salvador,
Saint Lucia,Equatorial Guinea,
Saint Lucia,Eritrea,
Saint Lucia,Estonia,
Saint Lucia,Swaziland,
Saint Lucia,Ethiopia,
Saint Lucia,Fiji,
Saint Lucia,Finland,
Saint Lucia,France,
Saint Lucia,Gabon,
Saint Lucia,Gambia,
Saint Lucia,Georgia,
Saint Lucia,Germany,
Saint Lucia,Ghana,
Saint Lucia,Greece,
Saint Lucia,Grenada,
Saint Lucia,Guatemala,
Saint Lucia,Guinea,
Saint Lucia,Guinea-Bissau,
Saint Lucia,Guyana,
Saint Lucia,Haiti,
Saint Lucia,Honduras,
Saint Lucia,Hong Kong,
Saint Lucia,Hungary,
Saint Lucia,Iceland,
Saint Lucia,India,
Saint Lucia,Indonesia,
Saint Lucia,Iran,
Saint Lucia,Iraq,
Saint Lucia,Ireland,
Saint Lucia,Israel,
Saint Lucia,Italy,
Saint Lucia,Jamaica,
Saint Lucia,Japan,
Saint Lucia,Jordan,
Saint Lucia,Kazakhstan,
Saint Lucia,Kenya,
Saint Lucia,Kiribati,
Saint Lucia,Kosovo,
Saint Lucia,Kuwait,
Saint Lucia,Kyrgyzstan,
Saint Lucia,Laos,
Saint Lucia,Latvia,
Saint Lucia,Lebanon,
Saint Lucia,Lesotho,
Saint Lucia,Liberia,
Saint Lucia,Libya,
Saint Lucia,Liechtenstein,
Saint Lucia,Lithuania,
Saint Lucia,Luxembourg,
Saint Lucia,Macao,
Saint Lucia,Madagascar,
Saint Lucia,Malawi,
Saint Lucia,Malaysia,
Saint Lucia,Maldives,
Saint Lucia,Mali,
Saint Lucia,Malta,
Saint Lucia,Marshall Islands,
Saint Lucia,Mauritania,
Saint Lucia,Mauritius,
Saint Lucia,Mexico,
Saint Lucia,Micronesia,
Saint Lucia,Moldova,
Saint Lucia,Monaco,
Saint Lucia,Mongolia,
Saint Lucia,Montenegro,
Saint Lucia,Morocco,
Saint Lucia,Mozambique,
Saint Lucia,Myanmar,
Saint Lucia,Namibia,
Saint Lucia,Nauru,
Saint Lucia,Nepal,
Saint Lucia,Netherlands,
Saint Lucia,New Zealand,
Saint Lucia,Nicaragua,
Saint Lucia,Niger,
Saint Lucia,Nigeria,
Saint Lucia,North Korea,
Saint Lucia,North Macedonia,
Saint Lucia,Norway,
Saint Lucia,Oman,
Saint Lucia,Pakistan,
Saint Lucia,Palau,
Saint Lucia,Palestine,
Saint Lucia,Panama,
Saint Lucia,Papua New Guinea,
Saint Lucia,Paraguay,
Saint Lucia,Peru,
Saint Lucia,Philippines,
Saint Lucia,Poland,
Saint Lucia,Portugal,
Saint Lucia,Qatar,
Saint Lucia,Romania,
Saint Lucia,Russia,
Saint Lucia,Rwanda,
Saint Lucia,Saint Kitts and Nevis,
Saint Lucia,Saint Lucia,-1
Saint Lucia,Samoa,
Saint Lucia,San Marino,
Saint Lucia,Sao Tome and Principe,
Saint Lucia,Saudi Arabia,
Saint Lucia,Senegal,
Saint Lucia,Serbia,
Saint Lucia,Seychelles,
Saint Lucia,Sierra Leone,
Saint Lucia,Singapore,
Saint Lucia,Slovakia,
Saint Lucia,Slovenia,
Saint Lucia,Solomon Islands,
Saint Lucia,Somalia,
Saint Lucia,South Africa,
Saint Lucia,South Korea,
Saint Lucia,South Sudan,
Saint Lucia,Spain,
Saint Lucia,Sri Lanka,
Saint Lucia,Saint Vincent and the Grenadines,
Saint Lucia,Sudan,
Saint Lucia,Suriname,
Saint Lucia,Sweden,
Saint Lucia,Switzerland,
Saint Lucia,Syria,
Saint Lucia,Taiwan,
Saint Lucia,Tajikistan,
Saint Lucia,Tanzania,
Saint Lucia,Thailand,
Saint Lucia,Timor-Leste,
Saint Lucia,Togo,
Saint Lucia,Tonga,
Saint Lucia,Trinidad and Tobago,
Saint Lucia,Tunisia,
Saint Lucia,Turkmenistan,
Saint Lucia,Tuvalu,
Saint Lucia,Turkey,
Saint Lucia,Uganda,
Saint Lucia,Ukraine,
Saint Lucia,United Arab Emirates,
Saint Lucia,United Kingdom,
Saint Lucia,United States,
Saint Lucia,Uruguay,
Saint Lucia,Uzbekistan,
Saint Lucia,Vanuatu,
Saint Lucia,Vatican,
Saint Lucia,Venezuela,
Saint Lucia,Vietnam,
Saint Lucia,Yemen,
Saint Lucia,Zambia,
Saint Lucia,Zimbabwe,
Saint Lucia,Afghanistan,
Samoa,Albania,
Samoa,Algeria,
Samoa,Andorra,
Samoa,Angola,
Samoa,Antigua and Barbuda,
Samoa,Argentina,
Samoa,Armenia,
Samoa,Australia,
Samoa,Austria,
Samoa,Azerbaijan,
Samoa,Bahamas,
Samoa,Bahrain,
Samoa,Bangladesh,
Samoa,Barbados,
Samoa,Belarus,
Samoa,Belgium,
Samoa,Belize,
Samoa,Benin,
Samoa,Bhutan,
Samoa,Bolivia,
Samoa,Bosnia and Herzegovina,
Samoa,Botswana,
Samoa,Brazil,
Samoa,Brunei,
Samoa,Bulgaria,
Samoa,Burkina Faso,
Samoa,Burundi,
Samoa,Cambodia,
Samoa,Cameroon,
Samoa,Canada,
Samoa,Cape Verde,
Samoa,Central African Republic,
Samoa,Chad,
Samoa,Chile,
Samoa,China,
Samoa,Colombia,
Samoa,Comoros,
Samoa,Congo,
Samoa,DR Congo,
Samoa,Costa Rica,
Samoa,Ivory Coast,
Samoa,Croatia,
Samoa,Cuba,
Samoa,Cyprus,
Samoa,Czech Republic,
Samoa,Denmark,
Samoa,Djibouti,
Samoa,Dominica,
Samoa,Dominican Republic,
Samoa,Ecuador,
Samoa,Egypt,
Samoa,El Salvador,
Samoa,Equatorial Guinea,
Samoa,Eritrea,
Samoa,Estonia,
Samoa,Swaziland,
Samoa,Ethiopia,
Samoa,Fiji,
Samoa,Finland,
Samoa,France,
Samoa,Gabon,
Samoa,Gambia,
Samoa,Georgia,
Samoa,Germany,
Samoa,Ghana,
Samoa,Greece,
Samoa,Grenada,
Samoa,Guatemala,
Samoa,Guinea,
Samoa,Guinea-Bissau,
Samoa,Guyana,
Samoa,Haiti,
Samoa,Honduras,
Samoa,Hong Kong,
Samoa,Hungary,
Samoa,Iceland,
Samoa,India,
Samoa,Indonesia,
Samoa,Iran,
Samoa,Iraq,
Samoa,Ireland,
Samoa,Israel,
Samoa,Italy,
Samoa,Jamaica,
Samoa,Japan,
Samoa,Jordan,
Samoa,Kazakhstan,
Samoa,Kenya,
Samoa,Kiribati,
Samoa,Kosovo,
Samoa,Kuwait,
Samoa,Kyrgyzstan,
Samoa,Laos,
Samoa,Latvia,
Samoa,Lebanon,
Samoa,Lesotho,
Samoa,Liberia,
Samoa,Libya,
Samoa,Liechtenstein,
Samoa,Lithuania,
Samoa,Luxembourg,
Samoa,Macao,
Samoa,Madagascar,
Samoa,Malawi,
Samoa,Malaysia,
Samoa,Maldives,
Samoa,Mali,
Samoa,Malta,
Samoa,Marshall Islands,
Samoa,Mauritania,
Samoa,Mauritius,
Samoa,Mexico,
Samoa,Micronesia,
Samoa,Moldova,
Samoa,Monaco,
Samoa,Mongolia,
Samoa,Montenegro,
Samoa,Morocco,
Samoa,Mozambique,
Samoa,Myanmar,
Samoa,Namibia,
Samoa,Nauru,
Samoa,Nepal,
Samoa,Netherlands,
Samoa,New Zealand,
Samoa,Nicaragua,
Samoa,Niger,
Samoa,Nigeria,
Samoa,North Korea,
Samoa,North Macedonia,
Samoa,Norway,
Samoa,Oman,
Samoa,Pakistan,
Samoa,Palau,
Samoa,Palestine,
Samoa,Panama,
Samoa,Papua New Guinea,
Samoa,Paraguay,
Samoa,Peru,
Samoa,Philippines,
Samoa,Poland,
Samoa,Portugal,
Samoa,Qatar,
Samoa,Romania,
Samoa,Russia,
Samoa,Rwanda,
Samoa,Saint Kitts and Nevis,
Samoa,Saint Lucia,
Samoa,Samoa,-1
Samoa,San Marino,
Samoa,Sao Tome and Principe,
Samoa,Saudi Arabia,
Samoa,Senegal,
Samoa,Serbia,
Samoa,Seychelles,
Samoa,Sierra Leone,
Samoa,Singapore,
Samoa,Slovakia,
Samoa,Slovenia,
Samoa,Solomon Islands,
Samoa,Somalia,
Samoa,South Africa,
Samoa,South Korea,
Samoa,South Sudan,
Samoa,Spain,
Samoa,Sri Lanka,
Samoa,Saint Vincent and the Grenadines,
Samoa,Sudan,
Samoa,Suriname,
Samoa,Sweden,
Samoa,Switzerland,
Samoa,Syria,
Samoa,Taiwan,
Samoa,Tajikistan,
Samoa,Tanzania,
Samoa,Thailand,
Samoa,Timor-Leste,
Samoa,Togo,
Samoa,Tonga,
Samoa,Trinidad and Tobago,
Samoa,Tunisia,
Samoa,Turkmenistan,
Samoa,Tuvalu,
Samoa,Turkey,
Samoa,Uganda,
Samoa,Ukraine,
Samoa,United Arab Emirates,
Samoa,United Kingdom,
Samoa,United States,
Samoa,Uruguay,
Samoa,Uzbekistan,
Samoa,Vanuatu,
Samoa,Vatican,
Samoa,Venezuela,
Samoa,Vietnam,
Samoa,Yemen,
Samoa,Zambia,
Samoa,Zimbabwe,
Samoa,Afghanistan,
San Marino,Albania,
San Marino,Algeria,
San Marino,Andorra,
San Marino,Angola,
San Marino,Antigua and Barbuda,
San Marino,Argentina,
San Marino,Armenia,
San Marino,Australia,
San Marino,Austria,
San Marino,Azerbaijan,
San Marino,Bahamas,
San Marino,Bahrain,
San Marino,Bangladesh,
San Marino,Barbados,
San Marino,Belarus,
San Marino,Belgium,
San Marino,Belize,
San Marino,Benin,
San Marino,Bhutan,
San Marino,Bolivia,
San Marino,Bosnia and Herzegovina,
San Marino,Botswana,
San Marino,Brazil,
San Marino,Brunei,
San Marino,Bulgaria,
San Marino,Burkina Faso,
San Marino,Burundi,
San Marino,Cambodia,
San Marino,Cameroon,
San Marino,Canada,
San Marino,Cape Verde,
San Marino,Central African Republic,
San Marino,Chad,
San Marino,Chile,
San Marino,China,
San Marino,Colombia,
San Marino,Comoros,
San Marino,Congo,
San Marino,DR Congo,
San Marino,Costa Rica,
San Marino,Ivory Coast,
San Marino,Croatia,
San Marino,Cuba,
San Marino,Cyprus,
San Marino,Czech Republic,
San Marino,Denmark,
San Marino,Djibouti,
San Marino,Dominica,
San Marino,Dominican Republic,
San Marino,Ecuador,
San Marino,Egypt,
San Marino,El Salvador,
San Marino,Equatorial Guinea,
San Marino,Eritrea,
San Marino,Estonia,
San Marino,Swaziland,
San Marino,Ethiopia,
San Marino,Fiji,
San Marino,Finland,
San Marino,France,
San Marino,Gabon,
San Marino,Gambia,
San Marino,Georgia,
San Marino,Germany,
San Marino,Ghana,
San Marino,Greece,
San Marino,Grenada,
San Marino,Guatemala,
San Marino,Guinea,
San Marino,Guinea-Bissau,
San Marino,Guyana,
San Marino,Haiti,
San Marino,Honduras,
San Marino,Hong Kong,
San Marino,Hungary,
San Marino,Iceland,
San Marino,India,
San Marino,Indonesia,
San Marino,Iran,
San Marino,Iraq,
San Marino,Ireland,
San Marino,Israel,
San Marino,Italy,
San Marino,Jamaica,
San Marino,Japan,
San Marino,Jordan,
San Marino,Kazakhstan,
San Marino,Kenya,
San Marino,Kiribati,
San Marino,Kosovo,
San Marino,Kuwait,
San Marino,Kyrgyzstan,
San Marino,Laos,
San Marino,Latvia,
San Marino,Lebanon,
San Marino,Lesotho,
San Marino,Liberia,
San Marino,Libya,
San Marino,Liechtenstein,
San Marino,Lithuania,
San Marino,Luxembourg,
San Marino,Macao,
San Marino,Madagascar,
San Marino,Malawi,
San Marino,Malaysia,
San Marino,Maldives,
San Marino,Mali,
San Marino,Malta,
San Marino,Marshall Islands,
San Marino,Mauritania,
San Marino,Mauritius,
San Marino,Mexico,
San Marino,Micronesia,
San Marino,Moldova,
San Marino,Monaco,
San Marino,Mongolia,
San Marino,Montenegro,
San Marino,Morocco,
San Marino,Mozambique,
San Marino,Myanmar,
San Marino,Namibia,
San Marino,Nauru,
San Marino,Nepal,
San Marino,Netherlands,
San Marino,New Zealand,
San Marino,Nicaragua,
San Marino,Niger,
San Marino,Nigeria,
San Marino,North Korea,
San Marino,North Macedonia,
San Marino,Norway,
San Marino,Oman,
San Marino,Pakistan,
San Marino,Palau,
San Marino,Palestine,
San Marino,Panama,
San Marino,Papua New Guinea,
San Marino,Paraguay,
San Marino,Peru,
San Marino,Philippines,
San Marino,Poland,
San Marino,Portugal,
San Marino,Qatar,
San Marino,Romania,
San Marino,Russia,
San Marino,Rwanda,
San Marino,Saint Kitts and Nevis,
San Marino,Saint Lucia,
San Marino,Samoa,
San Marino,San Marino,-1
San Marino,Sao Tome and Principe,
San Marino,Saudi Arabia,
San Marino,Senegal,
San Marino,Serbia,
San Marino,Seychelles,
San Marino,Sierra Leone,
San Marino,Singapore,
San Marino,Slovakia,
San Marino,Slovenia,
San Marino,Solomon Islands,
San Marino,Somalia,
San Marino,South Africa,
San Marino,South Korea,
San Marino,South Sudan,
San Marino,Spain,
San Marino,Sri Lanka,
San Marino,Saint Vincent and the Grenadines,
San Marino,Sudan,
San Marino,Suriname,
San Marino,Sweden,
San Marino,Switzerland,
San Marino,Syria,
San Marino,Taiwan,
San Marino,Tajikistan,
San Marino,Tanzania,
San Marino,Thailand,
San Marino,Timor-Leste,
San Marino,Togo,
San Marino,Tonga,
San Marino,Trinidad and Tobago,
San Marino,Tunisia,
San Marino,Turkmenistan,
San Marino,Tuvalu,
San Marino,Turkey,
San Marino,Uganda,
San Marino,Ukraine,
San Marino,United Arab Emirates,
San Marino,United Kingdom,
San Marino,United States,
San Marino,Uruguay,
San Marino,Uzbekistan,
San Marino,Vanuatu,
San Marino,Vatican,
San Marino,Venezuela,
San Marino,Vietnam,
San Marino,Yemen,
San Marino,Zambia,
San Marino,Zimbabwe,
San Marino,Afghanistan,
Sao Tome and Principe,Albania,
Sao Tome and Principe,Algeria,
Sao Tome and Principe,Andorra,
Sao Tome and Principe,Angola,
Sao Tome and Principe,Antigua and Barbuda,
Sao Tome and Principe,Argentina,
Sao Tome and Principe,Armenia,
Sao Tome and Principe,Australia,
Sao Tome and Principe,Austria,
Sao Tome and Principe,Azerbaijan,
Sao Tome and Principe,Bahamas,
Sao Tome and Principe,Bahrain,
Sao Tome and Principe,Bangladesh,
Sao Tome and Principe,Barbados,
Sao Tome and Principe,Belarus,
Sao Tome and Principe,Belgium,
Sao Tome and Principe,Belize,
Sao Tome and Principe,Benin,
Sao Tome and Principe,Bhutan,
Sao Tome and Principe,Bolivia,
Sao Tome and Principe,Bosnia and Herzegovina,
Sao Tome and Principe,Botswana,
Sao Tome and Principe,Brazil,
Sao Tome and Principe,Brunei,
Sao Tome and Principe,Bulgaria,
Sao Tome and Principe,Burkina Faso,
Sao Tome and Principe,Burundi,
Sao Tome and Principe,Cambodia,
Sao Tome and Principe,Cameroon,
Sao Tome and Principe,Canada,
Sao Tome and Principe,Cape Verde,
Sao Tome and Principe,Central African Republic,
Sao Tome and Principe,Chad,
Sao Tome and Principe,Chile,
Sao Tome and Principe,China,
Sao Tome and Principe,Colombia,
Sao Tome and Principe,Comoros,
Sao Tome and Principe,Congo,
Sao Tome and Principe,DR Congo,
Sao Tome and Principe,Costa Rica,
Sao Tome and Principe,Ivory Coast,
Sao Tome and Principe,Croatia,
Sao Tome and Principe,Cuba,
Sao Tome and Principe,Cyprus,
Sao Tome and Principe,Czech Republic,
Sao Tome and Principe,Denmark,
Sao Tome and Principe,Djibouti,
Sao Tome and Principe,Dominica,
Sao Tome and Principe,Dominican Republic,
Sao Tome and Principe,Ecuador,
Sao Tome and Principe,Egypt,
Sao Tome and Principe,El Salvador,
Sao Tome and Principe,Equatorial Guinea,
Sao Tome and Principe,Eritrea,
Sao Tome and Principe,Estonia,
Sao Tome and Principe,Swaziland,
Sao Tome and Principe,Ethiopia,
Sao Tome and Principe,Fiji,
Sao Tome and Principe,Finland,
Sao Tome and Principe,France,
Sao Tome and Principe,Gabon,
Sao Tome and Principe,Gambia,
Sao Tome and Principe,Georgia,
Sao Tome and Principe,Germany,
Sao Tome and Principe,Ghana,
Sao Tome and Principe,Greece,
Sao Tome and Principe,Grenada,
Sao Tome and Principe,Guatemala,
Sao Tome and Principe,Guinea,
Sao Tome and Principe,Guinea-Bissau,
Sao Tome and Principe,Guyana,
Sao Tome and Principe,Haiti,
Sao Tome and Principe,Honduras,
Sao Tome and Principe,Hong Kong,
Sao Tome and Principe,Hungary,
Sao Tome and Principe,Iceland,
Sao Tome and Principe,India,
Sao Tome and Principe,Indonesia,
Sao Tome and Principe,Iran,
Sao Tome and Principe,Iraq,
Sao Tome and Principe,Ireland,
Sao Tome and Principe,Israel,
Sao Tome and Principe,Italy,
Sao Tome and Principe,Jamaica,
Sao Tome and Principe,Japan,
Sao Tome and Principe,Jordan,
Sao Tome and Principe,Kazakhstan,
Sao Tome and Principe,Kenya,
Sao Tome and Principe,Kiribati,
Sao Tome and Principe,Kosovo,
Sao Tome and Principe,Kuwait,
Sao Tome and Principe,Kyrgyzstan,
Sao Tome and Principe,Laos,
Sao Tome and Principe,Latvia,
Sao Tome and Principe,Lebanon,
Sao Tome and Principe,Lesotho,
Sao Tome and Principe,Liberia,
Sao Tome and Principe,Libya,
Sao Tome and Principe,Liechtenstein,
Sao Tome and Principe,Lithuania,
Sao Tome and Principe,Luxembourg,
Sao Tome and Principe,Macao,
Sao Tome and Principe,Madagascar,
Sao Tome and Principe,Malawi,
Sao Tome and Principe,Malaysia,
Sao Tome and Principe,Maldives,
Sao Tome and Principe,Mali,
Sao Tome and Principe,Malta,
Sao Tome and Principe,Marshall Islands,
Sao Tome and Principe,Mauritania,
Sao Tome and Principe,Mauritius,
Sao Tome and Principe,Mexico,
Sao Tome and Principe,Micronesia,
Sao Tome and Principe,Moldova,
Sao Tome and Principe,Monaco,
Sao Tome and Principe,Mongolia,
Sao Tome and Principe,Montenegro,
Sao Tome and Principe,Morocco,
Sao Tome and Principe,Mozambique,
Sao Tome and Principe,Myanmar,
Sao Tome and Principe,Namibia,
Sao Tome and Principe,Nauru,
Sao Tome and Principe,Nepal,
Sao Tome and Principe,Netherlands,
Sao Tome and Principe,New Zealand,
Sao Tome and Principe,Nicaragua,
Sao Tome and Principe,Niger,
Sao Tome and Principe,Nigeria,
Sao Tome and Principe,North Korea,
Sao Tome and Principe,North Macedonia,
Sao Tome and Principe,Norway,
Sao Tome and Principe,Oman,
Sao Tome and Principe,Pakistan,
Sao Tome and Principe,Palau,
Sao Tome and Principe,Palestine,
Sao Tome and Principe,Panama,
Sao Tome and Principe,Papua New Guinea,
Sao Tome and Principe,Paraguay,
Sao Tome and Principe,Peru,
Sao Tome and Principe,Philippines,
Sao Tome and Principe,Poland,
Sao Tome and Principe,Portugal,
Sao Tome and Principe,Qatar,
Sao Tome and Principe,Romania,
Sao Tome and Principe,Russia,
Sao Tome and Principe,Rwanda,
Sao Tome and Principe,Saint Kitts and Nevis,
Sao Tome and Principe,Saint Lucia,
Sao Tome and Principe,Samoa,
Sao Tome and Principe,San Marino,
Sao Tome and Principe,Sao Tome and Principe,-1
Sao Tome and Principe,Saudi Arabia,
Sao Tome and Principe,Senegal,
Sao Tome and Principe,Serbia,
Sao Tome and Principe,Seychelles,
Sao Tome and Principe,Sierra Leone,
Sao Tome and Principe,Singapore,
Sao Tome and Principe,Slovakia,
Sao Tome and Principe,Slovenia,
Sao Tome and Principe,Solomon Islands,
Sao Tome and Principe,Somalia,
Sao Tome and Principe,South Africa,
Sao Tome and Principe,South Korea,
Sao Tome and Principe,South Sudan,
Sao Tome and Principe,Spain,
Sao Tome and Principe,Sri Lanka,
Sao Tome and Principe,Saint Vincent and the Grenadines,
Sao Tome and Principe,Sudan,
Sao Tome and Principe,Suriname,
Sao Tome and Principe,Sweden,
Sao Tome and Principe,Switzerland,
Sao Tome and Principe,Syria,
Sao Tome and Principe,Taiwan,
Sao Tome and Principe,Tajikistan,
Sao Tome and Principe,Tanzania,
Sao Tome and Principe,Thailand,
Sao Tome and Principe,Timor-Leste,
Sao Tome and Principe,Togo,
Sao Tome and Principe,Tonga,
Sao Tome and Principe,Trinidad and Tobago,
Sao Tome and Principe,Tunisia,
Sao Tome and Principe,Turkmenistan,
Sao Tome and Principe,Tuvalu,
Sao Tome and Principe,Turkey,
Sao Tome and Principe,Uganda,
Sao Tome and Principe,Ukraine,
Sao Tome and Principe,United Arab Emirates,
Sao Tome and Principe,United Kingdom,
Sao Tome and Principe,United States,
Sao Tome and Principe,Uruguay,
Sao Tome and Principe,Uzbekistan,
Sao Tome and Principe,Vanuatu,
Sao Tome and Principe,Vatican,
Sao Tome and Principe,Venezuela,
Sao Tome and Principe,Vietnam,
Sao Tome and Principe,Yemen,
Sao Tome and Principe,Zambia,
Sao Tome and Principe,Zimbabwe,
Sao Tome and Principe,Afghanistan,
Saudi Arabia,Albania,
Saudi Arabia,Algeria,
Saudi Arabia,Andorra,
Saudi Arabia,Angola,
Saudi Arabia,Antigua and Barbuda,
Saudi Arabia,Argentina,
Saudi Arabia,Armenia,
Saudi Arabia,Australia,
Saudi Arabia,Austria,
Saudi Arabia,Azerbaijan,
Saudi Arabia,Bahamas,
Saudi Arabia,Bahrain,
Saudi Arabia,Bangladesh,
Saudi Arabia,Barbados,
Saudi Arabia,Belarus,
Saudi Arabia,Belgium,
Saudi Arabia,Belize,
Saudi Arabia,Benin,
Saudi Arabia,Bhutan,
Saudi Arabia,Bolivia,
Saudi Arabia,Bosnia and Herzegovina,
Saudi Arabia,Botswana,
Saudi Arabia,Brazil,
Saudi Arabia,Brunei,
Saudi Arabia,Bulgaria,
Saudi Arabia,Burkina Faso,
Saudi Arabia,Burundi,
Saudi Arabia,Cambodia,
Saudi Arabia,Cameroon,
Saudi Arabia,Canada,
Saudi Arabia,Cape Verde,
Saudi Arabia,Central African Republic,
Saudi Arabia,Chad,
Saudi Arabia,Chile,
Saudi Arabia,China,
Saudi Arabia,Colombia,
Saudi Arabia,Comoros,
Saudi Arabia,Congo,
Saudi Arabia,DR Congo,
Saudi Arabia,Costa Rica,
Saudi Arabia,Ivory Coast,
Saudi Arabia,Croatia,
Saudi Arabia,Cuba,
Saudi Arabia,Cyprus,
Saudi Arabia,Czech Republic,
Saudi Arabia,Denmark,
Saudi Arabia,Djibouti,
Saudi Arabia,Dominica,
Saudi Arabia,Dominican Republic,
Saudi Arabia,Ecuador,
Saudi Arabia,Egypt,
Saudi Arabia,El Salvador,
Saudi Arabia,Equatorial Guinea,
Saudi Arabia,Eritrea,
Saudi Arabia,Estonia,
Saudi Arabia,Swaziland,
Saudi Arabia,Ethiopia,
Saudi Arabia,Fiji,
Saudi Arabia,Finland,
Saudi Arabia,France,
Saudi Arabia,Gabon,
Saudi Arabia,Gambia,
Saudi Arabia,Georgia,
Saudi Arabia,Germany,
Saudi Arabia,Ghana,
Saudi Arabia,Greece,
Saudi Arabia,Grenada,
Saudi Arabia,Guatemala,
Saudi Arabia,Guinea,
Saudi Arabia,Guinea-Bissau,
Saudi Arabia,Guyana,
Saudi Arabia,Haiti,
Saudi Arabia,Honduras,
Saudi Arabia,Hong Kong,
Saudi Arabia,Hungary,
Saudi Arabia,Iceland,
Saudi Arabia,India,
Saudi Arabia,Indonesia,
Saudi Arabia,Iran,
Saudi Arabia,Iraq,
Saudi Arabia,Ireland,
Saudi Arabia,Israel,
Saudi Arabia,Italy,
Saudi Arabia,Jamaica,
Saudi Arabia,Japan,
Saudi Arabia,Jordan,
Saudi Arabia,Kazakhstan,
Saudi Arabia,Kenya,
Saudi Arabia,Kiribati,
Saudi Arabia,Kosovo,
Saudi Arabia,Kuwait,
Saudi Arabia,Kyrgyzstan,
Saudi Arabia,Laos,
Saudi Arabia,Latvia,
Saudi Arabia,Lebanon,
Saudi Arabia,Lesotho,
Saudi Arabia,Liberia,
Saudi Arabia,Libya,
Saudi Arabia,Liechtenstein,
Saudi Arabia,Lithuania,
Saudi Arabia,Luxembourg,
Saudi Arabia,Macao,
Saudi Arabia,Madagascar,
Saudi Arabia,Malawi,
Saudi Arabia,Malaysia,
Saudi Arabia,Maldives,
Saudi Arabia,Mali,
Saudi Arabia,Malta,
Saudi Arabia,Marshall Islands,
Saudi Arabia,Mauritania,
Saudi Arabia,Mauritius,
Saudi Arabia,Mexico,
Saudi Arabia,Micronesia,
Saudi Arabia,Moldova,
Saudi Arabia,Monaco,
Saudi Arabia,Mongolia,
Saudi Arabia,Montenegro,
Saudi Arabia,Morocco,
Saudi Arabia,Mozambique,
Saudi Arabia,Myanmar,
Saudi Arabia,Namibia,
Saudi Arabia,Nauru,
Saudi Arabia,Nepal,
Saudi Arabia,Netherlands,
Saudi Arabia,New Zealand,
Saudi Arabia,Nicaragua,
Saudi Arabia,Niger,
Saudi Arabia,Nigeria,
Saudi Arabia,North Korea,
Saudi Arabia,North Macedonia,
Saudi Arabia,Norway,
Saudi Arabia,Oman,
Saudi Arabia,Pakistan,
Saudi Arabia,Palau,
Saudi Arabia,Palestine,
Saudi Arabia,Panama,
Saudi Arabia,Papua New Guinea,
Saudi Arabia,Paraguay,
Saudi Arabia,Peru,
Saudi Arabia,Philippines,
Saudi Arabia,Poland,
Saudi Arabia,Portugal,
Saudi Arabia,Qatar,
Saudi Arabia,Romania,
Saudi Arabia,Russia,
Saudi Arabia,Rwanda,
Saudi Arabia,Saint Kitts and Nevis,
Saudi Arabia,Saint Lucia,
Saudi Arabia,Samoa,
Saudi Arabia,San Marino,
Saudi Arabia,Sao Tome and Principe,
Saudi Arabia,Saudi Arabia,-1
Saudi Arabia,Senegal,
Saudi Arabia,Serbia,
Saudi Arabia,Seychelles,
Saudi Arabia,Sierra Leone,
Saudi Arabia,Singapore,
Saudi Arabia,Slovakia,
Saudi Arabia,Slovenia,
Saudi Arabia,Solomon Islands,
Saudi Arabia,Somalia,
Saudi Arabia,South Africa,
Saudi Arabia,South Korea,
Saudi Arabia,South Sudan,
Saudi Arabia,Spain,
Saudi Arabia,Sri Lanka,
Saudi Arabia,Saint Vincent and the Grenadines,
Saudi Arabia,Sudan,
Saudi Arabia,Suriname,
Saudi Arabia,Sweden,
Saudi Arabia,Switzerland,
Saudi Arabia,Syria,
Saudi Arabia,Taiwan,
Saudi Arabia,Tajikistan,
Saudi Arabia,Tanzania,
Saudi Arabia,Thailand,
Saudi Arabia,Timor-Leste,
Saudi Arabia,Togo,
Saudi Arabia,Tonga,
Saudi Arabia,Trinidad and Tobago,
Saudi Arabia,Tunisia,
Saudi Arabia,Turkmenistan,
Saudi Arabia,Tuvalu,
Saudi Arabia,Turkey,
Saudi Arabia,Uganda,
Saudi Arabia,Ukraine,
Saudi Arabia,United Arab Emirates,
Saudi Arabia,United Kingdom,
Saudi Arabia,United States,
Saudi Arabia,Uruguay,
Saudi Arabia,Uzbekistan,
Saudi Arabia,Vanuatu,
Saudi Arabia,Vatican,
Saudi Arabia,Venezuela,
Saudi Arabia,Vietnam,
Saudi Arabia,Yemen,
Saudi Arabia,Zambia,
Saudi Arabia,Zimbabwe,
Saudi Arabia,Afghanistan,
Senegal,Albania,
Senegal,Algeria,
Senegal,Andorra,
Senegal,Angola,
Senegal,Antigua and Barbuda,
Senegal,Argentina,
Senegal,Armenia,
Senegal,Australia,
Senegal,Austria,
Senegal,Azerbaijan,
Senegal,Bahamas,
Senegal,Bahrain,
Senegal,Bangladesh,
Senegal,Barbados,
Senegal,Belarus,
Senegal,Belgium,
Senegal,Belize,
Senegal,Benin,
Senegal,Bhutan,
Senegal,Bolivia,
Senegal,Bosnia and Herzegovina,
Senegal,Botswana,
Senegal,Brazil,
Senegal,Brunei,
Senegal,Bulgaria,
Senegal,Burkina Faso,
Senegal,Burundi,
Senegal,Cambodia,
Senegal,Cameroon,
Senegal,Canada,
Senegal,Cape Verde,
Senegal,Central African Republic,
Senegal,Chad,
Senegal,Chile,
Senegal,China,
Senegal,Colombia,
Senegal,Comoros,
Senegal,Congo,
Senegal,DR Congo,
Senegal,Costa Rica,
Senegal,Ivory Coast,
Senegal,Croatia,
Senegal,Cuba,
Senegal,Cyprus,
Senegal,Czech Republic,
Senegal,Denmark,
Senegal,Djibouti,
Senegal,Dominica,
Senegal,Dominican Republic,
Senegal,Ecuador,
Senegal,Egypt,
Senegal,El Salvador,
Senegal,Equatorial Guinea,
Senegal,Eritrea,
Senegal,Estonia,
Senegal,Swaziland,
Senegal,Ethiopia,
Senegal,Fiji,
Senegal,Finland,
Senegal,France,
Senegal,Gabon,
Senegal,Gambia,
Senegal,Georgia,
Senegal,Germany,
Senegal,Ghana,
Senegal,Greece,
Senegal,Grenada,
Senegal,Guatemala,
Senegal,Guinea,
Senegal,Guinea-Bissau,
Senegal,Guyana,
Senegal,Haiti,
Senegal,Honduras,
Senegal,Hong Kong,
Senegal,Hungary,
Senegal,Iceland,
Senegal,India,
Senegal,Indonesia,
Senegal,Iran,
Senegal,Iraq,
Senegal,Ireland,
Senegal,Israel,
Senegal,Italy,
Senegal,Jamaica,
Senegal,Japan,
Senegal,Jordan,
Senegal,Kazakhstan,
Senegal,Kenya,
Senegal,Kiribati,
Senegal,Kosovo,
Senegal,Kuwait,
Senegal,Kyrgyzstan,
Senegal,Laos,
Senegal,Latvia,
Senegal,Lebanon,
Senegal,Lesotho,
Senegal,Liberia,
Senegal,Libya,
Senegal,Liechtenstein,
Senegal,Lithuania,
Senegal,Luxembourg,
Senegal,Macao,
Senegal,Madagascar,
Senegal,Malawi,
Senegal,Malaysia,
Senegal,Maldives,
Senegal,Mali,
Senegal,Malta,
Senegal,Marshall Islands,
Senegal,Mauritania,
Senegal,Mauritius,
Senegal,Mexico,
Senegal,Micronesia,
Senegal,Moldova,
Senegal,Monaco,
Senegal,Mongolia,
Senegal,Montenegro,
Senegal,Morocco,
Senegal,Mozambique,
Senegal,Myanmar,
Senegal,Namibia,
Senegal,Nauru,
Senegal,Nepal,
Senegal,Netherlands,
Senegal,New Zealand,
Senegal,Nicaragua,
Senegal,Niger,
Senegal,Nigeria,
Senegal,North Korea,
Senegal,North Macedonia,
Senegal,Norway,
Senegal,Oman,
Senegal,Pakistan,
Senegal,Palau,
Senegal,Palestine,
Senegal,Panama,
Senegal,Papua New Guinea,
Senegal,Paraguay,
Senegal,Peru,
Senegal,Philippines,
Senegal,Poland,
Senegal,Portugal,
Senegal,Qatar,
Senegal,Romania,
Senegal,Russia,
Senegal,Rwanda,
Senegal,Saint Kitts and Nevis,
Senegal,Saint Lucia,
Senegal,Samoa,
Senegal,San Marino,
Senegal,Sao Tome and Principe,
Senegal,Saudi Arabia,
Senegal,Senegal,-1
Senegal,Serbia,
Senegal,Seychelles,
Senegal,Sierra Leone,
Senegal,Singapore,
Senegal,Slovakia,
Senegal,Slovenia,
Senegal,Solomon Islands,
Senegal,Somalia,
Senegal,South Africa,
Senegal,South Korea,
Senegal,South Sudan,
Senegal,Spain,
Senegal,Sri Lanka,
Senegal,Saint Vincent and the Grenadines,
Senegal,Sudan,
Senegal,Suriname,
Senegal,Sweden,
Senegal,Switzerland,
Senegal,Syria,
Senegal,Taiwan,
Senegal,Tajikistan,
Senegal,Tanzania,
Senegal,Thailand,
Senegal,Timor-Leste,
Senegal,Togo,
Senegal,Tonga,
Senegal,Trinidad and Tobago,
Senegal,Tunisia,
Senegal,Turkmenistan,
Senegal,Tuvalu,
Senegal,Turkey,
Senegal,Uganda,
Senegal,Ukraine,
Senegal,United Arab Emirates,
Senegal,United Kingdom,
Senegal,United States,
Senegal,Uruguay,
Senegal,Uzbekistan,
Senegal,Vanuatu,
Senegal,Vatican,
Senegal,Venezuela,
Senegal,Vietnam,
Senegal,Yemen,
Senegal,Zambia,
Senegal,Zimbabwe,
Senegal,Afghanistan,
Serbia,Albania,
Serbia,Algeria,
Serbia,Andorra,
Serbia,Angola,
Serbia,Antigua and Barbuda,
Serbia,Argentina,
Serbia,Armenia,
Serbia,Australia,
Serbia,Austria,
Serbia,Azerbaijan,
Serbia,Bahamas,
Serbia,Bahrain,
Serbia,Bangladesh,
Serbia,Barbados,
Serbia,Belarus,
Serbia,Belgium,
Serbia,Belize,
Serbia,Benin,
Serbia,Bhutan,
Serbia,Bolivia,
Serbia,Bosnia and Herzegovina,
Serbia,Botswana,
Serbia,Brazil,
Serbia,Brunei,
Serbia,Bulgaria,
Serbia,Burkina Faso,
Serbia,Burundi,
Serbia,Cambodia,
Serbia,Cameroon,
Serbia,Canada,
Serbia,Cape Verde,
Serbia,Central African Republic,
Serbia,Chad,
Serbia,Chile,
Serbia,China,
Serbia,Colombia,
Serbia,Comoros,
Serbia,Congo,
Serbia,DR Congo,
Serbia,Costa Rica,
Serbia,Ivory Coast,
Serbia,Croatia,
Serbia,Cuba,
Serbia,Cyprus,
Serbia,Czech Republic,
Serbia,Denmark,
Serbia,Djibouti,
Serbia,Dominica,
Serbia,Dominican Republic,
Serbia,Ecuador,
Serbia,Egypt,
Serbia,El Salvador,
Serbia,Equatorial Guinea,
Serbia,Eritrea,
Serbia,Estonia,
Serbia,Swaziland,
Serbia,Ethiopia,
Serbia,Fiji,
Serbia,Finland,
Serbia,France,
Serbia,Gabon,
Serbia,Gambia,
Serbia,Georgia,
Serbia,Germany,
Serbia,Ghana,
Serbia,Greece,
Serbia,Grenada,
Serbia,Guatemala,
Serbia,Guinea,
Serbia,Guinea-Bissau,
Serbia,Guyana,
Serbia,Haiti,
Serbia,Honduras,
Serbia,Hong Kong,
Serbia,Hungary,
Serbia,Iceland,
Serbia,India,
Serbia,Indonesia,
Serbia,Iran,
Serbia,Iraq,
Serbia,Ireland,
Serbia,Israel,
Serbia,Italy,
Serbia,Jamaica,
Serbia,Japan,
Serbia,Jordan,
Serbia,Kazakhstan,
Serbia,Kenya,
Serbia,Kiribati,
Serbia,Kosovo,
Serbia,Kuwait,
Serbia,Kyrgyzstan,
Serbia,Laos,
Serbia,Latvia,
Serbia,Lebanon,
Serbia,Lesotho,
Serbia,Liberia,
Serbia,Libya,
Serbia,Liechtenstein,
Serbia,Lithuania,
Serbia,Luxembourg,
Serbia,Macao,
Serbia,Madagascar,
Serbia,Malawi,
Serbia,Malaysia,
Serbia,Maldives,
Serbia,Mali,
Serbia,Malta,
Serbia,Marshall Islands,
Serbia,Mauritania,
Serbia,Mauritius,
Serbia,Mexico,
Serbia,Micronesia,
Serbia,Moldova,
Serbia,Monaco,
Serbia,Mongolia,
Serbia,Montenegro,
Serbia,Morocco,
Serbia,Mozambique,
Serbia,Myanmar,
Serbia,Namibia,
Serbia,Nauru,
Serbia,Nepal,
Serbia,Netherlands,
Serbia,New Zealand,
Serbia,Nicaragua,
Serbia,Niger,
Serbia,Nigeria,
Serbia,North Korea,
Serbia,North Macedonia,
Serbia,Norway,
Serbia,Oman,
Serbia,Pakistan,
Serbia,Palau,
Serbia,Palestine,
Serbia,Panama,
Serbia,Papua New Guinea,
Serbia,Paraguay,
Serbia,Peru,
Serbia,Philippines,
Serbia,Poland,
Serbia,Portugal,
Serbia,Qatar,
Serbia,Romania,
Serbia,Russia,
Serbia,Rwanda,
Serbia,Saint Kitts and Nevis,
Serbia,Saint Lucia,
Serbia,Samoa,
Serbia,San Marino,
Serbia,Sao Tome and Principe,
Serbia,Saudi Arabia,
Serbia,Senegal,
Serbia,Serbia,-1
Serbia,Seychelles,
Serbia,Sierra Leone,
Serbia,Singapore,
Serbia,Slovakia,
Serbia,Slovenia,
Serbia,Solomon Islands,
Serbia,Somalia,
Serbia,South Africa,
Serbia,South Korea,
Serbia,South Sudan,
Serbia,Spain,
Serbia,Sri Lanka,
Serbia,Saint Vincent and the Grenadines,
Serbia,Sudan,
Serbia,Suriname,
Serbia,Sweden,
Serbia,Switzerland,
Serbia,Syria,
Serbia,Taiwan,
Serbia,Tajikistan,
Serbia,Tanzania,
Serbia,Thailand,
Serbia,Timor-Leste,
Serbia,Togo,
Serbia,Tonga,
Serbia,Trinidad and Tobago,
Serbia,Tunisia,
Serbia,Turkmenistan,
Serbia,Tuvalu,
Serbia,Turkey,
Serbia,Uganda,
Serbia,Ukraine,
Serbia,United Arab Emirates,
Serbia,United Kingdom,
Serbia,United States,
Serbia,Uruguay,
Serbia,Uzbekistan,
Serbia,Vanuatu,
Serbia,Vatican,
Serbia,Venezuela,
Serbia,Vietnam,
Serbia,Yemen,
Serbia,Zambia,
Serbia,Zimbabwe,
Serbia,Afghanistan,
Seychelles,Albania,
Seychelles,Algeria,
Seychelles,Andorra,
Seychelles,Angola,
Seychelles,Antigua and Barbuda,
Seychelles,Argentina,
Seychelles,Armenia,
Seychelles,Australia,
Seychelles,Austria,
Seychelles,Azerbaijan,
Seychelles,Bahamas,
Seychelles,Bahrain,
Seychelles,Bangladesh,
Seychelles,Barbados,
Seychelles,Belarus,
Seychelles,Belgium,
Seychelles,Belize,
Seychelles,Benin,
Seychelles,Bhutan,
Seychelles,Bolivia,
Seychelles,Bosnia and Herzegovina,
Seychelles,Botswana,
Seychelles,Brazil,
Seychelles,Brunei,
Seychelles,Bulgaria,
Seychelles,Burkina Faso,
Seychelles,Burundi,
Seychelles,Cambodia,
Seychelles,Cameroon,
Seychelles,Canada,
Seychelles,Cape Verde,
Seychelles,Central African Republic,
Seychelles,Chad,
Seychelles,Chile,
Seychelles,China,
Seychelles,Colombia,
Seychelles,Comoros,
Seychelles,Congo,
Seychelles,DR Congo,
Seychelles,Costa Rica,
Seychelles,Ivory Coast,
Seychelles,Croatia,
Seychelles,Cuba,
Seychelles,Cyprus,
Seychelles,Czech Republic,
Seychelles,Denmark,
Seychelles,Djibouti,
Seychelles,Dominica,
Seychelles,Dominican Republic,
Seychelles,Ecuador,
Seychelles,Egypt,
Seychelles,El Salvador,
Seychelles,Equatorial Guinea,
Seychelles,Eritrea,
Seychelles,Estonia,
Seychelles,Swaziland,
Seychelles,Ethiopia,
Seychelles,Fiji,
Seychelles,Finland,
Seychelles,France,
Seychelles,Gabon,
Seychelles,Gambia,
Seychelles,Georgia,
Seychelles,Germany,
Seychelles,Ghana,
Seychelles,Greece,
Seychelles,Grenada,
Seychelles,Guatemala,
Seychelles,Guinea,
Seychelles,Guinea-Bissau,
Seychelles,Guyana,
Seychelles,Haiti,
Seychelles,Honduras,
Seychelles,Hong Kong,
Seychelles,Hungary,
Seychelles,Iceland,
Seychelles,India,
Seychelles,Indonesia,
Seychelles,Iran,
Seychelles,Iraq,
Seychelles,Ireland,
Seychelles,Israel,
Seychelles,Italy,
Seychelles,Jamaica,
Seychelles,Japan,
Seychelles,Jordan,
Seychelles,Kazakhstan,
Seychelles,Kenya,
Seychelles,Kiribati,
Seychelles,Kosovo,
Seychelles,Kuwait,
Seychelles,Kyrgyzstan,
Seychelles,Laos,
Seychelles,Latvia,
Seychelles,Lebanon,
Seychelles,Lesotho,
Seychelles,Liberia,
Seychelles,Libya,
Seychelles,Liechtenstein,
Seychelles,Lithuania,
Seychelles,Luxembourg,
Seychelles,Macao,
Seychelles,Madagascar,
Seychelles,Malawi,
Seychelles,Malaysia,
Seychelles,Maldives,
Seychelles,Mali,
Seychelles,Malta,
Seychelles,Marshall Islands,
Seychelles,Mauritania,
Seychelles,Mauritius,
Seychelles,Mexico,
Seychelles,Micronesia,
Seychelles,Moldova,
Seychelles,Monaco,
Seychelles,Mongolia,
Seychelles,Montenegro,
Seychelles,Morocco,
Seychelles,Mozambique,
Seychelles,Myanmar,
Seychelles,Namibia,
Seychelles,Nauru,
Seychelles,Nepal,
Seychelles,Netherlands,
Seychelles,New Zealand,
Seychelles,Nicaragua,
Seychelles,Niger,
Seychelles,Nigeria,
Seychelles,North Korea,
Seychelles,North Macedonia,
Seychelles,Norway,
Seychelles,Oman,
Seychelles,Pakistan,
Seychelles,Palau,
Seychelles,Palestine,
Seychelles,Panama,
Seychelles,Papua New Guinea,
Seychelles,Paraguay,
Seychelles,Peru,
Seychelles,Philippines,
Seychelles,Poland,
Seychelles,Portugal,
Seychelles,Qatar,
Seychelles,Romania,
Seychelles,Russia,
Seychelles,Rwanda,
Seychelles,Saint Kitts and Nevis,
Seychelles,Saint Lucia,
Seychelles,Samoa,
Seychelles,San Marino,
Seychelles,Sao Tome and Principe,
Seychelles,Saudi Arabia,
Seychelles,Senegal,
Seychelles,Serbia,
Seychelles,Seychelles,-1
Seychelles,Sierra Leone,
Seychelles,Singapore,
Seychelles,Slovakia,
Seychelles,Slovenia,
Seychelles,Solomon Islands,
Seychelles,Somalia,
Seychelles,South Africa,
Seychelles,South Korea,
Seychelles,South Sudan,
Seychelles,Spain,
Seychelles,Sri Lanka,
Seychelles,Saint Vincent and the Grenadines,
Seychelles,Sudan,
Seychelles,Suriname,
Seychelles,Sweden,
Seychelles,Switzerland,
Seychelles,Syria,
Seychelles,Taiwan,
Seychelles,Tajikistan,
Seychelles,Tanzania,
Seychelles,Thailand,
Seychelles,Timor-Leste,
Seychelles,Togo,
Seychelles,Tonga,
Seychelles,Trinidad and Tobago,
Seychelles,Tunisia,
Seychelles,Turkmenistan,
Seychelles,Tuvalu,
Seychelles,Turkey,
Seychelles,Uganda,
Seychelles,Ukraine,
Seychelles,United Arab Emirates,
Seychelles,United Kingdom,
Seychelles,United States,
Seychelles,Uruguay,
Seychelles,Uzbekistan,
Seychelles,Vanuatu,
Seychelles,Vatican,
Seychelles,Venezuela,
Seychelles,Vietnam,
Seychelles,Yemen,
Seychelles,Zambia,
Seychelles,Zimbabwe,
Seychelles,Afghanistan,
Sierra Leone,Albania,
Sierra Leone,Algeria,
Sierra Leone,Andorra,
Sierra Leone,Angola,
Sierra Leone,Antigua and Barbuda,
Sierra Leone,Argentina,
Sierra Leone,Armenia,
Sierra Leone,Australia,
Sierra Leone,Austria,
Sierra Leone,Azerbaijan,
Sierra Leone,Bahamas,
Sierra Leone,Bahrain,
Sierra Leone,Bangladesh,
Sierra Leone,Barbados,
Sierra Leone,Belarus,
Sierra Leone,Belgium,
Sierra Leone,Belize,
Sierra Leone,Benin,
Sierra Leone,Bhutan,
Sierra Leone,Bolivia,
Sierra Leone,Bosnia and Herzegovina,
Sierra Leone,Botswana,
Sierra Leone,Brazil,
Sierra Leone,Brunei,
Sierra Leone,Bulgaria,
Sierra Leone,Burkina Faso,
Sierra Leone,Burundi,
Sierra Leone,Cambodia,
Sierra Leone,Cameroon,
Sierra Leone,Canada,
Sierra Leone,Cape Verde,
Sierra Leone,Central African Republic,
Sierra Leone,Chad,
Sierra Leone,Chile,
Sierra Leone,China,
Sierra Leone,Colombia,
Sierra Leone,Comoros,
Sierra Leone,Congo,
Sierra Leone,DR Congo,
Sierra Leone,Costa Rica,
Sierra Leone,Ivory Coast,
Sierra Leone,Croatia,
Sierra Leone,Cuba,
Sierra Leone,Cyprus,
Sierra Leone,Czech Republic,
Sierra Leone,Denmark,
Sierra Leone,Djibouti,
Sierra Leone,Dominica,
Sierra Leone,Dominican Republic,
Sierra Leone,Ecuador,
Sierra Leone,Egypt,
Sierra Leone,El Salvador,
Sierra Leone,Equatorial Guinea,
Sierra Leone,Eritrea,
Sierra Leone,Estonia,
Sierra Leone,Swaziland,
Sierra Leone,Ethiopia,
Sierra Leone,Fiji,
Sierra Leone,Finland,
Sierra Leone,France,
Sierra Leone,Gabon,
Sierra Leone,Gambia,
Sierra Leone,Georgia,
Sierra Leone,Germany,
Sierra Leone,Ghana,
Sierra Leone,Greece,
Sierra Leone,Grenada,
Sierra Leone,Guatemala,
Sierra Leone,Guinea,
Sierra Leone,Guinea-Bissau,
Sierra Leone,Guyana,
Sierra Leone,Haiti,
Sierra Leone,Honduras,
Sierra Leone,Hong Kong,
Sierra Leone,Hungary,
Sierra Leone,Iceland,
Sierra Leone,India,
Sierra Leone,Indonesia,
Sierra Leone,Iran,
Sierra Leone,Iraq,
Sierra Leone,Ireland,
Sierra Leone,Israel,
Sierra Leone,Italy,
Sierra Leone,Jamaica,
Sierra Leone,Japan,
Sierra Leone,Jordan,
Sierra Leone,Kazakhstan,
Sierra Leone,Kenya,
Sierra Leone,Kiribati,
Sierra Leone,Kosovo,
Sierra Leone,Kuwait,
Sierra Leone,Kyrgyzstan,
Sierra Leone,Laos,
Sierra Leone,Latvia,
Sierra Leone,Lebanon,
Sierra Leone,Lesotho,
Sierra Leone,Liberia,
Sierra Leone,Libya,
Sierra Leone,Liechtenstein,
Sierra Leone,Lithuania,
Sierra Leone,Luxembourg,
Sierra Leone,Macao,
Sierra Leone,Madagascar,
Sierra Leone,Malawi,
Sierra Leone,Malaysia,
Sierra Leone,Maldives,
Sierra Leone,Mali,
Sierra Leone,Malta,
Sierra Leone,Marshall Islands,
Sierra Leone,Mauritania,
Sierra Leone,Mauritius,
Sierra Leone,Mexico,
Sierra Leone,Micronesia,
Sierra Leone,Moldova,
Sierra Leone,Monaco,
Sierra Leone,Mongolia,
Sierra Leone,Montenegro,
Sierra Leone,Morocco,
Sierra Leone,Mozambique,
Sierra Leone,Myanmar,
Sierra Leone,Namibia,
Sierra Leone,Nauru,
Sierra Leone,Nepal,
Sierra Leone,Netherlands,
Sierra Leone,New Zealand,
Sierra Leone,Nicaragua,
Sierra Leone,Niger,
Sierra Leone,Nigeria,
Sierra Leone,North Korea,
Sierra Leone,North Macedonia,
Sierra Leone,Norway,
Sierra Leone,Oman,
Sierra Leone,Pakistan,
Sierra Leone,Palau,
Sierra Leone,Palestine,
Sierra Leone,Panama,
Sierra Leone,Papua New Guinea,
Sierra Leone,Paraguay,
Sierra Leone,Peru,
Sierra Leone,Philippines,
Sierra Leone,Poland,
Sierra Leone,Portugal,
Sierra Leone,Qatar,
Sierra Leone,Romania,
Sierra Leone,Russia,
Sierra Leone,Rwanda,
Sierra Leone,Saint Kitts and Nevis,
Sierra Leone,Saint Lucia,
Sierra Leone,Samoa,
Sierra Leone,San Marino,
Sierra Leone,Sao Tome and Principe,
Sierra Leone,Saudi Arabia,
Sierra Leone,Senegal,
Sierra Leone,Serbia,
Sierra Leone,Seychelles,
Sierra Leone,Sierra Leone,-1
Sierra Leone,Singapore,
Sierra Leone,Slovakia,
Sierra Leone,Slovenia,
Sierra Leone,Solomon Islands,
Sierra Leone,Somalia,
Sierra Leone,South Africa,
Sierra Leone,South Korea,
Sierra Leone,South Sudan,
Sierra Leone,Spain,
Sierra Leone,Sri Lanka,
Sierra Leone,Saint Vincent and the Grenadines,
Sierra Leone,Sudan,
Sierra Leone,Suriname,
Sierra Leone,Sweden,
Sierra Leone,Switzerland,
Sierra Leone,Syria,
Sierra Leone,Taiwan,
Sierra Leone,Tajikistan,
Sierra Leone,Tanzania,
Sierra Leone,Thailand,
Sierra Leone,Timor-Leste,
Sierra Leone,Togo,
Sierra Leone,Tonga,
Sierra Leone,Trinidad and Tobago,
Sierra Leone,Tunisia,
Sierra Leone,Turkmenistan,
Sierra Leone,Tuvalu,
Sierra Leone,Turkey,
Sierra Leone,Uganda,
Sierra Leone,Ukraine,
Sierra Leone,United Arab Emirates,
Sierra Leone,United Kingdom,
Sierra Leone,United States,
Sierra Leone,Uruguay,
Sierra Leone,Uzbekistan,
Sierra Leone,Vanuatu,
Sierra Leone,Vatican,
Sierra Leone,Venezuela,
Sierra Leone,Vietnam,
Sierra Leone,Yemen,
Sierra Leone,Zambia,
Sierra Leone,Zimbabwe,
Sierra Leone,Afghanistan,
Singapore,Albania,
Singapore,Algeria,
Singapore,Andorra,
Singapore,Angola,
Singapore,Antigua and Barbuda,
Singapore,Argentina,
Singapore,Armenia,
Singapore,Australia,
Singapore,Austria,
Singapore,Azerbaijan,
Singapore,Bahamas,
Singapore,Bahrain,
Singapore,Bangladesh,
Singapore,Barbados,
Singapore,Belarus,
Singapore,Belgium,
Singapore,Belize,
Singapore,Benin,
Singapore,Bhutan,
Singapore,Bolivia,
Singapore,Bosnia and Herzegovina,
Singapore,Botswana,
Singapore,Brazil,
Singapore,Brunei,
Singapore,Bulgaria,
Singapore,Burkina Faso,
Singapore,Burundi,
Singapore,Cambodia,
Singapore,Cameroon,
Singapore,Canada,
Singapore,Cape Verde,
Singapore,Central African Republic,
Singapore,Chad,
Singapore,Chile,
Singapore,China,
Singapore,Colombia,
Singapore,Comoros,
Singapore,Congo,
Singapore,DR Congo,
Singapore,Costa Rica,
Singapore,Ivory Coast,
Singapore,Croatia,
Singapore,Cuba,
Singapore,Cyprus,
Singapore,Czech Republic,
Singapore,Denmark,
Singapore,Djibouti,
Singapore,Dominica,
Singapore,Dominican Republic,
Singapore,Ecuador,
Singapore,Egypt,
Singapore,El Salvador,
Singapore,Equatorial Guinea,
Singapore,Eritrea,
Singapore,Estonia,
Singapore,Swaziland,
Singapore,Ethiopia,
Singapore,Fiji,
Singapore,Finland,
Singapore,France,
Singapore,Gabon,
Singapore,Gambia,
Singapore,Georgia,
Singapore,Germany,
Singapore,Ghana,
Singapore,Greece,
Singapore,Grenada,
Singapore,Guatemala,
Singapore,Guinea,
Singapore,Guinea-Bissau,
Singapore,Guyana,
Singapore,Haiti,
Singapore,Honduras,
Singapore,Hong Kong,
Singapore,Hungary,
Singapore,Iceland,
Singapore,India,
Singapore,Indonesia,
Singapore,Iran,
Singapore,Iraq,
Singapore,Ireland,
Singapore,Israel,
Singapore,Italy,
Singapore,Jamaica,
Singapore,Japan,
Singapore,Jordan,
Singapore,Kazakhstan,
Singapore,Kenya,
Singapore,Kiribati,
Singapore,Kosovo,
Singapore,Kuwait,
Singapore,Kyrgyzstan,
Singapore,Laos,
Singapore,Latvia,
Singapore,Lebanon,
Singapore,Lesotho,
Singapore,Liberia,
Singapore,Libya,
Singapore,Liechtenstein,
Singapore,Lithuania,
Singapore,Luxembourg,
Singapore,Macao,
Singapore,Madagascar,
Singapore,Malawi,
Singapore,Malaysia,
Singapore,Maldives,
Singapore,Mali,
Singapore,Malta,
Singapore,Marshall Islands,
Singapore,Mauritania,
Singapore,Mauritius,
Singapore,Mexico,
Singapore,Micronesia,
Singapore,Moldova,
Singapore,Monaco,
Singapore,Mongolia,
Singapore,Montenegro,
Singapore,Morocco,
Singapore,Mozambique,
Singapore,Myanmar,
Singapore,Namibia,
Singapore,Nauru,
Singapore,Nepal,
Singapore,Netherlands,
Singapore,New Zealand,
Singapore,Nicaragua,
Singapore,Niger,
Singapore,Nigeria,
Singapore,North Korea,
Singapore,North Macedonia,
Singapore,Norway,
Singapore,Oman,
Singapore,Pakistan,
Singapore,Palau,
Singapore,Palestine,
Singapore,Panama,
Singapore,Papua New Guinea,
Singapore,Paraguay,
Singapore,Peru,
Singapore,Philippines,
Singapore,Poland,
Singapore,Portugal,
Singapore,Qatar,
Singapore,Romania,
Singapore,Russia,
Singapore,Rwanda,
Singapore,Saint Kitts and Nevis,
Singapore,Saint Lucia,
Singapore,Samoa,
Singapore,San Marino,
Singapore,Sao Tome and Principe,
Singapore,Saudi Arabia,
Singapore,Senegal,
Singapore,Serbia,
Singapore,Seychelles,
Singapore,Sierra Leone,
Singapore,Singapore,-1
Singapore,Slovakia,
Singapore,Slovenia,
Singapore,Solomon Islands,
Singapore,Somalia,
Singapore,South Africa,
Singapore,South Korea,
Singapore,South Sudan,
Singapore,Spain,
Singapore,Sri Lanka,
Singapore,Saint Vincent and the Grenadines,
Singapore,Sudan,
Singapore,Suriname,
Singapore,Sweden,
Singapore,Switzerland,
Singapore,Syria,
Singapore,Taiwan,
Singapore,Tajikistan,
Singapore,Tanzania,
Singapore,Thailand,
Singapore,Timor-Leste,
Singapore,Togo,
Singapore,Tonga,
Singapore,Trinidad and Tobago,
Singapore,Tunisia,
Singapore,Turkmenistan,
Singapore,Tuvalu,
Singapore,Turkey,
Singapore,Uganda,
Singapore,Ukraine,
Singapore,United Arab Emirates,
Singapore,United Kingdom,
Singapore,United States,
Singapore,Uruguay,
Singapore,Uzbekistan,
Singapore,Vanuatu,
Singapore,Vatican,
Singapore,Venezuela,
Singapore,Vietnam,
Singapore,Yemen,
Singapore,Zambia,
Singapore,Zimbabwe,
Singapore,Afghanistan,
Slovakia,Albania,
Slovakia,Algeria,
Slovakia,Andorra,
Slovakia,Angola,
Slovakia,Antigua and Barbuda,
Slovakia,Argentina,
Slovakia,Armenia,
Slovakia,Australia,
Slovakia,Austria,
Slovakia,Azerbaijan,
Slovakia,Bahamas,
Slovakia,Bahrain,
Slovakia,Bangladesh,
Slovakia,Barbados,
Slovakia,Belarus,
Slovakia,Belgium,
Slovakia,Belize,
Slovakia,Benin,
Slovakia,Bhutan,
Slovakia,Bolivia,
Slovakia,Bosnia and Herzegovina,
Slovakia,Botswana,
Slovakia,Brazil,
Slovakia,Brunei,
Slovakia,Bulgaria,
Slovakia,Burkina Faso,
Slovakia,Burundi,
Slovakia,Cambodia,
Slovakia,Cameroon,
Slovakia,Canada,
Slovakia,Cape Verde,
Slovakia,Central African Republic,
Slovakia,Chad,
Slovakia,Chile,
Slovakia,China,
Slovakia,Colombia,
Slovakia,Comoros,
Slovakia,Congo,
Slovakia,DR Congo,
Slovakia,Costa Rica,
Slovakia,Ivory Coast,
Slovakia,Croatia,
Slovakia,Cuba,
Slovakia,Cyprus,
Slovakia,Czech Republic,
Slovakia,Denmark,
Slovakia,Djibouti,
Slovakia,Dominica,
Slovakia,Dominican Republic,
Slovakia,Ecuador,
Slovakia,Egypt,
Slovakia,El Salvador,
Slovakia,Equatorial Guinea,
Slovakia,Eritrea,
Slovakia,Estonia,
Slovakia,Swaziland,
Slovakia,Ethiopia,
Slovakia,Fiji,
Slovakia,Finland,
Slovakia,France,
Slovakia,Gabon,
Slovakia,Gambia,
Slovakia,Georgia,
Slovakia,Germany,
Slovakia,Ghana,
Slovakia,Greece,
Slovakia,Grenada,
Slovakia,Guatemala,
Slovakia,Guinea,
Slovakia,Guinea-Bissau,
Slovakia,Guyana,
Slovakia,Haiti,
Slovakia,Honduras,
Slovakia,Hong Kong,
Slovakia,Hungary,
Slovakia,Iceland,
Slovakia,India,
Slovakia,Indonesia,
Slovakia,Iran,
Slovakia,Iraq,
Slovakia,Ireland,
Slovakia,Israel,
Slovakia,Italy,
Slovakia,Jamaica,
Slovakia,Japan,
Slovakia,Jordan,
Slovakia,Kazakhstan,
Slovakia,Kenya,
Slovakia,Kiribati,
Slovakia,Kosovo,
Slovakia,Kuwait,
Slovakia,Kyrgyzstan,
Slovakia,Laos,
Slovakia,Latvia,
Slovakia,Lebanon,
Slovakia,Lesotho,
Slovakia,Liberia,
Slovakia,Libya,
Slovakia,Liechtenstein,
Slovakia,Lithuania,
Slovakia,Luxembourg,
Slovakia,Macao,
Slovakia,Madagascar,
Slovakia,Malawi,
Slovakia,Malaysia,
Slovakia,Maldives,
Slovakia,Mali,
Slovakia,Malta,
Slovakia,Marshall Islands,
Slovakia,Mauritania,
Slovakia,Mauritius,
Slovakia,Mexico,
Slovakia,Micronesia,
Slovakia,Moldova,
Slovakia,Monaco,
Slovakia,Mongolia,
Slovakia,Montenegro,
Slovakia,Morocco,
Slovakia,Mozambique,
Slovakia,Myanmar,
Slovakia,Namibia,
Slovakia,Nauru,
Slovakia,Nepal,
Slovakia,Netherlands,
Slovakia,New Zealand,
Slovakia,Nicaragua,
Slovakia,Niger,
Slovakia,Nigeria,
Slovakia,North Korea,
Slovakia,North Macedonia,
Slovakia,Norway,
Slovakia,Oman,
Slovakia,Pakistan,
Slovakia,Palau,
Slovakia,Palestine,
Slovakia,Panama,
Slovakia,Papua New Guinea,
Slovakia,Paraguay,
Slovakia,Peru,
Slovakia,Philippines,
Slovakia,Poland,
Slovakia,Portugal,
Slovakia,Qatar,
Slovakia,Romania,
Slovakia,Russia,
Slovakia,Rwanda,
Slovakia,Saint Kitts and Nevis,
Slovakia,Saint Lucia,
Slovakia,Samoa,
Slovakia,San Marino,
Slovakia,Sao Tome and Principe,
Slovakia,Saudi Arabia,
Slovakia,Senegal,
Slovakia,Serbia,
Slovakia,Seychelles,
Slovakia,Sierra Leone,
Slovakia,Singapore,
Slovakia,Slovakia,-1
Slovakia,Slovenia,
Slovakia,Solomon Islands,
Slovakia,Somalia,
Slovakia,South Africa,
Slovakia,South Korea,
Slovakia,South Sudan,
Slovakia,Spain,
Slovakia,Sri Lanka,
Slovakia,Saint Vincent and the Grenadines,
Slovakia,Sudan,
Slovakia,Suriname,
Slovakia,Sweden,
Slovakia,Switzerland,
Slovakia,Syria,
Slovakia,Taiwan,
Slovakia,Tajikistan,
Slovakia,Tanzania,
Slovakia,Thailand,
Slovakia,Timor-Leste,
Slovakia,Togo,
Slovakia,Tonga,
Slovakia,Trinidad and Tobago,
Slovakia,Tunisia,
Slovakia,Turkmenistan,
Slovakia,Tuvalu,
Slovakia,Turkey,
Slovakia,Uganda,
Slovakia,Ukraine,
Slovakia,United Arab Emirates,
Slovakia,United Kingdom,
Slovakia,United States,
Slovakia,Uruguay,
Slovakia,Uzbekistan,
Slovakia,Vanuatu,
Slovakia,Vatican,
Slovakia,Venezuela,
Slovakia,Vietnam,
Slovakia,Yemen,
Slovakia,Zambia,
Slovakia,Zimbabwe,
Slovakia,Afghanistan,
Slovenia,Albania,
Slovenia,Algeria,
Slovenia,Andorra,
Slovenia,Angola,
Slovenia,Antigua and Barbuda,
Slovenia,Argentina,
Slovenia,Armenia,
Slovenia,Australia,
Slovenia,Austria,
Slovenia,Azerbaijan,
Slovenia,Bahamas,
Slovenia,Bahrain,
Slovenia,Bangladesh,
Slovenia,Barbados,
Slovenia,Belarus,
Slovenia,Belgium,
Slovenia,Belize,
Slovenia,Benin,
Slovenia,Bhutan,
Slovenia,Bolivia,
Slovenia,Bosnia and Herzegovina,
Slovenia,Botswana,
Slovenia,Brazil,
Slovenia,Brunei,
Slovenia,Bulgaria,
Slovenia,Burkina Faso,
Slovenia,Burundi,
Slovenia,Cambodia,
Slovenia,Cameroon,
Slovenia,Canada,
Slovenia,Cape Verde,
Slovenia,Central African Republic,
Slovenia,Chad,
Slovenia,Chile,
Slovenia,China,
Slovenia,Colombia,
Slovenia,Comoros,
Slovenia,Congo,
Slovenia,DR Congo,
Slovenia,Costa Rica,
Slovenia,Ivory Coast,
Slovenia,Croatia,
Slovenia,Cuba,
Slovenia,Cyprus,
Slovenia,Czech Republic,
Slovenia,Denmark,
Slovenia,Djibouti,
Slovenia,Dominica,
Slovenia,Dominican Republic,
Slovenia,Ecuador,
Slovenia,Egypt,
Slovenia,El Salvador,
Slovenia,Equatorial Guinea,
Slovenia,Eritrea,
Slovenia,Estonia,
Slovenia,Swaziland,
Slovenia,Ethiopia,
Slovenia,Fiji,
Slovenia,Finland,
Slovenia,France,
Slovenia,Gabon,
Slovenia,Gambia,
Slovenia,Georgia,
Slovenia,Germany,
Slovenia,Ghana,
Slovenia,Greece,
Slovenia,Grenada,
Slovenia,Guatemala,
Slovenia,Guinea,
Slovenia,Guinea-Bissau,
Slovenia,Guyana,
Slovenia,Haiti,
Slovenia,Honduras,
Slovenia,Hong Kong,
Slovenia,Hungary,
Slovenia,Iceland,
Slovenia,India,
Slovenia,Indonesia,
Slovenia,Iran,
Slovenia,Iraq,
Slovenia,Ireland,
Slovenia,Israel,
Slovenia,Italy,
Slovenia,Jamaica,
Slovenia,Japan,
Slovenia,Jordan,
Slovenia,Kazakhstan,
Slovenia,Kenya,
Slovenia,Kiribati,
Slovenia,Kosovo,
Slovenia,Kuwait,
Slovenia,Kyrgyzstan,
Slovenia,Laos,
Slovenia,Latvia,
Slovenia,Lebanon,
Slovenia,Lesotho,
Slovenia,Liberia,
Slovenia,Libya,
Slovenia,Liechtenstein,
Slovenia,Lithuania,
Slovenia,Luxembourg,
Slovenia,Macao,
Slovenia,Madagascar,
Slovenia,Malawi,
Slovenia,Malaysia,
Slovenia,Maldives,
Slovenia,Mali,
Slovenia,Malta,
Slovenia,Marshall Islands,
Slovenia,Mauritania,
Slovenia,Mauritius,
Slovenia,Mexico,
Slovenia,Micronesia,
Slovenia,Moldova,
Slovenia,Monaco,
Slovenia,Mongolia,
Slovenia,Montenegro,
Slovenia,Morocco,
Slovenia,Mozambique,
Slovenia,Myanmar,
Slovenia,Namibia,
Slovenia,Nauru,
Slovenia,Nepal,
Slovenia,Netherlands,
Slovenia,New Zealand,
Slovenia,Nicaragua,
Slovenia,Niger,
Slovenia,Nigeria,
Slovenia,North Korea,
Slovenia,North Macedonia,
Slovenia,Norway,
Slovenia,Oman,
Slovenia,Pakistan,
Slovenia,Palau,
Slovenia,Palestine,
Slovenia,Panama,
Slovenia,Papua New Guinea,
Slovenia,Paraguay,
Slovenia,Peru,
Slovenia,Philippines,
Slovenia,Poland,
Slovenia,Portugal,
Slovenia,Qatar,
Slovenia,Romania,
Slovenia,Russia,
Slovenia,Rwanda,
Slovenia,Saint Kitts and Nevis,
Slovenia,Saint Lucia,
Slovenia,Samoa,
Slovenia,San Marino,
Slovenia,Sao Tome and Principe,
Slovenia,Saudi Arabia,
Slovenia,Senegal,
Slovenia,Serbia,
Slovenia,Seychelles,
Slovenia,Sierra Leone,
Slovenia,Singapore,
Slovenia,Slovakia,
Slovenia,Slovenia,-1
Slovenia,Solomon Islands,
Slovenia,Somalia,
Slovenia,South Africa,
Slovenia,South Korea,
Slovenia,South Sudan,
Slovenia,Spain,
Slovenia,Sri Lanka,
Slovenia,Saint Vincent and the Grenadines,
Slovenia,Sudan,
Slovenia,Suriname,
Slovenia,Sweden,
Slovenia,Switzerland,
Slovenia,Syria,
Slovenia,Taiwan,
Slovenia,Tajikistan,
Slovenia,Tanzania,
Slovenia,Thailand,
Slovenia,Timor-Leste,
Slovenia,Togo,
Slovenia,Tonga,
Slovenia,Trinidad and Tobago,
Slovenia,Tunisia,
Slovenia,Turkmenistan,
Slovenia,Tuvalu,
Slovenia,Turkey,
Slovenia,Uganda,
Slovenia,Ukraine,
Slovenia,United Arab Emirates,
Slovenia,United Kingdom,
Slovenia,United States,
Slovenia,Uruguay,
Slovenia,Uzbekistan,
Slovenia,Vanuatu,
Slovenia,Vatican,
Slovenia,Venezuela,
Slovenia,Vietnam,
Slovenia,Yemen,
Slovenia,Zambia,
Slovenia,Zimbabwe,
Slovenia,Afghanistan,
Solomon Islands,Albania,
Solomon Islands,Algeria,
Solomon Islands,Andorra,
Solomon Islands,Angola,
Solomon Islands,Antigua and Barbuda,
Solomon Islands,Argentina,
Solomon Islands,Armenia,
Solomon Islands,Australia,
Solomon Islands,Austria,
Solomon Islands,Azerbaijan,
Solomon Islands,Bahamas,
Solomon Islands,Bahrain,
Solomon Islands,Bangladesh,
Solomon Islands,Barbados,
Solomon Islands,Belarus,
Solomon Islands,Belgium,
Solomon Islands,Belize,
Solomon Islands,Benin,
Solomon Islands,Bhutan,
Solomon Islands,Bolivia,
Solomon Islands,Bosnia and Herzegovina,
Solomon Islands,Botswana,
Solomon Islands,Brazil,
Solomon Islands,Brunei,
Solomon Islands,Bulgaria,
Solomon Islands,Burkina Faso,
Solomon Islands,Burundi,
Solomon Islands,Cambodia,
Solomon Islands,Cameroon,
Solomon Islands,Canada,
Solomon Islands,Cape Verde,
Solomon Islands,Central African Republic,
Solomon Islands,Chad,
Solomon Islands,Chile,
Solomon Islands,China,
Solomon Islands,Colombia,
Solomon Islands,Comoros,
Solomon Islands,Congo,
Solomon Islands,DR Congo,
Solomon Islands,Costa Rica,
Solomon Islands,Ivory Coast,
Solomon Islands,Croatia,
Solomon Islands,Cuba,
Solomon Islands,Cyprus,
Solomon Islands,Czech Republic,
Solomon Islands,Denmark,
Solomon Islands,Djibouti,
Solomon Islands,Dominica,
Solomon Islands,Dominican Republic,
Solomon Islands,Ecuador,
Solomon Islands,Egypt,
Solomon Islands,El Salvador,
Solomon Islands,Equatorial Guinea,
Solomon Islands,Eritrea,
Solomon Islands,Estonia,
Solomon Islands,Swaziland,
Solomon Islands,Ethiopia,
Solomon Islands,Fiji,
Solomon Islands,Finland,
Solomon Islands,France,
Solomon Islands,Gabon,
Solomon Islands,Gambia,
Solomon Islands,Georgia,
Solomon Islands,Germany,
Solomon Islands,Ghana,
Solomon Islands,Greece,
Solomon Islands,Grenada,
Solomon Islands,Guatemala,
Solomon Islands,Guinea,
Solomon Islands,Guinea-Bissau,
Solomon Islands,Guyana,
Solomon Islands,Haiti,
Solomon Islands,Honduras,
Solomon Islands,Hong Kong,
Solomon Islands,Hungary,
Solomon Islands,Iceland,
Solomon Islands,India,
Solomon Islands,Indonesia,
Solomon Islands,Iran,
Solomon Islands,Iraq,
Solomon Islands,Ireland,
Solomon Islands,Israel,
Solomon Islands,Italy,
Solomon Islands,Jamaica,
Solomon Islands,Japan,
Solomon Islands,Jordan,
Solomon Islands,Kazakhstan,
Solomon Islands,Kenya,
Solomon Islands,Kiribati,
Solomon Islands,Kosovo,
Solomon Islands,Kuwait,
Solomon Islands,Kyrgyzstan,
Solomon Islands,Laos,
Solomon Islands,Latvia,
Solomon Islands,Lebanon,
Solomon Islands,Lesotho,
Solomon Islands,Liberia,
Solomon Islands,Libya,
Solomon Islands,Liechtenstein,
Solomon Islands,Lithuania,
Solomon Islands,Luxembourg,
Solomon Islands,Macao,
Solomon Islands,Madagascar,
Solomon Islands,Malawi,
Solomon Islands,Malaysia,
Solomon Islands,Maldives,
Solomon Islands,Mali,
Solomon Islands,Malta,
Solomon Islands,Marshall Islands,
Solomon Islands,Mauritania,
Solomon Islands,Mauritius,
Solomon Islands,Mexico,
Solomon Islands,Micronesia,
Solomon Islands,Moldova,
Solomon Islands,Monaco,
Solomon Islands,Mongolia,
Solomon Islands,Montenegro,
Solomon Islands,Morocco,
Solomon Islands,Mozambique,
Solomon Islands,Myanmar,
Solomon Islands,Namibia,
Solomon Islands,Nauru,
Solomon Islands,Nepal,
Solomon Islands,Netherlands,
Solomon Islands,New Zealand,
Solomon Islands,Nicaragua,
Solomon Islands,Niger,
Solomon Islands,Nigeria,
Solomon Islands,North Korea,
Solomon Islands,North Macedonia,
Solomon Islands,Norway,
Solomon Islands,Oman,
Solomon Islands,Pakistan,
Solomon Islands,Palau,
Solomon Islands,Palestine,
Solomon Islands,Panama,
Solomon Islands,Papua New Guinea,
Solomon Islands,Paraguay,
Solomon Islands,Peru,
Solomon Islands,Philippines,
Solomon Islands,Poland,
Solomon Islands,Portugal,
Solomon Islands,Qatar,
Solomon Islands,Romania,
Solomon Islands,Russia,
Solomon Islands,Rwanda,
Solomon Islands,Saint Kitts and Nevis,
Solomon Islands,Saint Lucia,
Solomon Islands,Samoa,
Solomon Islands,San Marino,
Solomon Islands,Sao Tome and Principe,
Solomon Islands,Saudi Arabia,
Solomon Islands,Senegal,
Solomon Islands,Serbia,
Solomon Islands,Seychelles,
Solomon Islands,Sierra Leone,
Solomon Islands,Singapore,
Solomon Islands,Slovakia,
Solomon Islands,Slovenia,
Solomon Islands,Solomon Islands,-1
Solomon Islands,Somalia,
Solomon Islands,South Africa,
Solomon Islands,South Korea,
Solomon Islands,South Sudan,
Solomon Islands,Spain,
Solomon Islands,Sri Lanka,
Solomon Islands,Saint Vincent and the Grenadines,
Solomon Islands,Sudan,
Solomon Islands,Suriname,
Solomon Islands,Sweden,
Solomon Islands,Switzerland,
Solomon Islands,Syria,
Solomon Islands,Taiwan,
Solomon Islands,Tajikistan,
Solomon Islands,Tanzania,
Solomon Islands,Thailand,
Solomon Islands,Timor-Leste,
Solomon Islands,Togo,
Solomon Islands,Tonga,
Solomon Islands,Trinidad and Tobago,
Solomon Islands,Tunisia,
Solomon Islands,Turkmenistan,
Solomon Islands,Tuvalu,
Solomon Islands,Turkey,
Solomon Islands,Uganda,
Solomon Islands,Ukraine,
Solomon Islands,United Arab Emirates,
Solomon Islands,United Kingdom,
Solomon Islands,United States,
Solomon Islands,Uruguay,
Solomon Islands,Uzbekistan,
Solomon Islands,Vanuatu,
Solomon Islands,Vatican,
Solomon Islands,Venezuela,
Solomon Islands,Vietnam,
Solomon Islands,Yemen,
Solomon Islands,Zambia,
Solomon Islands,Zimbabwe,
Solomon Islands,Afghanistan,
Somalia,Albania,
Somalia,Algeria,
Somalia,Andorra,
Somalia,Angola,
Somalia,Antigua and Barbuda,
Somalia,Argentina,
Somalia,Armenia,
Somalia,Australia,
Somalia,Austria,
Somalia,Azerbaijan,
Somalia,Bahamas,
Somalia,Bahrain,
Somalia,Bangladesh,
Somalia,Barbados,
Somalia,Belarus,
Somalia,Belgium,
Somalia,Belize,
Somalia,Benin,
Somalia,Bhutan,
Somalia,Bolivia,
Somalia,Bosnia and Herzegovina,
Somalia,Botswana,
Somalia,Brazil,
Somalia,Brunei,
Somalia,Bulgaria,
Somalia,Burkina Faso,
Somalia,Burundi,
Somalia,Cambodia,
Somalia,Cameroon,
Somalia,Canada,
Somalia,Cape Verde,
Somalia,Central African Republic,
Somalia,Chad,
Somalia,Chile,
Somalia,China,
Somalia,Colombia,
Somalia,Comoros,
Somalia,Congo,
Somalia,DR Congo,
Somalia,Costa Rica,
Somalia,Ivory Coast,
Somalia,Croatia,
Somalia,Cuba,
Somalia,Cyprus,
Somalia,Czech Republic,
Somalia,Denmark,
Somalia,Djibouti,
Somalia,Dominica,
Somalia,Dominican Republic,
Somalia,Ecuador,
Somalia,Egypt,
Somalia,El Salvador,
Somalia,Equatorial Guinea,
Somalia,Eritrea,
Somalia,Estonia,
Somalia,Swaziland,
Somalia,Ethiopia,
Somalia,Fiji,
Somalia,Finland,
Somalia,France,
Somalia,Gabon,
Somalia,Gambia,
Somalia,Georgia,
Somalia,Germany,
Somalia,Ghana,
Somalia,Greece,
Somalia,Grenada,
Somalia,Guatemala,
Somalia,Guinea,
Somalia,Guinea-Bissau,
Somalia,Guyana,
Somalia,Haiti,
Somalia,Honduras,
Somalia,Hong Kong,
Somalia,Hungary,
Somalia,Iceland,
Somalia,India,
Somalia,Indonesia,
Somalia,Iran,
Somalia,Iraq,
Somalia,Ireland,
Somalia,Israel,
Somalia,Italy,
Somalia,Jamaica,
Somalia,Japan,
Somalia,Jordan,
Somalia,Kazakhstan,
Somalia,Kenya,
Somalia,Kiribati,
Somalia,Kosovo,
Somalia,Kuwait,
Somalia,Kyrgyzstan,
Somalia,Laos,
Somalia,Latvia,
Somalia,Lebanon,
Somalia,Lesotho,
Somalia,Liberia,
Somalia,Libya,
Somalia,Liechtenstein,
Somalia,Lithuania,
Somalia,Luxembourg,
Somalia,Macao,
Somalia,Madagascar,
Somalia,Malawi,
Somalia,Malaysia,
Somalia,Maldives,
Somalia,Mali,
Somalia,Malta,
Somalia,Marshall Islands,
Somalia,Mauritania,
Somalia,Mauritius,
Somalia,Mexico,
Somalia,Micronesia,
Somalia,Moldova,
Somalia,Monaco,
Somalia,Mongolia,
Somalia,Montenegro,
Somalia,Morocco,
Somalia,Mozambique,
Somalia,Myanmar,
Somalia,Namibia,
Somalia,Nauru,
Somalia,Nepal,
Somalia,Netherlands,
Somalia,New Zealand,
Somalia,Nicaragua,
Somalia,Niger,
Somalia,Nigeria,
Somalia,North Korea,
Somalia,North Macedonia,
Somalia,Norway,
Somalia,Oman,
Somalia,Pakistan,
Somalia,Palau,
Somalia,Palestine,
Somalia,Panama,
Somalia,Papua New Guinea,
Somalia,Paraguay,
Somalia,Peru,
Somalia,Philippines,
Somalia,Poland,
Somalia,Portugal,
Somalia,Qatar,
Somalia,Romania,
Somalia,Russia,
Somalia,Rwanda,
Somalia,Saint Kitts and Nevis,
Somalia,Saint Lucia,
Somalia,Samoa,
Somalia,San Marino,
Somalia,Sao Tome and Principe,
Somalia,Saudi Arabia,
Somalia,Senegal,
Somalia,Serbia,
Somalia,Seychelles,
Somalia,Sierra Leone,
Somalia,Singapore,
Somalia,Slovakia,
Somalia,Slovenia,
Somalia,Solomon Islands,
Somalia,Somalia,-1
Somalia,South Africa,
Somalia,South Korea,
Somalia,South Sudan,
Somalia,Spain,
Somalia,Sri Lanka,
Somalia,Saint Vincent and the Grenadines,
Somalia,Sudan,
Somalia,Suriname,
Somalia,Sweden,
Somalia,Switzerland,
Somalia,Syria,
Somalia,Taiwan,
Somalia,Tajikistan,
Somalia,Tanzania,
Somalia,Thailand,
Somalia,Timor-Leste,
Somalia,Togo,
Somalia,Tonga,
Somalia,Trinidad and Tobago,
Somalia,Tunisia,
Somalia,Turkmenistan,
Somalia,Tuvalu,
Somalia,Turkey,
Somalia,Uganda,
Somalia,Ukraine,
Somalia,United Arab Emirates,
Somalia,United Kingdom,
Somalia,United States,
Somalia,Uruguay,
Somalia,Uzbekistan,
Somalia,Vanuatu,
Somalia,Vatican,
Somalia,Venezuela,
Somalia,Vietnam,
Somalia,Yemen,
Somalia,Zambia,
Somalia,Zimbabwe,
Somalia,Afghanistan,
South Africa,Albania,
South Africa,Algeria,
South Africa,Andorra,
South Africa,Angola,
South Africa,Antigua and Barbuda,
South Africa,Argentina,
South Africa,Armenia,
South Africa,Australia,
South Africa,Austria,
South Africa,Azerbaijan,
South Africa,Bahamas,
South Africa,Bahrain,
South Africa,Bangladesh,
South Africa,Barbados,
South Africa,Belarus,
South Africa,Belgium,
South Africa,Belize,
South Africa,Benin,
South Africa,Bhutan,
South Africa,Bolivia,
South Africa,Bosnia and Herzegovina,
South Africa,Botswana,
South Africa,Brazil,
South Africa,Brunei,
South Africa,Bulgaria,
South Africa,Burkina Faso,
South Africa,Burundi,
South Africa,Cambodia,
South Africa,Cameroon,
South Africa,Canada,
South Africa,Cape Verde,
South Africa,Central African Republic,
South Africa,Chad,
South Africa,Chile,
South Africa,China,
South Africa,Colombia,
South Africa,Comoros,
South Africa,Congo,
South Africa,DR Congo,
South Africa,Costa Rica,
South Africa,Ivory Coast,
South Africa,Croatia,
South Africa,Cuba,
South Africa,Cyprus,
South Africa,Czech Republic,
South Africa,Denmark,
South Africa,Djibouti,
South Africa,Dominica,
South Africa,Dominican Republic,
South Africa,Ecuador,
South Africa,Egypt,
South Africa,El Salvador,
South Africa,Equatorial Guinea,
South Africa,Eritrea,
South Africa,Estonia,
South Africa,Swaziland,
South Africa,Ethiopia,
South Africa,Fiji,
South Africa,Finland,
South Africa,France,
South Africa,Gabon,
South Africa,Gambia,
South Africa,Georgia,
South Africa,Germany,
South Africa,Ghana,
South Africa,Greece,
South Africa,Grenada,
South Africa,Guatemala,
South Africa,Guinea,
South Africa,Guinea-Bissau,
South Africa,Guyana,
South Africa,Haiti,
South Africa,Honduras,
South Africa,Hong Kong,
South Africa,Hungary,
South Africa,Iceland,
South Africa,India,
South Africa,Indonesia,
South Africa,Iran,
South Africa,Iraq,
South Africa,Ireland,
South Africa,Israel,
South Africa,Italy,
South Africa,Jamaica,
South Africa,Japan,
South Africa,Jordan,
South Africa,Kazakhstan,
South Africa,Kenya,
South Africa,Kiribati,
South Africa,Kosovo,
South Africa,Kuwait,
South Africa,Kyrgyzstan,
South Africa,Laos,
South Africa,Latvia,
South Africa,Lebanon,
South Africa,Lesotho,
South Africa,Liberia,
South Africa,Libya,
South Africa,Liechtenstein,
South Africa,Lithuania,
South Africa,Luxembourg,
South Africa,Macao,
South Africa,Madagascar,
South Africa,Malawi,
South Africa,Malaysia,
South Africa,Maldives,
South Africa,Mali,
South Africa,Malta,
South Africa,Marshall Islands,
South Africa,Mauritania,
South Africa,Mauritius,
South Africa,Mexico,
South Africa,Micronesia,
South Africa,Moldova,
South Africa,Monaco,
South Africa,Mongolia,
South Africa,Montenegro,
South Africa,Morocco,
South Africa,Mozambique,
South Africa,Myanmar,
South Africa,Namibia,
South Africa,Nauru,
South Africa,Nepal,
South Africa,Netherlands,
South Africa,New Zealand,
South Africa,Nicaragua,
South Africa,Niger,
South Africa,Nigeria,
South Africa,North Korea,
South Africa,North Macedonia,
South Africa,Norway,
South Africa,Oman,
South Africa,Pakistan,
South Africa,Palau,
South Africa,Palestine,
South Africa,Panama,
South Africa,Papua New Guinea,
South Africa,Paraguay,
South Africa,Peru,
South Africa,Philippines,
South Africa,Poland,
South Africa,Portugal,
South Africa,Qatar,
South Africa,Romania,
South Africa,Russia,
South Africa,Rwanda,
South Africa,Saint Kitts and Nevis,
South Africa,Saint Lucia,
South Africa,Samoa,
South Africa,San Marino,
South Africa,Sao Tome and Principe,
South Africa,Saudi Arabia,
South Africa,Senegal,
South Africa,Serbia,
South Africa,Seychelles,
South Africa,Sierra Leone,
South Africa,Singapore,
South Africa,Slovakia,
South Africa,Slovenia,
South Africa,Solomon Islands,
South Africa,Somalia,
South Africa,South Africa,-1
South Africa,South Korea,
South Africa,South Sudan,
South Africa,Spain,
South Africa,Sri Lanka,
South Africa,Saint Vincent and the Grenadines,
South Africa,Sudan,
South Africa,Suriname,
South Africa,Sweden,
South Africa,Switzerland,
South Africa,Syria,
South Africa,Taiwan,
South Africa,Tajikistan,
South Africa,Tanzania,
South Africa,Thailand,
South Africa,Timor-Leste,
South Africa,Togo,
South Africa,Tonga,
South Africa,Trinidad and Tobago,
South Africa,Tunisia,
South Africa,Turkmenistan,
South Africa,Tuvalu,
South Africa,Turkey,
South Africa,Uganda,
South Africa,Ukraine,
South Africa,United Arab Emirates,
South Africa,United Kingdom,
South Africa,United States,
South Africa,Uruguay,
South Africa,Uzbekistan,
South Africa,Vanuatu,
South Africa,Vatican,
South Africa,Venezuela,
South Africa,Vietnam,
South Africa,Yemen,
South Africa,Zambia,
South Africa,Zimbabwe,
South Africa,Afghanistan,
South Korea,Albania,
South Korea,Algeria,
South Korea,Andorra,
South Korea,Angola,
South Korea,Antigua and Barbuda,
South Korea,Argentina,
South Korea,Armenia,
South Korea,Australia,
South Korea,Austria,
South Korea,Azerbaijan,
South Korea,Bahamas,
South Korea,Bahrain,
South Korea,Bangladesh,
South Korea,Barbados,
South Korea,Belarus,
South Korea,Belgium,
South Korea,Belize,
South Korea,Benin,
South Korea,Bhutan,
South Korea,Bolivia,
South Korea,Bosnia and Herzegovina,
South Korea,Botswana,
South Korea,Brazil,
South Korea,Brunei,
South Korea,Bulgaria,
South Korea,Burkina Faso,
South Korea,Burundi,
South Korea,Cambodia,
South Korea,Cameroon,
South Korea,Canada,
South Korea,Cape Verde,
South Korea,Central African Republic,
South Korea,Chad,
South Korea,Chile,
South Korea,China,
South Korea,Colombia,
South Korea,Comoros,
South Korea,Congo,
South Korea,DR Congo,
South Korea,Costa Rica,
South Korea,Ivory Coast,
South Korea,Croatia,
South Korea,Cuba,
South Korea,Cyprus,
South Korea,Czech Republic,
South Korea,Denmark,
South Korea,Djibouti,
South Korea,Dominica,
South Korea,Dominican Republic,
South Korea,Ecuador,
South Korea,Egypt,
South Korea,El Salvador,
South Korea,Equatorial Guinea,
South Korea,Eritrea,
South Korea,Estonia,
South Korea,Swaziland,
South Korea,Ethiopia,
South Korea,Fiji,
South Korea,Finland,
South Korea,France,
South Korea,Gabon,
South Korea,Gambia,
South Korea,Georgia,
South Korea,Germany,
South Korea,Ghana,
South Korea,Greece,
South Korea,Grenada,
South Korea,Guatemala,
South Korea,Guinea,
South Korea,Guinea-Bissau,
South Korea,Guyana,
South Korea,Haiti,
South Korea,Honduras,
South Korea,Hong Kong,
South Korea,Hungary,
South Korea,Iceland,
South Korea,India,
South Korea,Indonesia,
South Korea,Iran,
South Korea,Iraq,
South Korea,Ireland,
South Korea,Israel,
South Korea,Italy,
South Korea,Jamaica,
South Korea,Japan,
South Korea,Jordan,
South Korea,Kazakhstan,
South Korea,Kenya,
South Korea,Kiribati,
South Korea,Kosovo,
South Korea,Kuwait,
South Korea,Kyrgyzstan,
South Korea,Laos,
South Korea,Latvia,
South Korea,Lebanon,
South Korea,Lesotho,
South Korea,Liberia,
South Korea,Libya,
South Korea,Liechtenstein,
South Korea,Lithuania,
South Korea,Luxembourg,
South Korea,Macao,
South Korea,Madagascar,
South Korea,Malawi,
South Korea,Malaysia,
South Korea,Maldives,
South Korea,Mali,
South Korea,Malta,
South Korea,Marshall Islands,
South Korea,Mauritania,
South Korea,Mauritius,
South Korea,Mexico,
South Korea,Micronesia,
South Korea,Moldova,
South Korea,Monaco,
South Korea,Mongolia,
South Korea,Montenegro,
South Korea,Morocco,
South Korea,Mozambique,
South Korea,Myanmar,
South Korea,Namibia,
South Korea,Nauru,
South Korea,Nepal,
South Korea,Netherlands,
South Korea,New Zealand,
South Korea,Nicaragua,
South Korea,Niger,
South Korea,Nigeria,
South Korea,North Korea,
South Korea,North Macedonia,
South Korea,Norway,
South Korea,Oman,
South Korea,Pakistan,
South Korea,Palau,
South Korea,Palestine,
South Korea,Panama,
South Korea,Papua New Guinea,
South Korea,Paraguay,
South Korea,Peru,
South Korea,Philippines,
South Korea,Poland,
South Korea,Portugal,
South Korea,Qatar,
South Korea,Romania,
South Korea,Russia,
South Korea,Rwanda,
South Korea,Saint Kitts and Nevis,
South Korea,Saint Lucia,
South Korea,Samoa,
South Korea,San Marino,
South Korea,Sao Tome and Principe,
South Korea,Saudi Arabia,
South Korea,Senegal,
South Korea,Serbia,
South Korea,Seychelles,
South Korea,Sierra Leone,
South Korea,Singapore,
South Korea,Slovakia,
South Korea,Slovenia,
South Korea,Solomon Islands,
South Korea,Somalia,
South Korea,South Africa,
South Korea,South Korea,-1
South Korea,South Sudan,
South Korea,Spain,
South Korea,Sri Lanka,
South Korea,Saint Vincent and the Grenadines,
South Korea,Sudan,
South Korea,Suriname,
South Korea,Sweden,
South Korea,Switzerland,
South Korea,Syria,
South Korea,Taiwan,
South Korea,Tajikistan,
South Korea,Tanzania,
South Korea,Thailand,
South Korea,Timor-Leste,
South Korea,Togo,
South Korea,Tonga,
South Korea,Trinidad and Tobago,
South Korea,Tunisia,
South Korea,Turkmenistan,
South Korea,Tuvalu,
South Korea,Turkey,
South Korea,Uganda,
South Korea,Ukraine,
South Korea,United Arab Emirates,
South Korea,United Kingdom,
South Korea,United States,
South Korea,Uruguay,
South Korea,Uzbekistan,
South Korea,Vanuatu,
South Korea,Vatican,
South Korea,Venezuela,
South Korea,Vietnam,
South Korea,Yemen,
South Korea,Zambia,
South Korea,Zimbabwe,
South Korea,Afghanistan,
South Sudan,Albania,
South Sudan,Algeria,
South Sudan,Andorra,
South Sudan,Angola,
South Sudan,Antigua and Barbuda,
South Sudan,Argentina,
South Sudan,Armenia,
South Sudan,Australia,
South Sudan,Austria,
South Sudan,Azerbaijan,
South Sudan,Bahamas,
South Sudan,Bahrain,
South Sudan,Bangladesh,
South Sudan,Barbados,
South Sudan,Belarus,
South Sudan,Belgium,
South Sudan,Belize,
South Sudan,Benin,
South Sudan,Bhutan,
South Sudan,Bolivia,
South Sudan,Bosnia and Herzegovina,
South Sudan,Botswana,
South Sudan,Brazil,
South Sudan,Brunei,
South Sudan,Bulgaria,
South Sudan,Burkina Faso,
South Sudan,Burundi,
South Sudan,Cambodia,
South Sudan,Cameroon,
South Sudan,Canada,
South Sudan,Cape Verde,
South Sudan,Central African Republic,
South Sudan,Chad,
South Sudan,Chile,
South Sudan,China,
South Sudan,Colombia,
South Sudan,Comoros,
South Sudan,Congo,
South Sudan,DR Congo,
South Sudan,Costa Rica,
South Sudan,Ivory Coast,
South Sudan,Croatia,
South Sudan,Cuba,
South Sudan,Cyprus,
South Sudan,Czech Republic,
South Sudan,Denmark,
South Sudan,Djibouti,
South Sudan,Dominica,
South Sudan,Dominican Republic,
South Sudan,Ecuador,
South Sudan,Egypt,
South Sudan,El Salvador,
South Sudan,Equatorial Guinea,
South Sudan,Eritrea,
South Sudan,Estonia,
South Sudan,Swaziland,
South Sudan,Ethiopia,
South Sudan,Fiji,
South Sudan,Finland,
South Sudan,France,
South Sudan,Gabon,
South Sudan,Gambia,
South Sudan,Georgia,
South Sudan,Germany,
South Sudan,Ghana,
South Sudan,Greece,
South Sudan,Grenada,
South Sudan,Guatemala,
South Sudan,Guinea,
South Sudan,Guinea-Bissau,
South Sudan,Guyana,
South Sudan,Haiti,
South Sudan,Honduras,
South Sudan,Hong Kong,
South Sudan,Hungary,
South Sudan,Iceland,
South Sudan,India,
South Sudan,Indonesia,
South Sudan,Iran,
South Sudan,Iraq,
South Sudan,Ireland,
South Sudan,Israel,
South Sudan,Italy,
South Sudan,Jamaica,
South Sudan,Japan,
South Sudan,Jordan,
South Sudan,Kazakhstan,
South Sudan,Kenya,
South Sudan,Kiribati,
South Sudan,Kosovo,
South Sudan,Kuwait,
South Sudan,Kyrgyzstan,
South Sudan,Laos,
South Sudan,Latvia,
South Sudan,Lebanon,
South Sudan,Lesotho,
South Sudan,Liberia,
South Sudan,Libya,
South Sudan,Liechtenstein,
South Sudan,Lithuania,
South Sudan,Luxembourg,
South Sudan,Macao,
South Sudan,Madagascar,
South Sudan,Malawi,
South Sudan,Malaysia,
South Sudan,Maldives,
South Sudan,Mali,
South Sudan,Malta,
South Sudan,Marshall Islands,
South Sudan,Mauritania,
South Sudan,Mauritius,
South Sudan,Mexico,
South Sudan,Micronesia,
South Sudan,Moldova,
South Sudan,Monaco,
South Sudan,Mongolia,
South Sudan,Montenegro,
South Sudan,Morocco,
South Sudan,Mozambique,
South Sudan,Myanmar,
South Sudan,Namibia,
South Sudan,Nauru,
South Sudan,Nepal,
South Sudan,Netherlands,
South Sudan,New Zealand,
South Sudan,Nicaragua,
South Sudan,Niger,
South Sudan,Nigeria,
South Sudan,North Korea,
South Sudan,North Macedonia,
South Sudan,Norway,
South Sudan,Oman,
South Sudan,Pakistan,
South Sudan,Palau,
South Sudan,Palestine,
South Sudan,Panama,
South Sudan,Papua New Guinea,
South Sudan,Paraguay,
South Sudan,Peru,
South Sudan,Philippines,
South Sudan,Poland,
South Sudan,Portugal,
South Sudan,Qatar,
South Sudan,Romania,
South Sudan,Russia,
South Sudan,Rwanda,
South Sudan,Saint Kitts and Nevis,
South Sudan,Saint Lucia,
South Sudan,Samoa,
South Sudan,San Marino,
South Sudan,Sao Tome and Principe,
South Sudan,Saudi Arabia,
South Sudan,Senegal,
South Sudan,Serbia,
South Sudan,Seychelles,
South Sudan,Sierra Leone,
South Sudan,Singapore,
South Sudan,Slovakia,
South Sudan,Slovenia,
South Sudan,Solomon Islands,
South Sudan,Somalia,
South Sudan,South Africa,
South Sudan,South Korea,
South Sudan,South Sudan,-1
South Sudan,Spain,
South Sudan,Sri Lanka,
South Sudan,Saint Vincent and the Grenadines,
South Sudan,Sudan,
South Sudan,Suriname,
South Sudan,Sweden,
South Sudan,Switzerland,
South Sudan,Syria,
South Sudan,Taiwan,
South Sudan,Tajikistan,
South Sudan,Tanzania,
South Sudan,Thailand,
South Sudan,Timor-Leste,
South Sudan,Togo,
South Sudan,Tonga,
South Sudan,Trinidad and Tobago,
South Sudan,Tunisia,
South Sudan,Turkmenistan,
South Sudan,Tuvalu,
South Sudan,Turkey,
South Sudan,Uganda,
South Sudan,Ukraine,
South Sudan,United Arab Emirates,
South Sudan,United Kingdom,
South Sudan,United States,
South Sudan,Uruguay,
South Sudan,Uzbekistan,
South Sudan,Vanuatu,
South Sudan,Vatican,
South Sudan,Venezuela,
South Sudan,Vietnam,
South Sudan,Yemen,
South Sudan,Zambia,
South Sudan,Zimbabwe,
South Sudan,Afghanistan,
Spain,Albania,
Spain,Algeria,
Spain,Andorra,
Spain,Angola,
Spain,Antigua and Barbuda,
Spain,Argentina,
Spain,Armenia,
Spain,Australia,
Spain,Austria,
Spain,Azerbaijan,
Spain,Bahamas,
Spain,Bahrain,
Spain,Bangladesh,
Spain,Barbados,
Spain,Belarus,
Spain,Belgium,
Spain,Belize,
Spain,Benin,
Spain,Bhutan,
Spain,Bolivia,
Spain,Bosnia and Herzegovina,
Spain,Botswana,
Spain,Brazil,
Spain,Brunei,
Spain,Bulgaria,
Spain,Burkina Faso,
Spain,Burundi,
Spain,Cambodia,
Spain,Cameroon,
Spain,Canada,
Spain,Cape Verde,
Spain,Central African Republic,
Spain,Chad,
Spain,Chile,
Spain,China,
Spain,Colombia,
Spain,Comoros,
Spain,Congo,
Spain,DR Congo,
Spain,Costa Rica,
Spain,Ivory Coast,
Spain,Croatia,
Spain,Cuba,
Spain,Cyprus,
Spain,Czech Republic,
Spain,Denmark,
Spain,Djibouti,
Spain,Dominica,
Spain,Dominican Republic,
Spain,Ecuador,
Spain,Egypt,
Spain,El Salvador,
Spain,Equatorial Guinea,
Spain,Eritrea,
Spain,Estonia,
Spain,Swaziland,
Spain,Ethiopia,
Spain,Fiji,
Spain,Finland,
Spain,France,
Spain,Gabon,
Spain,Gambia,
Spain,Georgia,
Spain,Germany,
Spain,Ghana,
Spain,Greece,
Spain,Grenada,
Spain,Guatemala,
Spain,Guinea,
Spain,Guinea-Bissau,
Spain,Guyana,
Spain,Haiti,
Spain,Honduras,
Spain,Hong Kong,
Spain,Hungary,
Spain,Iceland,
Spain,India,
Spain,Indonesia,
Spain,Iran,
Spain,Iraq,
Spain,Ireland,
Spain,Israel,
Spain,Italy,
Spain,Jamaica,
Spain,Japan,
Spain,Jordan,
Spain,Kazakhstan,
Spain,Kenya,
Spain,Kiribati,
Spain,Kosovo,
Spain,Kuwait,
Spain,Kyrgyzstan,
Spain,Laos,
Spain,Latvia,
Spain,Lebanon,
Spain,Lesotho,
Spain,Liberia,
Spain,Libya,
Spain,Liechtenstein,
Spain,Lithuania,
Spain,Luxembourg,
Spain,Macao,
Spain,Madagascar,
Spain,Malawi,
Spain,Malaysia,
Spain,Maldives,
Spain,Mali,
Spain,Malta,
Spain,Marshall Islands,
Spain,Mauritania,
Spain,Mauritius,
Spain,Mexico,
Spain,Micronesia,
Spain,Moldova,
Spain,Monaco,
Spain,Mongolia,
Spain,Montenegro,
Spain,Morocco,
Spain,Mozambique,
Spain,Myanmar,
Spain,Namibia,
Spain,Nauru,
Spain,Nepal,
Spain,Netherlands,
Spain,New Zealand,
Spain,Nicaragua,
Spain,Niger,
Spain,Nigeria,
Spain,North Korea,
Spain,North Macedonia,
Spain,Norway,
Spain,Oman,
Spain,Pakistan,
Spain,Palau,
Spain,Palestine,
Spain,Panama,
Spain,Papua New Guinea,
Spain,Paraguay,
Spain,Peru,
Spain,Philippines,
Spain,Poland,
Spain,Portugal,
Spain,Qatar,
Spain,Romania,
Spain,Russia,
Spain,Rwanda,
Spain,Saint Kitts and Nevis,
Spain,Saint Lucia,
Spain,Samoa,
Spain,San Marino,
Spain,Sao Tome and Principe,
Spain,Saudi Arabia,
Spain,Senegal,
Spain,Serbia,
Spain,Seychelles,
Spain,Sierra Leone,
Spain,Singapore,
Spain,Slovakia,
Spain,Slovenia,
Spain,Solomon Islands,
Spain,Somalia,
Spain,South Africa,
Spain,South Korea,
Spain,South Sudan,
Spain,Spain,-1
Spain,Sri Lanka,
Spain,Saint Vincent and the Grenadines,
Spain,Sudan,
Spain,Suriname,
Spain,Sweden,
Spain,Switzerland,
Spain,Syria,
Spain,Taiwan,
Spain,Tajikistan,
Spain,Tanzania,
Spain,Thailand,
Spain,Timor-Leste,
Spain,Togo,
Spain,Tonga,
Spain,Trinidad and Tobago,
Spain,Tunisia,
Spain,Turkmenistan,
Spain,Tuvalu,
Spain,Turkey,
Spain,Uganda,
Spain,Ukraine,
Spain,United Arab Emirates,
Spain,United Kingdom,
Spain,United States,
Spain,Uruguay,
Spain,Uzbekistan,
Spain,Vanuatu,
Spain,Vatican,
Spain,Venezuela,
Spain,Vietnam,
Spain,Yemen,
Spain,Zambia,
Spain,Zimbabwe,
Spain,Afghanistan,
Sri Lanka,Albania,
Sri Lanka,Algeria,
Sri Lanka,Andorra,
Sri Lanka,Angola,
Sri Lanka,Antigua and Barbuda,
Sri Lanka,Argentina,
Sri Lanka,Armenia,
Sri Lanka,Australia,
Sri Lanka,Austria,
Sri Lanka,Azerbaijan,
Sri Lanka,Bahamas,
Sri Lanka,Bahrain,
Sri Lanka,Bangladesh,
Sri Lanka,Barbados,
Sri Lanka,Belarus,
Sri Lanka,Belgium,
Sri Lanka,Belize,
Sri Lanka,Benin,
Sri Lanka,Bhutan,
Sri Lanka,Bolivia,
Sri Lanka,Bosnia and Herzegovina,
Sri Lanka,Botswana,
Sri Lanka,Brazil,
Sri Lanka,Brunei,
Sri Lanka,Bulgaria,
Sri Lanka,Burkina Faso,
Sri Lanka,Burundi,
Sri Lanka,Cambodia,
Sri Lanka,Cameroon,
Sri Lanka,Canada,
Sri Lanka,Cape Verde,
Sri Lanka,Central African Republic,
Sri Lanka,Chad,
Sri Lanka,Chile,
Sri Lanka,China,
Sri Lanka,Colombia,
Sri Lanka,Comoros,
Sri Lanka,Congo,
Sri Lanka,DR Congo,
Sri Lanka,Costa Rica,
Sri Lanka,Ivory Coast,
Sri Lanka,Croatia,
Sri Lanka,Cuba,
Sri Lanka,Cyprus,
Sri Lanka,Czech Republic,
Sri Lanka,Denmark,
Sri Lanka,Djibouti,
Sri Lanka,Dominica,
Sri Lanka,Dominican Republic,
Sri Lanka,Ecuador,
Sri Lanka,Egypt,
Sri Lanka,El Salvador,
Sri Lanka,Equatorial Guinea,
Sri Lanka,Eritrea,
Sri Lanka,Estonia,
Sri Lanka,Swaziland,
Sri Lanka,Ethiopia,
Sri Lanka,Fiji,
Sri Lanka,Finland,
Sri Lanka,France,
Sri Lanka,Gabon,
Sri Lanka,Gambia,
Sri Lanka,Georgia,
Sri Lanka,Germany,
Sri Lanka,Ghana,
Sri Lanka,Greece,
Sri Lanka,Grenada,
Sri Lanka,Guatemala,
Sri Lanka,Guinea,
Sri Lanka,Guinea-Bissau,
Sri Lanka,Guyana,
Sri Lanka,Haiti,
Sri Lanka,Honduras,
Sri Lanka,Hong Kong,
Sri Lanka,Hungary,
Sri Lanka,Iceland,
Sri Lanka,India,
Sri Lanka,Indonesia,
Sri Lanka,Iran,
Sri Lanka,Iraq,
Sri Lanka,Ireland,
Sri Lanka,Israel,
Sri Lanka,Italy,
Sri Lanka,Jamaica,
Sri Lanka,Japan,
Sri Lanka,Jordan,
Sri Lanka,Kazakhstan,
Sri Lanka,Kenya,
Sri Lanka,Kiribati,
Sri Lanka,Kosovo,
Sri Lanka,Kuwait,
Sri Lanka,Kyrgyzstan,
Sri Lanka,Laos,
Sri Lanka,Latvia,
Sri Lanka,Lebanon,
Sri Lanka,Lesotho,
Sri Lanka,Liberia,
Sri Lanka,Libya,
Sri Lanka,Liechtenstein,
Sri Lanka,Lithuania,
Sri Lanka,Luxembourg,
Sri Lanka,Macao,
Sri Lanka,Madagascar,
Sri Lanka,Malawi,
Sri Lanka,Malaysia,
Sri Lanka,Maldives,
Sri Lanka,Mali,
Sri Lanka,Malta,
Sri Lanka,Marshall Islands,
Sri Lanka,Mauritania,
Sri Lanka,Mauritius,
Sri Lanka,Mexico,
Sri Lanka,Micronesia,
Sri Lanka,Moldova,
Sri Lanka,Monaco,
Sri Lanka,Mongolia,
Sri Lanka,Montenegro,
Sri Lanka,Morocco,
Sri Lanka,Mozambique,
Sri Lanka,Myanmar,
Sri Lanka,Namibia,
Sri Lanka,Nauru,
Sri Lanka,Nepal,
Sri Lanka,Netherlands,
Sri Lanka,New Zealand,
Sri Lanka,Nicaragua,
Sri Lanka,Niger,
Sri Lanka,Nigeria,
Sri Lanka,North Korea,
Sri Lanka,North Macedonia,
Sri Lanka,Norway,
Sri Lanka,Oman,
Sri Lanka,Pakistan,
Sri Lanka,Palau,
Sri Lanka,Palestine,
Sri Lanka,Panama,
Sri Lanka,Papua New Guinea,
Sri Lanka,Paraguay,
Sri Lanka,Peru,
Sri Lanka,Philippines,
Sri Lanka,Poland,
Sri Lanka,Portugal,
Sri Lanka,Qatar,
Sri Lanka,Romania,
Sri Lanka,Russia,
Sri Lanka,Rwanda,
Sri Lanka,Saint Kitts and Nevis,
Sri Lanka,Saint Lucia,
Sri Lanka,Samoa,
Sri Lanka,San Marino,
Sri Lanka,Sao Tome and Principe,
Sri Lanka,Saudi Arabia,
Sri Lanka,Senegal,
Sri Lanka,Serbia,
Sri Lanka,Seychelles,
Sri Lanka,Sierra Leone,
Sri Lanka,Singapore,
Sri Lanka,Slovakia,
Sri Lanka,Slovenia,
Sri Lanka,Solomon Islands,
Sri Lanka,Somalia,
Sri Lanka,South Africa,
Sri Lanka,South Korea,
Sri Lanka,South Sudan,
Sri Lanka,Spain,
Sri Lanka,Sri Lanka,-1
Sri Lanka,Saint Vincent and the Grenadines,
Sri Lanka,Sudan,
Sri Lanka,Suriname,
Sri Lanka,Sweden,
Sri Lanka,Switzerland,
Sri Lanka,Syria,
Sri Lanka,Taiwan,
Sri Lanka,Tajikistan,
Sri Lanka,Tanzania,
Sri Lanka,Thailand,
Sri Lanka,Timor-Leste,
Sri Lanka,Togo,
Sri Lanka,Tonga,
Sri Lanka,Trinidad and Tobago,
Sri Lanka,Tunisia,
Sri Lanka,Turkmenistan,
Sri Lanka,Tuvalu,
Sri Lanka,Turkey,
Sri Lanka,Uganda,
Sri Lanka,Ukraine,
Sri Lanka,United Arab Emirates,
Sri Lanka,United Kingdom,
Sri Lanka,United States,
Sri Lanka,Uruguay,
Sri Lanka,Uzbekistan,
Sri Lanka,Vanuatu,
Sri Lanka,Vatican,
Sri Lanka,Venezuela,
Sri Lanka,Vietnam,
Sri Lanka,Yemen,
Sri Lanka,Zambia,
Sri Lanka,Zimbabwe,
Sri Lanka,Afghanistan,
Saint Vincent and the Grenadines,Albania,
Saint Vincent and the Grenadines,Algeria,
Saint Vincent and the Grenadines,Andorra,
Saint Vincent and the Grenadines,Angola,
Saint Vincent and the Grenadines,Antigua and Barbuda,
Saint Vincent and the Grenadines,Argentina,
Saint Vincent and the Grenadines,Armenia,
Saint Vincent and the Grenadines,Australia,
Saint Vincent and the Grenadines,Austria,
Saint Vincent and the Grenadines,Azerbaijan,
Saint Vincent and the Grenadines,Bahamas,
Saint Vincent and the Grenadines,Bahrain,
Saint Vincent and the Grenadines,Bangladesh,
Saint Vincent and the Grenadines,Barbados,
Saint Vincent and the Grenadines,Belarus,
Saint Vincent and the Grenadines,Belgium,
Saint Vincent and the Grenadines,Belize,
Saint Vincent and the Grenadines,Benin,
Saint Vincent and the Grenadines,Bhutan,
Saint Vincent and the Grenadines,Bolivia,
Saint Vincent and the Grenadines,Bosnia and Herzegovina,
Saint Vincent and the Grenadines,Botswana,
Saint Vincent and the Grenadines,Brazil,
Saint Vincent and the Grenadines,Brunei,
Saint Vincent and the Grenadines,Bulgaria,
Saint Vincent and the Grenadines,Burkina Faso,
Saint Vincent and the Grenadines,Burundi,
Saint Vincent and the Grenadines,Cambodia,
Saint Vincent and the Grenadines,Cameroon,
Saint Vincent and the Grenadines,Canada,
Saint Vincent and the Grenadines,Cape Verde,
Saint Vincent and the Grenadines,Central African Republic,
Saint Vincent and the Grenadines,Chad,
Saint Vincent and the Grenadines,Chile,
Saint Vincent and the Grenadines,China,
Saint Vincent and the Grenadines,Colombia,
Saint Vincent and the Grenadines,Comoros,
Saint Vincent and the Grenadines,Congo,
Saint Vincent and the Grenadines,DR Congo,
Saint Vincent and the Grenadines,Costa Rica,
Saint Vincent and the Grenadines,Ivory Coast,
Saint Vincent and the Grenadines,Croatia,
Saint Vincent and the Grenadines,Cuba,
Saint Vincent and the Grenadines,Cyprus,
Saint Vincent and the Grenadines,Czech Republic,
Saint Vincent and the Grenadines,Denmark,
Saint Vincent and the Grenadines,Djibouti,
Saint Vincent and the Grenadines,Dominica,
Saint Vincent and the Grenadines,Dominican Republic,
Saint Vincent and the Grenadines,Ecuador,
Saint Vincent and the Grenadines,Egypt,
Saint Vincent and the Grenadines,El Salvador,
Saint Vincent and the Grenadines,Equatorial Guinea,
Saint Vincent and the Grenadines,Eritrea,
Saint Vincent and the Grenadines,Estonia,
Saint Vincent and the Grenadines,Swaziland,
Saint Vincent and the Grenadines,Ethiopia,
Saint Vincent and the Grenadines,Fiji,
Saint Vincent and the Grenadines,Finland,
Saint Vincent and the Grenadines,France,
Saint Vincent and the Grenadines,Gabon,
Saint Vincent and the Grenadines,Gambia,
Saint Vincent and the Grenadines,Georgia,
Saint Vincent and the Grenadines,Germany,
Saint Vincent and the Grenadines,Ghana,
Saint Vincent and the Grenadines,Greece,
Saint Vincent and the Grenadines,Grenada,
Saint Vincent and the Grenadines,Guatemala,
Saint Vincent and the Grenadines,Guinea,
Saint Vincent and the Grenadines,Guinea-Bissau,
Saint Vincent and the Grenadines,Guyana,
Saint Vincent and the Grenadines,Haiti,
Saint Vincent and the Grenadines,Honduras,
Saint Vincent and the Grenadines,Hong Kong,
Saint Vincent and the Grenadines,Hungary,
Saint Vincent and the Grenadines,Iceland,
Saint Vincent and the Grenadines,India,
Saint Vincent and the Grenadines,Indonesia,
Saint Vincent and the Grenadines,Iran,
Saint Vincent and the Grenadines,Iraq,
Saint Vincent and the Grenadines,Ireland,
Saint Vincent and the Grenadines,Israel,
Saint Vincent and the Grenadines,Italy,
Saint Vincent and the Grenadines,Jamaica,
Saint Vincent and the Grenadines,Japan,
Saint Vincent and the Grenadines,Jordan,
Saint Vincent and the Grenadines,Kazakhstan,
Saint Vincent and the Grenadines,Kenya,
Saint Vincent and the Grenadines,Kiribati,
Saint Vincent and the Grenadines,Kosovo,
Saint Vincent and the Grenadines,Kuwait,
Saint Vincent and the Grenadines,Kyrgyzstan,
Saint Vincent and the Grenadines,Laos,
Saint Vincent and the Grenadines,Latvia,
Saint Vincent and the Grenadines,Lebanon,
Saint Vincent and the Grenadines,Lesotho,
Saint Vincent and the Grenadines,Liberia,
Saint Vincent and the Grenadines,Libya,
Saint Vincent and the Grenadines,Liechtenstein,
Saint Vincent and the Grenadines,Lithuania,
Saint Vincent and the Grenadines,Luxembourg,
Saint Vincent and the Grenadines,Macao,
Saint Vincent and the Grenadines,Madagascar,
Saint Vincent and the Grenadines,Malawi,
Saint Vincent and the Grenadines,Malaysia,
Saint Vincent and the Grenadines,Maldives,
Saint Vincent and the Grenadines,Mali,
Saint Vincent and the Grenadines,Malta,
Saint Vincent and the Grenadines,Marshall Islands,
Saint Vincent and the Grenadines,Mauritania,
Saint Vincent and the Grenadines,Mauritius,
Saint Vincent and the Grenadines,Mexico,
Saint Vincent and the Grenadines,Micronesia,
Saint Vincent and the Grenadines,Moldova,
Saint Vincent and the Grenadines,Monaco,
Saint Vincent and the Grenadines,Mongolia,
Saint Vincent and the Grenadines,Montenegro,
Saint Vincent and the Grenadines,Morocco,
Saint Vincent and the Grenadines,Mozambique,
Saint Vincent and the Grenadines,Myanmar,
Saint Vincent and the Grenadines,Namibia,
Saint Vincent and the Grenadines,Nauru,
Saint Vincent and the Grenadines,Nepal,
Saint Vincent and the Grenadines,Netherlands,
Saint Vincent and the Grenadines,New Zealand,
Saint Vincent and the Grenadines,Nicaragua,
Saint Vincent and the Grenadines,Niger,
Saint Vincent and the Grenadines,Nigeria,
Saint Vincent and the Grenadines,North Korea,
Saint Vincent and the Grenadines,North Macedonia,
Saint Vincent and the Grenadines,Norway,
Saint Vincent and the Grenadines,Oman,
Saint Vincent and the Grenadines,Pakistan,
Saint Vincent and the Grenadines,Palau,
Saint Vincent and the Grenadines,Palestine,
Saint Vincent and the Grenadines,Panama,
Saint Vincent and the Grenadines,Papua New Guinea,
Saint Vincent and the Grenadines,Paraguay,
Saint Vincent and the Grenadines,Peru,
Saint Vincent and the Grenadines,Philippines,
Saint Vincent and the Grenadines,Poland,
Saint Vincent and the Grenadines,Portugal,
Saint Vincent and the Grenadines,Qatar,
Saint Vincent and the Grenadines,Romania,
Saint Vincent and the Grenadines,Russia,
Saint Vincent and the Grenadines,Rwanda,
Saint Vincent and the Grenadines,Saint Kitts and Nevis,
Saint Vincent and the Grenadines,Saint Lucia,
Saint Vincent and the Grenadines,Samoa,
Saint Vincent and the Grenadines,San Marino,
Saint Vincent and the Grenadines,Sao Tome and Principe,
Saint Vincent and the Grenadines,Saudi Arabia,
Saint Vincent and the Grenadines,Senegal,
Saint Vincent and the Grenadines,Serbia,
Saint Vincent and the Grenadines,Seychelles,
Saint Vincent and the Grenadines,Sierra Leone,
Saint Vincent and the Grenadines,Singapore,
Saint Vincent and the Grenadines,Slovakia,
Saint Vincent and the Grenadines,Slovenia,
Saint Vincent and the Grenadines,Solomon Islands,
Saint Vincent and the Grenadines,Somalia,
Saint Vincent and the Grenadines,South Africa,
Saint Vincent and the Grenadines,South Korea,
Saint Vincent and the Grenadines,South Sudan,
Saint Vincent and the Grenadines,Spain,
Saint Vincent and the Grenadines,Sri Lanka,
Saint Vincent and the Grenadines,Saint Vincent and the Grenadines,-1
Saint Vincent and the Grenadines,Sudan,
Saint Vincent and the Grenadines,Suriname,
Saint Vincent and the Grenadines,Sweden,
Saint Vincent and the Grenadines,Switzerland,
Saint Vincent and the Grenadines,Syria,
Saint Vincent and the Grenadines,Taiwan,
Saint Vincent and the Grenadines,Tajikistan,
Saint Vincent and the Grenadines,Tanzania,
Saint Vincent and the Grenadines,Thailand,
Saint Vincent and the Grenadines,Timor-Leste,
Saint Vincent and the Grenadines,Togo,
Saint Vincent and the Grenadines,Tonga,
Saint Vincent and the Grenadines,Trinidad and Tobago,
Saint Vincent and the Grenadines,Tunisia,
Saint Vincent and the Grenadines,Turkmenistan,
Saint Vincent and the Grenadines,Tuvalu,
Saint Vincent and the Grenadines,Turkey,
Saint Vincent and the Grenadines,Uganda,
Saint Vincent and the Grenadines,Ukraine,
Saint Vincent and the Grenadines,United Arab Emirates,
Saint Vincent and the Grenadines,United Kingdom,
Saint Vincent and the Grenadines,United States,
Saint Vincent and the Grenadines,Uruguay,
Saint Vincent and the Grenadines,Uzbekistan,
Saint Vincent and the Grenadines,Vanuatu,
Saint Vincent and the Grenadines,Vatican,
Saint Vincent and the Grenadines,Venezuela,
Saint Vincent and the Grenadines,Vietnam,
Saint Vincent and the Grenadines,Yemen,
Saint Vincent and the Grenadines,Zambia,
Saint Vincent and the Grenadines,Zimbabwe,
Saint Vincent and the Grenadines,Afghanistan,
Sudan,Albania,
Sudan,Algeria,
Sudan,Andorra,
Sudan,Angola,
Sudan,Antigua and Barbuda,
Sudan,Argentina,
Sudan,Armenia,
Sudan,Australia,
Sudan,Austria,
Sudan,Azerbaijan,
Sudan,Bahamas,
Sudan,Bahrain,
Sudan,Bangladesh,
Sudan,Barbados,
Sudan,Belarus,
Sudan,Belgium,
Sudan,Belize,
Sudan,Benin,
Sudan,Bhutan,
Sudan,Bolivia,
Sudan,Bosnia and Herzegovina,
Sudan,Botswana,
Sudan,Brazil,
Sudan,Brunei,
Sudan,Bulgaria,
Sudan,Burkina Faso,
Sudan,Burundi,
Sudan,Cambodia,
Sudan,Cameroon,
Sudan,Canada,
Sudan,Cape Verde,
Sudan,Central African Republic,
Sudan,Chad,
Sudan,Chile,
Sudan,China,
Sudan,Colombia,
Sudan,Comoros,
Sudan,Congo,
Sudan,DR Congo,
Sudan,Costa Rica,
Sudan,Ivory Coast,
Sudan,Croatia,
Sudan,Cuba,
Sudan,Cyprus,
Sudan,Czech Republic,
Sudan,Denmark,
Sudan,Djibouti,
Sudan,Dominica,
Sudan,Dominican Republic,
Sudan,Ecuador,
Sudan,Egypt,
Sudan,El Salvador,
Sudan,Equatorial Guinea,
Sudan,Eritrea,
Sudan,Estonia,
Sudan,Swaziland,
Sudan,Ethiopia,
Sudan,Fiji,
Sudan,Finland,
Sudan,France,
Sudan,Gabon,
Sudan,Gambia,
Sudan,Georgia,
Sudan,Germany,
Sudan,Ghana,
Sudan,Greece,
Sudan,Grenada,
Sudan,Guatemala,
Sudan,Guinea,
Sudan,Guinea-Bissau,
Sudan,Guyana,
Sudan,Haiti,
Sudan,Honduras,
Sudan,Hong Kong,
Sudan,Hungary,
Sudan,Iceland,
Sudan,India,
Sudan,Indonesia,
Sudan,Iran,
Sudan,Iraq,
Sudan,Ireland,
Sudan,Israel,
Sudan,Italy,
Sudan,Jamaica,
Sudan,Japan,
Sudan,Jordan,
Sudan,Kazakhstan,
Sudan,Kenya,
Sudan,Kiribati,
Sudan,Kosovo,
Sudan,Kuwait,
Sudan,Kyrgyzstan,
Sudan,Laos,
Sudan,Latvia,
Sudan,Lebanon,
Sudan,Lesotho,
Sudan,Liberia,
Sudan,Libya,
Sudan,Liechtenstein,
Sudan,Lithuania,
Sudan,Luxembourg,
Sudan,Macao,
Sudan,Madagascar,
Sudan,Malawi,
Sudan,Malaysia,
Sudan,Maldives,
Sudan,Mali,
Sudan,Malta,
Sudan,Marshall Islands,
Sudan,Mauritania,
Sudan,Mauritius,
Sudan,Mexico,
Sudan,Micronesia,
Sudan,Moldova,
Sudan,Monaco,
Sudan,Mongolia,
Sudan,Montenegro,
Sudan,Morocco,
Sudan,Mozambique,
Sudan,Myanmar,
Sudan,Namibia,
Sudan,Nauru,
Sudan,Nepal,
Sudan,Netherlands,
Sudan,New Zealand,
Sudan,Nicaragua,
Sudan,Niger,
Sudan,Nigeria,
Sudan,North Korea,
Sudan,North Macedonia,
Sudan,Norway,
Sudan,Oman,
Sudan,Pakistan,
Sudan,Palau,
Sudan,Palestine,
Sudan,Panama,
Sudan,Papua New Guinea,
Sudan,Paraguay,
Sudan,Peru,
Sudan,Philippines,
Sudan,Poland,
Sudan,Portugal,
Sudan,Qatar,
Sudan,Romania,
Sudan,Russia,
Sudan,Rwanda,
Sudan,Saint Kitts and Nevis,
Sudan,Saint Lucia,
Sudan,Samoa,
Sudan,San Marino,
Sudan,Sao Tome and Principe,
Sudan,Saudi Arabia,
Sudan,Senegal,
Sudan,Serbia,
Sudan,Seychelles,
Sudan,Sierra Leone,
Sudan,Singapore,
Sudan,Slovakia,
Sudan,Slovenia,
Sudan,Solomon Islands,
Sudan,Somalia,
Sudan,South Africa,
Sudan,South Korea,
Sudan,South Sudan,
Sudan,Spain,
Sudan,Sri Lanka,
Sudan,Saint Vincent and the Grenadines,
Sudan,Sudan,-1
Sudan,Suriname,
Sudan,Sweden,
Sudan,Switzerland,
Sudan,Syria,
Sudan,Taiwan,
Sudan,Tajikistan,
Sudan,Tanzania,
Sudan,Thailand,
Sudan,Timor-Leste,
Sudan,Togo,
Sudan,Tonga,
Sudan,Trinidad and Tobago,
Sudan,Tunisia,
Sudan,Turkmenistan,
Sudan,Tuvalu,
Sudan,Turkey,
Sudan,Uganda,
Sudan,Ukraine,
Sudan,United Arab Emirates,
Sudan,United Kingdom,
Sudan,United States,
Sudan,Uruguay,
Sudan,Uzbekistan,
Sudan,Vanuatu,
Sudan,Vatican,
Sudan,Venezuela,
Sudan,Vietnam,
Sudan,Yemen,
Sudan,Zambia,
Sudan,Zimbabwe,
Sudan,Afghanistan,
Suriname,Albania,
Suriname,Algeria,
Suriname,Andorra,
Suriname,Angola,
Suriname,Antigua and Barbuda,
Suriname,Argentina,
Suriname,Armenia,
Suriname,Australia,
Suriname,Austria,
Suriname,Azerbaijan,
Suriname,Bahamas,
Suriname,Bahrain,
Suriname,Bangladesh,
Suriname,Barbados,
Suriname,Belarus,
Suriname,Belgium,
Suriname,Belize,
Suriname,Benin,
Suriname,Bhutan,
Suriname,Bolivia,
Suriname,Bosnia and Herzegovina,
Suriname,Botswana,
Suriname,Brazil,
Suriname,Brunei,
Suriname,Bulgaria,
Suriname,Burkina Faso,
Suriname,Burundi,
Suriname,Cambodia,
Suriname,Cameroon,
Suriname,Canada,
Suriname,Cape Verde,
Suriname,Central African Republic,
Suriname,Chad,
Suriname,Chile,
Suriname,China,
Suriname,Colombia,
Suriname,Comoros,
Suriname,Congo,
Suriname,DR Congo,
Suriname,Costa Rica,
Suriname,Ivory Coast,
Suriname,Croatia,
Suriname,Cuba,
Suriname,Cyprus,
Suriname,Czech Republic,
Suriname,Denmark,
Suriname,Djibouti,
Suriname,Dominica,
Suriname,Dominican Republic,
Suriname,Ecuador,
Suriname,Egypt,
Suriname,El Salvador,
Suriname,Equatorial Guinea,
Suriname,Eritrea,
Suriname,Estonia,
Suriname,Swaziland,
Suriname,Ethiopia,
Suriname,Fiji,
Suriname,Finland,
Suriname,France,
Suriname,Gabon,
Suriname,Gambia,
Suriname,Georgia,
Suriname,Germany,
Suriname,Ghana,
Suriname,Greece,
Suriname,Grenada,
Suriname,Guatemala,
Suriname,Guinea,
Suriname,Guinea-Bissau,
Suriname,Guyana,
Suriname,Haiti,
Suriname,Honduras,
Suriname,Hong Kong,
Suriname,Hungary,
Suriname,Iceland,
Suriname,India,
Suriname,Indonesia,
Suriname,Iran,
Suriname,Iraq,
Suriname,Ireland,
Suriname,Israel,
Suriname,Italy,
Suriname,Jamaica,
Suriname,Japan,
Suriname,Jordan,
Suriname,Kazakhstan,
Suriname,Kenya,
Suriname,Kiribati,
Suriname,Kosovo,
Suriname,Kuwait,
Suriname,Kyrgyzstan,
Suriname,Laos,
Suriname,Latvia,
Suriname,Lebanon,
Suriname,Lesotho,
Suriname,Liberia,
Suriname,Libya,
Suriname,Liechtenstein,
Suriname,Lithuania,
Suriname,Luxembourg,
Suriname,Macao,
Suriname,Madagascar,
Suriname,Malawi,
Suriname,Malaysia,
Suriname,Maldives,
Suriname,Mali,
Suriname,Malta,
Suriname,Marshall Islands,
Suriname,Mauritania,
Suriname,Mauritius,
Suriname,Mexico,
Suriname,Micronesia,
Suriname,Moldova,
Suriname,Monaco,
Suriname,Mongolia,
Suriname,Montenegro,
Suriname,Morocco,
Suriname,Mozambique,
Suriname,Myanmar,
Suriname,Namibia,
Suriname,Nauru,
Suriname,Nepal,
Suriname,Netherlands,
Suriname,New Zealand,
Suriname,Nicaragua,
Suriname,Niger,
Suriname,Nigeria,
Suriname,North Korea,
Suriname,North Macedonia,
Suriname,Norway,
Suriname,Oman,
Suriname,Pakistan,
Suriname,Palau,
Suriname,Palestine,
Suriname,Panama,
Suriname,Papua New Guinea,
Suriname,Paraguay,
Suriname,Peru,
Suriname,Philippines,
Suriname,Poland,
Suriname,Portugal,
Suriname,Qatar,
Suriname,Romania,
Suriname,Russia,
Suriname,Rwanda,
Suriname,Saint Kitts and Nevis,
Suriname,Saint Lucia,
Suriname,Samoa,
Suriname,San Marino,
Suriname,Sao Tome and Principe,
Suriname,Saudi Arabia,
Suriname,Senegal,
Suriname,Serbia,
Suriname,Seychelles,
Suriname,Sierra Leone,
Suriname,Singapore,
Suriname,Slovakia,
Suriname,Slovenia,
Suriname,Solomon Islands,
Suriname,Somalia,
Suriname,South Africa,
Suriname,South Korea,
Suriname,South Sudan,
Suriname,Spain,
Suriname,Sri Lanka,
Suriname,Saint Vincent and the Grenadines,
Suriname,Sudan,
Suriname,Suriname,-1
Suriname,Sweden,
Suriname,Switzerland,
Suriname,Syria,
Suriname,Taiwan,
Suriname,Tajikistan,
Suriname,Tanzania,
Suriname,Thailand,
Suriname,Timor-Leste,
Suriname,Togo,
Suriname,Tonga,
Suriname,Trinidad and Tobago,
Suriname,Tunisia,
Suriname,Turkmenistan,
Suriname,Tuvalu,
Suriname,Turkey,
Suriname,Uganda,
Suriname,Ukraine,
Suriname,United Arab Emirates,
Suriname,United Kingdom,
Suriname,United States,
Suriname,Uruguay,
Suriname,Uzbekistan,
Suriname,Vanuatu,
Suriname,Vatican,
Suriname,Venezuela,
Suriname,Vietnam,
Suriname,Yemen,
Suriname,Zambia,
Suriname,Zimbabwe,
Suriname,Afghanistan,
Sweden,Albania,
Sweden,Algeria,
Sweden,Andorra,
Sweden,Angola,
Sweden,Antigua and Barbuda,
Sweden,Argentina,
Sweden,Armenia,
Sweden,Australia,
Sweden,Austria,
Sweden,Azerbaijan,
Sweden,Bahamas,
Sweden,Bahrain,
Sweden,Bangladesh,
Sweden,Barbados,
Sweden,Belarus,
Sweden,Belgium,
Sweden,Belize,
Sweden,Benin,
Sweden,Bhutan,
Sweden,Bolivia,
Sweden,Bosnia and Herzegovina,
Sweden,Botswana,
Sweden,Brazil,
Sweden,Brunei,
Sweden,Bulgaria,
Sweden,Burkina Faso,
Sweden,Burundi,
Sweden,Cambodia,
Sweden,Cameroon,
Sweden,Canada,
Sweden,Cape Verde,
Sweden,Central African Republic,
Sweden,Chad,
Sweden,Chile,
Sweden,China,
Sweden,Colombia,
Sweden,Comoros,
Sweden,Congo,
Sweden,DR Congo,
Sweden,Costa Rica,
Sweden,Ivory Coast,
Sweden,Croatia,
Sweden,Cuba,
Sweden,Cyprus,
Sweden,Czech Republic,
Sweden,Denmark,
Sweden,Djibouti,
Sweden,Dominica,
Sweden,Dominican Republic,
Sweden,Ecuador,
Sweden,Egypt,
Sweden,El Salvador,
Sweden,Equatorial Guinea,
Sweden,Eritrea,
Sweden,Estonia,
Sweden,Swaziland,
Sweden,Ethiopia,
Sweden,Fiji,
Sweden,Finland,
Sweden,France,
Sweden,Gabon,
Sweden,Gambia,
Sweden,Georgia,
Sweden,Germany,
Sweden,Ghana,
Sweden,Greece,
Sweden,Grenada,
Sweden,Guatemala,
Sweden,Guinea,
Sweden,Guinea-Bissau,
Sweden,Guyana,
Sweden,Haiti,
Sweden,Honduras,
Sweden,Hong Kong,
Sweden,Hungary,
Sweden,Iceland,
Sweden,India,
Sweden,Indonesia,
Sweden,Iran,
Sweden,Iraq,
Sweden,Ireland,
Sweden,Israel,
Sweden,Italy,
Sweden,Jamaica,
Sweden,Japan,
Sweden,Jordan,
Sweden,Kazakhstan,
Sweden,Kenya,
Sweden,Kiribati,
Sweden,Kosovo,
Sweden,Kuwait,
Sweden,Kyrgyzstan,
Sweden,Laos,
Sweden,Latvia,
Sweden,Lebanon,
Sweden,Lesotho,
Sweden,Liberia,
Sweden,Libya,
Sweden,Liechtenstein,
Sweden,Lithuania,
Sweden,Luxembourg,
Sweden,Macao,
Sweden,Madagascar,
Sweden,Malawi,
Sweden,Malaysia,
Sweden,Maldives,
Sweden,Mali,
Sweden,Malta,
Sweden,Marshall Islands,
Sweden,Mauritania,
Sweden,Mauritius,
Sweden,Mexico,
Sweden,Micronesia,
Sweden,Moldova,
Sweden,Monaco,
Sweden,Mongolia,
Sweden,Montenegro,
Sweden,Morocco,
Sweden,Mozambique,
Sweden,Myanmar,
Sweden,Namibia,
Sweden,Nauru,
Sweden,Nepal,
Sweden,Netherlands,
Sweden,New Zealand,
Sweden,Nicaragua,
Sweden,Niger,
Sweden,Nigeria,
Sweden,North Korea,
Sweden,North Macedonia,
Sweden,Norway,
Sweden,Oman,
Sweden,Pakistan,
Sweden,Palau,
Sweden,Palestine,
Sweden,Panama,
Sweden,Papua New Guinea,
Sweden,Paraguay,
Sweden,Peru,
Sweden,Philippines,
Sweden,Poland,
Sweden,Portugal,
Sweden,Qatar,
Sweden,Romania,
Sweden,Russia,
Sweden,Rwanda,
Sweden,Saint Kitts and Nevis,
Sweden,Saint Lucia,
Sweden,Samoa,
Sweden,San Marino,
Sweden,Sao Tome and Principe,
Sweden,Saudi Arabia,
Sweden,Senegal,
Sweden,Serbia,
Sweden,Seychelles,
Sweden,Sierra Leone,
Sweden,Singapore,
Sweden,Slovakia,
Sweden,Slovenia,
Sweden,Solomon Islands,
Sweden,Somalia,
Sweden,South Africa,
Sweden,South Korea,
Sweden,South Sudan,
Sweden,Spain,
Sweden,Sri Lanka,
Sweden,Saint Vincent and the Grenadines,
Sweden,Sudan,
Sweden,Suriname,
Sweden,Sweden,-1
Sweden,Switzerland,
Sweden,Syria,
Sweden,Taiwan,
Sweden,Tajikistan,
Sweden,Tanzania,
Sweden,Thailand,
Sweden,Timor-Leste,
Sweden,Togo,
Sweden,Tonga,
Sweden,Trinidad and Tobago,
Sweden,Tunisia,
Sweden,Turkmenistan,
Sweden,Tuvalu,
Sweden,Turkey,
Sweden,Uganda,
Sweden,Ukraine,
Sweden,United Arab Emirates,
Sweden,United Kingdom,
Sweden,United States,
Sweden,Uruguay,
Sweden,Uzbekistan,
Sweden,Vanuatu,
Sweden,Vatican,
Sweden,Venezuela,
Sweden,Vietnam,
Sweden,Yemen,
Sweden,Zambia,
Sweden,Zimbabwe,
Sweden,Afghanistan,
Switzerland,Albania,
Switzerland,Algeria,
Switzerland,Andorra,
Switzerland,Angola,
Switzerland,Antigua and Barbuda,
Switzerland,Argentina,
Switzerland,Armenia,
Switzerland,Australia,
Switzerland,Austria,
Switzerland,Azerbaijan,
Switzerland,Bahamas,
Switzerland,Bahrain,
Switzerland,Bangladesh,
Switzerland,Barbados,
Switzerland,Belarus,
Switzerland,Belgium,
Switzerland,Belize,
Switzerland,Benin,
Switzerland,Bhutan,
Switzerland,Bolivia,
Switzerland,Bosnia and Herzegovina,
Switzerland,Botswana,
Switzerland,Brazil,
Switzerland,Brunei,
Switzerland,Bulgaria,
Switzerland,Burkina Faso,
Switzerland,Burundi,
Switzerland,Cambodia,
Switzerland,Cameroon,
Switzerland,Canada,
Switzerland,Cape Verde,
Switzerland,Central African Republic,
Switzerland,Chad,
Switzerland,Chile,
Switzerland,China,
Switzerland,Colombia,
Switzerland,Comoros,
Switzerland,Congo,
Switzerland,DR Congo,
Switzerland,Costa Rica,
Switzerland,Ivory Coast,
Switzerland,Croatia,
Switzerland,Cuba,
Switzerland,Cyprus,
Switzerland,Czech Republic,
Switzerland,Denmark,
Switzerland,Djibouti,
Switzerland,Dominica,
Switzerland,Dominican Republic,
Switzerland,Ecuador,
Switzerland,Egypt,
Switzerland,El Salvador,
Switzerland,Equatorial Guinea,
Switzerland,Eritrea,
Switzerland,Estonia,
Switzerland,Swaziland,
Switzerland,Ethiopia,
Switzerland,Fiji,
Switzerland,Finland,
Switzerland,France,
Switzerland,Gabon,
Switzerland,Gambia,
Switzerland,Georgia,
Switzerland,Germany,
Switzerland,Ghana,
Switzerland,Greece,
Switzerland,Grenada,
Switzerland,Guatemala,
Switzerland,Guinea,
Switzerland,Guinea-Bissau,
Switzerland,Guyana,
Switzerland,Haiti,
Switzerland,Honduras,
Switzerland,Hong Kong,
Switzerland,Hungary,
Switzerland,Iceland,
Switzerland,India,
Switzerland,Indonesia,
Switzerland,Iran,
Switzerland,Iraq,
Switzerland,Ireland,
Switzerland,Israel,
Switzerland,Italy,
Switzerland,Jamaica,
Switzerland,Japan,
Switzerland,Jordan,
Switzerland,Kazakhstan,
Switzerland,Kenya,
Switzerland,Kiribati,
Switzerland,Kosovo,
Switzerland,Kuwait,
Switzerland,Kyrgyzstan,
Switzerland,Laos,
Switzerland,Latvia,
Switzerland,Lebanon,
Switzerland,Lesotho,
Switzerland,Liberia,
Switzerland,Libya,
Switzerland,Liechtenstein,
Switzerland,Lithuania,
Switzerland,Luxembourg,
Switzerland,Macao,
Switzerland,Madagascar,
Switzerland,Malawi,
Switzerland,Malaysia,
Switzerland,Maldives,
Switzerland,Mali,
Switzerland,Malta,
Switzerland,Marshall Islands,
Switzerland,Mauritania,
Switzerland,Mauritius,
Switzerland,Mexico,
Switzerland,Micronesia,
Switzerland,Moldova,
Switzerland,Monaco,
Switzerland,Mongolia,
Switzerland,Montenegro,
Switzerland,Morocco,
Switzerland,Mozambique,
Switzerland,Myanmar,
Switzerland,Namibia,
Switzerland,Nauru,
Switzerland,Nepal,
Switzerland,Netherlands,
Switzerland,New Zealand,
Switzerland,Nicaragua,
Switzerland,Niger,
Switzerland,Nigeria,
Switzerland,North Korea,
Switzerland,North Macedonia,
Switzerland,Norway,
Switzerland,Oman,
Switzerland,Pakistan,
Switzerland,Palau,
Switzerland,Palestine,
Switzerland,Panama,
Switzerland,Papua New Guinea,
Switzerland,Paraguay,
Switzerland,Peru,
Switzerland,Philippines,
Switzerland,Poland,
Switzerland,Portugal,
Switzerland,Qatar,
Switzerland,Romania,
Switzerland,Russia,
Switzerland,Rwanda,
Switzerland,Saint Kitts and Nevis,
Switzerland,Saint Lucia,
Switzerland,Samoa,
Switzerland,San Marino,
Switzerland,Sao Tome and Principe,
Switzerland,Saudi Arabia,
Switzerland,Senegal,
Switzerland,Serbia,
Switzerland,Seychelles,
Switzerland,Sierra Leone,
Switzerland,Singapore,
Switzerland,Slovakia,
Switzerland,Slovenia,
Switzerland,Solomon Islands,
Switzerland,Somalia,
Switzerland,South Africa,
Switzerland,South Korea,
Switzerland,South Sudan,
Switzerland,Spain,
Switzerland,Sri Lanka,
Switzerland,Saint Vincent and the Grenadines,
Switzerland,Sudan,
Switzerland,Suriname,
Switzerland,Sweden,
Switzerland,Switzerland,-1
Switzerland,Syria,
Switzerland,Taiwan,
Switzerland,Tajikistan,
Switzerland,Tanzania,
Switzerland,Thailand,
Switzerland,Timor-Leste,
Switzerland,Togo,
Switzerland,Tonga,
Switzerland,Trinidad and Tobago,
Switzerland,Tunisia,
Switzerland,Turkmenistan,
Switzerland,Tuvalu,
Switzerland,Turkey,
Switzerland,Uganda,
Switzerland,Ukraine,
Switzerland,United Arab Emirates,
Switzerland,United Kingdom,
Switzerland,United States,
Switzerland,Uruguay,
Switzerland,Uzbekistan,
Switzerland,Vanuatu,
Switzerland,Vatican,
Switzerland,Venezuela,
Switzerland,Vietnam,
Switzerland,Yemen,
Switzerland,Zambia,
Switzerland,Zimbabwe,
Switzerland,Afghanistan,
Syria,Albania,
Syria,Algeria,
Syria,Andorra,
Syria,Angola,
Syria,Antigua and Barbuda,
Syria,Argentina,
Syria,Armenia,
Syria,Australia,
Syria,Austria,
Syria,Azerbaijan,
Syria,Bahamas,
Syria,Bahrain,
Syria,Bangladesh,
Syria,Barbados,
Syria,Belarus,
Syria,Belgium,
Syria,Belize,
Syria,Benin,
Syria,Bhutan,
Syria,Bolivia,
Syria,Bosnia and Herzegovina,
Syria,Botswana,
Syria,Brazil,
Syria,Brunei,
Syria,Bulgaria,
Syria,Burkina Faso,
Syria,Burundi,
Syria,Cambodia,
Syria,Cameroon,
Syria,Canada,
Syria,Cape Verde,
Syria,Central African Republic,
Syria,Chad,
Syria,Chile,
Syria,China,
Syria,Colombia,
Syria,Comoros,
Syria,Congo,
Syria,DR Congo,
Syria,Costa Rica,
Syria,Ivory Coast,
Syria,Croatia,
Syria,Cuba,
Syria,Cyprus,
Syria,Czech Republic,
Syria,Denmark,
Syria,Djibouti,
Syria,Dominica,
Syria,Dominican Republic,
Syria,Ecuador,
Syria,Egypt,
Syria,El Salvador,
Syria,Equatorial Guinea,
Syria,Eritrea,
Syria,Estonia,
Syria,Swaziland,
Syria,Ethiopia,
Syria,Fiji,
Syria,Finland,
Syria,France,
Syria,Gabon,
Syria,Gambia,
Syria,Georgia,
Syria,Germany,
Syria,Ghana,
Syria,Greece,
Syria,Grenada,
Syria,Guatemala,
Syria,Guinea,
Syria,Guinea-Bissau,
Syria,Guyana,
Syria,Haiti,
Syria,Honduras,
Syria,Hong Kong,
Syria,Hungary,
Syria,Iceland,
Syria,India,
Syria,Indonesia,
Syria,Iran,
Syria,Iraq,
Syria,Ireland,
Syria,Israel,
Syria,Italy,
Syria,Jamaica,
Syria,Japan,
Syria,Jordan,
Syria,Kazakhstan,
Syria,Kenya,
Syria,Kiribati,
Syria,Kosovo,
Syria,Kuwait,
Syria,Kyrgyzstan,
Syria,Laos,
Syria,Latvia,
Syria,Lebanon,
Syria,Lesotho,
Syria,Liberia,
Syria,Libya,
Syria,Liechtenstein,
Syria,Lithuania,
Syria,Luxembourg,
Syria,Macao,
Syria,Madagascar,
Syria,Malawi,
Syria,Malaysia,
Syria,Maldives,
Syria,Mali,
Syria,Malta,
Syria,Marshall Islands,
Syria,Mauritania,
Syria,Mauritius,
Syria,Mexico,
Syria,Micronesia,
Syria,Moldova,
Syria,Monaco,
Syria,Mongolia,
Syria,Montenegro,
Syria,Morocco,
Syria,Mozambique,
Syria,Myanmar,
Syria,Namibia,
Syria,Nauru,
Syria,Nepal,
Syria,Netherlands,
Syria,New Zealand,
Syria,Nicaragua,
Syria,Niger,
Syria,Nigeria,
Syria,North Korea,
Syria,North Macedonia,
Syria,Norway,
Syria,Oman,
Syria,Pakistan,
Syria,Palau,
Syria,Palestine,
Syria,Panama,
Syria,Papua New Guinea,
Syria,Paraguay,
Syria,Peru,
Syria,Philippines,
Syria,Poland,
Syria,Portugal,
Syria,Qatar,
Syria,Romania,
Syria,Russia,
Syria,Rwanda,
Syria,Saint Kitts and Nevis,
Syria,Saint Lucia,
Syria,Samoa,
Syria,San Marino,
Syria,Sao Tome and Principe,
Syria,Saudi Arabia,
Syria,Senegal,
Syria,Serbia,
Syria,Seychelles,
Syria,Sierra Leone,
Syria,Singapore,
Syria,Slovakia,
Syria,Slovenia,
Syria,Solomon Islands,
Syria,Somalia,
Syria,South Africa,
Syria,South Korea,
Syria,South Sudan,
Syria,Spain,
Syria,Sri Lanka,
Syria,Saint Vincent and the Grenadines,
Syria,Sudan,
Syria,Suriname,
Syria,Sweden,
Syria,Switzerland,
Syria,Syria,-1
Syria,Taiwan,
Syria,Tajikistan,
Syria,Tanzania,
Syria,Thailand,
Syria,Timor-Leste,
Syria,Togo,
Syria,Tonga,
Syria,Trinidad and Tobago,
Syria,Tunisia,
Syria,Turkmenistan,
Syria,Tuvalu,
Syria,Turkey,
Syria,Uganda,
Syria,Ukraine,
Syria,United Arab Emirates,
Syria,United Kingdom,
Syria,United States,
Syria,Uruguay,
Syria,Uzbekistan,
Syria,Vanuatu,
Syria,Vatican,
Syria,Venezuela,
Syria,Vietnam,
Syria,Yemen,
Syria,Zambia,
Syria,Zimbabwe,
Syria,Afghanistan,
Taiwan,Albania,
Taiwan,Algeria,
Taiwan,Andorra,
Taiwan,Angola,
Taiwan,Antigua and Barbuda,
Taiwan,Argentina,
Taiwan,Armenia,
Taiwan,Australia,
Taiwan,Austria,
Taiwan,Azerbaijan,
Taiwan,Bahamas,
Taiwan,Bahrain,
Taiwan,Bangladesh,
Taiwan,Barbados,
Taiwan,Belarus,
Taiwan,Belgium,
Taiwan,Belize,
Taiwan,Benin,
Taiwan,Bhutan,
Taiwan,Bolivia,
Taiwan,Bosnia and Herzegovina,
Taiwan,Botswana,
Taiwan,Brazil,
Taiwan,Brunei,
Taiwan,Bulgaria,
Taiwan,Burkina Faso,
Taiwan,Burundi,
Taiwan,Cambodia,
Taiwan,Cameroon,
Taiwan,Canada,
Taiwan,Cape Verde,
Taiwan,Central African Republic,
Taiwan,Chad,
Taiwan,Chile,
Taiwan,China,
Taiwan,Colombia,
Taiwan,Comoros,
Taiwan,Congo,
Taiwan,DR Congo,
Taiwan,Costa Rica,
Taiwan,Ivory Coast,
Taiwan,Croatia,
Taiwan,Cuba,
Taiwan,Cyprus,
Taiwan,Czech Republic,
Taiwan,Denmark,
Taiwan,Djibouti,
Taiwan,Dominica,
Taiwan,Dominican Republic,
Taiwan,Ecuador,
Taiwan,Egypt,
Taiwan,El Salvador,
Taiwan,Equatorial Guinea,
Taiwan,Eritrea,
Taiwan,Estonia,
Taiwan,Swaziland,
Taiwan,Ethiopia,
Taiwan,Fiji,
Taiwan,Finland,
Taiwan,France,
Taiwan,Gabon,
Taiwan,Gambia,
Taiwan,Georgia,
Taiwan,Germany,
Taiwan,Ghana,
Taiwan,Greece,
Taiwan,Grenada,
Taiwan,Guatemala,
Taiwan,Guinea,
Taiwan,Guinea-Bissau,
Taiwan,Guyana,
Taiwan,Haiti,
Taiwan,Honduras,
Taiwan,Hong Kong,
Taiwan,Hungary,
Taiwan,Iceland,
Taiwan,India,
Taiwan,Indonesia,
Taiwan,Iran,
Taiwan,Iraq,
Taiwan,Ireland,
Taiwan,Israel,
Taiwan,Italy,
Taiwan,Jamaica,
Taiwan,Japan,
Taiwan,Jordan,
Taiwan,Kazakhstan,
Taiwan,Kenya,
Taiwan,Kiribati,
Taiwan,Kosovo,
Taiwan,Kuwait,
Taiwan,Kyrgyzstan,
Taiwan,Laos,
Taiwan,Latvia,
Taiwan,Lebanon,
Taiwan,Lesotho,
Taiwan,Liberia,
Taiwan,Libya,
Taiwan,Liechtenstein,
Taiwan,Lithuania,
Taiwan,Luxembourg,
Taiwan,Macao,
Taiwan,Madagascar,
Taiwan,Malawi,
Taiwan,Malaysia,
Taiwan,Maldives,
Taiwan,Mali,
Taiwan,Malta,
Taiwan,Marshall Islands,
Taiwan,Mauritania,
Taiwan,Mauritius,
Taiwan,Mexico,
Taiwan,Micronesia,
Taiwan,Moldova,
Taiwan,Monaco,
Taiwan,Mongolia,
Taiwan,Montenegro,
Taiwan,Morocco,
Taiwan,Mozambique,
Taiwan,Myanmar,
Taiwan,Namibia,
Taiwan,Nauru,
Taiwan,Nepal,
Taiwan,Netherlands,
Taiwan,New Zealand,
Taiwan,Nicaragua,
Taiwan,Niger,
Taiwan,Nigeria,
Taiwan,North Korea,
Taiwan,North Macedonia,
Taiwan,Norway,
Taiwan,Oman,
Taiwan,Pakistan,
Taiwan,Palau,
Taiwan,Palestine,
Taiwan,Panama,
Taiwan,Papua New Guinea,
Taiwan,Paraguay,
Taiwan,Peru,
Taiwan,Philippines,
Taiwan,Poland,
Taiwan,Portugal,
Taiwan,Qatar,
Taiwan,Romania,
Taiwan,Russia,
Taiwan,Rwanda,
Taiwan,Saint Kitts and Nevis,
Taiwan,Saint Lucia,
Taiwan,Samoa,
Taiwan,San Marino,
Taiwan,Sao Tome and Principe,
Taiwan,Saudi Arabia,
Taiwan,Senegal,
Taiwan,Serbia,
Taiwan,Seychelles,
Taiwan,Sierra Leone,
Taiwan,Singapore,
Taiwan,Slovakia,
Taiwan,Slovenia,
Taiwan,Solomon Islands,
Taiwan,Somalia,
Taiwan,South Africa,
Taiwan,South Korea,
Taiwan,South Sudan,
Taiwan,Spain,
Taiwan,Sri Lanka,
Taiwan,Saint Vincent and the Grenadines,
Taiwan,Sudan,
Taiwan,Suriname,
Taiwan,Sweden,
Taiwan,Switzerland,
Taiwan,Syria,
Taiwan,Taiwan,-1
Taiwan,Tajikistan,
Taiwan,Tanzania,
Taiwan,Thailand,
Taiwan,Timor-Leste,
Taiwan,Togo,
Taiwan,Tonga,
Taiwan,Trinidad and Tobago,
Taiwan,Tunisia,
Taiwan,Turkmenistan,
Taiwan,Tuvalu,
Taiwan,Turkey,
Taiwan,Uganda,
Taiwan,Ukraine,
Taiwan,United Arab Emirates,
Taiwan,United Kingdom,
Taiwan,United States,
Taiwan,Uruguay,
Taiwan,Uzbekistan,
Taiwan,Vanuatu,
Taiwan,Vatican,
Taiwan,Venezuela,
Taiwan,Vietnam,
Taiwan,Yemen,
Taiwan,Zambia,
Taiwan,Zimbabwe,
Taiwan,Afghanistan,
Tajikistan,Albania,
Tajikistan,Algeria,
Tajikistan,Andorra,
Tajikistan,Angola,
Tajikistan,Antigua and Barbuda,
Tajikistan,Argentina,
Tajikistan,Armenia,
Tajikistan,Australia,
Tajikistan,Austria,
Tajikistan,Azerbaijan,
Tajikistan,Bahamas,
Tajikistan,Bahrain,
Tajikistan,Bangladesh,
Tajikistan,Barbados,
Tajikistan,Belarus,
Tajikistan,Belgium,
Tajikistan,Belize,
Tajikistan,Benin,
Tajikistan,Bhutan,
Tajikistan,Bolivia,
Tajikistan,Bosnia and Herzegovina,
Tajikistan,Botswana,
Tajikistan,Brazil,
Tajikistan,Brunei,
Tajikistan,Bulgaria,
Tajikistan,Burkina Faso,
Tajikistan,Burundi,
Tajikistan,Cambodia,
Tajikistan,Cameroon,
Tajikistan,Canada,
Tajikistan,Cape Verde,
Tajikistan,Central African Republic,
Tajikistan,Chad,
Tajikistan,Chile,
Tajikistan,China,
Tajikistan,Colombia,
Tajikistan,Comoros,
Tajikistan,Congo,
Tajikistan,DR Congo,
Tajikistan,Costa Rica,
Tajikistan,Ivory Coast,
Tajikistan,Croatia,
Tajikistan,Cuba,
Tajikistan,Cyprus,
Tajikistan,Czech Republic,
Tajikistan,Denmark,
Tajikistan,Djibouti,
Tajikistan,Dominica,
Tajikistan,Dominican Republic,
Tajikistan,Ecuador,
Tajikistan,Egypt,
Tajikistan,El Salvador,
Tajikistan,Equatorial Guinea,
Tajikistan,Eritrea,
Tajikistan,Estonia,
Tajikistan,Swaziland,
Tajikistan,Ethiopia,
Tajikistan,Fiji,
Tajikistan,Finland,
Tajikistan,France,
Tajikistan,Gabon,
Tajikistan,Gambia,
Tajikistan,Georgia,
Tajikistan,Germany,
Tajikistan,Ghana,
Tajikistan,Greece,
Tajikistan,Grenada,
Tajikistan,Guatemala,
Tajikistan,Guinea,
Tajikistan,Guinea-Bissau,
Tajikistan,Guyana,
Tajikistan,Haiti,
Tajikistan,Honduras,
Tajikistan,Hong Kong,
Tajikistan,Hungary,
Tajikistan,Iceland,
Tajikistan,India,
Tajikistan,Indonesia,
Tajikistan,Iran,
Tajikistan,Iraq,
Tajikistan,Ireland,
Tajikistan,Israel,
Tajikistan,Italy,
Tajikistan,Jamaica,
Tajikistan,Japan,
Tajikistan,Jordan,
Tajikistan,Kazakhstan,
Tajikistan,Kenya,
Tajikistan,Kiribati,
Tajikistan,Kosovo,
Tajikistan,Kuwait,
Tajikistan,Kyrgyzstan,
Tajikistan,Laos,
Tajikistan,Latvia,
Tajikistan,Lebanon,
Tajikistan,Lesotho,
Tajikistan,Liberia,
Tajikistan,Libya,
Tajikistan,Liechtenstein,
Tajikistan,Lithuania,
Tajikistan,Luxembourg,
Tajikistan,Macao,
Tajikistan,Madagascar,
Tajikistan,Malawi,
Tajikistan,Malaysia,
Tajikistan,Maldives,
Tajikistan,Mali,
Tajikistan,Malta,
Tajikistan,Marshall Islands,
Tajikistan,Mauritania,
Tajikistan,Mauritius,
Tajikistan,Mexico,
Tajikistan,Micronesia,
Tajikistan,Moldova,
Tajikistan,Monaco,
Tajikistan,Mongolia,
Tajikistan,Montenegro,
Tajikistan,Morocco,
Tajikistan,Mozambique,
Tajikistan,Myanmar,
Tajikistan,Namibia,
Tajikistan,Nauru,
Tajikistan,Nepal,
Tajikistan,Netherlands,
Tajikistan,New Zealand,
Tajikistan,Nicaragua,
Tajikistan,Niger,
Tajikistan,Nigeria,
Tajikistan,North Korea,
Tajikistan,North Macedonia,
Tajikistan,Norway,
Tajikistan,Oman,
Tajikistan,Pakistan,
Tajikistan,Palau,
Tajikistan,Palestine,
Tajikistan,Panama,
Tajikistan,Papua New Guinea,
Tajikistan,Paraguay,
Tajikistan,Peru,
Tajikistan,Philippines,
Tajikistan,Poland,
Tajikistan,Portugal,
Tajikistan,Qatar,
Tajikistan,Romania,
Tajikistan,Russia,
Tajikistan,Rwanda,
Tajikistan,Saint Kitts and Nevis,
Tajikistan,Saint Lucia,
Tajikistan,Samoa,
Tajikistan,San Marino,
Tajikistan,Sao Tome and Principe,
Tajikistan,Saudi Arabia,
Tajikistan,Senegal,
Tajikistan,Serbia,
Tajikistan,Seychelles,
Tajikistan,Sierra Leone,
Tajikistan,Singapore,
Tajikistan,Slovakia,
Tajikistan,Slovenia,
Tajikistan,Solomon Islands,
Tajikistan,Somalia,
Tajikistan,South Africa,
Tajikistan,South Korea,
Tajikistan,South Sudan,
Tajikistan,Spain,
Tajikistan,Sri Lanka,
Tajikistan,Saint Vincent and the Grenadines,
Tajikistan,Sudan,
Tajikistan,Suriname,
Tajikistan,Sweden,
Tajikistan,Switzerland,
Tajikistan,Syria,
Tajikistan,Taiwan,
Tajikistan,Tajikistan,-1
Tajikistan,Tanzania,
Tajikistan,Thailand,
Tajikistan,Timor-Leste,
Tajikistan,Togo,
Tajikistan,Tonga,
Tajikistan,Trinidad and Tobago,
Tajikistan,Tunisia,
Tajikistan,Turkmenistan,
Tajikistan,Tuvalu,
Tajikistan,Turkey,
Tajikistan,Uganda,
Tajikistan,Ukraine,
Tajikistan,United Arab Emirates,
Tajikistan,United Kingdom,
Tajikistan,United States,
Tajikistan,Uruguay,
Tajikistan,Uzbekistan,
Tajikistan,Vanuatu,
Tajikistan,Vatican,
Tajikistan,Venezuela,
Tajikistan,Vietnam,
Tajikistan,Yemen,
Tajikistan,Zambia,
Tajikistan,Zimbabwe,
Tajikistan,Afghanistan,
Tanzania,Albania,
Tanzania,Algeria,
Tanzania,Andorra,
Tanzania,Angola,
Tanzania,Antigua and Barbuda,
Tanzania,Argentina,
Tanzania,Armenia,
Tanzania,Australia,
Tanzania,Austria,
Tanzania,Azerbaijan,
Tanzania,Bahamas,
Tanzania,Bahrain,
Tanzania,Bangladesh,
Tanzania,Barbados,
Tanzania,Belarus,
Tanzania,Belgium,
Tanzania,Belize,
Tanzania,Benin,
Tanzania,Bhutan,
Tanzania,Bolivia,
Tanzania,Bosnia and Herzegovina,
Tanzania,Botswana,
Tanzania,Brazil,
Tanzania,Brunei,
Tanzania,Bulgaria,
Tanzania,Burkina Faso,
Tanzania,Burundi,
Tanzania,Cambodia,
Tanzania,Cameroon,
Tanzania,Canada,
Tanzania,Cape Verde,
Tanzania,Central African Republic,
Tanzania,Chad,
Tanzania,Chile,
Tanzania,China,
Tanzania,Colombia,
Tanzania,Comoros,
Tanzania,Congo,
Tanzania,DR Congo,
Tanzania,Costa Rica,
Tanzania,Ivory Coast,
Tanzania,Croatia,
Tanzania,Cuba,
Tanzania,Cyprus,
Tanzania,Czech Republic,
Tanzania,Denmark,
Tanzania,Djibouti,
Tanzania,Dominica,
Tanzania,Dominican Republic,
Tanzania,Ecuador,
Tanzania,Egypt,
Tanzania,El Salvador,
Tanzania,Equatorial Guinea,
Tanzania,Eritrea,
Tanzania,Estonia,
Tanzania,Swaziland,
Tanzania,Ethiopia,
Tanzania,Fiji,
Tanzania,Finland,
Tanzania,France,
Tanzania,Gabon,
Tanzania,Gambia,
Tanzania,Georgia,
Tanzania,Germany,
Tanzania,Ghana,
Tanzania,Greece,
Tanzania,Grenada,
Tanzania,Guatemala,
Tanzania,Guinea,
Tanzania,Guinea-Bissau,
Tanzania,Guyana,
Tanzania,Haiti,
Tanzania,Honduras,
Tanzania,Hong Kong,
Tanzania,Hungary,
Tanzania,Iceland,
Tanzania,India,
Tanzania,Indonesia,
Tanzania,Iran,
Tanzania,Iraq,
Tanzania,Ireland,
Tanzania,Israel,
Tanzania,Italy,
Tanzania,Jamaica,
Tanzania,Japan,
Tanzania,Jordan,
Tanzania,Kazakhstan,
Tanzania,Kenya,
Tanzania,Kiribati,
Tanzania,Kosovo,
Tanzania,Kuwait,
Tanzania,Kyrgyzstan,
Tanzania,Laos,
Tanzania,Latvia,
Tanzania,Lebanon,
Tanzania,Lesotho,
Tanzania,Liberia,
Tanzania,Libya,
Tanzania,Liechtenstein,
Tanzania,Lithuania,
Tanzania,Luxembourg,
Tanzania,Macao,
Tanzania,Madagascar,
Tanzania,Malawi,
Tanzania,Malaysia,
Tanzania,Maldives,
Tanzania,Mali,
Tanzania,Malta,
Tanzania,Marshall Islands,
Tanzania,Mauritania,
Tanzania,Mauritius,
Tanzania,Mexico,
Tanzania,Micronesia,
Tanzania,Moldova,
Tanzania,Monaco,
Tanzania,Mongolia,
Tanzania,Montenegro,
Tanzania,Morocco,
Tanzania,Mozambique,
Tanzania,Myanmar,
Tanzania,Namibia,
Tanzania,Nauru,
Tanzania,Nepal,
Tanzania,Netherlands,
Tanzania,New Zealand,
Tanzania,Nicaragua,
Tanzania,Niger,
Tanzania,Nigeria,
Tanzania,North Korea,
Tanzania,North Macedonia,
Tanzania,Norway,
Tanzania,Oman,
Tanzania,Pakistan,
Tanzania,Palau,
Tanzania,Palestine,
Tanzania,Panama,
Tanzania,Papua New Guinea,
Tanzania,Paraguay,
Tanzania,Peru,
Tanzania,Philippines,
Tanzania,Poland,
Tanzania,Portugal,
Tanzania,Qatar,
Tanzania,Romania,
Tanzania,Russia,
Tanzania,Rwanda,
Tanzania,Saint Kitts and Nevis,
Tanzania,Saint Lucia,
Tanzania,Samoa,
Tanzania,San Marino,
Tanzania,Sao Tome and Principe,
Tanzania,Saudi Arabia,
Tanzania,Senegal,
Tanzania,Serbia,
Tanzania,Seychelles,
Tanzania,Sierra Leone,
Tanzania,Singapore,
Tanzania,Slovakia,
Tanzania,Slovenia,
Tanzania,Solomon Islands,
Tanzania,Somalia,
Tanzania,South Africa,
Tanzania,South Korea,
Tanzania,South Sudan,
Tanzania,Spain,
Tanzania,Sri Lanka,
Tanzania,Saint Vincent and the Grenadines,
Tanzania,Sudan,
Tanzania,Suriname,
Tanzania,Sweden,
Tanzania,Switzerland,
Tanzania,Syria,
Tanzania,Taiwan,
Tanzania,Tajikistan,
Tanzania,Tanzania,-1
Tanzania,Thailand,
Tanzania,Timor-Leste,
Tanzania,Togo,
Tanzania,Tonga,
Tanzania,Trinidad and Tobago,
Tanzania,Tunisia,
Tanzania,Turkmenistan,
Tanzania,Tuvalu,
Tanzania,Turkey,
Tanzania,Uganda,
Tanzania,Ukraine,
Tanzania,United Arab Emirates,
Tanzania,United Kingdom,
Tanzania,United States,
Tanzania,Uruguay,
Tanzania,Uzbekistan,
Tanzania,Vanuatu,
Tanzania,Vatican,
Tanzania,Venezuela,
Tanzania,Vietnam,
Tanzania,Yemen,
Tanzania,Zambia,
Tanzania,Zimbabwe,
Tanzania,Afghanistan,
Thailand,Albania,
Thailand,Algeria,
Thailand,Andorra,
Thailand,Angola,
Thailand,Antigua and Barbuda,
Thailand,Argentina,
Thailand,Armenia,
Thailand,Australia,
Thailand,Austria,
Thailand,Azerbaijan,
Thailand,Bahamas,
Thailand,Bahrain,
Thailand,Bangladesh,
Thailand,Barbados,
Thailand,Belarus,
Thailand,Belgium,
Thailand,Belize,
Thailand,Benin,
Thailand,Bhutan,
Thailand,Bolivia,
Thailand,Bosnia and Herzegovina,
Thailand,Botswana,
Thailand,Brazil,
Thailand,Brunei,
Thailand,Bulgaria,
Thailand,Burkina Faso,
Thailand,Burundi,
Thailand,Cambodia,
Thailand,Cameroon,
Thailand,Canada,
Thailand,Cape Verde,
Thailand,Central African Republic,
Thailand,Chad,
Thailand,Chile,
Thailand,China,
Thailand,Colombia,
Thailand,Comoros,
Thailand,Congo,
Thailand,DR Congo,
Thailand,Costa Rica,
Thailand,Ivory Coast,
Thailand,Croatia,
Thailand,Cuba,
Thailand,Cyprus,
Thailand,Czech Republic,
Thailand,Denmark,
Thailand,Djibouti,
Thailand,Dominica,
Thailand,Dominican Republic,
Thailand,Ecuador,
Thailand,Egypt,
Thailand,El Salvador,
Thailand,Equatorial Guinea,
Thailand,Eritrea,
Thailand,Estonia,
Thailand,Swaziland,
Thailand,Ethiopia,
Thailand,Fiji,
Thailand,Finland,
Thailand,France,
Thailand,Gabon,
Thailand,Gambia,
Thailand,Georgia,
Thailand,Germany,
Thailand,Ghana,
Thailand,Greece,
Thailand,Grenada,
Thailand,Guatemala,
Thailand,Guinea,
Thailand,Guinea-Bissau,
Thailand,Guyana,
Thailand,Haiti,
Thailand,Honduras,
Thailand,Hong Kong,
Thailand,Hungary,
Thailand,Iceland,
Thailand,India,
Thailand,Indonesia,
Thailand,Iran,
Thailand,Iraq,
Thailand,Ireland,
Thailand,Israel,
Thailand,Italy,
Thailand,Jamaica,
Thailand,Japan,
Thailand,Jordan,
Thailand,Kazakhstan,
Thailand,Kenya,
Thailand,Kiribati,
Thailand,Kosovo,
Thailand,Kuwait,
Thailand,Kyrgyzstan,
Thailand,Laos,
Thailand,Latvia,
Thailand,Lebanon,
Thailand,Lesotho,
Thailand,Liberia,
Thailand,Libya,
Thailand,Liechtenstein,
Thailand,Lithuania,
Thailand,Luxembourg,
Thailand,Macao,
Thailand,Madagascar,
Thailand,Malawi,
Thailand,Malaysia,
Thailand,Maldives,
Thailand,Mali,
Thailand,Malta,
Thailand,Marshall Islands,
Thailand,Mauritania,
Thailand,Mauritius,
Thailand,Mexico,
Thailand,Micronesia,
Thailand,Moldova,
Thailand,Monaco,
Thailand,Mongolia,
Thailand,Montenegro,
Thailand,Morocco,
Thailand,Mozambique,
Thailand,Myanmar,
Thailand,Namibia,
Thailand,Nauru,
Thailand,Nepal,
Thailand,Netherlands,
Thailand,New Zealand,
Thailand,Nicaragua,
Thailand,Niger,
Thailand,Nigeria,
Thailand,North Korea,
Thailand,North Macedonia,
Thailand,Norway,
Thailand,Oman,
Thailand,Pakistan,
Thailand,Palau,
Thailand,Palestine,
Thailand,Panama,
Thailand,Papua New Guinea,
Thailand,Paraguay,
Thailand,Peru,
Thailand,Philippines,
Thailand,Poland,
Thailand,Portugal,
Thailand,Qatar,
Thailand,Romania,
Thailand,Russia,
Thailand,Rwanda,
Thailand,Saint Kitts and Nevis,
Thailand,Saint Lucia,
Thailand,Samoa,
Thailand,San Marino,
Thailand,Sao Tome and Principe,
Thailand,Saudi Arabia,
Thailand,Senegal,
Thailand,Serbia,
Thailand,Seychelles,
Thailand,Sierra Leone,
Thailand,Singapore,
Thailand,Slovakia,
Thailand,Slovenia,
Thailand,Solomon Islands,
Thailand,Somalia,
Thailand,South Africa,
Thailand,South Korea,
Thailand,South Sudan,
Thailand,Spain,
Thailand,Sri Lanka,
Thailand,Saint Vincent and the Grenadines,
Thailand,Sudan,
Thailand,Suriname,
Thailand,Sweden,
Thailand,Switzerland,
Thailand,Syria,
Thailand,Taiwan,
Thailand,Tajikistan,
Thailand,Tanzania,
Thailand,Thailand,-1
Thailand,Timor-Leste,
Thailand,Togo,
Thailand,Tonga,
Thailand,Trinidad and Tobago,
Thailand,Tunisia,
Thailand,Turkmenistan,
Thailand,Tuvalu,
Thailand,Turkey,
Thailand,Uganda,
Thailand,Ukraine,
Thailand,United Arab Emirates,
Thailand,United Kingdom,
Thailand,United States,
Thailand,Uruguay,
Thailand,Uzbekistan,
Thailand,Vanuatu,
Thailand,Vatican,
Thailand,Venezuela,
Thailand,Vietnam,
Thailand,Yemen,
Thailand,Zambia,
Thailand,Zimbabwe,
Thailand,Afghanistan,
Timor-Leste,Albania,
Timor-Leste,Algeria,
Timor-Leste,Andorra,
Timor-Leste,Angola,
Timor-Leste,Antigua and Barbuda,
Timor-Leste,Argentina,
Timor-Leste,Armenia,
Timor-Leste,Australia,
Timor-Leste,Austria,
Timor-Leste,Azerbaijan,
Timor-Leste,Bahamas,
Timor-Leste,Bahrain,
Timor-Leste,Bangladesh,
Timor-Leste,Barbados,
Timor-Leste,Belarus,
Timor-Leste,Belgium,
Timor-Leste,Belize,
Timor-Leste,Benin,
Timor-Leste,Bhutan,
Timor-Leste,Bolivia,
Timor-Leste,Bosnia and Herzegovina,
Timor-Leste,Botswana,
Timor-Leste,Brazil,
Timor-Leste,Brunei,
Timor-Leste,Bulgaria,
Timor-Leste,Burkina Faso,
Timor-Leste,Burundi,
Timor-Leste,Cambodia,
Timor-Leste,Cameroon,
Timor-Leste,Canada,
Timor-Leste,Cape Verde,
Timor-Leste,Central African Republic,
Timor-Leste,Chad,
Timor-Leste,Chile,
Timor-Leste,China,
Timor-Leste,Colombia,
Timor-Leste,Comoros,
Timor-Leste,Congo,
Timor-Leste,DR Congo,
Timor-Leste,Costa Rica,
Timor-Leste,Ivory Coast,
Timor-Leste,Croatia,
Timor-Leste,Cuba,
Timor-Leste,Cyprus,
Timor-Leste,Czech Republic,
Timor-Leste,Denmark,
Timor-Leste,Djibouti,
Timor-Leste,Dominica,
Timor-Leste,Dominican Republic,
Timor-Leste,Ecuador,
Timor-Leste,Egypt,
Timor-Leste,El Salvador,
Timor-Leste,Equatorial Guinea,
Timor-Leste,Eritrea,
Timor-Leste,Estonia,
Timor-Leste,Swaziland,
Timor-Leste,Ethiopia,
Timor-Leste,Fiji,
Timor-Leste,Finland,
Timor-Leste,France,
Timor-Leste,Gabon,
Timor-Leste,Gambia,
Timor-Leste,Georgia,
Timor-Leste,Germany,
Timor-Leste,Ghana,
Timor-Leste,Greece,
Timor-Leste,Grenada,
Timor-Leste,Guatemala,
Timor-Leste,Guinea,
Timor-Leste,Guinea-Bissau,
Timor-Leste,Guyana,
Timor-Leste,Haiti,
Timor-Leste,Honduras,
Timor-Leste,Hong Kong,
Timor-Leste,Hungary,
Timor-Leste,Iceland,
Timor-Leste,India,
Timor-Leste,Indonesia,
Timor-Leste,Iran,
Timor-Leste,Iraq,
Timor-Leste,Ireland,
Timor-Leste,Israel,
Timor-Leste,Italy,
Timor-Leste,Jamaica,
Timor-Leste,Japan,
Timor-Leste,Jordan,
Timor-Leste,Kazakhstan,
Timor-Leste,Kenya,
Timor-Leste,Kiribati,
Timor-Leste,Kosovo,
Timor-Leste,Kuwait,
Timor-Leste,Kyrgyzstan,
Timor-Leste,Laos,
Timor-Leste,Latvia,
Timor-Leste,Lebanon,
Timor-Leste,Lesotho,
Timor-Leste,Liberia,
Timor-Leste,Libya,
Timor-Leste,Liechtenstein,
Timor-Leste,Lithuania,
Timor-Leste,Luxembourg,
Timor-Leste,Macao,
Timor-Leste,Madagascar,
Timor-Leste,Malawi,
Timor-Leste,Malaysia,
Timor-Leste,Maldives,
Timor-Leste,Mali,
Timor-Leste,Malta,
Timor-Leste,Marshall Islands,
Timor-Leste,Mauritania,
Timor-Leste,Mauritius,
Timor-Leste,Mexico,
Timor-Leste,Micronesia,
Timor-Leste,Moldova,
Timor-Leste,Monaco,
Timor-Leste,Mongolia,
Timor-Leste,Montenegro,
Timor-Leste,Morocco,
Timor-Leste,Mozambique,
Timor-Leste,Myanmar,
Timor-Leste,Namibia,
Timor-Leste,Nauru,
Timor-Leste,Nepal,
Timor-Leste,Netherlands,
Timor-Leste,New Zealand,
Timor-Leste,Nicaragua,
Timor-Leste,Niger,
Timor-Leste,Nigeria,
Timor-Leste,North Korea,
Timor-Leste,North Macedonia,
Timor-Leste,Norway,
Timor-Leste,Oman,
Timor-Leste,Pakistan,
Timor-Leste,Palau,
Timor-Leste,Palestine,
Timor-Leste,Panama,
Timor-Leste,Papua New Guinea,
Timor-Leste,Paraguay,
Timor-Leste,Peru,
Timor-Leste,Philippines,
Timor-Leste,Poland,
Timor-Leste,Portugal,
Timor-Leste,Qatar,
Timor-Leste,Romania,
Timor-Leste,Russia,
Timor-Leste,Rwanda,
Timor-Leste,Saint Kitts and Nevis,
Timor-Leste,Saint Lucia,
Timor-Leste,Samoa,
Timor-Leste,San Marino,
Timor-Leste,Sao Tome and Principe,
Timor-Leste,Saudi Arabia,
Timor-Leste,Senegal,
Timor-Leste,Serbia,
Timor-Leste,Seychelles,
Timor-Leste,Sierra Leone,
Timor-Leste,Singapore,
Timor-Leste,Slovakia,
Timor-Leste,Slovenia,
Timor-Leste,Solomon Islands,
Timor-Leste,Somalia,
Timor-Leste,South Africa,
Timor-Leste,South Korea,
Timor-Leste,South Sudan,
Timor-Leste,Spain,
Timor-Leste,Sri Lanka,
Timor-Leste,Saint Vincent and the Grenadines,
Timor-Leste,Sudan,
Timor-Leste,Suriname,
Timor-Leste,Sweden,
Timor-Leste,Switzerland,
Timor-Leste,Syria,
Timor-Leste,Taiwan,
Timor-Leste,Tajikistan,
Timor-Leste,Tanzania,
Timor-Leste,Thailand,
Timor-Leste,Timor-Leste,-1
Timor-Leste,Togo,
Timor-Leste,Tonga,
Timor-Leste,Trinidad and Tobago,
Timor-Leste,Tunisia,
Timor-Leste,Turkmenistan,
Timor-Leste,Tuvalu,
Timor-Leste,Turkey,
Timor-Leste,Uganda,
Timor-Leste,Ukraine,
Timor-Leste,United Arab Emirates,
Timor-Leste,United Kingdom,
Timor-Leste,United States,
Timor-Leste,Uruguay,
Timor-Leste,Uzbekistan,
Timor-Leste,Vanuatu,
Timor-Leste,Vatican,
Timor-Leste,Venezuela,
Timor-Leste,Vietnam,
Timor-Leste,Yemen,
Timor-Leste,Zambia,
Timor-Leste,Zimbabwe,
Timor-Leste,Afghanistan,
Togo,Albania,
Togo,Algeria,
Togo,Andorra,
Togo,Angola,
Togo,Antigua and Barbuda,
Togo,Argentina,
Togo,Armenia,
Togo,Australia,
Togo,Austria,
Togo,Azerbaijan,
Togo,Bahamas,
Togo,Bahrain,
Togo,Bangladesh,
Togo,Barbados,
Togo,Belarus,
Togo,Belgium,
Togo,Belize,
Togo,Benin,
Togo,Bhutan,
Togo,Bolivia,
Togo,Bosnia and Herzegovina,
Togo,Botswana,
Togo,Brazil,
Togo,Brunei,
Togo,Bulgaria,
Togo,Burkina Faso,
Togo,Burundi,
Togo,Cambodia,
Togo,Cameroon,
Togo,Canada,
Togo,Cape Verde,
Togo,Central African Republic,
Togo,Chad,
Togo,Chile,
Togo,China,
Togo,Colombia,
Togo,Comoros,
Togo,Congo,
Togo,DR Congo,
Togo,Costa Rica,
Togo,Ivory Coast,
Togo,Croatia,
Togo,Cuba,
Togo,Cyprus,
Togo,Czech Republic,
Togo,Denmark,
Togo,Djibouti,
Togo,Dominica,
Togo,Dominican Republic,
Togo,Ecuador,
Togo,Egypt,
Togo,El Salvador,
Togo,Equatorial Guinea,
Togo,Eritrea,
Togo,Estonia,
Togo,Swaziland,
Togo,Ethiopia,
Togo,Fiji,
Togo,Finland,
Togo,France,
Togo,Gabon,
Togo,Gambia,
Togo,Georgia,
Togo,Germany,
Togo,Ghana,
Togo,Greece,
Togo,Grenada,
Togo,Guatemala,
Togo,Guinea,
Togo,Guinea-Bissau,
Togo,Guyana,
Togo,Haiti,
Togo,Honduras,
Togo,Hong Kong,
Togo,Hungary,
Togo,Iceland,
Togo,India,
Togo,Indonesia,
Togo,Iran,
Togo,Iraq,
Togo,Ireland,
Togo,Israel,
Togo,Italy,
Togo,Jamaica,
Togo,Japan,
Togo,Jordan,
Togo,Kazakhstan,
Togo,Kenya,
Togo,Kiribati,
Togo,Kosovo,
Togo,Kuwait,
Togo,Kyrgyzstan,
Togo,Laos,
Togo,Latvia,
Togo,Lebanon,
Togo,Lesotho,
Togo,Liberia,
Togo,Libya,
Togo,Liechtenstein,
Togo,Lithuania,
Togo,Luxembourg,
Togo,Macao,
Togo,Madagascar,
Togo,Malawi,
Togo,Malaysia,
Togo,Maldives,
Togo,Mali,
Togo,Malta,
Togo,Marshall Islands,
Togo,Mauritania,
Togo,Mauritius,
Togo,Mexico,
Togo,Micronesia,
Togo,Moldova,
Togo,Monaco,
Togo,Mongolia,
Togo,Montenegro,
Togo,Morocco,
Togo,Mozambique,
Togo,Myanmar,
Togo,Namibia,
Togo,Nauru,
Togo,Nepal,
Togo,Netherlands,
Togo,New Zealand,
Togo,Nicaragua,
Togo,Niger,
Togo,Nigeria,
Togo,North Korea,
Togo,North Macedonia,
Togo,Norway,
Togo,Oman,
Togo,Pakistan,
Togo,Palau,
Togo,Palestine,
Togo,Panama,
Togo,Papua New Guinea,
Togo,Paraguay,
Togo,Peru,
Togo,Philippines,
Togo,Poland,
Togo,Portugal,
Togo,Qatar,
Togo,Romania,
Togo,Russia,
Togo,Rwanda,
Togo,Saint Kitts and Nevis,
Togo,Saint Lucia,
Togo,Samoa,
Togo,San Marino,
Togo,Sao Tome and Principe,
Togo,Saudi Arabia,
Togo,Senegal,
Togo,Serbia,
Togo,Seychelles,
Togo,Sierra Leone,
Togo,Singapore,
Togo,Slovakia,
Togo,Slovenia,
Togo,Solomon Islands,
Togo,Somalia,
Togo,South Africa,
Togo,South Korea,
Togo,South Sudan,
Togo,Spain,
Togo,Sri Lanka,
Togo,Saint Vincent and the Grenadines,
Togo,Sudan,
Togo,Suriname,
Togo,Sweden,
Togo,Switzerland,
Togo,Syria,
Togo,Taiwan,
Togo,Tajikistan,
Togo,Tanzania,
Togo,Thailand,
Togo,Timor-Leste,
Togo,Togo,-1
Togo,Tonga,
Togo,Trinidad and Tobago,
Togo,Tunisia,
Togo,Turkmenistan,
Togo,Tuvalu,
Togo,Turkey,
Togo,Uganda,
Togo,Ukraine,
Togo,United Arab Emirates,
Togo,United Kingdom,
Togo,United States,
Togo,Uruguay,
Togo,Uzbekistan,
Togo,Vanuatu,
Togo,Vatican,
Togo,Venezuela,
Togo,Vietnam,
Togo,Yemen,
Togo,Zambia,
Togo,Zimbabwe,
Togo,Afghanistan,
Tonga,Albania,
Tonga,Algeria,
Tonga,Andorra,
Tonga,Angola,
Tonga,Antigua and Barbuda,
Tonga,Argentina,
Tonga,Armenia,
Tonga,Australia,
Tonga,Austria,
Tonga,Azerbaijan,
Tonga,Bahamas,
Tonga,Bahrain,
Tonga,Bangladesh,
Tonga,Barbados,
Tonga,Belarus,
Tonga,Belgium,
Tonga,Belize,
Tonga,Benin,
Tonga,Bhutan,
Tonga,Bolivia,
Tonga,Bosnia and Herzegovina,
Tonga,Botswana,
Tonga,Brazil,
Tonga,Brunei,
Tonga,Bulgaria,
Tonga,Burkina Faso,
Tonga,Burundi,
Tonga,Cambodia,
Tonga,Cameroon,
Tonga,Canada,
Tonga,Cape Verde,
Tonga,Central African Republic,
Tonga,Chad,
Tonga,Chile,
Tonga,China,
Tonga,Colombia,
Tonga,Comoros,
Tonga,Congo,
Tonga,DR Congo,
Tonga,Costa Rica,
Tonga,Ivory Coast,
Tonga,Croatia,
Tonga,Cuba,
Tonga,Cyprus,
Tonga,Czech Republic,
Tonga,Denmark,
Tonga,Djibouti,
Tonga,Dominica,
Tonga,Dominican Republic,
Tonga,Ecuador,
Tonga,Egypt,
Tonga,El Salvador,
Tonga,Equatorial Guinea,
Tonga,Eritrea,
Tonga,Estonia,
Tonga,Swaziland,
Tonga,Ethiopia,
Tonga,Fiji,
Tonga,Finland,
Tonga,France,
Tonga,Gabon,
Tonga,Gambia,
Tonga,Georgia,
Tonga,Germany,
Tonga,Ghana,
Tonga,Greece,
Tonga,Grenada,
Tonga,Guatemala,
Tonga,Guinea,
Tonga,Guinea-Bissau,
Tonga,Guyana,
Tonga,Haiti,
Tonga,Honduras,
Tonga,Hong Kong,
Tonga,Hungary,
Tonga,Iceland,
Tonga,India,
Tonga,Indonesia,
Tonga,Iran,
Tonga,Iraq,
Tonga,Ireland,
Tonga,Israel,
Tonga,Italy,
Tonga,Jamaica,
Tonga,Japan,
Tonga,Jordan,
Tonga,Kazakhstan,
Tonga,Kenya,
Tonga,Kiribati,
Tonga,Kosovo,
Tonga,Kuwait,
Tonga,Kyrgyzstan,
Tonga,Laos,
Tonga,Latvia,
Tonga,Lebanon,
Tonga,Lesotho,
Tonga,Liberia,
Tonga,Libya,
Tonga,Liechtenstein,
Tonga,Lithuania,
Tonga,Luxembourg,
Tonga,Macao,
Tonga,Madagascar,
Tonga,Malawi,
Tonga,Malaysia,
Tonga,Maldives,
Tonga,Mali,
Tonga,Malta,
Tonga,Marshall Islands,
Tonga,Mauritania,
Tonga,Mauritius,
Tonga,Mexico,
Tonga,Micronesia,
Tonga,Moldova,
Tonga,Monaco,
Tonga,Mongolia,
Tonga,Montenegro,
Tonga,Morocco,
Tonga,Mozambique,
Tonga,Myanmar,
Tonga,Namibia,
Tonga,Nauru,
Tonga,Nepal,
Tonga,Netherlands,
Tonga,New Zealand,
Tonga,Nicaragua,
Tonga,Niger,
Tonga,Nigeria,
Tonga,North Korea,
Tonga,North Macedonia,
Tonga,Norway,
Tonga,Oman,
Tonga,Pakistan,
Tonga,Palau,
Tonga,Palestine,
Tonga,Panama,
Tonga,Papua New Guinea,
Tonga,Paraguay,
Tonga,Peru,
Tonga,Philippines,
Tonga,Poland,
Tonga,Portugal,
Tonga,Qatar,
Tonga,Romania,
Tonga,Russia,
Tonga,Rwanda,
Tonga,Saint Kitts and Nevis,
Tonga,Saint Lucia,
Tonga,Samoa,
Tonga,San Marino,
Tonga,Sao Tome and Principe,
Tonga,Saudi Arabia,
Tonga,Senegal,
Tonga,Serbia,
Tonga,Seychelles,
Tonga,Sierra Leone,
Tonga,Singapore,
Tonga,Slovakia,
Tonga,Slovenia,
Tonga,Solomon Islands,
Tonga,Somalia,
Tonga,South Africa,
Tonga,South Korea,
Tonga,South Sudan,
Tonga,Spain,
Tonga,Sri Lanka,
Tonga,Saint Vincent and the Grenadines,
Tonga,Sudan,
Tonga,Suriname,
Tonga,Sweden,
Tonga,Switzerland,
Tonga,Syria,
Tonga,Taiwan,
Tonga,Tajikistan,
Tonga,Tanzania,
Tonga,Thailand,
Tonga,Timor-Leste,
Tonga,Togo,
Tonga,Tonga,-1
Tonga,Trinidad and Tobago,
Tonga,Tunisia,
Tonga,Turkmenistan,
Tonga,Tuvalu,
Tonga,Turkey,
Tonga,Uganda,
Tonga,Ukraine,
Tonga,United Arab Emirates,
Tonga,United Kingdom,
Tonga,United States,
Tonga,Uruguay,
Tonga,Uzbekistan,
Tonga,Vanuatu,
Tonga,Vatican,
Tonga,Venezuela,
Tonga,Vietnam,
Tonga,Yemen,
Tonga,Zambia,
Tonga,Zimbabwe,
Tonga,Afghanistan,
Trinidad and Tobago,Albania,
Trinidad and Tobago,Algeria,
Trinidad and Tobago,Andorra,
Trinidad and Tobago,Angola,
Trinidad and Tobago,Antigua and Barbuda,
Trinidad and Tobago,Argentina,
Trinidad and Tobago,Armenia,
Trinidad and Tobago,Australia,
Trinidad and Tobago,Austria,
Trinidad and Tobago,Azerbaijan,
Trinidad and Tobago,Bahamas,
Trinidad and Tobago,Bahrain,
Trinidad and Tobago,Bangladesh,
Trinidad and Tobago,Barbados,
Trinidad and Tobago,Belarus,
Trinidad and Tobago,Belgium,
Trinidad and Tobago,Belize,
Trinidad and Tobago,Benin,
Trinidad and Tobago,Bhutan,
Trinidad and Tobago,Bolivia,
Trinidad and Tobago,Bosnia and Herzegovina,
Trinidad and Tobago,Botswana,
Trinidad and Tobago,Brazil,
Trinidad and Tobago,Brunei,
Trinidad and Tobago,Bulgaria,
Trinidad and Tobago,Burkina Faso,
Trinidad and Tobago,Burundi,
Trinidad and Tobago,Cambodia,
Trinidad and Tobago,Cameroon,
Trinidad and Tobago,Canada,
Trinidad and Tobago,Cape Verde,
Trinidad and Tobago,Central African Republic,
Trinidad and Tobago,Chad,
Trinidad and Tobago,Chile,
Trinidad and Tobago,China,
Trinidad and Tobago,Colombia,
Trinidad and Tobago,Comoros,
Trinidad and Tobago,Congo,
Trinidad and Tobago,DR Congo,
Trinidad and Tobago,Costa Rica,
Trinidad and Tobago,Ivory Coast,
Trinidad and Tobago,Croatia,
Trinidad and Tobago,Cuba,
Trinidad and Tobago,Cyprus,
Trinidad and Tobago,Czech Republic,
Trinidad and Tobago,Denmark,
Trinidad and Tobago,Djibouti,
Trinidad and Tobago,Dominica,
Trinidad and Tobago,Dominican Republic,
Trinidad and Tobago,Ecuador,
Trinidad and Tobago,Egypt,
Trinidad and Tobago,El Salvador,
Trinidad and Tobago,Equatorial Guinea,
Trinidad and Tobago,Eritrea,
Trinidad and Tobago,Estonia,
Trinidad and Tobago,Swaziland,
Trinidad and Tobago,Ethiopia,
Trinidad and Tobago,Fiji,
Trinidad and Tobago,Finland,
Trinidad and Tobago,France,
Trinidad and Tobago,Gabon,
Trinidad and Tobago,Gambia,
Trinidad and Tobago,Georgia,
Trinidad and Tobago,Germany,
Trinidad and Tobago,Ghana,
Trinidad and Tobago,Greece,
Trinidad and Tobago,Grenada,
Trinidad and Tobago,Guatemala,
Trinidad and Tobago,Guinea,
Trinidad and Tobago,Guinea-Bissau,
Trinidad and Tobago,Guyana,
Trinidad and Tobago,Haiti,
Trinidad and Tobago,Honduras,
Trinidad and Tobago,Hong Kong,
Trinidad and Tobago,Hungary,
Trinidad and Tobago,Iceland,
Trinidad and Tobago,India,
Trinidad and Tobago,Indonesia,
Trinidad and Tobago,Iran,
Trinidad and Tobago,Iraq,
Trinidad and Tobago,Ireland,
Trinidad and Tobago,Israel,
Trinidad and Tobago,Italy,
Trinidad and Tobago,Jamaica,
Trinidad and Tobago,Japan,
Trinidad and Tobago,Jordan,
Trinidad and Tobago,Kazakhstan,
Trinidad and Tobago,Kenya,
Trinidad and Tobago,Kiribati,
Trinidad and Tobago,Kosovo,
Trinidad and Tobago,Kuwait,
Trinidad and Tobago,Kyrgyzstan,
Trinidad and Tobago,Laos,
Trinidad and Tobago,Latvia,
Trinidad and Tobago,Lebanon,
Trinidad and Tobago,Lesotho,
Trinidad and Tobago,Liberia,
Trinidad and Tobago,Libya,
Trinidad and Tobago,Liechtenstein,
Trinidad and Tobago,Lithuania,
Trinidad and Tobago,Luxembourg,
Trinidad and Tobago,Macao,
Trinidad and Tobago,Madagascar,
Trinidad and Tobago,Malawi,
Trinidad and Tobago,Malaysia,
Trinidad and Tobago,Maldives,
Trinidad and Tobago,Mali,
Trinidad and Tobago,Malta,
Trinidad and Tobago,Marshall Islands,
Trinidad and Tobago,Mauritania,
Trinidad and Tobago,Mauritius,
Trinidad and Tobago,Mexico,
Trinidad and Tobago,Micronesia,
Trinidad and Tobago,Moldova,
Trinidad and Tobago,Monaco,
Trinidad and Tobago,Mongolia,
Trinidad and Tobago,Montenegro,
Trinidad and Tobago,Morocco,
Trinidad and Tobago,Mozambique,
Trinidad and Tobago,Myanmar,
Trinidad and Tobago,Namibia,
Trinidad and Tobago,Nauru,
Trinidad and Tobago,Nepal,
Trinidad and Tobago,Netherlands,
Trinidad and Tobago,New Zealand,
Trinidad and Tobago,Nicaragua,
Trinidad and Tobago,Niger,
Trinidad and Tobago,Nigeria,
Trinidad and Tobago,North Korea,
Trinidad and Tobago,North Macedonia,
Trinidad and Tobago,Norway,
Trinidad and Tobago,Oman,
Trinidad and Tobago,Pakistan,
Trinidad and Tobago,Palau,
Trinidad and Tobago,Palestine,
Trinidad and Tobago,Panama,
Trinidad and Tobago,Papua New Guinea,
Trinidad and Tobago,Paraguay,
Trinidad and Tobago,Peru,
Trinidad and Tobago,Philippines,
Trinidad and Tobago,Poland,
Trinidad and Tobago,Portugal,
Trinidad and Tobago,Qatar,
Trinidad and Tobago,Romania,
Trinidad and Tobago,Russia,
Trinidad and Tobago,Rwanda,
Trinidad and Tobago,Saint Kitts and Nevis,
Trinidad and Tobago,Saint Lucia,
Trinidad and Tobago,Samoa,
Trinidad and Tobago,San Marino,
Trinidad and Tobago,Sao Tome and Principe,
Trinidad and Tobago,Saudi Arabia,
Trinidad and Tobago,Senegal,
Trinidad and Tobago,Serbia,
Trinidad and Tobago,Seychelles,
Trinidad and Tobago,Sierra Leone,
Trinidad and Tobago,Singapore,
Trinidad and Tobago,Slovakia,
Trinidad and Tobago,Slovenia,
Trinidad and Tobago,Solomon Islands,
Trinidad and Tobago,Somalia,
Trinidad and Tobago,South Africa,
Trinidad and Tobago,South Korea,
Trinidad and Tobago,South Sudan,
Trinidad and Tobago,Spain,
Trinidad and Tobago,Sri Lanka,
Trinidad and Tobago,Saint Vincent and the Grenadines,
Trinidad and Tobago,Sudan,
Trinidad and Tobago,Suriname,
Trinidad and Tobago,Sweden,
Trinidad and Tobago,Switzerland,
Trinidad and Tobago,Syria,
Trinidad and Tobago,Taiwan,
Trinidad and Tobago,Tajikistan,
Trinidad and Tobago,Tanzania,
Trinidad and Tobago,Thailand,
Trinidad and Tobago,Timor-Leste,
Trinidad and Tobago,Togo,
Trinidad and Tobago,Tonga,
Trinidad and Tobago,Trinidad and Tobago,-1
Trinidad and Tobago,Tunisia,
Trinidad and Tobago,Turkmenistan,
Trinidad and Tobago,Tuvalu,
Trinidad and Tobago,Turkey,
Trinidad and Tobago,Uganda,
Trinidad and Tobago,Ukraine,
Trinidad and Tobago,United Arab Emirates,
Trinidad and Tobago,United Kingdom,
Trinidad and Tobago,United States,
Trinidad and Tobago,Uruguay,
Trinidad and Tobago,Uzbekistan,
Trinidad and Tobago,Vanuatu,
Trinidad and Tobago,Vatican,
Trinidad and Tobago,Venezuela,
Trinidad and Tobago,Vietnam,
Trinidad and Tobago,Yemen,
Trinidad and Tobago,Zambia,
Trinidad and Tobago,Zimbabwe,
Trinidad and Tobago,Afghanistan,
Tunisia,Albania,
Tunisia,Algeria,
Tunisia,Andorra,
Tunisia,Angola,
Tunisia,Antigua and Barbuda,
Tunisia,Argentina,
Tunisia,Armenia,
Tunisia,Australia,
Tunisia,Austria,
Tunisia,Azerbaijan,
Tunisia,Bahamas,
Tunisia,Bahrain,
Tunisia,Bangladesh,
Tunisia,Barbados,
Tunisia,Belarus,
Tunisia,Belgium,
Tunisia,Belize,
Tunisia,Benin,
Tunisia,Bhutan,
Tunisia,Bolivia,
Tunisia,Bosnia and Herzegovina,
Tunisia,Botswana,
Tunisia,Brazil,
Tunisia,Brunei,
Tunisia,Bulgaria,
Tunisia,Burkina Faso,
Tunisia,Burundi,
Tunisia,Cambodia,
Tunisia,Cameroon,
Tunisia,Canada,
Tunisia,Cape Verde,
Tunisia,Central African Republic,
Tunisia,Chad,
Tunisia,Chile,
Tunisia,China,
Tunisia,Colombia,
Tunisia,Comoros,
Tunisia,Congo,
Tunisia,DR Congo,
Tunisia,Costa Rica,
Tunisia,Ivory Coast,
Tunisia,Croatia,
Tunisia,Cuba,
Tunisia,Cyprus,
Tunisia,Czech Republic,
Tunisia,Denmark,
Tunisia,Djibouti,
Tunisia,Dominica,
Tunisia,Dominican Republic,
Tunisia,Ecuador,
Tunisia,Egypt,
Tunisia,El Salvador,
Tunisia,Equatorial Guinea,
Tunisia,Eritrea,
Tunisia,Estonia,
Tunisia,Swaziland,
Tunisia,Ethiopia,
Tunisia,Fiji,
Tunisia,Finland,
Tunisia,France,
Tunisia,Gabon,
Tunisia,Gambia,
Tunisia,Georgia,
Tunisia,Germany,
Tunisia,Ghana,
Tunisia,Greece,
Tunisia,Grenada,
Tunisia,Guatemala,
Tunisia,Guinea,
Tunisia,Guinea-Bissau,
Tunisia,Guyana,
Tunisia,Haiti,
Tunisia,Honduras,
Tunisia,Hong Kong,
Tunisia,Hungary,
Tunisia,Iceland,
Tunisia,India,
Tunisia,Indonesia,
Tunisia,Iran,
Tunisia,Iraq,
Tunisia,Ireland,
Tunisia,Israel,
Tunisia,Italy,
Tunisia,Jamaica,
Tunisia,Japan,
Tunisia,Jordan,
Tunisia,Kazakhstan,
Tunisia,Kenya,
Tunisia,Kiribati,
Tunisia,Kosovo,
Tunisia,Kuwait,
Tunisia,Kyrgyzstan,
Tunisia,Laos,
Tunisia,Latvia,
Tunisia,Lebanon,
Tunisia,Lesotho,
Tunisia,Liberia,
Tunisia,Libya,
Tunisia,Liechtenstein,
Tunisia,Lithuania,
Tunisia,Luxembourg,
Tunisia,Macao,
Tunisia,Madagascar,
Tunisia,Malawi,
Tunisia,Malaysia,
Tunisia,Maldives,
Tunisia,Mali,
Tunisia,Malta,
Tunisia,Marshall Islands,
Tunisia,Mauritania,
Tunisia,Mauritius,
Tunisia,Mexico,
Tunisia,Micronesia,
Tunisia,Moldova,
Tunisia,Monaco,
Tunisia,Mongolia,
Tunisia,Montenegro,
Tunisia,Morocco,
Tunisia,Mozambique,
Tunisia,Myanmar,
Tunisia,Namibia,
Tunisia,Nauru,
Tunisia,Nepal,
Tunisia,Netherlands,
Tunisia,New Zealand,
Tunisia,Nicaragua,
Tunisia,Niger,
Tunisia,Nigeria,
Tunisia,North Korea,
Tunisia,North Macedonia,
Tunisia,Norway,
Tunisia,Oman,
Tunisia,Pakistan,
Tunisia,Palau,
Tunisia,Palestine,
Tunisia,Panama,
Tunisia,Papua New Guinea,
Tunisia,Paraguay,
Tunisia,Peru,
Tunisia,Philippines,
Tunisia,Poland,
Tunisia,Portugal,
Tunisia,Qatar,
Tunisia,Romania,
Tunisia,Russia,
Tunisia,Rwanda,
Tunisia,Saint Kitts and Nevis,
Tunisia,Saint Lucia,
Tunisia,Samoa,
Tunisia,San Marino,
Tunisia,Sao Tome and Principe,
Tunisia,Saudi Arabia,
Tunisia,Senegal,
Tunisia,Serbia,
Tunisia,Seychelles,
Tunisia,Sierra Leone,
Tunisia,Singapore,
Tunisia,Slovakia,
Tunisia,Slovenia,
Tunisia,Solomon Islands,
Tunisia,Somalia,
Tunisia,South Africa,
Tunisia,South Korea,
Tunisia,South Sudan,
Tunisia,Spain,
Tunisia,Sri Lanka,
Tunisia,Saint Vincent and the Grenadines,
Tunisia,Sudan,
Tunisia,Suriname,
Tunisia,Sweden,
Tunisia,Switzerland,
Tunisia,Syria,
Tunisia,Taiwan,
Tunisia,Tajikistan,
Tunisia,Tanzania,
Tunisia,Thailand,
Tunisia,Timor-Leste,
Tunisia,Togo,
Tunisia,Tonga,
Tunisia,Trinidad and Tobago,
Tunisia,Tunisia,-1
Tunisia,Turkmenistan,
Tunisia,Tuvalu,
Tunisia,Turkey,
Tunisia,Uganda,
Tunisia,Ukraine,
Tunisia,United Arab Emirates,
Tunisia,United Kingdom,
Tunisia,United States,
Tunisia,Uruguay,
Tunisia,Uzbekistan,
Tunisia,Vanuatu,
Tunisia,Vatican,
Tunisia,Venezuela,
Tunisia,Vietnam,
Tunisia,Yemen,
Tunisia,Zambia,
Tunisia,Zimbabwe,
Tunisia,Afghanistan,
Turkey,Albania,
Turkey,Algeria,
Turkey,Andorra,
Turkey,Angola,
Turkey,Antigua and Barbuda,
Turkey,Argentina,
Turkey,Armenia,
Turkey,Australia,
Turkey,Austria,
Turkey,Azerbaijan,
Turkey,Bahamas,
Turkey,Bahrain,
Turkey,Bangladesh,
Turkey,Barbados,
Turkey,Belarus,
Turkey,Belgium,
Turkey,Belize,
Turkey,Benin,
Turkey,Bhutan,
Turkey,Bolivia,
Turkey,Bosnia and Herzegovina,
Turkey,Botswana,
Turkey,Brazil,
Turkey,Brunei,
Turkey,Bulgaria,
Turkey,Burkina Faso,
Turkey,Burundi,
Turkey,Cambodia,
Turkey,Cameroon,
Turkey,Canada,
Turkey,Cape Verde,
Turkey,Central African Republic,
Turkey,Chad,
Turkey,Chile,
Turkey,China,
Turkey,Colombia,
Turkey,Comoros,
Turkey,Congo,
Turkey,DR Congo,
Turkey,Costa Rica,
Turkey,Ivory Coast,
Turkey,Croatia,
Turkey,Cuba,
Turkey,Cyprus,
Turkey,Czech Republic,
Turkey,Denmark,
Turkey,Djibouti,
Turkey,Dominica,
Turkey,Dominican Republic,
Turkey,Ecuador,
Turkey,Egypt,
Turkey,El Salvador,
Turkey,Equatorial Guinea,
Turkey,Eritrea,
Turkey,Estonia,
Turkey,Swaziland,
Turkey,Ethiopia,
Turkey,Fiji,
Turkey,Finland,
Turkey,France,
Turkey,Gabon,
Turkey,Gambia,
Turkey,Georgia,
Turkey,Germany,
Turkey,Ghana,
Turkey,Greece,
Turkey,Grenada,
Turkey,Guatemala,
Turkey,Guinea,
Turkey,Guinea-Bissau,
Turkey,Guyana,
Turkey,Haiti,
Turkey,Honduras,
Turkey,Hong Kong,
Turkey,Hungary,
Turkey,Iceland,
Turkey,India,
Turkey,Indonesia,
Turkey,Iran,
Turkey,Iraq,
Turkey,Ireland,
Turkey,Israel,
Turkey,Italy,
Turkey,Jamaica,
Turkey,Japan,
Turkey,Jordan,
Turkey,Kazakhstan,
Turkey,Kenya,
Turkey,Kiribati,
Turkey,Kosovo,
Turkey,Kuwait,
Turkey,Kyrgyzstan,
Turkey,Laos,
Turkey,Latvia,
Turkey,Lebanon,
Turkey,Lesotho,
Turkey,Liberia,
Turkey,Libya,
Turkey,Liechtenstein,
Turkey,Lithuania,
Turkey,Luxembourg,
Turkey,Macao,
Turkey,Madagascar,
Turkey,Malawi,
Turkey,Malaysia,
Turkey,Maldives,
Turkey,Mali,
Turkey,Malta,
Turkey,Marshall Islands,
Turkey,Mauritania,
Turkey,Mauritius,
Turkey,Mexico,
Turkey,Micronesia,
Turkey,Moldova,
Turkey,Monaco,
Turkey,Mongolia,
Turkey,Montenegro,
Turkey,Morocco,
Turkey,Mozambique,
Turkey,Myanmar,
Turkey,Namibia,
Turkey,Nauru,
Turkey,Nepal,
Turkey,Netherlands,
Turkey,New Zealand,
Turkey,Nicaragua,
Turkey,Niger,
Turkey,Nigeria,
Turkey,North Korea,
Turkey,North Macedonia,
Turkey,Norway,
Turkey,Oman,
Turkey,Pakistan,
Turkey,Palau,
Turkey,Palestine,
Turkey,Panama,
Turkey,Papua New Guinea,
Turkey,Paraguay,
Turkey,Peru,
Turkey,Philippines,
Turkey,Poland,
Turkey,Portugal,
Turkey,Qatar,
Turkey,Romania,
Turkey,Russia,
Turkey,Rwanda,
Turkey,Saint Kitts and Nevis,
Turkey,Saint Lucia,
Turkey,Samoa,
Turkey,San Marino,
Turkey,Sao Tome and Principe,
Turkey,Saudi Arabia,
Turkey,Senegal,
Turkey,Serbia,
Turkey,Seychelles,
Turkey,Sierra Leone,
Turkey,Singapore,
Turkey,Slovakia,
Turkey,Slovenia,
Turkey,Solomon Islands,
Turkey,Somalia,
Turkey,South Africa,
Turkey,South Korea,
Turkey,South Sudan,
Turkey,Spain,
Turkey,Sri Lanka,
Turkey,Saint Vincent and the Grenadines,
Turkey,Sudan,
Turkey,Suriname,
Turkey,Sweden,
Turkey,Switzerland,
Turkey,Syria,
Turkey,Taiwan,
Turkey,Tajikistan,
Turkey,Tanzania,
Turkey,Thailand,
Turkey,Timor-Leste,
Turkey,Togo,
Turkey,Tonga,
Turkey,Trinidad and Tobago,
Turkey,Tunisia,
Turkey,Turkmenistan,
Turkey,Tuvalu,
Turkey,Turkey,-1
Turkey,Uganda,
Turkey,Ukraine,
Turkey,United Arab Emirates,
Turkey,United Kingdom,
Turkey,United States,
Turkey,Uruguay,
Turkey,Uzbekistan,
Turkey,Vanuatu,
Turkey,Vatican,
Turkey,Venezuela,
Turkey,Vietnam,
Turkey,Yemen,
Turkey,Zambia,
Turkey,Zimbabwe,
Turkey,Afghanistan,
Turkmenistan,Albania,
Turkmenistan,Algeria,
Turkmenistan,Andorra,
Turkmenistan,Angola,
Turkmenistan,Antigua and Barbuda,
Turkmenistan,Argentina,
Turkmenistan,Armenia,
Turkmenistan,Australia,
Turkmenistan,Austria,
Turkmenistan,Azerbaijan,
Turkmenistan,Bahamas,
Turkmenistan,Bahrain,
Turkmenistan,Bangladesh,
Turkmenistan,Barbados,
Turkmenistan,Belarus,
Turkmenistan,Belgium,
Turkmenistan,Belize,
Turkmenistan,Benin,
Turkmenistan,Bhutan,
Turkmenistan,Bolivia,
Turkmenistan,Bosnia and Herzegovina,
Turkmenistan,Botswana,
Turkmenistan,Brazil,
Turkmenistan,Brunei,
Turkmenistan,Bulgaria,
Turkmenistan,Burkina Faso,
Turkmenistan,Burundi,
Turkmenistan,Cambodia,
Turkmenistan,Cameroon,
Turkmenistan,Canada,
Turkmenistan,Cape Verde,
Turkmenistan,Central African Republic,
Turkmenistan,Chad,
Turkmenistan,Chile,
Turkmenistan,China,
Turkmenistan,Colombia,
Turkmenistan,Comoros,
Turkmenistan,Congo,
Turkmenistan,DR Congo,
Turkmenistan,Costa Rica,
Turkmenistan,Ivory Coast,
Turkmenistan,Croatia,
Turkmenistan,Cuba,
Turkmenistan,Cyprus,
Turkmenistan,Czech Republic,
Turkmenistan,Denmark,
Turkmenistan,Djibouti,
Turkmenistan,Dominica,
Turkmenistan,Dominican Republic,
Turkmenistan,Ecuador,
Turkmenistan,Egypt,
Turkmenistan,El Salvador,
Turkmenistan,Equatorial Guinea,
Turkmenistan,Eritrea,
Turkmenistan,Estonia,
Turkmenistan,Swaziland,
Turkmenistan,Ethiopia,
Turkmenistan,Fiji,
Turkmenistan,Finland,
Turkmenistan,France,
Turkmenistan,Gabon,
Turkmenistan,Gambia,
Turkmenistan,Georgia,
Turkmenistan,Germany,
Turkmenistan,Ghana,
Turkmenistan,Greece,
Turkmenistan,Grenada,
Turkmenistan,Guatemala,
Turkmenistan,Guinea,
Turkmenistan,Guinea-Bissau,
Turkmenistan,Guyana,
Turkmenistan,Haiti,
Turkmenistan,Honduras,
Turkmenistan,Hong Kong,
Turkmenistan,Hungary,
Turkmenistan,Iceland,
Turkmenistan,India,
Turkmenistan,Indonesia,
Turkmenistan,Iran,
Turkmenistan,Iraq,
Turkmenistan,Ireland,
Turkmenistan,Israel,
Turkmenistan,Italy,
Turkmenistan,Jamaica,
Turkmenistan,Japan,
Turkmenistan,Jordan,
Turkmenistan,Kazakhstan,
Turkmenistan,Kenya,
Turkmenistan,Kiribati,
Turkmenistan,Kosovo,
Turkmenistan,Kuwait,
Turkmenistan,Kyrgyzstan,
Turkmenistan,Laos,
Turkmenistan,Latvia,
Turkmenistan,Lebanon,
Turkmenistan,Lesotho,
Turkmenistan,Liberia,
Turkmenistan,Libya,
Turkmenistan,Liechtenstein,
Turkmenistan,Lithuania,
Turkmenistan,Luxembourg,
Turkmenistan,Macao,
Turkmenistan,Madagascar,
Turkmenistan,Malawi,
Turkmenistan,Malaysia,
Turkmenistan,Maldives,
Turkmenistan,Mali,
Turkmenistan,Malta,
Turkmenistan,Marshall Islands,
Turkmenistan,Mauritania,
Turkmenistan,Mauritius,
Turkmenistan,Mexico,
Turkmenistan,Micronesia,
Turkmenistan,Moldova,
Turkmenistan,Monaco,
Turkmenistan,Mongolia,
Turkmenistan,Montenegro,
Turkmenistan,Morocco,
Turkmenistan,Mozambique,
Turkmenistan,Myanmar,
Turkmenistan,Namibia,
Turkmenistan,Nauru,
Turkmenistan,Nepal,
Turkmenistan,Netherlands,
Turkmenistan,New Zealand,
Turkmenistan,Nicaragua,
Turkmenistan,Niger,
Turkmenistan,Nigeria,
Turkmenistan,North Korea,
Turkmenistan,North Macedonia,
Turkmenistan,Norway,
Turkmenistan,Oman,
Turkmenistan,Pakistan,
Turkmenistan,Palau,
Turkmenistan,Palestine,
Turkmenistan,Panama,
Turkmenistan,Papua New Guinea,
Turkmenistan,Paraguay,
Turkmenistan,Peru,
Turkmenistan,Philippines,
Turkmenistan,Poland,
Turkmenistan,Portugal,
Turkmenistan,Qatar,
Turkmenistan,Romania,
Turkmenistan,Russia,
Turkmenistan,Rwanda,
Turkmenistan,Saint Kitts and Nevis,
Turkmenistan,Saint Lucia,
Turkmenistan,Samoa,
Turkmenistan,San Marino,
Turkmenistan,Sao Tome and Principe,
Turkmenistan,Saudi Arabia,
Turkmenistan,Senegal,
Turkmenistan,Serbia,
Turkmenistan,Seychelles,
Turkmenistan,Sierra Leone,
Turkmenistan,Singapore,
Turkmenistan,Slovakia,
Turkmenistan,Slovenia,
Turkmenistan,Solomon Islands,
Turkmenistan,Somalia,
Turkmenistan,South Africa,
Turkmenistan,South Korea,
Turkmenistan,South Sudan,
Turkmenistan,Spain,
Turkmenistan,Sri Lanka,
Turkmenistan,Saint Vincent and the Grenadines,
Turkmenistan,Sudan,
Turkmenistan,Suriname,
Turkmenistan,Sweden,
Turkmenistan,Switzerland,
Turkmenistan,Syria,
Turkmenistan,Taiwan,
Turkmenistan,Tajikistan,
Turkmenistan,Tanzania,
Turkmenistan,Thailand,
Turkmenistan,Timor-Leste,
Turkmenistan,Togo,
Turkmenistan,Tonga,
Turkmenistan,Trinidad and Tobago,
Turkmenistan,Tunisia,
Turkmenistan,Turkmenistan,-1
Turkmenistan,Tuvalu,
Turkmenistan,Turkey,
Turkmenistan,Uganda,
Turkmenistan,Ukraine,
Turkmenistan,United Arab Emirates,
Turkmenistan,United Kingdom,
Turkmenistan,United States,
Turkmenistan,Uruguay,
Turkmenistan,Uzbekistan,
Turkmenistan,Vanuatu,
Turkmenistan,Vatican,
Turkmenistan,Venezuela,
Turkmenistan,Vietnam,
Turkmenistan,Yemen,
Turkmenistan,Zambia,
Turkmenistan,Zimbabwe,
Turkmenistan,Afghanistan,
Tuvalu,Albania,
Tuvalu,Algeria,
Tuvalu,Andorra,
Tuvalu,Angola,
Tuvalu,Antigua and Barbuda,
Tuvalu,Argentina,
Tuvalu,Armenia,
Tuvalu,Australia,
Tuvalu,Austria,
Tuvalu,Azerbaijan,
Tuvalu,Bahamas,
Tuvalu,Bahrain,
Tuvalu,Bangladesh,
Tuvalu,Barbados,
Tuvalu,Belarus,
Tuvalu,Belgium,
Tuvalu,Belize,
Tuvalu,Benin,
Tuvalu,Bhutan,
Tuvalu,Bolivia,
Tuvalu,Bosnia and Herzegovina,
Tuvalu,Botswana,
Tuvalu,Brazil,
Tuvalu,Brunei,
Tuvalu,Bulgaria,
Tuvalu,Burkina Faso,
Tuvalu,Burundi,
Tuvalu,Cambodia,
Tuvalu,Cameroon,
Tuvalu,Canada,
Tuvalu,Cape Verde,
Tuvalu,Central African Republic,
Tuvalu,Chad,
Tuvalu,Chile,
Tuvalu,China,
Tuvalu,Colombia,
Tuvalu,Comoros,
Tuvalu,Congo,
Tuvalu,DR Congo,
Tuvalu,Costa Rica,
Tuvalu,Ivory Coast,
Tuvalu,Croatia,
Tuvalu,Cuba,
Tuvalu,Cyprus,
Tuvalu,Czech Republic,
Tuvalu,Denmark,
Tuvalu,Djibouti,
Tuvalu,Dominica,
Tuvalu,Dominican Republic,
Tuvalu,Ecuador,
Tuvalu,Egypt,
Tuvalu,El Salvador,
Tuvalu,Equatorial Guinea,
Tuvalu,Eritrea,
Tuvalu,Estonia,
Tuvalu,Swaziland,
Tuvalu,Ethiopia,
Tuvalu,Fiji,
Tuvalu,Finland,
Tuvalu,France,
Tuvalu,Gabon,
Tuvalu,Gambia,
Tuvalu,Georgia,
Tuvalu,Germany,
Tuvalu,Ghana,
Tuvalu,Greece,
Tuvalu,Grenada,
Tuvalu,Guatemala,
Tuvalu,Guinea,
Tuvalu,Guinea-Bissau,
Tuvalu,Guyana,
Tuvalu,Haiti,
Tuvalu,Honduras,
Tuvalu,Hong Kong,
Tuvalu,Hungary,
Tuvalu,Iceland,
Tuvalu,India,
Tuvalu,Indonesia,
Tuvalu,Iran,
Tuvalu,Iraq,
Tuvalu,Ireland,
Tuvalu,Israel,
Tuvalu,Italy,
Tuvalu,Jamaica,
Tuvalu,Japan,
Tuvalu,Jordan,
Tuvalu,Kazakhstan,
Tuvalu,Kenya,
Tuvalu,Kiribati,
Tuvalu,Kosovo,
Tuvalu,Kuwait,
Tuvalu,Kyrgyzstan,
Tuvalu,Laos,
Tuvalu,Latvia,
Tuvalu,Lebanon,
Tuvalu,Lesotho,
Tuvalu,Liberia,
Tuvalu,Libya,
Tuvalu,Liechtenstein,
Tuvalu,Lithuania,
Tuvalu,Luxembourg,
Tuvalu,Macao,
Tuvalu,Madagascar,
Tuvalu,Malawi,
Tuvalu,Malaysia,
Tuvalu,Maldives,
Tuvalu,Mali,
Tuvalu,Malta,
Tuvalu,Marshall Islands,
Tuvalu,Mauritania,
Tuvalu,Mauritius,
Tuvalu,Mexico,
Tuvalu,Micronesia,
Tuvalu,Moldova,
Tuvalu,Monaco,
Tuvalu,Mongolia,
Tuvalu,Montenegro,
Tuvalu,Morocco,
Tuvalu,Mozambique,
Tuvalu,Myanmar,
Tuvalu,Namibia,
Tuvalu,Nauru,
Tuvalu,Nepal,
Tuvalu,Netherlands,
Tuvalu,New Zealand,
Tuvalu,Nicaragua,
Tuvalu,Niger,
Tuvalu,Nigeria,
Tuvalu,North Korea,
Tuvalu,North Macedonia,
Tuvalu,Norway,
Tuvalu,Oman,
Tuvalu,Pakistan,
Tuvalu,Palau,
Tuvalu,Palestine,
Tuvalu,Panama,
Tuvalu,Papua New Guinea,
Tuvalu,Paraguay,
Tuvalu,Peru,
Tuvalu,Philippines,
Tuvalu,Poland,
Tuvalu,Portugal,
Tuvalu,Qatar,
Tuvalu,Romania,
Tuvalu,Russia,
Tuvalu,Rwanda,
Tuvalu,Saint Kitts and Nevis,
Tuvalu,Saint Lucia,
Tuvalu,Samoa,
Tuvalu,San Marino,
Tuvalu,Sao Tome and Principe,
Tuvalu,Saudi Arabia,
Tuvalu,Senegal,
Tuvalu,Serbia,
Tuvalu,Seychelles,
Tuvalu,Sierra Leone,
Tuvalu,Singapore,
Tuvalu,Slovakia,
Tuvalu,Slovenia,
Tuvalu,Solomon Islands,
Tuvalu,Somalia,
Tuvalu,South Africa,
Tuvalu,South Korea,
Tuvalu,South Sudan,
Tuvalu,Spain,
Tuvalu,Sri Lanka,
Tuvalu,Saint Vincent and the Grenadines,
Tuvalu,Sudan,
Tuvalu,Suriname,
Tuvalu,Sweden,
Tuvalu,Switzerland,
Tuvalu,Syria,
Tuvalu,Taiwan,
Tuvalu,Tajikistan,
Tuvalu,Tanzania,
Tuvalu,Thailand,
Tuvalu,Timor-Leste,
Tuvalu,Togo,
Tuvalu,Tonga,
Tuvalu,Trinidad and Tobago,
Tuvalu,Tunisia,
Tuvalu,Turkmenistan,
Tuvalu,Tuvalu,-1
Tuvalu,Turkey,
Tuvalu,Uganda,
Tuvalu,Ukraine,
Tuvalu,United Arab Emirates,
Tuvalu,United Kingdom,
Tuvalu,United States,
Tuvalu,Uruguay,
Tuvalu,Uzbekistan,
Tuvalu,Vanuatu,
Tuvalu,Vatican,
Tuvalu,Venezuela,
Tuvalu,Vietnam,
Tuvalu,Yemen,
Tuvalu,Zambia,
Tuvalu,Zimbabwe,
Tuvalu,Afghanistan,
Uganda,Albania,
Uganda,Algeria,
Uganda,Andorra,
Uganda,Angola,
Uganda,Antigua and Barbuda,
Uganda,Argentina,
Uganda,Armenia,
Uganda,Australia,
Uganda,Austria,
Uganda,Azerbaijan,
Uganda,Bahamas,
Uganda,Bahrain,
Uganda,Bangladesh,
Uganda,Barbados,
Uganda,Belarus,
Uganda,Belgium,
Uganda,Belize,
Uganda,Benin,
Uganda,Bhutan,
Uganda,Bolivia,
Uganda,Bosnia and Herzegovina,
Uganda,Botswana,
Uganda,Brazil,
Uganda,Brunei,
Uganda,Bulgaria,
Uganda,Burkina Faso,
Uganda,Burundi,
Uganda,Cambodia,
Uganda,Cameroon,
Uganda,Canada,
Uganda,Cape Verde,
Uganda,Central African Republic,
Uganda,Chad,
Uganda,Chile,
Uganda,China,
Uganda,Colombia,
Uganda,Comoros,
Uganda,Congo,
Uganda,DR Congo,
Uganda,Costa Rica,
Uganda,Ivory Coast,
Uganda,Croatia,
Uganda,Cuba,
Uganda,Cyprus,
Uganda,Czech Republic,
Uganda,Denmark,
Uganda,Djibouti,
Uganda,Dominica,
Uganda,Dominican Republic,
Uganda,Ecuador,
Uganda,Egypt,
Uganda,El Salvador,
Uganda,Equatorial Guinea,
Uganda,Eritrea,
Uganda,Estonia,
Uganda,Swaziland,
Uganda,Ethiopia,
Uganda,Fiji,
Uganda,Finland,
Uganda,France,
Uganda,Gabon,
Uganda,Gambia,
Uganda,Georgia,
Uganda,Germany,
Uganda,Ghana,
Uganda,Greece,
Uganda,Grenada,
Uganda,Guatemala,
Uganda,Guinea,
Uganda,Guinea-Bissau,
Uganda,Guyana,
Uganda,Haiti,
Uganda,Honduras,
Uganda,Hong Kong,
Uganda,Hungary,
Uganda,Iceland,
Uganda,India,
Uganda,Indonesia,
Uganda,Iran,
Uganda,Iraq,
Uganda,Ireland,
Uganda,Israel,
Uganda,Italy,
Uganda,Jamaica,
Uganda,Japan,
Uganda,Jordan,
Uganda,Kazakhstan,
Uganda,Kenya,
Uganda,Kiribati,
Uganda,Kosovo,
Uganda,Kuwait,
Uganda,Kyrgyzstan,
Uganda,Laos,
Uganda,Latvia,
Uganda,Lebanon,
Uganda,Lesotho,
Uganda,Liberia,
Uganda,Libya,
Uganda,Liechtenstein,
Uganda,Lithuania,
Uganda,Luxembourg,
Uganda,Macao,
Uganda,Madagascar,
Uganda,Malawi,
Uganda,Malaysia,
Uganda,Maldives,
Uganda,Mali,
Uganda,Malta,
Uganda,Marshall Islands,
Uganda,Mauritania,
Uganda,Mauritius,
Uganda,Mexico,
Uganda,Micronesia,
Uganda,Moldova,
Uganda,Monaco,
Uganda,Mongolia,
Uganda,Montenegro,
Uganda,Morocco,
Uganda,Mozambique,
Uganda,Myanmar,
Uganda,Namibia,
Uganda,Nauru,
Uganda,Nepal,
Uganda,Netherlands,
Uganda,New Zealand,
Uganda,Nicaragua,
Uganda,Niger,
Uganda,Nigeria,
Uganda,North Korea,
Uganda,North Macedonia,
Uganda,Norway,
Uganda,Oman,
Uganda,Pakistan,
Uganda,Palau,
Uganda,Palestine,
Uganda,Panama,
Uganda,Papua New Guinea,
Uganda,Paraguay,
Uganda,Peru,
Uganda,Philippines,
Uganda,Poland,
Uganda,Portugal,
Uganda,Qatar,
Uganda,Romania,
Uganda,Russia,
Uganda,Rwanda,
Uganda,Saint Kitts and Nevis,
Uganda,Saint Lucia,
Uganda,Samoa,
Uganda,San Marino,
Uganda,Sao Tome and Principe,
Uganda,Saudi Arabia,
Uganda,Senegal,
Uganda,Serbia,
Uganda,Seychelles,
Uganda,Sierra Leone,
Uganda,Singapore,
Uganda,Slovakia,
Uganda,Slovenia,
Uganda,Solomon Islands,
Uganda,Somalia,
Uganda,South Africa,
Uganda,South Korea,
Uganda,South Sudan,
Uganda,Spain,
Uganda,Sri Lanka,
Uganda,Saint Vincent and the Grenadines,
Uganda,Sudan,
Uganda,Suriname,
Uganda,Sweden,
Uganda,Switzerland,
Uganda,Syria,
Uganda,Taiwan,
Uganda,Tajikistan,
Uganda,Tanzania,
Uganda,Thailand,
Uganda,Timor-Leste,
Uganda,Togo,
Uganda,Tonga,
Uganda,Trinidad and Tobago,
Uganda,Tunisia,
Uganda,Turkmenistan,
Uganda,Tuvalu,
Uganda,Turkey,
Uganda,Uganda,-1
Uganda,Ukraine,
Uganda,United Arab Emirates,
Uganda,United Kingdom,
Uganda,United States,
Uganda,Uruguay,
Uganda,Uzbekistan,
Uganda,Vanuatu,
Uganda,Vatican,
Uganda,Venezuela,
Uganda,Vietnam,
Uganda,Yemen,
Uganda,Zambia,
Uganda,Zimbabwe,
Uganda,Afghanistan,
Ukraine,Albania,
Ukraine,Algeria,
Ukraine,Andorra,
Ukraine,Angola,
Ukraine,Antigua and Barbuda,
Ukraine,Argentina,
Ukraine,Armenia,
Ukraine,Australia,
Ukraine,Austria,
Ukraine,Azerbaijan,
Ukraine,Bahamas,
Ukraine,Bahrain,
Ukraine,Bangladesh,
Ukraine,Barbados,
Ukraine,Belarus,
Ukraine,Belgium,
Ukraine,Belize,
Ukraine,Benin,
Ukraine,Bhutan,
Ukraine,Bolivia,
Ukraine,Bosnia and Herzegovina,
Ukraine,Botswana,
Ukraine,Brazil,
Ukraine,Brunei,
Ukraine,Bulgaria,
Ukraine,Burkina Faso,
Ukraine,Burundi,
Ukraine,Cambodia,
Ukraine,Cameroon,
Ukraine,Canada,
Ukraine,Cape Verde,
Ukraine,Central African Republic,
Ukraine,Chad,
Ukraine,Chile,
Ukraine,China,
Ukraine,Colombia,
Ukraine,Comoros,
Ukraine,Congo,
Ukraine,DR Congo,
Ukraine,Costa Rica,
Ukraine,Ivory Coast,
Ukraine,Croatia,
Ukraine,Cuba,
Ukraine,Cyprus,
Ukraine,Czech Republic,
Ukraine,Denmark,
Ukraine,Djibouti,
Ukraine,Dominica,
Ukraine,Dominican Republic,
Ukraine,Ecuador,
Ukraine,Egypt,
Ukraine,El Salvador,
Ukraine,Equatorial Guinea,
Ukraine,Eritrea,
Ukraine,Estonia,
Ukraine,Swaziland,
Ukraine,Ethiopia,
Ukraine,Fiji,
Ukraine,Finland,
Ukraine,France,
Ukraine,Gabon,
Ukraine,Gambia,
Ukraine,Georgia,
Ukraine,Germany,
Ukraine,Ghana,
Ukraine,Greece,
Ukraine,Grenada,
Ukraine,Guatemala,
Ukraine,Guinea,
Ukraine,Guinea-Bissau,
Ukraine,Guyana,
Ukraine,Haiti,
Ukraine,Honduras,
Ukraine,Hong Kong,
Ukraine,Hungary,
Ukraine,Iceland,
Ukraine,India,
Ukraine,Indonesia,
Ukraine,Iran,
Ukraine,Iraq,
Ukraine,Ireland,
Ukraine,Israel,
Ukraine,Italy,
Ukraine,Jamaica,
Ukraine,Japan,
Ukraine,Jordan,
Ukraine,Kazakhstan,
Ukraine,Kenya,
Ukraine,Kiribati,
Ukraine,Kosovo,
Ukraine,Kuwait,
Ukraine,Kyrgyzstan,
Ukraine,Laos,
Ukraine,Latvia,
Ukraine,Lebanon,
Ukraine,Lesotho,
Ukraine,Liberia,
Ukraine,Libya,
Ukraine,Liechtenstein,
Ukraine,Lithuania,
Ukraine,Luxembourg,
Ukraine,Macao,
Ukraine,Madagascar,
Ukraine,Malawi,
Ukraine,Malaysia,
Ukraine,Maldives,
Ukraine,Mali,
Ukraine,Malta,
Ukraine,Marshall Islands,
Ukraine,Mauritania,
Ukraine,Mauritius,
Ukraine,Mexico,
Ukraine,Micronesia,
Ukraine,Moldova,
Ukraine,Monaco,
Ukraine,Mongolia,
Ukraine,Montenegro,
Ukraine,Morocco,
Ukraine,Mozambique,
Ukraine,Myanmar,
Ukraine,Namibia,
Ukraine,Nauru,
Ukraine,Nepal,
Ukraine,Netherlands,
Ukraine,New Zealand,
Ukraine,Nicaragua,
Ukraine,Niger,
Ukraine,Nigeria,
Ukraine,North Korea,
Ukraine,North Macedonia,
Ukraine,Norway,
Ukraine,Oman,
Ukraine,Pakistan,
Ukraine,Palau,
Ukraine,Palestine,
Ukraine,Panama,
Ukraine,Papua New Guinea,
Ukraine,Paraguay,
Ukraine,Peru,
Ukraine,Philippines,
Ukraine,Poland,
Ukraine,Portugal,
Ukraine,Qatar,
Ukraine,Romania,
Ukraine,Russia,
Ukraine,Rwanda,
Ukraine,Saint Kitts and Nevis,
Ukraine,Saint Lucia,
Ukraine,Samoa,
Ukraine,San Marino,
Ukraine,Sao Tome and Principe,
Ukraine,Saudi Arabia,
Ukraine,Senegal,
Ukraine,Serbia,
Ukraine,Seychelles,
Ukraine,Sierra Leone,
Ukraine,Singapore,
Ukraine,Slovakia,
Ukraine,Slovenia,
Ukraine,Solomon Islands,
Ukraine,Somalia,
Ukraine,South Africa,
Ukraine,South Korea,
Ukraine,South Sudan,
Ukraine,Spain,
Ukraine,Sri Lanka,
Ukraine,Saint Vincent and the Grenadines,
Ukraine,Sudan,
Ukraine,Suriname,
Ukraine,Sweden,
Ukraine,Switzerland,
Ukraine,Syria,
Ukraine,Taiwan,
Ukraine,Tajikistan,
Ukraine,Tanzania,
Ukraine,Thailand,
Ukraine,Timor-Leste,
Ukraine,Togo,
Ukraine,Tonga,
Ukraine,Trinidad and Tobago,
Ukraine,Tunisia,
Ukraine,Turkmenistan,
Ukraine,Tuvalu,
Ukraine,Turkey,
Ukraine,Uganda,
Ukraine,Ukraine,-1
Ukraine,United Arab Emirates,
Ukraine,United Kingdom,
Ukraine,United States,
Ukraine,Uruguay,
Ukraine,Uzbekistan,
Ukraine,Vanuatu,
Ukraine,Vatican,
Ukraine,Venezuela,
Ukraine,Vietnam,
Ukraine,Yemen,
Ukraine,Zambia,
Ukraine,Zimbabwe,
Ukraine,Afghanistan,
United Arab Emirates,Albania,
United Arab Emirates,Algeria,
United Arab Emirates,Andorra,
United Arab Emirates,Angola,
United Arab Emirates,Antigua and Barbuda,
United Arab Emirates,Argentina,
United Arab Emirates,Armenia,
United Arab Emirates,Australia,
United Arab Emirates,Austria,
United Arab Emirates,Azerbaijan,
United Arab Emirates,Bahamas,
United Arab Emirates,Bahrain,
United Arab Emirates,Bangladesh,
United Arab Emirates,Barbados,
United Arab Emirates,Belarus,
United Arab Emirates,Belgium,
United Arab Emirates,Belize,
United Arab Emirates,Benin,
United Arab Emirates,Bhutan,
United Arab Emirates,Bolivia,
United Arab Emirates,Bosnia and Herzegovina,
United Arab Emirates,Botswana,
United Arab Emirates,Brazil,
United Arab Emirates,Brunei,
United Arab Emirates,Bulgaria,
United Arab Emirates,Burkina Faso,
United Arab Emirates,Burundi,
United Arab Emirates,Cambodia,
United Arab Emirates,Cameroon,
United Arab Emirates,Canada,
United Arab Emirates,Cape Verde,
United Arab Emirates,Central African Republic,
United Arab Emirates,Chad,
United Arab Emirates,Chile,
United Arab Emirates,China,
United Arab Emirates,Colombia,
United Arab Emirates,Comoros,
United Arab Emirates,Congo,
United Arab Emirates,DR Congo,
United Arab Emirates,Costa Rica,
United Arab Emirates,Ivory Coast,
United Arab Emirates,Croatia,
United Arab Emirates,Cuba,
United Arab Emirates,Cyprus,
United Arab Emirates,Czech Republic,
United Arab Emirates,Denmark,
United Arab Emirates,Djibouti,
United Arab Emirates,Dominica,
United Arab Emirates,Dominican Republic,
United Arab Emirates,Ecuador,
United Arab Emirates,Egypt,
United Arab Emirates,El Salvador,
United Arab Emirates,Equatorial Guinea,
United Arab Emirates,Eritrea,
United Arab Emirates,Estonia,
United Arab Emirates,Swaziland,
United Arab Emirates,Ethiopia,
United Arab Emirates,Fiji,
United Arab Emirates,Finland,
United Arab Emirates,France,
United Arab Emirates,Gabon,
United Arab Emirates,Gambia,
United Arab Emirates,Georgia,
United Arab Emirates,Germany,
United Arab Emirates,Ghana,
United Arab Emirates,Greece,
United Arab Emirates,Grenada,
United Arab Emirates,Guatemala,
United Arab Emirates,Guinea,
United Arab Emirates,Guinea-Bissau,
United Arab Emirates,Guyana,
United Arab Emirates,Haiti,
United Arab Emirates,Honduras,
United Arab Emirates,Hong Kong,
United Arab Emirates,Hungary,
United Arab Emirates,Iceland,
United Arab Emirates,India,
United Arab Emirates,Indonesia,
United Arab Emirates,Iran,
United Arab Emirates,Iraq,
United Arab Emirates,Ireland,
United Arab Emirates,Israel,
United Arab Emirates,Italy,
United Arab Emirates,Jamaica,
United Arab Emirates,Japan,
United Arab Emirates,Jordan,
United Arab Emirates,Kazakhstan,
United Arab Emirates,Kenya,
United Arab Emirates,Kiribati,
United Arab Emirates,Kosovo,
United Arab Emirates,Kuwait,
United Arab Emirates,Kyrgyzstan,
United Arab Emirates,Laos,
United Arab Emirates,Latvia,
United Arab Emirates,Lebanon,
United Arab Emirates,Lesotho,
United Arab Emirates,Liberia,
United Arab Emirates,Libya,
United Arab Emirates,Liechtenstein,
United Arab Emirates,Lithuania,
United Arab Emirates,Luxembourg,
United Arab Emirates,Macao,
United Arab Emirates,Madagascar,
United Arab Emirates,Malawi,
United Arab Emirates,Malaysia,
United Arab Emirates,Maldives,
United Arab Emirates,Mali,
United Arab Emirates,Malta,
United Arab Emirates,Marshall Islands,
United Arab Emirates,Mauritania,
United Arab Emirates,Mauritius,
United Arab Emirates,Mexico,
United Arab Emirates,Micronesia,
United Arab Emirates,Moldova,
United Arab Emirates,Monaco,
United Arab Emirates,Mongolia,
United Arab Emirates,Montenegro,
United Arab Emirates,Morocco,
United Arab Emirates,Mozambique,
United Arab Emirates,Myanmar,
United Arab Emirates,Namibia,
United Arab Emirates,Nauru,
United Arab Emirates,Nepal,
United Arab Emirates,Netherlands,
United Arab Emirates,New Zealand,
United Arab Emirates,Nicaragua,
United Arab Emirates,Niger,
United Arab Emirates,Nigeria,
United Arab Emirates,North Korea,
United Arab Emirates,North Macedonia,
United Arab Emirates,Norway,
United Arab Emirates,Oman,
United Arab Emirates,Pakistan,
United Arab Emirates,Palau,
United Arab Emirates,Palestine,
United Arab Emirates,Panama,
United Arab Emirates,Papua New Guinea,
United Arab Emirates,Paraguay,
United Arab Emirates,Peru,
United Arab Emirates,Philippines,
United Arab Emirates,Poland,
United Arab Emirates,Portugal,
United Arab Emirates,Qatar,
United Arab Emirates,Romania,
United Arab Emirates,Russia,
United Arab Emirates,Rwanda,
United Arab Emirates,Saint Kitts and Nevis,
United Arab Emirates,Saint Lucia,
United Arab Emirates,Samoa,
United Arab Emirates,San Marino,
United Arab Emirates,Sao Tome and Principe,
United Arab Emirates,Saudi Arabia,
United Arab Emirates,Senegal,
United Arab Emirates,Serbia,
United Arab Emirates,Seychelles,
United Arab Emirates,Sierra Leone,
United Arab Emirates,Singapore,
United Arab Emirates,Slovakia,
United Arab Emirates,Slovenia,
United Arab Emirates,Solomon Islands,
United Arab Emirates,Somalia,
United Arab Emirates,South Africa,
United Arab Emirates,South Korea,
United Arab Emirates,South Sudan,
United Arab Emirates,Spain,
United Arab Emirates,Sri Lanka,
United Arab Emirates,Saint Vincent and the Grenadines,
United Arab Emirates,Sudan,
United Arab Emirates,Suriname,
United Arab Emirates,Sweden,
United Arab Emirates,Switzerland,
United Arab Emirates,Syria,
United Arab Emirates,Taiwan,
United Arab Emirates,Tajikistan,
United Arab Emirates,Tanzania,
United Arab Emirates,Thailand,
United Arab Emirates,Timor-Leste,
United Arab Emirates,Togo,
United Arab Emirates,Tonga,
United Arab Emirates,Trinidad and Tobago,
United Arab Emirates,Tunisia,
United Arab Emirates,Turkmenistan,
United Arab Emirates,Tuvalu,
United Arab Emirates,Turkey,
United Arab Emirates,Uganda,
United Arab Emirates,Ukraine,
United Arab Emirates,United Arab Emirates,-1
United Arab Emirates,United Kingdom,
United Arab Emirates,United States,
United Arab Emirates,Uruguay,
United Arab Emirates,Uzbekistan,
United Arab Emirates,Vanuatu,
United Arab Emirates,Vatican,
United Arab Emirates,Venezuela,
United Arab Emirates,Vietnam,
United Arab Emirates,Yemen,
United Arab Emirates,Zambia,
United Arab Emirates,Zimbabwe,
United Arab Emirates,Afghanistan,
United Kingdom,Albania,
United Kingdom,Algeria,
United Kingdom,Andorra,
United Kingdom,Angola,
United Kingdom,Antigua and Barbuda,
United Kingdom,Argentina,
United Kingdom,Armenia,
United Kingdom,Australia,
United Kingdom,Austria,
United Kingdom,Azerbaijan,
United Kingdom,Bahamas,
United Kingdom,Bahrain,
United Kingdom,Bangladesh,
United Kingdom,Barbados,
United Kingdom,Belarus,
United Kingdom,Belgium,
United Kingdom,Belize,
United Kingdom,Benin,
United Kingdom,Bhutan,
United Kingdom,Bolivia,
United Kingdom,Bosnia and Herzegovina,
United Kingdom,Botswana,
United Kingdom,Brazil,
United Kingdom,Brunei,
United Kingdom,Bulgaria,
United Kingdom,Burkina Faso,
United Kingdom,Burundi,
United Kingdom,Cambodia,
United Kingdom,Cameroon,
United Kingdom,Canada,
United Kingdom,Cape Verde,
United Kingdom,Central African Republic,
United Kingdom,Chad,
United Kingdom,Chile,
United Kingdom,China,
United Kingdom,Colombia,
United Kingdom,Comoros,
United Kingdom,Congo,
United Kingdom,DR Congo,
United Kingdom,Costa Rica,
United Kingdom,Ivory Coast,
United Kingdom,Croatia,
United Kingdom,Cuba,
United Kingdom,Cyprus,
United Kingdom,Czech Republic,
United Kingdom,Denmark,
United Kingdom,Djibouti,
United Kingdom,Dominica,
United Kingdom,Dominican Republic,
United Kingdom,Ecuador,
United Kingdom,Egypt,
United Kingdom,El Salvador,
United Kingdom,Equatorial Guinea,
United Kingdom,Eritrea,
United Kingdom,Estonia,
United Kingdom,Swaziland,
United Kingdom,Ethiopia,
United Kingdom,Fiji,
United Kingdom,Finland,
United Kingdom,France,
United Kingdom,Gabon,
United Kingdom,Gambia,
United Kingdom,Georgia,
United Kingdom,Germany,
United Kingdom,Ghana,
United Kingdom,Greece,
United Kingdom,Grenada,
United Kingdom,Guatemala,
United Kingdom,Guinea,
United Kingdom,Guinea-Bissau,
United Kingdom,Guyana,
United Kingdom,Haiti,
United Kingdom,Honduras,
United Kingdom,Hong Kong,
United Kingdom,Hungary,
United Kingdom,Iceland,
United Kingdom,India,
United Kingdom,Indonesia,
United Kingdom,Iran,
United Kingdom,Iraq,
United Kingdom,Ireland,
United Kingdom,Israel,
United Kingdom,Italy,
United Kingdom,Jamaica,
United Kingdom,Japan,
United Kingdom,Jordan,
United Kingdom,Kazakhstan,
United Kingdom,Kenya,
United Kingdom,Kiribati,
United Kingdom,Kosovo,
United Kingdom,Kuwait,
United Kingdom,Kyrgyzstan,
United Kingdom,Laos,
United Kingdom,Latvia,
United Kingdom,Lebanon,
United Kingdom,Lesotho,
United Kingdom,Liberia,
United Kingdom,Libya,
United Kingdom,Liechtenstein,
United Kingdom,Lithuania,
United Kingdom,Luxembourg,
United Kingdom,Macao,
United Kingdom,Madagascar,
United Kingdom,Malawi,
United Kingdom,Malaysia,
United Kingdom,Maldives,
United Kingdom,Mali,
United Kingdom,Malta,
United Kingdom,Marshall Islands,
United Kingdom,Mauritania,
United Kingdom,Mauritius,
United Kingdom,Mexico,
United Kingdom,Micronesia,
United Kingdom,Moldova,
United Kingdom,Monaco,
United Kingdom,Mongolia,
United Kingdom,Montenegro,
United Kingdom,Morocco,
United Kingdom,Mozambique,
United Kingdom,Myanmar,
United Kingdom,Namibia,
United Kingdom,Nauru,
United Kingdom,Nepal,
United Kingdom,Netherlands,
United Kingdom,New Zealand,
United Kingdom,Nicaragua,
United Kingdom,Niger,
United Kingdom,Nigeria,
United Kingdom,North Korea,
United Kingdom,North Macedonia,
United Kingdom,Norway,
United Kingdom,Oman,
United Kingdom,Pakistan,
United Kingdom,Palau,
United Kingdom,Palestine,
United Kingdom,Panama,
United Kingdom,Papua New Guinea,
United Kingdom,Paraguay,
United Kingdom,Peru,
United Kingdom,Philippines,
United Kingdom,Poland,
United Kingdom,Portugal,
United Kingdom,Qatar,
United Kingdom,Romania,
United Kingdom,Russia,
United Kingdom,Rwanda,
United Kingdom,Saint Kitts and Nevis,
United Kingdom,Saint Lucia,
United Kingdom,Samoa,
United Kingdom,San Marino,
United Kingdom,Sao Tome and Principe,
United Kingdom,Saudi Arabia,
United Kingdom,Senegal,
United Kingdom,Serbia,
United Kingdom,Seychelles,
United Kingdom,Sierra Leone,
United Kingdom,Singapore,
United Kingdom,Slovakia,
United Kingdom,Slovenia,
United Kingdom,Solomon Islands,
United Kingdom,Somalia,
United Kingdom,South Africa,
United Kingdom,South Korea,
United Kingdom,South Sudan,
United Kingdom,Spain,
United Kingdom,Sri Lanka,
United Kingdom,Saint Vincent and the Grenadines,
United Kingdom,Sudan,
United Kingdom,Suriname,
United Kingdom,Sweden,
United Kingdom,Switzerland,
United Kingdom,Syria,
United Kingdom,Taiwan,
United Kingdom,Tajikistan,
United Kingdom,Tanzania,
United Kingdom,Thailand,
United Kingdom,Timor-Leste,
United Kingdom,Togo,
United Kingdom,Tonga,
United Kingdom,Trinidad and Tobago,
United Kingdom,Tunisia,
United Kingdom,Turkmenistan,
United Kingdom,Tuvalu,
United Kingdom,Turkey,
United Kingdom,Uganda,
United Kingdom,Ukraine,
United Kingdom,United Arab Emirates,
United Kingdom,United Kingdom,-1
United Kingdom,United States,
United Kingdom,Uruguay,
United Kingdom,Uzbekistan,
United Kingdom,Vanuatu,
United Kingdom,Vatican,
United Kingdom,Venezuela,
United Kingdom,Vietnam,
United Kingdom,Yemen,
United Kingdom,Zambia,
United Kingdom,Zimbabwe,
United Kingdom,Afghanistan,
United States,Albania,
United States,Algeria,
United States,Andorra,
United States,Angola,
United States,Antigua and Barbuda,
United States,Argentina,
United States,Armenia,
United States,Australia,
United States,Austria,
United States,Azerbaijan,
United States,Bahamas,
United States,Bahrain,
United States,Bangladesh,
United States,Barbados,
United States,Belarus,
United States,Belgium,
United States,Belize,
United States,Benin,
United States,Bhutan,
United States,Bolivia,
United States,Bosnia and Herzegovina,
United States,Botswana,
United States,Brazil,
United States,Brunei,
United States,Bulgaria,
United States,Burkina Faso,
United States,Burundi,
United States,Cambodia,
United States,Cameroon,
United States,Canada,
United States,Cape Verde,
United States,Central African Republic,
United States,Chad,
United States,Chile,
United States,China,
United States,Colombia,
United States,Comoros,
United States,Congo,
United States,DR Congo,
United States,Costa Rica,
United States,Ivory Coast,
United States,Croatia,
United States,Cuba,
United States,Cyprus,
United States,Czech Republic,
United States,Denmark,
United States,Djibouti,
United States,Dominica,
United States,Dominican Republic,
United States,Ecuador,
United States,Egypt,
United States,El Salvador,
United States,Equatorial Guinea,
United States,Eritrea,
United States,Estonia,
United States,Swaziland,
United States,Ethiopia,
United States,Fiji,
United States,Finland,
United States,France,
United States,Gabon,
United States,Gambia,
United States,Georgia,
United States,Germany,
United States,Ghana,
United States,Greece,
United States,Grenada,
United States,Guatemala,
United States,Guinea,
United States,Guinea-Bissau,
United States,Guyana,
United States,Haiti,
United States,Honduras,
United States,Hong Kong,
United States,Hungary,
United States,Iceland,
United States,India,
United States,Indonesia,
United States,Iran,
United States,Iraq,
United States,Ireland,
United States,Israel,
United States,Italy,
United States,Jamaica,
United States,Japan,
United States,Jordan,
United States,Kazakhstan,
United States,Kenya,
United States,Kiribati,
United States,Kosovo,
United States,Kuwait,
United States,Kyrgyzstan,
United States,Laos,
United States,Latvia,
United States,Lebanon,
United States,Lesotho,
United States,Liberia,
United States,Libya,
United States,Liechtenstein,
United States,Lithuania,
United States,Luxembourg,
United States,Macao,
United States,Madagascar,
United States,Malawi,
United States,Malaysia,
United States,Maldives,
United States,Mali,
United States,Malta,
United States,Marshall Islands,
United States,Mauritania,
United States,Mauritius,
United States,Mexico,
United States,Micronesia,
United States,Moldova,
United States,Monaco,
United States,Mongolia,
United States,Montenegro,
United States,Morocco,
United States,Mozambique,
United States,Myanmar,
United States,Namibia,
United States,Nauru,
United States,Nepal,
United States,Netherlands,
United States,New Zealand,
United States,Nicaragua,
United States,Niger,
United States,Nigeria,
United States,North Korea,
United States,North Macedonia,
United States,Norway,
United States,Oman,
United States,Pakistan,
United States,Palau,
United States,Palestine,
United States,Panama,
United States,Papua New Guinea,
United States,Paraguay,
United States,Peru,
United States,Philippines,
United States,Poland,
United States,Portugal,
United States,Qatar,
United States,Romania,
United States,Russia,
United States,Rwanda,
United States,Saint Kitts and Nevis,
United States,Saint Lucia,
United States,Samoa,
United States,San Marino,
United States,Sao Tome and Principe,
United States,Saudi Arabia,
United States,Senegal,
United States,Serbia,
United States,Seychelles,
United States,Sierra Leone,
United States,Singapore,
United States,Slovakia,
United States,Slovenia,
United States,Solomon Islands,
United States,Somalia,
United States,South Africa,
United States,South Korea,
United States,South Sudan,
United States,Spain,
United States,Sri Lanka,
United States,Saint Vincent and the Grenadines,
United States,Sudan,
United States,Suriname,
United States,Sweden,
United States,Switzerland,
United States,Syria,
United States,Taiwan,
United States,Tajikistan,
United States,Tanzania,
United States,Thailand,
United States,Timor-Leste,
United States,Togo,
United States,Tonga,
United States,Trinidad and Tobago,
United States,Tunisia,
United States,Turkmenistan,
United States,Tuvalu,
United States,Turkey,
United States,Uganda,
United States,Ukraine,
United States,United Arab Emirates,
United States,United Kingdom,
United States,United States,-1
United States,Uruguay,
United States,Uzbekistan,
United States,Vanuatu,
United States,Vatican,
United States,Venezuela,
United States,Vietnam,
United States,Yemen,
United States,Zambia,
United States,Zimbabwe,
United States,Afghanistan,
Uruguay,Albania,
Uruguay,Algeria,
Uruguay,Andorra,
Uruguay,Angola,
Uruguay,Antigua and Barbuda,
Uruguay,Argentina,
Uruguay,Armenia,
Uruguay,Australia,
Uruguay,Austria,
Uruguay,Azerbaijan,
Uruguay,Bahamas,
Uruguay,Bahrain,
Uruguay,Bangladesh,
Uruguay,Barbados,
Uruguay,Belarus,
Uruguay,Belgium,
Uruguay,Belize,
Uruguay,Benin,
Uruguay,Bhutan,
Uruguay,Bolivia,
Uruguay,Bosnia and Herzegovina,
Uruguay,Botswana,
Uruguay,Brazil,
Uruguay,Brunei,
Uruguay,Bulgaria,
Uruguay,Burkina Faso,
Uruguay,Burundi,
Uruguay,Cambodia,
Uruguay,Cameroon,
Uruguay,Canada,
Uruguay,Cape Verde,
Uruguay,Central African Republic,
Uruguay,Chad,
Uruguay,Chile,
Uruguay,China,
Uruguay,Colombia,
Uruguay,Comoros,
Uruguay,Congo,
Uruguay,DR Congo,
Uruguay,Costa Rica,
Uruguay,Ivory Coast,
Uruguay,Croatia,
Uruguay,Cuba,
Uruguay,Cyprus,
Uruguay,Czech Republic,
Uruguay,Denmark,
Uruguay,Djibouti,
Uruguay,Dominica,
Uruguay,Dominican Republic,
Uruguay,Ecuador,
Uruguay,Egypt,
Uruguay,El Salvador,
Uruguay,Equatorial Guinea,
Uruguay,Eritrea,
Uruguay,Estonia,
Uruguay,Swaziland,
Uruguay,Ethiopia,
Uruguay,Fiji,
Uruguay,Finland,
Uruguay,France,
Uruguay,Gabon,
Uruguay,Gambia,
Uruguay,Georgia,
Uruguay,Germany,
Uruguay,Ghana,
Uruguay,Greece,
Uruguay,Grenada,
Uruguay,Guatemala,
Uruguay,Guinea,
Uruguay,Guinea-Bissau,
Uruguay,Guyana,
Uruguay,Haiti,
Uruguay,Honduras,
Uruguay,Hong Kong,
Uruguay,Hungary,
Uruguay,Iceland,
Uruguay,India,
Uruguay,Indonesia,
Uruguay,Iran,
Uruguay,Iraq,
Uruguay,Ireland,
Uruguay,Israel,
Uruguay,Italy,
Uruguay,Jamaica,
Uruguay,Japan,
Uruguay,Jordan,
Uruguay,Kazakhstan,
Uruguay,Kenya,
Uruguay,Kiribati,
Uruguay,Kosovo,
Uruguay,Kuwait,
Uruguay,Kyrgyzstan,
Uruguay,Laos,
Uruguay,Latvia,
Uruguay,Lebanon,
Uruguay,Lesotho,
Uruguay,Liberia,
Uruguay,Libya,
Uruguay,Liechtenstein,
Uruguay,Lithuania,
Uruguay,Luxembourg,
Uruguay,Macao,
Uruguay,Madagascar,
Uruguay,Malawi,
Uruguay,Malaysia,
Uruguay,Maldives,
Uruguay,Mali,
Uruguay,Malta,
Uruguay,Marshall Islands,
Uruguay,Mauritania,
Uruguay,Mauritius,
Uruguay,Mexico,
Uruguay,Micronesia,
Uruguay,Moldova,
Uruguay,Monaco,
Uruguay,Mongolia,
Uruguay,Montenegro,
Uruguay,Morocco,
Uruguay,Mozambique,
Uruguay,Myanmar,
Uruguay,Namibia,
Uruguay,Nauru,
Uruguay,Nepal,
Uruguay,Netherlands,
Uruguay,New Zealand,
Uruguay,Nicaragua,
Uruguay,Niger,
Uruguay,Nigeria,
Uruguay,North Korea,
Uruguay,North Macedonia,
Uruguay,Norway,
Uruguay,Oman,
Uruguay,Pakistan,
Uruguay,Palau,
Uruguay,Palestine,
Uruguay,Panama,
Uruguay,Papua New Guinea,
Uruguay,Paraguay,
Uruguay,Peru,
Uruguay,Philippines,
Uruguay,Poland,
Uruguay,Portugal,
Uruguay,Qatar,
Uruguay,Romania,
Uruguay,Russia,
Uruguay,Rwanda,
Uruguay,Saint Kitts and Nevis,
Uruguay,Saint Lucia,
Uruguay,Samoa,
Uruguay,San Marino,
Uruguay,Sao Tome and Principe,
Uruguay,Saudi Arabia,
Uruguay,Senegal,
Uruguay,Serbia,
Uruguay,Seychelles,
Uruguay,Sierra Leone,
Uruguay,Singapore,
Uruguay,Slovakia,
Uruguay,Slovenia,
Uruguay,Solomon Islands,
Uruguay,Somalia,
Uruguay,South Africa,
Uruguay,South Korea,
Uruguay,South Sudan,
Uruguay,Spain,
Uruguay,Sri Lanka,
Uruguay,Saint Vincent and the Grenadines,
Uruguay,Sudan,
Uruguay,Suriname,
Uruguay,Sweden,
Uruguay,Switzerland,
Uruguay,Syria,
Uruguay,Taiwan,
Uruguay,Tajikistan,
Uruguay,Tanzania,
Uruguay,Thailand,
Uruguay,Timor-Leste,
Uruguay,Togo,
Uruguay,Tonga,
Uruguay,Trinidad and Tobago,
Uruguay,Tunisia,
Uruguay,Turkmenistan,
Uruguay,Tuvalu,
Uruguay,Turkey,
Uruguay,Uganda,
Uruguay,Ukraine,
Uruguay,United Arab Emirates,
Uruguay,United Kingdom,
Uruguay,United States,
Uruguay,Uruguay,-1
Uruguay,Uzbekistan,
Uruguay,Vanuatu,
Uruguay,Vatican,
Uruguay,Venezuela,
Uruguay,Vietnam,
Uruguay,Yemen,
Uruguay,Zambia,
Uruguay,Zimbabwe,
Uruguay,Afghanistan,
Uzbekistan,Albania,
Uzbekistan,Algeria,
Uzbekistan,Andorra,
Uzbekistan,Angola,
Uzbekistan,Antigua and Barbuda,
Uzbekistan,Argentina,
Uzbekistan,Armenia,
Uzbekistan,Australia,
Uzbekistan,Austria,
Uzbekistan,Azerbaijan,
Uzbekistan,Bahamas,
Uzbekistan,Bahrain,
Uzbekistan,Bangladesh,
Uzbekistan,Barbados,
Uzbekistan,Belarus,
Uzbekistan,Belgium,
Uzbekistan,Belize,
Uzbekistan,Benin,
Uzbekistan,Bhutan,
Uzbekistan,Bolivia,
Uzbekistan,Bosnia and Herzegovina,
Uzbekistan,Botswana,
Uzbekistan,Brazil,
Uzbekistan,Brunei,
Uzbekistan,Bulgaria,
Uzbekistan,Burkina Faso,
Uzbekistan,Burundi,
Uzbekistan,Cambodia,
Uzbekistan,Cameroon,
Uzbekistan,Canada,
Uzbekistan,Cape Verde,
Uzbekistan,Central African Republic,
Uzbekistan,Chad,
Uzbekistan,Chile,
Uzbekistan,China,
Uzbekistan,Colombia,
Uzbekistan,Comoros,
Uzbekistan,Congo,
Uzbekistan,DR Congo,
Uzbekistan,Costa Rica,
Uzbekistan,Ivory Coast,
Uzbekistan,Croatia,
Uzbekistan,Cuba,
Uzbekistan,Cyprus,
Uzbekistan,Czech Republic,
Uzbekistan,Denmark,
Uzbekistan,Djibouti,
Uzbekistan,Dominica,
Uzbekistan,Dominican Republic,
Uzbekistan,Ecuador,
Uzbekistan,Egypt,
Uzbekistan,El Salvador,
Uzbekistan,Equatorial Guinea,
Uzbekistan,Eritrea,
Uzbekistan,Estonia,
Uzbekistan,Swaziland,
Uzbekistan,Ethiopia,
Uzbekistan,Fiji,
Uzbekistan,Finland,
Uzbekistan,France,
Uzbekistan,Gabon,
Uzbekistan,Gambia,
Uzbekistan,Georgia,
Uzbekistan,Germany,
Uzbekistan,Ghana,
Uzbekistan,Greece,
Uzbekistan,Grenada,
Uzbekistan,Guatemala,
Uzbekistan,Guinea,
Uzbekistan,Guinea-Bissau,
Uzbekistan,Guyana,
Uzbekistan,Haiti,
Uzbekistan,Honduras,
Uzbekistan,Hong Kong,
Uzbekistan,Hungary,
Uzbekistan,Iceland,
Uzbekistan,India,
Uzbekistan,Indonesia,
Uzbekistan,Iran,
Uzbekistan,Iraq,
Uzbekistan,Ireland,
Uzbekistan,Israel,
Uzbekistan,Italy,
Uzbekistan,Jamaica,
Uzbekistan,Japan,
Uzbekistan,Jordan,
Uzbekistan,Kazakhstan,
Uzbekistan,Kenya,
Uzbekistan,Kiribati,
Uzbekistan,Kosovo,
Uzbekistan,Kuwait,
Uzbekistan,Kyrgyzstan,
Uzbekistan,Laos,
Uzbekistan,Latvia,
Uzbekistan,Lebanon,
Uzbekistan,Lesotho,
Uzbekistan,Liberia,
Uzbekistan,Libya,
Uzbekistan,Liechtenstein,
Uzbekistan,Lithuania,
Uzbekistan,Luxembourg,
Uzbekistan,Macao,
Uzbekistan,Madagascar,
Uzbekistan,Malawi,
Uzbekistan,Malaysia,
Uzbekistan,Maldives,
Uzbekistan,Mali,
Uzbekistan,Malta,
Uzbekistan,Marshall Islands,
Uzbekistan,Mauritania,
Uzbekistan,Mauritius,
Uzbekistan,Mexico,
Uzbekistan,Micronesia,
Uzbekistan,Moldova,
Uzbekistan,Monaco,
Uzbekistan,Mongolia,
Uzbekistan,Montenegro,
Uzbekistan,Morocco,
Uzbekistan,Mozambique,
Uzbekistan,Myanmar,
Uzbekistan,Namibia,
Uzbekistan,Nauru,
Uzbekistan,Nepal,
Uzbekistan,Netherlands,
Uzbekistan,New Zealand,
Uzbekistan,Nicaragua,
Uzbekistan,Niger,
Uzbekistan,Nigeria,
Uzbekistan,North Korea,
Uzbekistan,North Macedonia,
Uzbekistan,Norway,
Uzbekistan,Oman,
Uzbekistan,Pakistan,
Uzbekistan,Palau,
Uzbekistan,Palestine,
Uzbekistan,Panama,
Uzbekistan,Papua New Guinea,
Uzbekistan,Paraguay,
Uzbekistan,Peru,
Uzbekistan,Philippines,
Uzbekistan,Poland,
Uzbekistan,Portugal,
Uzbekistan,Qatar,
Uzbekistan,Romania,
Uzbekistan,Russia,
Uzbekistan,Rwanda,
Uzbekistan,Saint Kitts and Nevis,
Uzbekistan,Saint Lucia,
Uzbekistan,Samoa,
Uzbekistan,San Marino,
Uzbekistan,Sao Tome and Principe,
Uzbekistan,Saudi Arabia,
Uzbekistan,Senegal,
Uzbekistan,Serbia,
Uzbekistan,Seychelles,
Uzbekistan,Sierra Leone,
Uzbekistan,Singapore,
Uzbekistan,Slovakia,
Uzbekistan,Slovenia,
Uzbekistan,Solomon Islands,
Uzbekistan,Somalia,
Uzbekistan,South Africa,
Uzbekistan,South Korea,
Uzbekistan,South Sudan,
Uzbekistan,Spain,
Uzbekistan,Sri Lanka,
Uzbekistan,Saint Vincent and the Grenadines,
Uzbekistan,Sudan,
Uzbekistan,Suriname,
Uzbekistan,Sweden,
Uzbekistan,Switzerland,
Uzbekistan,Syria,
Uzbekistan,Taiwan,
Uzbekistan,Tajikistan,
Uzbekistan,Tanzania,
Uzbekistan,Thailand,
Uzbekistan,Timor-Leste,
Uzbekistan,Togo,
Uzbekistan,Tonga,
Uzbekistan,Trinidad and Tobago,
Uzbekistan,Tunisia,
Uzbekistan,Turkmenistan,
Uzbekistan,Tuvalu,
Uzbekistan,Turkey,
Uzbekistan,Uganda,
Uzbekistan,Ukraine,
Uzbekistan,United Arab Emirates,
Uzbekistan,United Kingdom,
Uzbekistan,United States,
Uzbekistan,Uruguay,
Uzbekistan,Uzbekistan,-1
Uzbekistan,Vanuatu,
Uzbekistan,Vatican,
Uzbekistan,Venezuela,
Uzbekistan,Vietnam,
Uzbekistan,Yemen,
Uzbekistan,Zambia,
Uzbekistan,Zimbabwe,
Uzbekistan,Afghanistan,
Vanuatu,Albania,
Vanuatu,Algeria,
Vanuatu,Andorra,
Vanuatu,Angola,
Vanuatu,Antigua and Barbuda,
Vanuatu,Argentina,
Vanuatu,Armenia,
Vanuatu,Australia,
Vanuatu,Austria,
Vanuatu,Azerbaijan,
Vanuatu,Bahamas,
Vanuatu,Bahrain,
Vanuatu,Bangladesh,
Vanuatu,Barbados,
Vanuatu,Belarus,
Vanuatu,Belgium,
Vanuatu,Belize,
Vanuatu,Benin,
Vanuatu,Bhutan,
Vanuatu,Bolivia,
Vanuatu,Bosnia and Herzegovina,
Vanuatu,Botswana,
Vanuatu,Brazil,
Vanuatu,Brunei,
Vanuatu,Bulgaria,
Vanuatu,Burkina Faso,
Vanuatu,Burundi,
Vanuatu,Cambodia,
Vanuatu,Cameroon,
Vanuatu,Canada,
Vanuatu,Cape Verde,
Vanuatu,Central African Republic,
Vanuatu,Chad,
Vanuatu,Chile,
Vanuatu,China,
Vanuatu,Colombia,
Vanuatu,Comoros,
Vanuatu,Congo,
Vanuatu,DR Congo,
Vanuatu,Costa Rica,
Vanuatu,Ivory Coast,
Vanuatu,Croatia,
Vanuatu,Cuba,
Vanuatu,Cyprus,
Vanuatu,Czech Republic,
Vanuatu,Denmark,
Vanuatu,Djibouti,
Vanuatu,Dominica,
Vanuatu,Dominican Republic,
Vanuatu,Ecuador,
Vanuatu,Egypt,
Vanuatu,El Salvador,
Vanuatu,Equatorial Guinea,
Vanuatu,Eritrea,
Vanuatu,Estonia,
Vanuatu,Swaziland,
Vanuatu,Ethiopia,
Vanuatu,Fiji,
Vanuatu,Finland,
Vanuatu,France,
Vanuatu,Gabon,
Vanuatu,Gambia,
Vanuatu,Georgia,
Vanuatu,Germany,
Vanuatu,Ghana,
Vanuatu,Greece,
Vanuatu,Grenada,
Vanuatu,Guatemala,
Vanuatu,Guinea,
Vanuatu,Guinea-Bissau,
Vanuatu,Guyana,
Vanuatu,Haiti,
Vanuatu,Honduras,
Vanuatu,Hong Kong,
Vanuatu,Hungary,
Vanuatu,Iceland,
Vanuatu,India,
Vanuatu,Indonesia,
Vanuatu,Iran,
Vanuatu,Iraq,
Vanuatu,Ireland,
Vanuatu,Israel,
Vanuatu,Italy,
Vanuatu,Jamaica,
Vanuatu,Japan,
Vanuatu,Jordan,
Vanuatu,Kazakhstan,
Vanuatu,Kenya,
Vanuatu,Kiribati,
Vanuatu,Kosovo,
Vanuatu,Kuwait,
Vanuatu,Kyrgyzstan,
Vanuatu,Laos,
Vanuatu,Latvia,
Vanuatu,Lebanon,
Vanuatu,Lesotho,
Vanuatu,Liberia,
Vanuatu,Libya,
Vanuatu,Liechtenstein,
Vanuatu,Lithuania,
Vanuatu,Luxembourg,
Vanuatu,Macao,
Vanuatu,Madagascar,
Vanuatu,Malawi,
Vanuatu,Malaysia,
Vanuatu,Maldives,
Vanuatu,Mali,
Vanuatu,Malta,
Vanuatu,Marshall Islands,
Vanuatu,Mauritania,
Vanuatu,Mauritius,
Vanuatu,Mexico,
Vanuatu,Micronesia,
Vanuatu,Moldova,
Vanuatu,Monaco,
Vanuatu,Mongolia,
Vanuatu,Montenegro,
Vanuatu,Morocco,
Vanuatu,Mozambique,
Vanuatu,Myanmar,
Vanuatu,Namibia,
Vanuatu,Nauru,
Vanuatu,Nepal,
Vanuatu,Netherlands,
Vanuatu,New Zealand,
Vanuatu,Nicaragua,
Vanuatu,Niger,
Vanuatu,Nigeria,
Vanuatu,North Korea,
Vanuatu,North Macedonia,
Vanuatu,Norway,
Vanuatu,Oman,
Vanuatu,Pakistan,
Vanuatu,Palau,
Vanuatu,Palestine,
Vanuatu,Panama,
Vanuatu,Papua New Guinea,
Vanuatu,Paraguay,
Vanuatu,Peru,
Vanuatu,Philippines,
Vanuatu,Poland,
Vanuatu,Portugal,
Vanuatu,Qatar,
Vanuatu,Romania,
Vanuatu,Russia,
Vanuatu,Rwanda,
Vanuatu,Saint Kitts and Nevis,
Vanuatu,Saint Lucia,
Vanuatu,Samoa,
Vanuatu,San Marino,
Vanuatu,Sao Tome and Principe,
Vanuatu,Saudi Arabia,
Vanuatu,Senegal,
Vanuatu,Serbia,
Vanuatu,Seychelles,
Vanuatu,Sierra Leone,
Vanuatu,Singapore,
Vanuatu,Slovakia,
Vanuatu,Slovenia,
Vanuatu,Solomon Islands,
Vanuatu,Somalia,
Vanuatu,South Africa,
Vanuatu,South Korea,
Vanuatu,South Sudan,
Vanuatu,Spain,
Vanuatu,Sri Lanka,
Vanuatu,Saint Vincent and the Grenadines,
Vanuatu,Sudan,
Vanuatu,Suriname,
Vanuatu,Sweden,
Vanuatu,Switzerland,
Vanuatu,Syria,
Vanuatu,Taiwan,
Vanuatu,Tajikistan,
Vanuatu,Tanzania,
Vanuatu,Thailand,
Vanuatu,Timor-Leste,
Vanuatu,Togo,
Vanuatu,Tonga,
Vanuatu,Trinidad and Tobago,
Vanuatu,Tunisia,
Vanuatu,Turkmenistan,
Vanuatu,Tuvalu,
Vanuatu,Turkey,
Vanuatu,Uganda,
Vanuatu,Ukraine,
Vanuatu,United Arab Emirates,
Vanuatu,United Kingdom,
Vanuatu,United States,
Vanuatu,Uruguay,
Vanuatu,Uzbekistan,
Vanuatu,Vanuatu,-1
Vanuatu,Vatican,
Vanuatu,Venezuela,
Vanuatu,Vietnam,
Vanuatu,Yemen,
Vanuatu,Zambia,
Vanuatu,Zimbabwe,
Vanuatu,Afghanistan,
Vatican,Albania,
Vatican,Algeria,
Vatican,Andorra,
Vatican,Angola,
Vatican,Antigua and Barbuda,
Vatican,Argentina,
Vatican,Armenia,
Vatican,Australia,
Vatican,Austria,
Vatican,Azerbaijan,
Vatican,Bahamas,
Vatican,Bahrain,
Vatican,Bangladesh,
Vatican,Barbados,
Vatican,Belarus,
Vatican,Belgium,
Vatican,Belize,
Vatican,Benin,
Vatican,Bhutan,
Vatican,Bolivia,
Vatican,Bosnia and Herzegovina,
Vatican,Botswana,
Vatican,Brazil,
Vatican,Brunei,
Vatican,Bulgaria,
Vatican,Burkina Faso,
Vatican,Burundi,
Vatican,Cambodia,
Vatican,Cameroon,
Vatican,Canada,
Vatican,Cape Verde,
Vatican,Central African Republic,
Vatican,Chad,
Vatican,Chile,
Vatican,China,
Vatican,Colombia,
Vatican,Comoros,
Vatican,Congo,
Vatican,DR Congo,
Vatican,Costa Rica,
Vatican,Ivory Coast,
Vatican,Croatia,
Vatican,Cuba,
Vatican,Cyprus,
Vatican,Czech Republic,
Vatican,Denmark,
Vatican,Djibouti,
Vatican,Dominica,
Vatican,Dominican Republic,
Vatican,Ecuador,
Vatican,Egypt,
Vatican,El Salvador,
Vatican,Equatorial Guinea,
Vatican,Eritrea,
Vatican,Estonia,
Vatican,Swaziland,
Vatican,Ethiopia,
Vatican,Fiji,
Vatican,Finland,
Vatican,France,
Vatican,Gabon,
Vatican,Gambia,
Vatican,Georgia,
Vatican,Germany,
Vatican,Ghana,
Vatican,Greece,
Vatican,Grenada,
Vatican,Guatemala,
Vatican,Guinea,
Vatican,Guinea-Bissau,
Vatican,Guyana,
Vatican,Haiti,
Vatican,Honduras,
Vatican,Hong Kong,
Vatican,Hungary,
Vatican,Iceland,
Vatican,India,
Vatican,Indonesia,
Vatican,Iran,
Vatican,Iraq,
Vatican,Ireland,
Vatican,Israel,
Vatican,Italy,
Vatican,Jamaica,
Vatican,Japan,
Vatican,Jordan,
Vatican,Kazakhstan,
Vatican,Kenya,
Vatican,Kiribati,
Vatican,Kosovo,
Vatican,Kuwait,
Vatican,Kyrgyzstan,
Vatican,Laos,
Vatican,Latvia,
Vatican,Lebanon,
Vatican,Lesotho,
Vatican,Liberia,
Vatican,Libya,
Vatican,Liechtenstein,
Vatican,Lithuania,
Vatican,Luxembourg,
Vatican,Macao,
Vatican,Madagascar,
Vatican,Malawi,
Vatican,Malaysia,
Vatican,Maldives,
Vatican,Mali,
Vatican,Malta,
Vatican,Marshall Islands,
Vatican,Mauritania,
Vatican,Mauritius,
Vatican,Mexico,
Vatican,Micronesia,
Vatican,Moldova,
Vatican,Monaco,
Vatican,Mongolia,
Vatican,Montenegro,
Vatican,Morocco,
Vatican,Mozambique,
Vatican,Myanmar,
Vatican,Namibia,
Vatican,Nauru,
Vatican,Nepal,
Vatican,Netherlands,
Vatican,New Zealand,
Vatican,Nicaragua,
Vatican,Niger,
Vatican,Nigeria,
Vatican,North Korea,
Vatican,North Macedonia,
Vatican,Norway,
Vatican,Oman,
Vatican,Pakistan,
Vatican,Palau,
Vatican,Palestine,
Vatican,Panama,
Vatican,Papua New Guinea,
Vatican,Paraguay,
Vatican,Peru,
Vatican,Philippines,
Vatican,Poland,
Vatican,Portugal,
Vatican,Qatar,
Vatican,Romania,
Vatican,Russia,
Vatican,Rwanda,
Vatican,Saint Kitts and Nevis,
Vatican,Saint Lucia,
Vatican,Samoa,
Vatican,San Marino,
Vatican,Sao Tome and Principe,
Vatican,Saudi Arabia,
Vatican,Senegal,
Vatican,Serbia,
Vatican,Seychelles,
Vatican,Sierra Leone,
Vatican,Singapore,
Vatican,Slovakia,
Vatican,Slovenia,
Vatican,Solomon Islands,
Vatican,Somalia,
Vatican,South Africa,
Vatican,South Korea,
Vatican,South Sudan,
Vatican,Spain,
Vatican,Sri Lanka,
Vatican,Saint Vincent and the Grenadines,
Vatican,Sudan,
Vatican,Suriname,
Vatican,Sweden,
Vatican,Switzerland,
Vatican,Syria,
Vatican,Taiwan,
Vatican,Tajikistan,
Vatican,Tanzania,
Vatican,Thailand,
Vatican,Timor-Leste,
Vatican,Togo,
Vatican,Tonga,
Vatican,Trinidad and Tobago,
Vatican,Tunisia,
Vatican,Turkmenistan,
Vatican,Tuvalu,
Vatican,Turkey,
Vatican,Uganda,
Vatican,Ukraine,
Vatican,United Arab Emirates,
Vatican,United Kingdom,
Vatican,United States,
Vatican,Uruguay,
Vatican,Uzbekistan,
Vatican,Vanuatu,
Vatican,Vatican,-1
Vatican,Venezuela,
Vatican,Vietnam,
Vatican,Yemen,
Vatican,Zambia,
Vatican,Zimbabwe,
Vatican,Afghanistan,
Venezuela,Albania,
Venezuela,Algeria,
Venezuela,Andorra,
Venezuela,Angola,
Venezuela,Antigua and Barbuda,
Venezuela,Argentina,
Venezuela,Armenia,
Venezuela,Australia,
Venezuela,Austria,
Venezuela,Azerbaijan,
Venezuela,Bahamas,
Venezuela,Bahrain,
Venezuela,Bangladesh,
Venezuela,Barbados,
Venezuela,Belarus,
Venezuela,Belgium,
Venezuela,Belize,
Venezuela,Benin,
Venezuela,Bhutan,
Venezuela,Bolivia,
Venezuela,Bosnia and Herzegovina,
Venezuela,Botswana,
Venezuela,Brazil,
Venezuela,Brunei,
Venezuela,Bulgaria,
Venezuela,Burkina Faso,
Venezuela,Burundi,
Venezuela,Cambodia,
Venezuela,Cameroon,
Venezuela,Canada,
Venezuela,Cape Verde,
Venezuela,Central African Republic,
Venezuela,Chad,
Venezuela,Chile,
Venezuela,China,
Venezuela,Colombia,
Venezuela,Comoros,
Venezuela,Congo,
Venezuela,DR Congo,
Venezuela,Costa Rica,
Venezuela,Ivory Coast,
Venezuela,Croatia,
Venezuela,Cuba,
Venezuela,Cyprus,
Venezuela,Czech Republic,
Venezuela,Denmark,
Venezuela,Djibouti,
Venezuela,Dominica,
Venezuela,Dominican Republic,
Venezuela,Ecuador,
Venezuela,Egypt,
Venezuela,El Salvador,
Venezuela,Equatorial Guinea,
Venezuela,Eritrea,
Venezuela,Estonia,
Venezuela,Swaziland,
Venezuela,Ethiopia,
Venezuela,Fiji,
Venezuela,Finland,
Venezuela,France,
Venezuela,Gabon,
Venezuela,Gambia,
Venezuela,Georgia,
Venezuela,Germany,
Venezuela,Ghana,
Venezuela,Greece,
Venezuela,Grenada,
Venezuela,Guatemala,
Venezuela,Guinea,
Venezuela,Guinea-Bissau,
Venezuela,Guyana,
Venezuela,Haiti,
Venezuela,Honduras,
Venezuela,Hong Kong,
Venezuela,Hungary,
Venezuela,Iceland,
Venezuela,India,
Venezuela,Indonesia,
Venezuela,Iran,
Venezuela,Iraq,
Venezuela,Ireland,
Venezuela,Israel,
Venezuela,Italy,
Venezuela,Jamaica,
Venezuela,Japan,
Venezuela,Jordan,
Venezuela,Kazakhstan,
Venezuela,Kenya,
Venezuela,Kiribati,
Venezuela,Kosovo,
Venezuela,Kuwait,
Venezuela,Kyrgyzstan,
Venezuela,Laos,
Venezuela,Latvia,
Venezuela,Lebanon,
Venezuela,Lesotho,
Venezuela,Liberia,
Venezuela,Libya,
Venezuela,Liechtenstein,
Venezuela,Lithuania,
Venezuela,Luxembourg,
Venezuela,Macao,
Venezuela,Madagascar,
Venezuela,Malawi,
Venezuela,Malaysia,
Venezuela,Maldives,
Venezuela,Mali,
Venezuela,Malta,
Venezuela,Marshall Islands,
Venezuela,Mauritania,
Venezuela,Mauritius,
Venezuela,Mexico,
Venezuela,Micronesia,
Venezuela,Moldova,
Venezuela,Monaco,
Venezuela,Mongolia,
Venezuela,Montenegro,
Venezuela,Morocco,
Venezuela,Mozambique,
Venezuela,Myanmar,
Venezuela,Namibia,
Venezuela,Nauru,
Venezuela,Nepal,
Venezuela,Netherlands,
Venezuela,New Zealand,
Venezuela,Nicaragua,
Venezuela,Niger,
Venezuela,Nigeria,
Venezuela,North Korea,
Venezuela,North Macedonia,
Venezuela,Norway,
Venezuela,Oman,
Venezuela,Pakistan,
Venezuela,Palau,
Venezuela,Palestine,
Venezuela,Panama,
Venezuela,Papua New Guinea,
Venezuela,Paraguay,
Venezuela,Peru,
Venezuela,Philippines,
Venezuela,Poland,
Venezuela,Portugal,
Venezuela,Qatar,
Venezuela,Romania,
Venezuela,Russia,
Venezuela,Rwanda,
Venezuela,Saint Kitts and Nevis,
Venezuela,Saint Lucia,
Venezuela,Samoa,
Venezuela,San Marino,
Venezuela,Sao Tome and Principe,
Venezuela,Saudi Arabia,
Venezuela,Senegal,
Venezuela,Serbia,
Venezuela,Seychelles,
Venezuela,Sierra Leone,
Venezuela,Singapore,
Venezuela,Slovakia,
Venezuela,Slovenia,
Venezuela,Solomon Islands,
Venezuela,Somalia,
Venezuela,South Africa,
Venezuela,South Korea,
Venezuela,South Sudan,
Venezuela,Spain,
Venezuela,Sri Lanka,
Venezuela,Saint Vincent and the Grenadines,
Venezuela,Sudan,
Venezuela,Suriname,
Venezuela,Sweden,
Venezuela,Switzerland,
Venezuela,Syria,
Venezuela,Taiwan,
Venezuela,Tajikistan,
Venezuela,Tanzania,
Venezuela,Thailand,
Venezuela,Timor-Leste,
Venezuela,Togo,
Venezuela,Tonga,
Venezuela,Trinidad and Tobago,
Venezuela,Tunisia,
Venezuela,Turkmenistan,
Venezuela,Tuvalu,
Venezuela,Turkey,
Venezuela,Uganda,
Venezuela,Ukraine,
Venezuela,United Arab Emirates,
Venezuela,United Kingdom,
Venezuela,United States,
Venezuela,Uruguay,
Venezuela,Uzbekistan,
Venezuela,Vanuatu,
Venezuela,Vatican,
Venezuela,Venezuela,-1
Venezuela,Vietnam,
Venezuela,Yemen,
Venezuela,Zambia,
Venezuela,Zimbabwe,
Venezuela,Afghanistan,
Vietnam,Albania,
Vietnam,Algeria,
Vietnam,Andorra,
Vietnam,Angola,
Vietnam,Antigua and Barbuda,
Vietnam,Argentina,
Vietnam,Armenia,
Vietnam,Australia,
Vietnam,Austria,
Vietnam,Azerbaijan,
Vietnam,Bahamas,
Vietnam,Bahrain,
Vietnam,Bangladesh,
Vietnam,Barbados,
Vietnam,Belarus,
Vietnam,Belgium,
Vietnam,Belize,
Vietnam,Benin,
Vietnam,Bhutan,
Vietnam,Bolivia,
Vietnam,Bosnia and Herzegovina,
Vietnam,Botswana,
Vietnam,Brazil,
Vietnam,Brunei,
Vietnam,Bulgaria,
Vietnam,Burkina Faso,
Vietnam,Burundi,
Vietnam,Cambodia,
Vietnam,Cameroon,
Vietnam,Canada,
Vietnam,Cape Verde,
Vietnam,Central African Republic,
Vietnam,Chad,
Vietnam,Chile,
Vietnam,China,
Vietnam,Colombia,
Vietnam,Comoros,
Vietnam,Congo,
Vietnam,DR Congo,
Vietnam,Costa Rica,
Vietnam,Ivory Coast,
Vietnam,Croatia,
Vietnam,Cuba,
Vietnam,Cyprus,
Vietnam,Czech Republic,
Vietnam,Denmark,
Vietnam,Djibouti,
Vietnam,Dominica,
Vietnam,Dominican Republic,
Vietnam,Ecuador,
Vietnam,Egypt,
Vietnam,El Salvador,
Vietnam,Equatorial Guinea,
Vietnam,Eritrea,
Vietnam,Estonia,
Vietnam,Swaziland,
Vietnam,Ethiopia,
Vietnam,Fiji,
Vietnam,Finland,
Vietnam,France,
Vietnam,Gabon,
Vietnam,Gambia,
Vietnam,Georgia,
Vietnam,Germany,
Vietnam,Ghana,
Vietnam,Greece,
Vietnam,Grenada,
Vietnam,Guatemala,
Vietnam,Guinea,
Vietnam,Guinea-Bissau,
Vietnam,Guyana,
Vietnam,Haiti,
Vietnam,Honduras,
Vietnam,Hong Kong,
Vietnam,Hungary,
Vietnam,Iceland,
Vietnam,India,
Vietnam,Indonesia,
Vietnam,Iran,
Vietnam,Iraq,
Vietnam,Ireland,
Vietnam,Israel,
Vietnam,Italy,
Vietnam,Jamaica,
Vietnam,Japan,
Vietnam,Jordan,
Vietnam,Kazakhstan,
Vietnam,Kenya,
Vietnam,Kiribati,
Vietnam,Kosovo,
Vietnam,Kuwait,
Vietnam,Kyrgyzstan,
Vietnam,Laos,
Vietnam,Latvia,
Vietnam,Lebanon,
Vietnam,Lesotho,
Vietnam,Liberia,
Vietnam,Libya,
Vietnam,Liechtenstein,
Vietnam,Lithuania,
Vietnam,Luxembourg,
Vietnam,Macao,
Vietnam,Madagascar,
Vietnam,Malawi,
Vietnam,Malaysia,
Vietnam,Maldives,
Vietnam,Mali,
Vietnam,Malta,
Vietnam,Marshall Islands,
Vietnam,Mauritania,
Vietnam,Mauritius,
Vietnam,Mexico,
Vietnam,Micronesia,
Vietnam,Moldova,
Vietnam,Monaco,
Vietnam,Mongolia,
Vietnam,Montenegro,
Vietnam,Morocco,
Vietnam,Mozambique,
Vietnam,Myanmar,
Vietnam,Namibia,
Vietnam,Nauru,
Vietnam,Nepal,
Vietnam,Netherlands,
Vietnam,New Zealand,
Vietnam,Nicaragua,
Vietnam,Niger,
Vietnam,Nigeria,
Vietnam,North Korea,
Vietnam,North Macedonia,
Vietnam,Norway,
Vietnam,Oman,
Vietnam,Pakistan,
Vietnam,Palau,
Vietnam,Palestine,
Vietnam,Panama,
Vietnam,Papua New Guinea,
Vietnam,Paraguay,
Vietnam,Peru,
Vietnam,Philippines,
Vietnam,Poland,
Vietnam,Portugal,
Vietnam,Qatar,
Vietnam,Romania,
Vietnam,Russia,
Vietnam,Rwanda,
Vietnam,Saint Kitts and Nevis,
Vietnam,Saint Lucia,
Vietnam,Samoa,
Vietnam,San Marino,
Vietnam,Sao Tome and Principe,
Vietnam,Saudi Arabia,
Vietnam,Senegal,
Vietnam,Serbia,
Vietnam,Seychelles,
Vietnam,Sierra Leone,
Vietnam,Singapore,
Vietnam,Slovakia,
Vietnam,Slovenia,
Vietnam,Solomon Islands,
Vietnam,Somalia,
Vietnam,South Africa,
Vietnam,South Korea,
Vietnam,South Sudan,
Vietnam,Spain,
Vietnam,Sri Lanka,
Vietnam,Saint Vincent and the Grenadines,
Vietnam,Sudan,
Vietnam,Suriname,
Vietnam,Sweden,
Vietnam,Switzerland,
Vietnam,Syria,
Vietnam,Taiwan,
Vietnam,Tajikistan,
Vietnam,Tanzania,
Vietnam,Thailand,
Vietnam,Timor-Leste,
Vietnam,Togo,
Vietnam,Tonga,
Vietnam,Trinidad and Tobago,
Vietnam,Tunisia,
Vietnam,Turkmenistan,
Vietnam,Tuvalu,
Vietnam,Turkey,
Vietnam,Uganda,
Vietnam,Ukraine,
Vietnam,United Arab Emirates,
Vietnam,United Kingdom,
Vietnam,United States,
Vietnam,Uruguay,
Vietnam,Uzbekistan,
Vietnam,Vanuatu,
Vietnam,Vatican,
Vietnam,Venezuela,
Vietnam,Vietnam,-1
Vietnam,Yemen,
Vietnam,Zambia,
Vietnam,Zimbabwe,
Vietnam,Afghanistan,
Yemen,Albania,
Yemen,Algeria,
Yemen,Andorra,
Yemen,Angola,
Yemen,Antigua and Barbuda,
Yemen,Argentina,
Yemen,Armenia,
Yemen,Australia,
Yemen,Austria,
Yemen,Azerbaijan,
Yemen,Bahamas,
Yemen,Bahrain,
Yemen,Bangladesh,
Yemen,Barbados,
Yemen,Belarus,
Yemen,Belgium,
Yemen,Belize,
Yemen,Benin,
Yemen,Bhutan,
Yemen,Bolivia,
Yemen,Bosnia and Herzegovina,
Yemen,Botswana,
Yemen,Brazil,
Yemen,Brunei,
Yemen,Bulgaria,
Yemen,Burkina Faso,
Yemen,Burundi,
Yemen,Cambodia,
Yemen,Cameroon,
Yemen,Canada,
Yemen,Cape Verde,
Yemen,Central African Republic,
Yemen,Chad,
Yemen,Chile,
Yemen,China,
Yemen,Colombia,
Yemen,Comoros,
Yemen,Congo,
Yemen,DR Congo,
Yemen,Costa Rica,
Yemen,Ivory Coast,
Yemen,Croatia,
Yemen,Cuba,
Yemen,Cyprus,
Yemen,Czech Republic,
Yemen,Denmark,
Yemen,Djibouti,
Yemen,Dominica,
Yemen,Dominican Republic,
Yemen,Ecuador,
Yemen,Egypt,
Yemen,El Salvador,
Yemen,Equatorial Guinea,
Yemen,Eritrea,
Yemen,Estonia,
Yemen,Swaziland,
Yemen,Ethiopia,
Yemen,Fiji,
Yemen,Finland,
Yemen,France,
Yemen,Gabon,
Yemen,Gambia,
Yemen,Georgia,
Yemen,Germany,
Yemen,Ghana,
Yemen,Greece,
Yemen,Grenada,
Yemen,Guatemala,
Yemen,Guinea,
Yemen,Guinea-Bissau,
Yemen,Guyana,
Yemen,Haiti,
Yemen,Honduras,
Yemen,Hong Kong,
Yemen,Hungary,
Yemen,Iceland,
Yemen,India,
Yemen,Indonesia,
Yemen,Iran,
Yemen,Iraq,
Yemen,Ireland,
Yemen,Israel,
Yemen,Italy,
Yemen,Jamaica,
Yemen,Japan,
Yemen,Jordan,
Yemen,Kazakhstan,
Yemen,Kenya,
Yemen,Kiribati,
Yemen,Kosovo,
Yemen,Kuwait,
Yemen,Kyrgyzstan,
Yemen,Laos,
Yemen,Latvia,
Yemen,Lebanon,
Yemen,Lesotho,
Yemen,Liberia,
Yemen,Libya,
Yemen,Liechtenstein,
Yemen,Lithuania,
Yemen,Luxembourg,
Yemen,Macao,
Yemen,Madagascar,
Yemen,Malawi,
Yemen,Malaysia,
Yemen,Maldives,
Yemen,Mali,
Yemen,Malta,
Yemen,Marshall Islands,
Yemen,Mauritania,
Yemen,Mauritius,
Yemen,Mexico,
Yemen,Micronesia,
Yemen,Moldova,
Yemen,Monaco,
Yemen,Mongolia,
Yemen,Montenegro,
Yemen,Morocco,
Yemen,Mozambique,
Yemen,Myanmar,
Yemen,Namibia,
Yemen,Nauru,
Yemen,Nepal,
Yemen,Netherlands,
Yemen,New Zealand,
Yemen,Nicaragua,
Yemen,Niger,
Yemen,Nigeria,
Yemen,North Korea,
Yemen,North Macedonia,
Yemen,Norway,
Yemen,Oman,
Yemen,Pakistan,
Yemen,Palau,
Yemen,Palestine,
Yemen,Panama,
Yemen,Papua New Guinea,
Yemen,Paraguay,
Yemen,Peru,
Yemen,Philippines,
Yemen,Poland,
Yemen,Portugal,
Yemen,Qatar,
Yemen,Romania,
Yemen,Russia,
Yemen,Rwanda,
Yemen,Saint Kitts and Nevis,
Yemen,Saint Lucia,
Yemen,Samoa,
Yemen,San Marino,
Yemen,Sao Tome and Principe,
Yemen,Saudi Arabia,
Yemen,Senegal,
Yemen,Serbia,
Yemen,Seychelles,
Yemen,Sierra Leone,
Yemen,Singapore,
Yemen,Slovakia,
Yemen,Slovenia,
Yemen,Solomon Islands,
Yemen,Somalia,
Yemen,South Africa,
Yemen,South Korea,
Yemen,South Sudan,
Yemen,Spain,
Yemen,Sri Lanka,
Yemen,Saint Vincent and the Grenadines,
Yemen,Sudan,
Yemen,Suriname,
Yemen,Sweden,
Yemen,Switzerland,
Yemen,Syria,
Yemen,Taiwan,
Yemen,Tajikistan,
Yemen,Tanzania,
Yemen,Thailand,
Yemen,Timor-Leste,
Yemen,Togo,
Yemen,Tonga,
Yemen,Trinidad and Tobago,
Yemen,Tunisia,
Yemen,Turkmenistan,
Yemen,Tuvalu,
Yemen,Turkey,
Yemen,Uganda,
Yemen,Ukraine,
Yemen,United Arab Emirates,
Yemen,United Kingdom,
Yemen,United States,
Yemen,Uruguay,
Yemen,Uzbekistan,
Yemen,Vanuatu,
Yemen,Vatican,
Yemen,Venezuela,
Yemen,Vietnam,
Yemen,Yemen,-1
Yemen,Zambia,
Yemen,Zimbabwe,
Yemen,Afghanistan,
Zambia,Albania,
Zambia,Algeria,
Zambia,Andorra,
Zambia,Angola,
Zambia,Antigua and Barbuda,
Zambia,Argentina,
Zambia,Armenia,
Zambia,Australia,
Zambia,Austria,
Zambia,Azerbaijan,
Zambia,Bahamas,
Zambia,Bahrain,
Zambia,Bangladesh,
Zambia,Barbados,
Zambia,Belarus,
Zambia,Belgium,
Zambia,Belize,
Zambia,Benin,
Zambia,Bhutan,
Zambia,Bolivia,
Zambia,Bosnia and Herzegovina,
Zambia,Botswana,
Zambia,Brazil,
Zambia,Brunei,
Zambia,Bulgaria,
Zambia,Burkina Faso,
Zambia,Burundi,
Zambia,Cambodia,
Zambia,Cameroon,
Zambia,Canada,
Zambia,Cape Verde,
Zambia,Central African Republic,
Zambia,Chad,
Zambia,Chile,
Zambia,China,
Zambia,Colombia,
Zambia,Comoros,
Zambia,Congo,
Zambia,DR Congo,
Zambia,Costa Rica,
Zambia,Ivory Coast,
Zambia,Croatia,
Zambia,Cuba,
Zambia,Cyprus,
Zambia,Czech Republic,
Zambia,Denmark,
Zambia,Djibouti,
Zambia,Dominica,
Zambia,Dominican Republic,
Zambia,Ecuador,
Zambia,Egypt,
Zambia,El Salvador,
Zambia,Equatorial Guinea,
Zambia,Eritrea,
Zambia,Estonia,
Zambia,Swaziland,
Zambia,Ethiopia,
Zambia,Fiji,
Zambia,Finland,
Zambia,France,
Zambia,Gabon,
Zambia,Gambia,
Zambia,Georgia,
Zambia,Germany,
Zambia,Ghana,
Zambia,Greece,
Zambia,Grenada,
Zambia,Guatemala,
Zambia,Guinea,
Zambia,Guinea-Bissau,
Zambia,Guyana,
Zambia,Haiti,
Zambia,Honduras,
Zambia,Hong Kong,
Zambia,Hungary,
Zambia,Iceland,
Zambia,India,
Zambia,Indonesia,
Zambia,Iran,
Zambia,Iraq,
Zambia,Ireland,
Zambia,Israel,
Zambia,Italy,
Zambia,Jamaica,
Zambia,Japan,
Zambia,Jordan,
Zambia,Kazakhstan,
Zambia,Kenya,
Zambia,Kiribati,
Zambia,Kosovo,
Zambia,Kuwait,
Zambia,Kyrgyzstan,
Zambia,Laos,
Zambia,Latvia,
Zambia,Lebanon,
Zambia,Lesotho,
Zambia,Liberia,
Zambia,Libya,
Zambia,Liechtenstein,
Zambia,Lithuania,
Zambia,Luxembourg,
Zambia,Macao,
Zambia,Madagascar,
Zambia,Malawi,
Zambia,Malaysia,
Zambia,Maldives,
Zambia,Mali,
Zambia,Malta,
Zambia,Marshall Islands,
Zambia,Mauritania,
Zambia,Mauritius,
Zambia,Mexico,
Zambia,Micronesia,
Zambia,Moldova,
Zambia,Monaco,
Zambia,Mongolia,
Zambia,Montenegro,
Zambia,Morocco,
Zambia,Mozambique,
Zambia,Myanmar,
Zambia,Namibia,
Zambia,Nauru,
Zambia,Nepal,
Zambia,Netherlands,
Zambia,New Zealand,
Zambia,Nicaragua,
Zambia,Niger,
Zambia,Nigeria,
Zambia,North Korea,
Zambia,North Macedonia,
Zambia,Norway,
Zambia,Oman,
Zambia,Pakistan,
Zambia,Palau,
Zambia,Palestine,
Zambia,Panama,
Zambia,Papua New Guinea,
Zambia,Paraguay,
Zambia,Peru,
Zambia,Philippines,
Zambia,Poland,
Zambia,Portugal,
Zambia,Qatar,
Zambia,Romania,
Zambia,Russia,
Zambia,Rwanda,
Zambia,Saint Kitts and Nevis,
Zambia,Saint Lucia,
Zambia,Samoa,
Zambia,San Marino,
Zambia,Sao Tome and Principe,
Zambia,Saudi Arabia,
Zambia,Senegal,
Zambia,Serbia,
Zambia,Seychelles,
Zambia,Sierra Leone,
Zambia,Singapore,
Zambia,Slovakia,
Zambia,Slovenia,
Zambia,Solomon Islands,
Zambia,Somalia,
Zambia,South Africa,
Zambia,South Korea,
Zambia,South Sudan,
Zambia,Spain,
Zambia,Sri Lanka,
Zambia,Saint Vincent and the Grenadines,
Zambia,Sudan,
Zambia,Suriname,
Zambia,Sweden,
Zambia,Switzerland,
Zambia,Syria,
Zambia,Taiwan,
Zambia,Tajikistan,
Zambia,Tanzania,
Zambia,Thailand,
Zambia,Timor-Leste,
Zambia,Togo,
Zambia,Tonga,
Zambia,Trinidad and Tobago,
Zambia,Tunisia,
Zambia,Turkmenistan,
Zambia,Tuvalu,
Zambia,Turkey,
Zambia,Uganda,
Zambia,Ukraine,
Zambia,United Arab Emirates,
Zambia,United Kingdom,
Zambia,United States,
Zambia,Uruguay,
Zambia,Uzbekistan,
Zambia,Vanuatu,
Zambia,Vatican,
Zambia,Venezuela,
Zambia,Vietnam,
Zambia,Yemen,
Zambia,Zambia,-1
Zambia,Zimbabwe,
Zambia,Afghanistan,
Zimbabwe,Albania,
Zimbabwe,Algeria,
Zimbabwe,Andorra,
Zimbabwe,Angola,
Zimbabwe,Antigua and Barbuda,
Zimbabwe,Argentina,
Zimbabwe,Armenia,
Zimbabwe,Australia,
Zimbabwe,Austria,
Zimbabwe,Azerbaijan,
Zimbabwe,Bahamas,
Zimbabwe,Bahrain,
Zimbabwe,Bangladesh,
Zimbabwe,Barbados,
Zimbabwe,Belarus,
Zimbabwe,Belgium,
Zimbabwe,Belize,
Zimbabwe,Benin,
Zimbabwe,Bhutan,
Zimbabwe,Bolivia,
Zimbabwe,Bosnia and Herzegovina,
Zimbabwe,Botswana,
Zimbabwe,Brazil,
Zimbabwe,Brunei,
Zimbabwe,Bulgaria,
Zimbabwe,Burkina Faso,
Zimbabwe,Burundi,
Zimbabwe,Cambodia,
Zimbabwe,Cameroon,
Zimbabwe,Canada,
Zimbabwe,Cape Verde,
Zimbabwe,Central African Republic,
Zimbabwe,Chad,
Zimbabwe,Chile,
Zimbabwe,China,
Zimbabwe,Colombia,
Zimbabwe,Comoros,
Zimbabwe,Congo,
Zimbabwe,DR Congo,
Zimbabwe,Costa Rica,
Zimbabwe,Ivory Coast,
Zimbabwe,Croatia,
Zimbabwe,Cuba,
Zimbabwe,Cyprus,
Zimbabwe,Czech Republic,
Zimbabwe,Denmark,
Zimbabwe,Djibouti,
Zimbabwe,Dominica,
Zimbabwe,Dominican Republic,
Zimbabwe,Ecuador,
Zimbabwe,Egypt,
Zimbabwe,El Salvador,
Zimbabwe,Equatorial Guinea,
Zimbabwe,Eritrea,
Zimbabwe,Estonia,
Zimbabwe,Swaziland,
Zimbabwe,Ethiopia,
Zimbabwe,Fiji,
Zimbabwe,Finland,
Zimbabwe,France,
Zimbabwe,Gabon,
Zimbabwe,Gambia,
Zimbabwe,Georgia,
Zimbabwe,Germany,
Zimbabwe,Ghana,
Zimbabwe,Greece,
Zimbabwe,Grenada,
Zimbabwe,Guatemala,
Zimbabwe,Guinea,
Zimbabwe,Guinea-Bissau,
Zimbabwe,Guyana,
Zimbabwe,Haiti,
Zimbabwe,Honduras,
Zimbabwe,Hong Kong,
Zimbabwe,Hungary,
Zimbabwe,Iceland,
Zimbabwe,India,
Zimbabwe,Indonesia,
Zimbabwe,Iran,
Zimbabwe,Iraq,
Zimbabwe,Ireland,
Zimbabwe,Israel,
Zimbabwe,Italy,
Zimbabwe,Jamaica,
Zimbabwe,Japan,
Zimbabwe,Jordan,
Zimbabwe,Kazakhstan,
Zimbabwe,Kenya,
Zimbabwe,Kiribati,
Zimbabwe,Kosovo,
Zimbabwe,Kuwait,
Zimbabwe,Kyrgyzstan,
Zimbabwe,Laos,
Zimbabwe,Latvia,
Zimbabwe,Lebanon,
Zimbabwe,Lesotho,
Zimbabwe,Liberia,
Zimbabwe,Libya,
Zimbabwe,Liechtenstein,
Zimbabwe,Lithuania,
Zimbabwe,Luxembourg,
Zimbabwe,Macao,
Zimbabwe,Madagascar,
Zimbabwe,Malawi,
Zimbabwe,Malaysia,
Zimbabwe,Maldives,
Zimbabwe,Mali,
Zimbabwe,Malta,
Zimbabwe,Marshall Islands,
Zimbabwe,Mauritania,
Zimbabwe,Mauritius,
Zimbabwe,Mexico,
Zimbabwe,Micronesia,
Zimbabwe,Moldova,
Zimbabwe,Monaco,
Zimbabwe,Mongolia,
Zimbabwe,Montenegro,
Zimbabwe,Morocco,
Zimbabwe,Mozambique,
Zimbabwe,Myanmar,
Zimbabwe,Namibia,
Zimbabwe,Nauru,
Zimbabwe,Nepal,
Zimbabwe,Netherlands,
Zimbabwe,New Zealand,
Zimbabwe,Nicaragua,
Zimbabwe,Niger,
Zimbabwe,Nigeria,
Zimbabwe,North Korea,
Zimbabwe,North Macedonia,
Zimbabwe,Norway,
Zimbabwe,Oman,
Zimbabwe,Pakistan,
Zimbabwe,Palau,
Zimbabwe,Palestine,
Zimbabwe,Panama,
Zimbabwe,Papua New Guinea,
Zimbabwe,Paraguay,
Zimbabwe,Peru,
Zimbabwe,Philippines,
Zimbabwe,Poland,
Zimbabwe,Portugal,
Zimbabwe,Qatar,
Zimbabwe,Romania,
Zimbabwe,Russia,
Zimbabwe,Rwanda,
Zimbabwe,Saint Kitts and Nevis,
Zimbabwe,Saint Lucia,
Zimbabwe,Samoa,
Zimbabwe,San Marino,
Zimbabwe,Sao Tome and Principe,
Zimbabwe,Saudi Arabia,
Zimbabwe,Senegal,
Zimbabwe,Serbia,
Zimbabwe,Seychelles,
Zimbabwe,Sierra Leone,
Zimbabwe,Singapore,
Zimbabwe,Slovakia,
Zimbabwe,Slovenia,
Zimbabwe,Solomon Islands,
Zimbabwe,Somalia,
Zimbabwe,South Africa,
Zimbabwe,South Korea,
Zimbabwe,South Sudan,
Zimbabwe,Spain,
Zimbabwe,Sri Lanka,
Zimbabwe,Saint Vincent and the Grenadines,
Zimbabwe,Sudan,
Zimbabwe,Suriname,
Zimbabwe,Sweden,
Zimbabwe,Switzerland,
Zimbabwe,Syria,
Zimbabwe,Taiwan,
Zimbabwe,Tajikistan,
Zimbabwe,Tanzania,
Zimbabwe,Thailand,
Zimbabwe,Timor-Leste,
Zimbabwe,Togo,
Zimbabwe,Tonga,
Zimbabwe,Trinidad and Tobago,
Zimbabwe,Tunisia,
Zimbabwe,Turkmenistan,
Zimbabwe,Tuvalu,
Zimbabwe,Turkey,
Zimbabwe,Uganda,
Zimbabwe,Ukraine,
Zimbabwe,United Arab Emirates,
Zimbabwe,United Kingdom,
Zimbabwe,United States,
Zimbabwe,Uruguay,
Zimbabwe,Uzbekistan,
Zimbabwe,Vanuatu,
Zimbabwe,Vatican,
Zimbabwe,Venezuela,
Zimbabwe,Vietnam,
Zimbabwe,Yemen,
Zimbabwe,Zambia,
Zimbabwe,Zimbabwe,-1
Zimbabwe,Afghanistan,
