Passport,Destination,Requirement
AF,AL,
AF,DZ,
AF,AD,
AF,AO,
AF,AG,
AF,AR,
AF,AM,
AF,AU,
AF,AT,
AF,AZ,
AF,BS,
AF,BH,
AF,BD,
AF,BB,
AF,BY,
AF,BE,
AF,BZ,
AF,BJ,
AF,BT,
AF,BO,
AF,BA,
AF,BW,
AF,BR,
AF,BN,
AF,BG,
AF,BF,
AF,BI,
AF,KH,
AF,CM,
AF,CA,
AF,CV,
AF,CF,
AF,TD,
AF,CL,
AF,CN,
AF,CO,
AF,KM,
AF,CG,
AF,CD,
AF,CR,
AF,CI,
AF,HR,
AF,CU,
AF,CY,
AF,CZ,
AF,DK,
AF,DJ,
AF,DM,
AF,DO,
AF,EC,
AF,EG,
AF,SV,
AF,GQ,
AF,ER,
AF,EE,
AF,SZ,
AF,ET,
AF,FJ,
AF,FI,
AF,FR,
AF,GA,
AF,GM,
AF,GE,
AF,DE,
AF,GH,
AF,GR,
AF,GD,
AF,GT,
AF,GN,
AF,GW,
AF,GY,
AF,HT,
AF,HN,
AF,HK,
AF,HU,
AF,IS,
AF,IN,
AF,ID,
AF,IR,
AF,IQ,
AF,IE,
AF,IL,
AF,IT,
AF,JM,
AF,JP,
AF,JO,
AF,KZ,
AF,KE,
AF,KI,
AF,XK,
AF,KW,
AF,KG,
AF,LA,
AF,LV,
AF,LB,
AF,LS,
AF,LR,
AF,LY,
AF,LI,
AF,LT,
AF,LU,
AF,MO,
AF,MG,
AF,MW,
AF,MY,
AF,MV,
AF,ML,
AF,MT,
AF,MH,
AF,MR,
AF,MU,
AF,MX,
AF,FM,
AF,MD,
AF,MC,
AF,MN,
AF,ME,
AF,MA,
AF,MZ,
AF,MM,
AF,NA,
AF,NR,
AF,NP,
AF,NL,
AF,NZ,
AF,NI,
AF,NE,
AF,NG,
AF,KP,
AF,MK,
AF,NO,
AF,OM,
AF,PK,
AF,PW,
AF,PS,
AF,PA,
AF,PG,
AF,PY,
AF,PE,
AF,PH,
AF,PL,
AF,PT,
AF,QA,
AF,RO,
AF,RU,
AF,RW,
AF,KN,
AF,LC,
AF,WS,
AF,SM,
AF,ST,
AF,SA,
AF,SN,
AF,RS,
AF,SC,
AF,SL,
AF,SG,
AF,SK,
AF,SI,
AF,SB,
AF,SO,
AF,ZA,
AF,KR,
AF,SS,
AF,ES,
AF,LK,
AF,VC,
AF,SD,
AF,SR,
AF,SE,
AF,CH,
AF,SY,
AF,TW,
AF,TJ,
AF,TZ,
AF,TH,
AF,TL,
AF,TG,
AF,TO,
AF,TT,
AF,TN,
AF,TM,
AF,TV,
AF,TR,
AF,UG,
AF,UA,
AF,AE,
AF,GB,
AF,US,
AF,UY,
AF,UZ,
AF,VU,
AF,VA,
AF,VE,
AF,VN,
AF,YE,
AF,ZM,
AF,ZW,
AF,AF,-1
AL,AL,-1
AL,DZ,
AL,AD,
AL,AO,
AL,AG,
AL,AR,
AL,AM,
AL,AU,
AL,AT,
AL,AZ,
AL,BS,
AL,BH,
AL,BD,
AL,BB,
AL,BY,
AL,BE,
AL,BZ,
AL,BJ,
AL,BT,
AL,BO,
AL,BA,
AL,BW,
AL,BR,
AL,BN,
AL,BG,
AL,BF,
AL,BI,
AL,KH,
AL,CM,
AL,CA,
AL,CV,
AL,CF,
AL,TD,
AL,CL,
AL,CN,
AL,CO,
AL,KM,
AL,CG,
AL,CD,
AL,CR,
AL,CI,
AL,HR,
AL,CU,
AL,CY,
AL,CZ,
AL,DK,
AL,DJ,
AL,DM,
AL,DO,
AL,EC,
AL,EG,
AL,SV,
AL,GQ,
AL,ER,
AL,EE,
AL,SZ,
AL,ET,
AL,FJ,
AL,FI,
AL,FR,
AL,GA,
AL,GM,
AL,GE,
AL,DE,
AL,GH,
AL,GR,
AL,GD,
AL,GT,
AL,GN,
AL,GW,
AL,GY,
AL,HT,
AL,HN,
AL,HK,
AL,HU,
AL,IS,
AL,IN,
AL,ID,
AL,IR,
AL,IQ,
AL,IE,
AL,IL,
AL,IT,
AL,JM,
AL,JP,
AL,JO,
AL,KZ,
AL,KE,
AL,KI,
AL,XK,
AL,KW,
AL,KG,
AL,LA,
AL,LV,
AL,LB,
AL,LS,
AL,LR,
AL,LY,
AL,LI,
AL,LT,
AL,LU,
AL,MO,
AL,MG,
AL,MW,
AL,MY,
AL,MV,
AL,ML,
AL,MT,
AL,MH,
AL,MR,
AL,MU,
AL,MX,
AL,FM,
AL,MD,
AL,MC,
AL,MN,
AL,ME,
AL,MA,
AL,MZ,
AL,MM,
AL,NA,
AL,NR,
AL,NP,
AL,NL,
AL,NZ,
AL,NI,
AL,NE,
AL,NG,
AL,KP,
AL,MK,
AL,NO,
AL,OM,
AL,PK,
AL,PW,
AL,PS,
AL,PA,
AL,PG,
AL,PY,
AL,PE,
AL,PH,
AL,PL,
AL,PT,
AL,QA,
AL,RO,
AL,RU,
AL,RW,
AL,KN,
AL,LC,
AL,WS,
AL,SM,
AL,ST,
AL,SA,
AL,SN,
AL,RS,
AL,SC,
AL,SL,
AL,SG,
AL,SK,
AL,SI,
AL,SB,
AL,SO,
AL,ZA,
AL,KR,
AL,SS,
AL,ES,
AL,LK,
AL,VC,
AL,SD,
AL,SR,
AL,SE,
AL,CH,
AL,SY,
AL,TW,
AL,TJ,
AL,TZ,
AL,TH,
AL,TL,
AL,TG,
AL,TO,
AL,TT,
AL,TN,
AL,TM,
AL,TV,
AL,TR,
AL,UG,
AL,UA,
AL,AE,
AL,GB,
AL,US,
AL,UY,
AL,UZ,
AL,VU,
AL,VA,
AL,VE,
AL,VN,
AL,YE,
AL,ZM,
AL,ZW,
AL,AF,
DZ,AL,
DZ,DZ,-1
DZ,AD,
DZ,AO,
DZ,AG,
DZ,AR,
DZ,AM,
DZ,AU,
DZ,AT,
DZ,AZ,
DZ,BS,
DZ,BH,
DZ,BD,
DZ,BB,
DZ,BY,
DZ,BE,
DZ,BZ,
DZ,BJ,
DZ,BT,
DZ,BO,
DZ,BA,
DZ,BW,
DZ,BR,
DZ,BN,
DZ,BG,
DZ,BF,
DZ,BI,
DZ,KH,
DZ,CM,
DZ,CA,
DZ,CV,
DZ,CF,
DZ,TD,
DZ,CL,
DZ,CN,
DZ,CO,
DZ,KM,
DZ,CG,
DZ,CD,
DZ,CR,
DZ,CI,
DZ,HR,
DZ,CU,
DZ,CY,
DZ,CZ,
DZ,DK,
DZ,DJ,
DZ,DM,
DZ,DO,
DZ,EC,
DZ,EG,
DZ,SV,
DZ,GQ,
DZ,ER,
DZ,EE,
DZ,SZ,
DZ,ET,
DZ,FJ,
DZ,FI,
DZ,FR,
DZ,GA,
DZ,GM,
DZ,GE,
DZ,DE,
DZ,GH,
DZ,GR,
DZ,GD,
DZ,GT,
DZ,GN,
DZ,GW,
DZ,GY,
DZ,HT,
DZ,HN,
DZ,HK,
DZ,HU,
DZ,IS,
DZ,IN,
DZ,ID,
DZ,IR,
DZ,IQ,
DZ,IE,
DZ,IL,
DZ,IT,
DZ,JM,
DZ,JP,
DZ,JO,
DZ,KZ,
DZ,KE,
DZ,KI,
DZ,XK,
DZ,KW,
DZ,KG,
DZ,LA,
DZ,LV,
DZ,LB,
DZ,LS,
DZ,LR,
DZ,LY,
DZ,LI,
DZ,LT,
DZ,LU,
DZ,MO,
DZ,MG,
DZ,MW,
DZ,MY,
DZ,MV,
DZ,ML,
DZ,MT,
DZ,MH,
DZ,MR,
DZ,MU,
DZ,MX,
DZ,FM,
DZ,MD,
DZ,MC,
DZ,MN,
DZ,ME,
DZ,MA,
DZ,MZ,
DZ,MM,
DZ,NA,
DZ,NR,
DZ,NP,
DZ,NL,
DZ,NZ,
DZ,NI,
DZ,NE,
DZ,NG,
DZ,KP,
DZ,MK,
DZ,NO,
DZ,OM,
DZ,PK,
DZ,PW,
DZ,PS,
DZ,PA,
DZ,PG,
DZ,PY,
DZ,PE,
DZ,PH,
DZ,PL,
DZ,PT,
DZ,QA,
DZ,RO,
DZ,RU,
DZ,RW,
DZ,KN,
DZ,LC,
DZ,WS,
DZ,SM,
DZ,ST,
DZ,SA,
DZ,SN,
DZ,RS,
DZ,SC,
DZ,SL,
DZ,SG,
DZ,SK,
DZ,SI,
DZ,SB,
DZ,SO,
DZ,ZA,
DZ,KR,
DZ,SS,
DZ,ES,
DZ,LK,
DZ,VC,
DZ,SD,
DZ,SR,
DZ,SE,
DZ,CH,
DZ,SY,
DZ,TW,
DZ,TJ,
DZ,TZ,
DZ,TH,
DZ,TL,
DZ,TG,
DZ,TO,
DZ,TT,
DZ,TN,
DZ,TM,
DZ,TV,
DZ,TR,
DZ,UG,
DZ,UA,
DZ,AE,
DZ,GB,
DZ,US,
DZ,UY,
DZ,UZ,
DZ,VU,
DZ,VA,
DZ,VE,
DZ,VN,
DZ,YE,
DZ,ZM,
DZ,ZW,
DZ,AF,
AD,AL,
AD,DZ,
AD,AD,-1
AD,AO,
AD,AG,
AD,AR,
AD,AM,
AD,AU,
AD,AT,
AD,AZ,
AD,BS,
AD,BH,
AD,BD,
AD,BB,
AD,BY,
AD,BE,
AD,BZ,
AD,BJ,
AD,BT,
AD,BO,
AD,BA,
AD,BW,
AD,BR,
AD,BN,
AD,BG,
AD,BF,
AD,BI,
AD,KH,
AD,CM,
AD,CA,
AD,CV,
AD,CF,
AD,TD,
AD,CL,
AD,CN,
AD,CO,
AD,KM,
AD,CG,
AD,CD,
AD,CR,
AD,CI,
AD,HR,
AD,CU,
AD,CY,
AD,CZ,
AD,DK,
AD,DJ,
AD,DM,
AD,DO,
AD,EC,
AD,EG,
AD,SV,
AD,GQ,
AD,ER,
AD,EE,
AD,SZ,
AD,ET,
AD,FJ,
AD,FI,
AD,FR,
AD,GA,
AD,GM,
AD,GE,
AD,DE,
AD,GH,
AD,GR,
AD,GD,
AD,GT,
AD,GN,
AD,GW,
AD,GY,
AD,HT,
AD,HN,
AD,HK,
AD,HU,
AD,IS,
AD,IN,
AD,ID,
AD,IR,
AD,IQ,
AD,IE,
AD,IL,
AD,IT,
AD,JM,
AD,JP,
AD,JO,
AD,KZ,
AD,KE,
AD,KI,
AD,XK,
AD,KW,
AD,KG,
AD,LA,
AD,LV,
AD,LB,
AD,LS,
AD,LR,
AD,LY,
AD,LI,
AD,LT,
AD,LU,
AD,MO,
AD,MG,
AD,MW,
AD,MY,
AD,MV,
AD,ML,
AD,MT,
AD,MH,
AD,MR,
AD,MU,
AD,MX,
AD,FM,
AD,MD,
AD,MC,
AD,MN,
AD,ME,
AD,MA,
AD,MZ,
AD,MM,
AD,NA,
AD,NR,
AD,NP,
AD,NL,
AD,NZ,
AD,NI,
AD,NE,
AD,NG,
AD,KP,
AD,MK,
AD,NO,
AD,OM,
AD,PK,
AD,PW,
AD,PS,
AD,PA,
AD,PG,
AD,PY,
AD,PE,
AD,PH,
AD,PL,
AD,PT,
AD,QA,
AD,RO,
AD,RU,
AD,RW,
AD,KN,
AD,LC,
AD,WS,
AD,SM,
AD,ST,
AD,SA,
AD,SN,
AD,RS,
AD,SC,
AD,SL,
AD,SG,
AD,SK,
AD,SI,
AD,SB,
AD,SO,
AD,ZA,
AD,KR,
AD,SS,
AD,ES,
AD,LK,
AD,VC,
AD,SD,
AD,SR,
AD,SE,
AD,CH,
AD,SY,
AD,TW,
AD,TJ,
AD,TZ,
AD,TH,
AD,TL,
AD,TG,
AD,TO,
AD,TT,
AD,TN,
AD,TM,
AD,TV,
AD,TR,
AD,UG,
AD,UA,
AD,AE,
AD,GB,
AD,US,
AD,UY,
AD,UZ,
AD,VU,
AD,VA,
AD,VE,
AD,VN,
AD,YE,
AD,ZM,
AD,ZW,
AD,AF,
AO,AL,
AO,DZ,
AO,AD,
AO,AO,-1
AO,AG,
AO,AR,
AO,AM,
AO,AU,
AO,AT,
AO,AZ,
AO,BS,
AO,BH,
AO,BD,
AO,BB,
AO,BY,
AO,BE,
AO,BZ,
AO,BJ,
AO,BT,
AO,BO,
AO,BA,
AO,BW,
AO,BR,
AO,BN,
AO,BG,
AO,BF,
AO,BI,
AO,KH,
AO,CM,
AO,CA,
AO,CV,
AO,CF,
AO,TD,
AO,CL,
AO,CN,
AO,CO,
AO,KM,
AO,CG,
AO,CD,
AO,CR,
AO,CI,
AO,HR,
AO,CU,
AO,CY,
AO,CZ,
AO,DK,
AO,DJ,
AO,DM,
AO,DO,
AO,EC,
AO,EG,
AO,SV,
AO,GQ,
AO,ER,
AO,EE,
AO,SZ,
AO,ET,
AO,FJ,
AO,FI,
AO,FR,
AO,GA,
AO,GM,
AO,GE,
AO,DE,
AO,GH,
AO,GR,
AO,GD,
AO,GT,
AO,GN,
AO,GW,
AO,GY,
AO,HT,
AO,HN,
AO,HK,
AO,HU,
AO,IS,
AO,IN,
AO,ID,
AO,IR,
AO,IQ,
AO,IE,
AO,IL,
AO,IT,
AO,JM,
AO,JP,
AO,JO,
AO,KZ,
AO,KE,
AO,KI,
AO,XK,
AO,KW,
AO,KG,
AO,LA,
AO,LV,
AO,LB,
AO,LS,
AO,LR,
AO,LY,
AO,LI,
AO,LT,
AO,LU,
AO,MO,
AO,MG,
AO,MW,
AO,MY,
AO,MV,
AO,ML,
AO,MT,
AO,MH,
AO,MR,
AO,MU,
AO,MX,
AO,FM,
AO,MD,
AO,MC,
AO,MN,
AO,ME,
AO,MA,
AO,MZ,
AO,MM,
AO,NA,
AO,NR,
AO,NP,
AO,NL,
AO,NZ,
AO,NI,
AO,NE,
AO,NG,
AO,KP,
AO,MK,
AO,NO,
AO,OM,
AO,PK,
AO,PW,
AO,PS,
AO,PA,
AO,PG,
AO,PY,
AO,PE,
AO,PH,
AO,PL,
AO,PT,
AO,QA,
AO,RO,
AO,RU,
AO,RW,
AO,KN,
AO,LC,
AO,WS,
AO,SM,
AO,ST,
AO,SA,
AO,SN,
AO,RS,
AO,SC,
AO,SL,
AO,SG,
AO,SK,
AO,SI,
AO,SB,
AO,SO,
AO,ZA,
AO,KR,
AO,SS,
AO,ES,
AO,LK,
AO,VC,
AO,SD,
AO,SR,
AO,SE,
AO,CH,
AO,SY,
AO,TW,
AO,TJ,
AO,TZ,
AO,TH,
AO,TL,
AO,TG,
AO,TO,
AO,TT,
AO,TN,
AO,TM,
AO,TV,
AO,TR,
AO,UG,
AO,UA,
AO,AE,
AO,GB,
AO,US,
AO,UY,
AO,UZ,
AO,VU,
AO,VA,
AO,VE,
AO,VN,
AO,YE,
AO,ZM,
AO,ZW,
AO,AF,
AG,AL,
AG,DZ,
AG,AD,
AG,AO,
AG,AG,-1
AG,AR,
AG,AM,
AG,AU,
AG,AT,
AG,AZ,
AG,BS,
AG,BH,
AG,BD,
AG,BB,
AG,BY,
AG,BE,
AG,BZ,
AG,BJ,
AG,BT,
AG,BO,
AG,BA,
AG,BW,
AG,BR,
AG,BN,
AG,BG,
AG,BF,
AG,BI,
AG,KH,
AG,CM,
AG,CA,
AG,CV,
AG,CF,
AG,TD,
AG,CL,
AG,CN,
AG,CO,
AG,KM,
AG,CG,
AG,CD,
AG,CR,
AG,CI,
AG,HR,
AG,CU,
AG,CY,
AG,CZ,
AG,DK,
AG,DJ,
AG,DM,
AG,DO,
AG,EC,
AG,EG,
AG,SV,
AG,GQ,
AG,ER,
AG,EE,
AG,SZ,
AG,ET,
AG,FJ,
AG,FI,
AG,FR,
AG,GA,
AG,GM,
AG,GE,
AG,DE,
AG,GH,
AG,GR,
AG,GD,
AG,GT,
AG,GN,
AG,GW,
AG,GY,
AG,HT,
AG,HN,
AG,HK,
AG,HU,
AG,IS,
AG,IN,
AG,ID,
AG,IR,
AG,IQ,
AG,IE,
AG,IL,
AG,IT,
AG,JM,
AG,JP,
AG,JO,
AG,KZ,
AG,KE,
AG,KI,
AG,XK,
AG,KW,
AG,KG,
AG,LA,
AG,LV,
AG,LB,
AG,LS,
AG,LR,
AG,LY,
AG,LI,
AG,LT,
AG,LU,
AG,MO,
AG,MG,
AG,MW,
AG,MY,
AG,MV,
AG,ML,
AG,MT,
AG,MH,
AG,MR,
AG,MU,
AG,MX,
AG,FM,
AG,MD,
AG,MC,
AG,MN,
AG,ME,
AG,MA,
AG,MZ,
AG,MM,
AG,NA,
AG,NR,
AG,NP,
AG,NL,
AG,NZ,
AG,NI,
AG,NE,
AG,NG,
AG,KP,
AG,MK,
AG,NO,
AG,OM,
AG,PK,
AG,PW,
AG,PS,
AG,PA,
AG,PG,
AG,PY,
AG,PE,
AG,PH,
AG,PL,
AG,PT,
AG,QA,
AG,RO,
AG,RU,
AG,RW,
AG,KN,
AG,LC,
AG,WS,
AG,SM,
AG,ST,
AG,SA,
AG,SN,
AG,RS,
AG,SC,
AG,SL,
AG,SG,
AG,SK,
AG,SI,
AG,SB,
AG,SO,
AG,ZA,
AG,KR,
AG,SS,
AG,ES,
AG,LK,
AG,VC,
AG,SD,
AG,SR,
AG,SE,
AG,CH,
AG,SY,
AG,TW,
AG,TJ,
AG,TZ,
AG,TH,
AG,TL,
AG,TG,
AG,TO,
AG,TT,
AG,TN,
AG,TM,
AG,TV,
AG,TR,
AG,UG,
AG,UA,
AG,AE,
AG,GB,
AG,US,
AG,UY,
AG,UZ,
AG,VU,
AG,VA,
AG,VE,
AG,VN,
AG,YE,
AG,ZM,
AG,ZW,
AG,AF,
AR,AL,
AR,DZ,
AR,AD,
AR,AO,
AR,AG,
AR,AR,-1
AR,AM,
AR,AU,
AR,AT,
AR,AZ,
AR,BS,
AR,BH,
AR,BD,
AR,BB,
AR,BY,
AR,BE,
AR,BZ,
AR,BJ,
AR,BT,
AR,BO,
AR,BA,
AR,BW,
AR,BR,
AR,BN,
AR,BG,
AR,BF,
AR,BI,
AR,KH,
AR,CM,
AR,CA,
AR,CV,
AR,CF,
AR,TD,
AR,CL,
AR,CN,
AR,CO,
AR,KM,
AR,CG,
AR,CD,
AR,CR,
AR,CI,
AR,HR,
AR,CU,
AR,CY,
AR,CZ,
AR,DK,
AR,DJ,
AR,DM,
AR,DO,
AR,EC,
AR,EG,
AR,SV,
AR,GQ,
AR,ER,
AR,EE,
AR,SZ,
AR,ET,
AR,FJ,
AR,FI,
AR,FR,
AR,GA,
AR,GM,
AR,GE,
AR,DE,
AR,GH,
AR,GR,
AR,GD,
AR,GT,
AR,GN,
AR,GW,
AR,GY,
AR,HT,
AR,HN,
AR,HK,
AR,HU,
AR,IS,
AR,IN,
AR,ID,
AR,IR,
AR,IQ,
AR,IE,
AR,IL,
AR,IT,
AR,JM,
AR,JP,
AR,JO,
AR,KZ,
AR,KE,
AR,KI,
AR,XK,
AR,KW,
AR,KG,
AR,LA,
AR,LV,
AR,LB,
AR,LS,
AR,LR,
AR,LY,
AR,LI,
AR,LT,
AR,LU,
AR,MO,
AR,MG,
AR,MW,
AR,MY,
AR,MV,
AR,ML,
AR,MT,
AR,MH,
AR,MR,
AR,MU,
AR,MX,
AR,FM,
AR,MD,
AR,MC,
AR,MN,
AR,ME,
AR,MA,
AR,MZ,
AR,MM,
AR,NA,
AR,NR,
AR,NP,
AR,NL,
AR,NZ,
AR,NI,
AR,NE,
AR,NG,
AR,KP,
AR,MK,
AR,NO,
AR,OM,
AR,PK,
AR,PW,
AR,PS,
AR,PA,
AR,PG,
AR,PY,
AR,PE,
AR,PH,
AR,PL,
AR,PT,
AR,QA,
AR,RO,
AR,RU,
AR,RW,
AR,KN,
AR,LC,
AR,WS,
AR,SM,
AR,ST,
AR,SA,
AR,SN,
AR,RS,
AR,SC,
AR,SL,
AR,SG,
AR,SK,
AR,SI,
AR,SB,
AR,SO,
AR,ZA,
AR,KR,
AR,SS,
AR,ES,
AR,LK,
AR,VC,
AR,SD,
AR,SR,
AR,SE,
AR,CH,
AR,SY,
AR,TW,
AR,TJ,
AR,TZ,
AR,TH,
AR,TL,
AR,TG,
AR,TO,
AR,TT,
AR,TN,
AR,TM,
AR,TV,
AR,TR,
AR,UG,
AR,UA,
AR,AE,
AR,GB,
AR,US,
AR,UY,
AR,UZ,
AR,VU,
AR,VA,
AR,VE,
AR,VN,
AR,YE,
AR,ZM,
AR,ZW,
AR,AF,
AM,AL,
AM,DZ,
AM,AD,
AM,AO,
AM,AG,
AM,AR,
AM,AM,-1
AM,AU,
AM,AT,
AM,AZ,
AM,BS,
AM,BH,
AM,BD,
AM,BB,
AM,BY,
AM,BE,
AM,BZ,
AM,BJ,
AM,BT,
AM,BO,
AM,BA,
AM,BW,
AM,BR,
AM,BN,
AM,BG,
AM,BF,
AM,BI,
AM,KH,
AM,CM,
AM,CA,
AM,CV,
AM,CF,
AM,TD,
AM,CL,
AM,CN,
AM,CO,
AM,KM,
AM,CG,
AM,CD,
AM,CR,
AM,CI,
AM,HR,
AM,CU,
AM,CY,
AM,CZ,
AM,DK,
AM,DJ,
AM,DM,
AM,DO,
AM,EC,
AM,EG,
AM,SV,
AM,GQ,
AM,ER,
AM,EE,
AM,SZ,
AM,ET,
AM,FJ,
AM,FI,
AM,FR,
AM,GA,
AM,GM,
AM,GE,
AM,DE,
AM,GH,
AM,GR,
AM,GD,
AM,GT,
AM,GN,
AM,GW,
AM,GY,
AM,HT,
AM,HN,
AM,HK,
AM,HU,
AM,IS,
AM,IN,
AM,ID,
AM,IR,
AM,IQ,
AM,IE,
AM,IL,
AM,IT,
AM,JM,
AM,JP,
AM,JO,
AM,KZ,
AM,KE,
AM,KI,
AM,XK,
AM,KW,
AM,KG,
AM,LA,
AM,LV,
AM,LB,
AM,LS,
AM,LR,
AM,LY,
AM,LI,
AM,LT,
AM,LU,
AM,MO,
AM,MG,
AM,MW,
AM,MY,
AM,MV,
AM,ML,
AM,MT,
AM,MH,
AM,MR,
AM,MU,
AM,MX,
AM,FM,
AM,MD,
AM,MC,
AM,MN,
AM,ME,
AM,MA,
AM,MZ,
AM,MM,
AM,NA,
AM,NR,
AM,NP,
AM,NL,
AM,NZ,
AM,NI,
AM,NE,
AM,NG,
AM,KP,
AM,MK,
AM,NO,
AM,OM,
AM,PK,
AM,PW,
AM,PS,
AM,PA,
AM,PG,
AM,PY,
AM,PE,
AM,PH,
AM,PL,
AM,PT,
AM,QA,
AM,RO,
AM,RU,
AM,RW,
AM,KN,
AM,LC,
AM,WS,
AM,SM,
AM,ST,
AM,SA,
AM,SN,
AM,RS,
AM,SC,
AM,SL,
AM,SG,
AM,SK,
AM,SI,
AM,SB,
AM,SO,
AM,ZA,
AM,KR,
AM,SS,
AM,ES,
AM,LK,
AM,VC,
AM,SD,
AM,SR,
AM,SE,
AM,CH,
AM,SY,
AM,TW,
AM,TJ,
AM,TZ,
AM,TH,
AM,TL,
AM,TG,
AM,TO,
AM,TT,
AM,TN,
AM,TM,
AM,TV,
AM,TR,
AM,UG,
AM,UA,
AM,AE,
AM,GB,
AM,US,
AM,UY,
AM,UZ,
AM,VU,
AM,VA,
AM,VE,
AM,VN,
AM,YE,
AM,ZM,
AM,ZW,
AM,AF,
AU,AL,
AU,DZ,
AU,AD,
AU,AO,
AU,AG,
AU,AR,
AU,AM,
AU,AU,-1
AU,AT,
AU,AZ,
AU,BS,
AU,BH,
AU,BD,
AU,BB,
AU,BY,
AU,BE,
AU,BZ,
AU,BJ,
AU,BT,
AU,BO,
AU,BA,
AU,BW,
AU,BR,
AU,BN,
AU,BG,
AU,BF,
AU,BI,
AU,KH,
AU,CM,
AU,CA,
AU,CV,
AU,CF,
AU,TD,
AU,CL,
AU,CN,
AU,CO,
AU,KM,
AU,CG,
AU,CD,
AU,CR,
AU,CI,
AU,HR,
AU,CU,
AU,CY,
AU,CZ,
AU,DK,
AU,DJ,
AU,DM,
AU,DO,
AU,EC,
AU,EG,
AU,SV,
AU,GQ,
AU,ER,
AU,EE,
AU,SZ,
AU,ET,
AU,FJ,
AU,FI,
AU,FR,
AU,GA,
AU,GM,
AU,GE,
AU,DE,
AU,GH,
AU,GR,
AU,GD,
AU,GT,
AU,GN,
AU,GW,
AU,GY,
AU,HT,
AU,HN,
AU,HK,
AU,HU,
AU,IS,
AU,IN,
AU,ID,
AU,IR,
AU,IQ,
AU,IE,
AU,IL,
AU,IT,
AU,JM,
AU,JP,
AU,JO,
AU,KZ,
AU,KE,
AU,KI,
AU,XK,
AU,KW,
AU,KG,
AU,LA,
AU,LV,
AU,LB,
AU,LS,
AU,LR,
AU,LY,
AU,LI,
AU,LT,
AU,LU,
AU,MO,
AU,MG,
AU,MW,
AU,MY,
AU,MV,
AU,ML,
AU,MT,
AU,MH,
AU,MR,
AU,MU,
AU,MX,
AU,FM,
AU,MD,
AU,MC,
AU,MN,
AU,ME,
AU,MA,
AU,MZ,
AU,MM,
AU,NA,
AU,NR,
AU,NP,
AU,NL,
AU,NZ,
AU,NI,
AU,NE,
AU,NG,
AU,KP,
AU,MK,
AU,NO,
AU,OM,
AU,PK,
AU,PW,
AU,PS,
AU,PA,
AU,PG,
AU,PY,
AU,PE,
AU,PH,
AU,PL,
AU,PT,
AU,QA,
AU,RO,
AU,RU,
AU,RW,
AU,KN,
AU,LC,
AU,WS,
AU,SM,
AU,ST,
AU,SA,
AU,SN,
AU,RS,
AU,SC,
AU,SL,
AU,SG,
AU,SK,
AU,SI,
AU,SB,
AU,SO,
AU,ZA,
AU,KR,
AU,SS,
AU,ES,
AU,LK,
AU,VC,
AU,SD,
AU,SR,
AU,SE,
AU,CH,
AU,SY,
AU,TW,
AU,TJ,
AU,TZ,
AU,TH,
AU,TL,
AU,TG,
AU,TO,
AU,TT,
AU,TN,
AU,TM,
AU,TV,
AU,TR,
AU,UG,
AU,UA,
AU,AE,
AU,GB,
AU,US,
AU,UY,
AU,UZ,
AU,VU,
AU,VA,
AU,VE,
AU,VN,
AU,YE,
AU,ZM,
AU,ZW,
AU,AF,
AT,AL,
AT,DZ,
AT,AD,
AT,AO,
AT,AG,
AT,AR,
AT,AM,
AT,AU,
AT,AT,-1
AT,AZ,
AT,BS,
AT,BH,
AT,BD,
AT,BB,
AT,BY,
AT,BE,
AT,BZ,
AT,BJ,
AT,BT,
AT,BO,
AT,BA,
AT,BW,
AT,BR,
AT,BN,
AT,BG,
AT,BF,
AT,BI,
AT,KH,
AT,CM,
AT,CA,
AT,CV,
AT,CF,
AT,TD,
AT,CL,
AT,CN,
AT,CO,
AT,KM,
AT,CG,
AT,CD,
AT,CR,
AT,CI,
AT,HR,
AT,CU,
AT,CY,
AT,CZ,
AT,DK,
AT,DJ,
AT,DM,
AT,DO,
AT,EC,
AT,EG,
AT,SV,
AT,GQ,
AT,ER,
AT,EE,
AT,SZ,
AT,ET,
AT,FJ,
AT,FI,
AT,FR,
AT,GA,
AT,GM,
AT,GE,
AT,DE,
AT,GH,
AT,GR,
AT,GD,
AT,GT,
AT,GN,
AT,GW,
AT,GY,
AT,HT,
AT,HN,
AT,HK,
AT,HU,
AT,IS,
AT,IN,
AT,ID,
AT,IR,
AT,IQ,
AT,IE,
AT,IL,
AT,IT,
AT,JM,
AT,JP,
AT,JO,
AT,KZ,
AT,KE,
AT,KI,
AT,XK,
AT,KW,
AT,KG,
AT,LA,
AT,LV,
AT,LB,
AT,LS,
AT,LR,
AT,LY,
AT,LI,
AT,LT,
AT,LU,
AT,MO,
AT,MG,
AT,MW,
AT,MY,
AT,MV,
AT,ML,
AT,MT,
AT,MH,
AT,MR,
AT,MU,
AT,MX,
AT,FM,
AT,MD,
AT,MC,
AT,MN,
AT,ME,
AT,MA,
AT,MZ,
AT,MM,
AT,NA,
AT,NR,
AT,NP,
AT,NL,
AT,NZ,
AT,NI,
AT,NE,
AT,NG,
AT,KP,
AT,MK,
AT,NO,
AT,OM,
AT,PK,
AT,PW,
AT,PS,
AT,PA,
AT,PG,
AT,PY,
AT,PE,
AT,PH,
AT,PL,
AT,PT,
AT,QA,
AT,RO,
AT,RU,
AT,RW,
AT,KN,
AT,LC,
AT,WS,
AT,SM,
AT,ST,
AT,SA,
AT,SN,
AT,RS,
AT,SC,
AT,SL,
AT,SG,
AT,SK,
AT,SI,
AT,SB,
AT,SO,
AT,ZA,
AT,KR,
AT,SS,
AT,ES,
AT,LK,
AT,VC,
AT,SD,
AT,SR,
AT,SE,
AT,CH,
AT,SY,
AT,TW,
AT,TJ,
AT,TZ,
AT,TH,
AT,TL,
AT,TG,
AT,TO,
AT,TT,
AT,TN,
AT,TM,
AT,TV,
AT,TR,
AT,UG,
AT,UA,
AT,AE,
AT,GB,
AT,US,
AT,UY,
AT,UZ,
AT,VU,
AT,VA,
AT,VE,
AT,VN,
AT,YE,
AT,ZM,
AT,ZW,
AT,AF,
AZ,AL,
AZ,DZ,
AZ,AD,
AZ,AO,
AZ,AG,
AZ,AR,
AZ,AM,
AZ,AU,
AZ,AT,
AZ,AZ,-1
AZ,BS,
AZ,BH,
AZ,BD,
AZ,BB,
AZ,BY,
AZ,BE,
AZ,BZ,
AZ,BJ,
AZ,BT,
AZ,BO,
AZ,BA,
AZ,BW,
AZ,BR,
AZ,BN,
AZ,BG,
AZ,BF,
AZ,BI,
AZ,KH,
AZ,CM,
AZ,CA,
AZ,CV,
AZ,CF,
AZ,TD,
AZ,CL,
AZ,CN,
AZ,CO,
AZ,KM,
AZ,CG,
AZ,CD,
AZ,CR,
AZ,CI,
AZ,HR,
AZ,CU,
AZ,CY,
AZ,CZ,
AZ,DK,
AZ,DJ,
AZ,DM,
AZ,DO,
AZ,EC,
AZ,EG,
AZ,SV,
AZ,GQ,
AZ,ER,
AZ,EE,
AZ,SZ,
AZ,ET,
AZ,FJ,
AZ,FI,
AZ,FR,
AZ,GA,
AZ,GM,
AZ,GE,
AZ,DE,
AZ,GH,
AZ,GR,
AZ,GD,
AZ,GT,
AZ,GN,
AZ,GW,
AZ,GY,
AZ,HT,
AZ,HN,
AZ,HK,
AZ,HU,
AZ,IS,
AZ,IN,
AZ,ID,
AZ,IR,
AZ,IQ,
AZ,IE,
AZ,IL,
AZ,IT,
AZ,JM,
AZ,JP,
AZ,JO,
AZ,KZ,
AZ,KE,
AZ,KI,
AZ,XK,
AZ,KW,
AZ,KG,
AZ,LA,
AZ,LV,
AZ,LB,
AZ,LS,
AZ,LR,
AZ,LY,
AZ,LI,
AZ,LT,
AZ,LU,
AZ,MO,
AZ,MG,
AZ,MW,
AZ,MY,
AZ,MV,
AZ,ML,
AZ,MT,
AZ,MH,
AZ,MR,
AZ,MU,
AZ,MX,
AZ,FM,
AZ,MD,
AZ,MC,
AZ,MN,
AZ,ME,
AZ,MA,
AZ,MZ,
AZ,MM,
AZ,NA,
AZ,NR,
AZ,NP,
AZ,NL,
AZ,NZ,
AZ,NI,
AZ,NE,
AZ,NG,
AZ,KP,
AZ,MK,
AZ,NO,
AZ,OM,
AZ,PK,
AZ,PW,
AZ,PS,
AZ,PA,
AZ,PG,
AZ,PY,
AZ,PE,
AZ,PH,
AZ,PL,
AZ,PT,
AZ,QA,
AZ,RO,
AZ,RU,
AZ,RW,
AZ,KN,
AZ,LC,
AZ,WS,
AZ,SM,
AZ,ST,
AZ,SA,
AZ,SN,
AZ,RS,
AZ,SC,
AZ,SL,
AZ,SG,
AZ,SK,
AZ,SI,
AZ,SB,
AZ,SO,
AZ,ZA,
AZ,KR,
AZ,SS,
AZ,ES,
AZ,LK,
AZ,VC,
AZ,SD,
AZ,SR,
AZ,SE,
AZ,CH,
AZ,SY,
AZ,TW,
AZ,TJ,
AZ,TZ,
AZ,TH,
AZ,TL,
AZ,TG,
AZ,TO,
AZ,TT,
AZ,TN,
AZ,TM,
AZ,TV,
AZ,TR,
AZ,UG,
AZ,UA,
AZ,AE,
AZ,GB,
AZ,US,
AZ,UY,
AZ,UZ,
AZ,VU,
AZ,VA,
AZ,VE,
AZ,VN,
AZ,YE,
AZ,ZM,
AZ,ZW,
AZ,AF,
BS,AL,
BS,DZ,
BS,AD,
BS,AO,
BS,AG,
BS,AR,
BS,AM,
BS,AU,
BS,AT,
BS,AZ,
BS,BS,-1
BS,BH,
BS,BD,
BS,BB,
BS,BY,
BS,BE,
BS,BZ,
BS,BJ,
BS,BT,
BS,BO,
BS,BA,
BS,BW,
BS,BR,
BS,BN,
BS,BG,
BS,BF,
BS,BI,
BS,KH,
BS,CM,
BS,CA,
BS,CV,
BS,CF,
BS,TD,
BS,CL,
BS,CN,
BS,CO,
BS,KM,
BS,CG,
BS,CD,
BS,CR,
BS,CI,
BS,HR,
BS,CU,
BS,CY,
BS,CZ,
BS,DK,
BS,DJ,
BS,DM,
BS,DO,
BS,EC,
BS,EG,
BS,SV,
BS,GQ,
BS,ER,
BS,EE,
BS,SZ,
BS,ET,
BS,FJ,
BS,FI,
BS,FR,
BS,GA,
BS,GM,
BS,GE,
BS,DE,
BS,GH,
BS,GR,
BS,GD,
BS,GT,
BS,GN,
BS,GW,
BS,GY,
BS,HT,
BS,HN,
BS,HK,
BS,HU,
BS,IS,
BS,IN,
BS,ID,
BS,IR,
BS,IQ,
BS,IE,
BS,IL,
BS,IT,
BS,JM,
BS,JP,
BS,JO,
BS,KZ,
BS,KE,
BS,KI,
BS,XK,
BS,KW,
BS,KG,
BS,LA,
BS,LV,
BS,LB,
BS,LS,
BS,LR,
BS,LY,
BS,LI,
BS,LT,
BS,LU,
BS,MO,
BS,MG,
BS,MW,
BS,MY,
BS,MV,
BS,ML,
BS,MT,
BS,MH,
BS,MR,
BS,MU,
BS,MX,
BS,FM,
BS,MD,
BS,MC,
BS,MN,
BS,ME,
BS,MA,
BS,MZ,
BS,MM,
BS,NA,
BS,NR,
BS,NP,
BS,NL,
BS,NZ,
BS,NI,
BS,NE,
BS,NG,
BS,KP,
BS,MK,
BS,NO,
BS,OM,
BS,PK,
BS,PW,
BS,PS,
BS,PA,
BS,PG,
BS,PY,
BS,PE,
BS,PH,
BS,PL,
BS,PT,
BS,QA,
BS,RO,
BS,RU,
BS,RW,
BS,KN,
BS,LC,
BS,WS,
BS,SM,
BS,ST,
BS,SA,
BS,SN,
BS,RS,
BS,SC,
BS,SL,
BS,SG,
BS,SK,
BS,SI,
BS,SB,
BS,SO,
BS,ZA,
BS,KR,
BS,SS,
BS,ES,
BS,LK,
BS,VC,
BS,SD,
BS,SR,
BS,SE,
BS,CH,
BS,SY,
BS,TW,
BS,TJ,
BS,TZ,
BS,TH,
BS,TL,
BS,TG,
BS,TO,
BS,TT,
BS,TN,
BS,TM,
BS,TV,
BS,TR,
BS,UG,
BS,UA,
BS,AE,
BS,GB,
BS,US,
BS,UY,
BS,UZ,
BS,VU,
BS,VA,
BS,VE,
BS,VN,
BS,YE,
BS,ZM,
BS,ZW,
BS,AF,
BH,AL,
BH,DZ,
BH,AD,
BH,AO,
BH,AG,
BH,AR,
BH,AM,
BH,AU,
BH,AT,
BH,AZ,
BH,BS,
BH,BH,-1
BH,BD,
BH,BB,
BH,BY,
BH,BE,
BH,BZ,
BH,BJ,
BH,BT,
BH,BO,
BH,BA,
BH,BW,
BH,BR,
BH,BN,
BH,BG,
BH,BF,
BH,BI,
BH,KH,
BH,CM,
BH,CA,
BH,CV,
BH,CF,
BH,TD,
BH,CL,
BH,CN,
BH,CO,
BH,KM,
BH,CG,
BH,CD,
BH,CR,
BH,CI,
BH,HR,
BH,CU,
BH,CY,
BH,CZ,
BH,DK,
BH,DJ,
BH,DM,
BH,DO,
BH,EC,
BH,EG,
BH,SV,
BH,GQ,
BH,ER,
BH,EE,
BH,SZ,
BH,ET,
BH,FJ,
BH,FI,
BH,FR,
BH,GA,
BH,GM,
BH,GE,
BH,DE,
BH,GH,
BH,GR,
BH,GD,
BH,GT,
BH,GN,
BH,GW,
BH,GY,
BH,HT,
BH,HN,
BH,HK,
BH,HU,
BH,IS,
BH,IN,
BH,ID,
BH,IR,
BH,IQ,
BH,IE,
BH,IL,
BH,IT,
BH,JM,
BH,JP,
BH,JO,
BH,KZ,
BH,KE,
BH,KI,
BH,XK,
BH,KW,
BH,KG,
BH,LA,
BH,LV,
BH,LB,
BH,LS,
BH,LR,
BH,LY,
BH,LI,
BH,LT,
BH,LU,
BH,MO,
BH,MG,
BH,MW,
BH,MY,
BH,MV,
BH,ML,
BH,MT,
BH,MH,
BH,MR,
BH,MU,
BH,MX,
BH,FM,
BH,MD,
BH,MC,
BH,MN,
BH,ME,
BH,MA,
BH,MZ,
BH,MM,
BH,NA,
BH,NR,
BH,NP,
BH,NL,
BH,NZ,
BH,NI,
BH,NE,
BH,NG,
BH,KP,
BH,MK,
BH,NO,
BH,OM,
BH,PK,
BH,PW,
BH,PS,
BH,PA,
BH,PG,
BH,PY,
BH,PE,
BH,PH,
BH,PL,
BH,PT,
BH,QA,
BH,RO,
BH,RU,
BH,RW,
BH,KN,
BH,LC,
BH,WS,
BH,SM,
BH,ST,
BH,SA,
BH,SN,
BH,RS,
BH,SC,
BH,SL,
BH,SG,
BH,SK,
BH,SI,
BH,SB,
BH,SO,
BH,ZA,
BH,KR,
BH,SS,
BH,ES,
BH,LK,
BH,VC,
BH,SD,
BH,SR,
BH,SE,
BH,CH,
BH,SY,
BH,TW,
BH,TJ,
BH,TZ,
BH,TH,
BH,TL,
BH,TG,
BH,TO,
BH,TT,
BH,TN,
BH,TM,
BH,TV,
BH,TR,
BH,UG,
BH,UA,
BH,AE,
BH,GB,
BH,US,
BH,UY,
BH,UZ,
BH,VU,
BH,VA,
BH,VE,
BH,VN,
BH,YE,
BH,ZM,
BH,ZW,
BH,AF,
BD,AL,
BD,DZ,
BD,AD,
BD,AO,
BD,AG,
BD,AR,
BD,AM,
BD,AU,
BD,AT,
BD,AZ,
BD,BS,
BD,BH,
BD,BD,-1
BD,BB,
BD,BY,
BD,BE,
BD,BZ,
BD,BJ,
BD,BT,
BD,BO,
BD,BA,
BD,BW,
BD,BR,
BD,BN,
BD,BG,
BD,BF,
BD,BI,
BD,KH,
BD,CM,
BD,CA,
BD,CV,
BD,CF,
BD,TD,
BD,CL,
BD,CN,
BD,CO,
BD,KM,
BD,CG,
BD,CD,
BD,CR,
BD,CI,
BD,HR,
BD,CU,
BD,CY,
BD,CZ,
BD,DK,
BD,DJ,
BD,DM,
BD,DO,
BD,EC,
BD,EG,
BD,SV,
BD,GQ,
BD,ER,
BD,EE,
BD,SZ,
BD,ET,
BD,FJ,
BD,FI,
BD,FR,
BD,GA,
BD,GM,
BD,GE,
BD,DE,
BD,GH,
BD,GR,
BD,GD,
BD,GT,
BD,GN,
BD,GW,
BD,GY,
BD,HT,
BD,HN,
BD,HK,
BD,HU,
BD,IS,
BD,IN,
BD,ID,
BD,IR,
BD,IQ,
BD,IE,
BD,IL,
BD,IT,
BD,JM,
BD,JP,
BD,JO,
BD,KZ,
BD,KE,
BD,KI,
BD,XK,
BD,KW,
BD,KG,
BD,LA,
BD,LV,
BD,LB,
BD,LS,
BD,LR,
BD,LY,
BD,LI,
BD,LT,
BD,LU,
BD,MO,
BD,MG,
BD,MW,
BD,MY,
BD,MV,
BD,ML,
BD,MT,
BD,MH,
BD,MR,
BD,MU,
BD,MX,
BD,FM,
BD,MD,
BD,MC,
BD,MN,
BD,ME,
BD,MA,
BD,MZ,
BD,MM,
BD,NA,
BD,NR,
BD,NP,
BD,NL,
BD,NZ,
BD,NI,
BD,NE,
BD,NG,
BD,KP,
BD,MK,
BD,NO,
BD,OM,
BD,PK,
BD,PW,
BD,PS,
BD,PA,
BD,PG,
BD,PY,
BD,PE,
BD,PH,
BD,PL,
BD,PT,
BD,QA,
BD,RO,
BD,RU,
BD,RW,
BD,KN,
BD,LC,
BD,WS,
BD,SM,
BD,ST,
BD,SA,
BD,SN,
BD,RS,
BD,SC,
BD,SL,
BD,SG,
BD,SK,
BD,SI,
BD,SB,
BD,SO,
BD,ZA,
BD,KR,
BD,SS,
BD,ES,
BD,LK,
BD,VC,
BD,SD,
BD,SR,
BD,SE,
BD,CH,
BD,SY,
BD,TW,
BD,TJ,
BD,TZ,
BD,TH,
BD,TL,
BD,TG,
BD,TO,
BD,TT,
BD,TN,
BD,TM,
BD,TV,
BD,TR,
BD,UG,
BD,UA,
BD,AE,
BD,GB,
BD,US,
BD,UY,
BD,UZ,
BD,VU,
BD,VA,
BD,VE,
BD,VN,
BD,YE,
BD,ZM,
BD,ZW,
BD,AF,
BB,AL,
BB,DZ,
BB,AD,
BB,AO,
BB,AG,
BB,AR,
BB,AM,
BB,AU,
BB,AT,
BB,AZ,
BB,BS,
BB,BH,
BB,BD,
BB,BB,-1
BB,BY,
BB,BE,
BB,BZ,
BB,BJ,
BB,BT,
BB,BO,
BB,BA,
BB,BW,
BB,BR,
BB,BN,
BB,BG,
BB,BF,
BB,BI,
BB,KH,
BB,CM,
BB,CA,
BB,CV,
BB,CF,
BB,TD,
BB,CL,
BB,CN,
BB,CO,
BB,KM,
BB,CG,
BB,CD,
BB,CR,
BB,CI,
BB,HR,
BB,CU,
BB,CY,
BB,CZ,
BB,DK,
BB,DJ,
BB,DM,
BB,DO,
BB,EC,
BB,EG,
BB,SV,
BB,GQ,
BB,ER,
BB,EE,
BB,SZ,
BB,ET,
BB,FJ,
BB,FI,
BB,FR,
BB,GA,
BB,GM,
BB,GE,
BB,DE,
BB,GH,
BB,GR,
BB,GD,
BB,GT,
BB,GN,
BB,GW,
BB,GY,
BB,HT,
BB,HN,
BB,HK,
BB,HU,
BB,IS,
BB,IN,
BB,ID,
BB,IR,
BB,IQ,
BB,IE,
BB,IL,
BB,IT,
BB,JM,
BB,JP,
BB,JO,
BB,KZ,
BB,KE,
BB,KI,
BB,XK,
BB,KW,
BB,KG,
BB,LA,
BB,LV,
BB,LB,
BB,LS,
BB,LR,
BB,LY,
BB,LI,
BB,LT,
BB,LU,
BB,MO,
BB,MG,
BB,MW,
BB,MY,
BB,MV,
BB,ML,
BB,MT,
BB,MH,
BB,MR,
BB,MU,
BB,MX,
BB,FM,
BB,MD,
BB,MC,
BB,MN,
BB,ME,
BB,MA,
BB,MZ,
BB,MM,
BB,NA,
BB,NR,
BB,NP,
BB,NL,
BB,NZ,
BB,NI,
BB,NE,
BB,NG,
BB,KP,
BB,MK,
BB,NO,
BB,OM,
BB,PK,
BB,PW,
BB,PS,
BB,PA,
BB,PG,
BB,PY,
BB,PE,
BB,PH,
BB,PL,
BB,PT,
BB,QA,
BB,RO,
BB,RU,
BB,RW,
BB,KN,
BB,LC,
BB,WS,
BB,SM,
BB,ST,
BB,SA,
BB,SN,
BB,RS,
BB,SC,
BB,SL,
BB,SG,
BB,SK,
BB,SI,
BB,SB,
BB,SO,
BB,ZA,
BB,KR,
BB,SS,
BB,ES,
BB,LK,
BB,VC,
BB,SD,
BB,SR,
BB,SE,
BB,CH,
BB,SY,
BB,TW,
BB,TJ,
BB,TZ,
BB,TH,
BB,TL,
BB,TG,
BB,TO,
BB,TT,
BB,TN,
BB,TM,
BB,TV,
BB,TR,
BB,UG,
BB,UA,
BB,AE,
BB,GB,
BB,US,
BB,UY,
BB,UZ,
BB,VU,
BB,VA,
BB,VE,
BB,VN,
BB,YE,
BB,ZM,
BB,ZW,
BB,AF,
BY,AL,
BY,DZ,
BY,AD,
BY,AO,
BY,AG,
BY,AR,
BY,AM,
BY,AU,
BY,AT,
BY,AZ,
BY,BS,
BY,BH,
BY,BD,
BY,BB,
BY,BY,-1
BY,BE,
BY,BZ,
BY,BJ,
BY,BT,
BY,BO,
BY,BA,
BY,BW,
BY,BR,
BY,BN,
BY,BG,
BY,BF,
BY,BI,
BY,KH,
BY,CM,
BY,CA,
BY,CV,
BY,CF,
BY,TD,
BY,CL,
BY,CN,
BY,CO,
BY,KM,
BY,CG,
BY,CD,
BY,CR,
BY,CI,
BY,HR,
BY,CU,
BY,CY,
BY,CZ,
BY,DK,
BY,DJ,
BY,DM,
BY,DO,
BY,EC,
BY,EG,
BY,SV,
BY,GQ,
BY,ER,
BY,EE,
BY,SZ,
BY,ET,
BY,FJ,
BY,FI,
BY,FR,
BY,GA,
BY,GM,
BY,GE,
BY,DE,
BY,GH,
BY,GR,
BY,GD,
BY,GT,
BY,GN,
BY,GW,
BY,GY,
BY,HT,
BY,HN,
BY,HK,
BY,HU,
BY,IS,
BY,IN,
BY,ID,
BY,IR,
BY,IQ,
BY,IE,
BY,IL,
BY,IT,
BY,JM,
BY,JP,
BY,JO,
BY,KZ,
BY,KE,
BY,KI,
BY,XK,
BY,KW,
BY,KG,
BY,LA,
BY,LV,
BY,LB,
BY,LS,
BY,LR,
BY,LY,
BY,LI,
BY,LT,
BY,LU,
BY,MO,
BY,MG,
BY,MW,
BY,MY,
BY,MV,
BY,ML,
BY,MT,
BY,MH,
BY,MR,
BY,MU,
BY,MX,
BY,FM,
BY,MD,
BY,MC,
BY,MN,
BY,ME,
BY,MA,
BY,MZ,
BY,MM,
BY,NA,
BY,NR,
BY,NP,
BY,NL,
BY,NZ,
BY,NI,
BY,NE,
BY,NG,
BY,KP,
BY,MK,
BY,NO,
BY,OM,
BY,PK,
BY,PW,
BY,PS,
BY,PA,
BY,PG,
BY,PY,
BY,PE,
BY,PH,
BY,PL,
BY,PT,
BY,QA,
BY,RO,
BY,RU,
BY,RW,
BY,KN,
BY,LC,
BY,WS,
BY,SM,
BY,ST,
BY,SA,
BY,SN,
BY,RS,
BY,SC,
BY,SL,
BY,SG,
BY,SK,
BY,SI,
BY,SB,
BY,SO,
BY,ZA,
BY,KR,
BY,SS,
BY,ES,
BY,LK,
BY,VC,
BY,SD,
BY,SR,
BY,SE,
BY,CH,
BY,SY,
BY,TW,
BY,TJ,
BY,TZ,
BY,TH,
BY,TL,
BY,TG,
BY,TO,
BY,TT,
BY,TN,
BY,TM,
BY,TV,
BY,TR,
BY,UG,
BY,UA,
BY,AE,
BY,GB,
BY,US,
BY,UY,
BY,UZ,
BY,VU,
BY,VA,
BY,VE,
BY,VN,
BY,YE,
BY,ZM,
BY,ZW,
BY,AF,
BE,AL,
BE,DZ,
BE,AD,
BE,AO,
BE,AG,
BE,AR,
BE,AM,
BE,AU,
BE,AT,
BE,AZ,
BE,BS,
BE,BH,
BE,BD,
BE,BB,
BE,BY,
BE,BE,-1
BE,BZ,
BE,BJ,
BE,BT,
BE,BO,
BE,BA,
BE,BW,
BE,BR,
BE,BN,
BE,BG,
BE,BF,
BE,BI,
BE,KH,
BE,CM,
BE,CA,
BE,CV,
BE,CF,
BE,TD,
BE,CL,
BE,CN,
BE,CO,
BE,KM,
BE,CG,
BE,CD,
BE,CR,
BE,CI,
BE,HR,
BE,CU,
BE,CY,
BE,CZ,
BE,DK,
BE,DJ,
BE,DM,
BE,DO,
BE,EC,
BE,EG,
BE,SV,
BE,GQ,
BE,ER,
BE,EE,
BE,SZ,
BE,ET,
BE,FJ,
BE,FI,
BE,FR,
BE,GA,
BE,GM,
BE,GE,
BE,DE,
BE,GH,
BE,GR,
BE,GD,
BE,GT,
BE,GN,
BE,GW,
BE,GY,
BE,HT,
BE,HN,
BE,HK,
BE,HU,
BE,IS,
BE,IN,
BE,ID,
BE,IR,
BE,IQ,
BE,IE,
BE,IL,
BE,IT,
BE,JM,
BE,JP,
BE,JO,
BE,KZ,
BE,KE,
BE,KI,
BE,XK,
BE,KW,
BE,KG,
BE,LA,
BE,LV,
BE,LB,
BE,LS,
BE,LR,
BE,LY,
BE,LI,
BE,LT,
BE,LU,
BE,MO,
BE,MG,
BE,MW,
BE,MY,
BE,MV,
BE,ML,
BE,MT,
BE,MH,
BE,MR,
BE,MU,
BE,MX,
BE,FM,
BE,MD,
BE,MC,
BE,MN,
BE,ME,
BE,MA,
BE,MZ,
BE,MM,
BE,NA,
BE,NR,
BE,NP,
BE,NL,
BE,NZ,
BE,NI,
BE,NE,
BE,NG,
BE,KP,
BE,MK,
BE,NO,
BE,OM,
BE,PK,
BE,PW,
BE,PS,
BE,PA,
BE,PG,
BE,PY,
BE,PE,
BE,PH,
BE,PL,
BE,PT,
BE,QA,
BE,RO,
BE,RU,
BE,RW,
BE,KN,
BE,LC,
BE,WS,
BE,SM,
BE,ST,
BE,SA,
BE,SN,
BE,RS,
BE,SC,
BE,SL,
BE,SG,
BE,SK,
BE,SI,
BE,SB,
BE,SO,
BE,ZA,
BE,KR,
BE,SS,
BE,ES,
BE,LK,
BE,VC,
BE,SD,
BE,SR,
BE,SE,
BE,CH,
BE,SY,
BE,TW,
BE,TJ,
BE,TZ,
BE,TH,
BE,TL,
BE,TG,
BE,TO,
BE,TT,
BE,TN,
BE,TM,
BE,TV,
BE,TR,
BE,UG,
BE,UA,
BE,AE,
BE,GB,
BE,US,
BE,UY,
BE,UZ,
BE,VU,
BE,VA,
BE,VE,
BE,VN,
BE,YE,
BE,ZM,
BE,ZW,
BE,AF,
BZ,AL,
BZ,DZ,
BZ,AD,
BZ,AO,
BZ,AG,
BZ,AR,
BZ,AM,
BZ,AU,
BZ,AT,
BZ,AZ,
BZ,BS,
BZ,BH,
BZ,BD,
BZ,BB,
BZ,BY,
BZ,BE,
BZ,BZ,-1
BZ,BJ,
BZ,BT,
BZ,BO,
BZ,BA,
BZ,BW,
BZ,BR,
BZ,BN,
BZ,BG,
BZ,BF,
BZ,BI,
BZ,KH,
BZ,CM,
BZ,CA,
BZ,CV,
BZ,CF,
BZ,TD,
BZ,CL,
BZ,CN,
BZ,CO,
BZ,KM,
BZ,CG,
BZ,CD,
BZ,CR,
BZ,CI,
BZ,HR,
BZ,CU,
BZ,CY,
BZ,CZ,
BZ,DK,
BZ,DJ,
BZ,DM,
BZ,DO,
BZ,EC,
BZ,EG,
BZ,SV,
BZ,GQ,
BZ,ER,
BZ,EE,
BZ,SZ,
BZ,ET,
BZ,FJ,
BZ,FI,
BZ,FR,
BZ,GA,
BZ,GM,
BZ,GE,
BZ,DE,
BZ,GH,
BZ,GR,
BZ,GD,
BZ,GT,
BZ,GN,
BZ,GW,
BZ,GY,
BZ,HT,
BZ,HN,
BZ,HK,
BZ,HU,
BZ,IS,
BZ,IN,
BZ,ID,
BZ,IR,
BZ,IQ,
BZ,IE,
BZ,IL,
BZ,IT,
BZ,JM,
BZ,JP,
BZ,JO,
BZ,KZ,
BZ,KE,
BZ,KI,
BZ,XK,
BZ,KW,
BZ,KG,
BZ,LA,
BZ,LV,
BZ,LB,
BZ,LS,
BZ,LR,
BZ,LY,
BZ,LI,
BZ,LT,
BZ,LU,
BZ,MO,
BZ,MG,
BZ,MW,
BZ,MY,
BZ,MV,
BZ,ML,
BZ,MT,
BZ,MH,
BZ,MR,
BZ,MU,
BZ,MX,
BZ,FM,
BZ,MD,
BZ,MC,
BZ,MN,
BZ,ME,
BZ,MA,
BZ,MZ,
BZ,MM,
BZ,NA,
BZ,NR,
BZ,NP,
BZ,NL,
BZ,NZ,
BZ,NI,
BZ,NE,
BZ,NG,
BZ,KP,
BZ,MK,
BZ,NO,
BZ,OM,
BZ,PK,
BZ,PW,
BZ,PS,
BZ,PA,
BZ,PG,
BZ,PY,
BZ,PE,
BZ,PH,
BZ,PL,
BZ,PT,
BZ,QA,
BZ,RO,
BZ,RU,
BZ,RW,
BZ,KN,
BZ,LC,
BZ,WS,
BZ,SM,
BZ,ST,
BZ,SA,
BZ,SN,
BZ,RS,
BZ,SC,
BZ,SL,
BZ,SG,
BZ,SK,
BZ,SI,
BZ,SB,
BZ,SO,
BZ,ZA,
BZ,KR,
BZ,SS,
BZ,ES,
BZ,LK,
BZ,VC,
BZ,SD,
BZ,SR,
BZ,SE,
BZ,CH,
BZ,SY,
BZ,TW,
BZ,TJ,
BZ,TZ,
BZ,TH,
BZ,TL,
BZ,TG,
BZ,TO,
BZ,TT,
BZ,TN,
BZ,TM,
BZ,TV,
BZ,TR,
BZ,UG,
BZ,UA,
BZ,AE,
BZ,GB,
BZ,US,
BZ,UY,
BZ,UZ,
BZ,VU,
BZ,VA,
BZ,VE,
BZ,VN,
BZ,YE,
BZ,ZM,
BZ,ZW,
BZ,AF,
BJ,AL,
BJ,DZ,
BJ,AD,
BJ,AO,
BJ,AG,
BJ,AR,
BJ,AM,
BJ,AU,
BJ,AT,
BJ,AZ,
BJ,BS,
BJ,BH,
BJ,BD,
BJ,BB,
BJ,BY,
BJ,BE,
BJ,BZ,
BJ,BJ,-1
BJ,BT,
BJ,BO,
BJ,BA,
BJ,BW,
BJ,BR,
BJ,BN,
BJ,BG,
BJ,BF,
BJ,BI,
BJ,KH,
BJ,CM,
BJ,CA,
BJ,CV,
BJ,CF,
BJ,TD,
BJ,CL,
BJ,CN,
BJ,CO,
BJ,KM,
BJ,CG,
BJ,CD,
BJ,CR,
BJ,CI,
BJ,HR,
BJ,CU,
BJ,CY,
BJ,CZ,
BJ,DK,
BJ,DJ,
BJ,DM,
BJ,DO,
BJ,EC,
BJ,EG,
BJ,SV,
BJ,GQ,
BJ,ER,
BJ,EE,
BJ,SZ,
BJ,ET,
BJ,FJ,
BJ,FI,
BJ,FR,
BJ,GA,
BJ,GM,
BJ,GE,
BJ,DE,
BJ,GH,
BJ,GR,
BJ,GD,
BJ,GT,
BJ,GN,
BJ,GW,
BJ,GY,
BJ,HT,
BJ,HN,
BJ,HK,
BJ,HU,
BJ,IS,
BJ,IN,
BJ,ID,
BJ,IR,
BJ,IQ,
BJ,IE,
BJ,IL,
BJ,IT,
BJ,JM,
BJ,JP,
BJ,JO,
BJ,KZ,
BJ,KE,
BJ,KI,
BJ,XK,
BJ,KW,
BJ,KG,
BJ,LA,
BJ,LV,
BJ,LB,
BJ,LS,
BJ,LR,
BJ,LY,
BJ,LI,
BJ,LT,
BJ,LU,
BJ,MO,
BJ,MG,
BJ,MW,
BJ,MY,
BJ,MV,
BJ,ML,
BJ,MT,
BJ,MH,
BJ,MR,
BJ,MU,
BJ,MX,
BJ,FM,
BJ,MD,
BJ,MC,
BJ,MN,
BJ,ME,
BJ,MA,
BJ,MZ,
BJ,MM,
BJ,NA,
BJ,NR,
BJ,NP,
BJ,NL,
BJ,NZ,
BJ,NI,
BJ,NE,
BJ,NG,
BJ,KP,
BJ,MK,
BJ,NO,
BJ,OM,
BJ,PK,
BJ,PW,
BJ,PS,
BJ,PA,
BJ,PG,
BJ,PY,
BJ,PE,
BJ,PH,
BJ,PL,
BJ,PT,
BJ,QA,
BJ,RO,
BJ,RU,
BJ,RW,
BJ,KN,
BJ,LC,
BJ,WS,
BJ,SM,
BJ,ST,
BJ,SA,
BJ,SN,
BJ,RS,
BJ,SC,
BJ,SL,
BJ,SG,
BJ,SK,
BJ,SI,
BJ,SB,
BJ,SO,
BJ,ZA,
BJ,KR,
BJ,SS,
BJ,ES,
BJ,LK,
BJ,VC,
BJ,SD,
BJ,SR,
BJ,SE,
BJ,CH,
BJ,SY,
BJ,TW,
BJ,TJ,
BJ,TZ,
BJ,TH,
BJ,TL,
BJ,TG,
BJ,TO,
BJ,TT,
BJ,TN,
BJ,TM,
BJ,TV,
BJ,TR,
BJ,UG,
BJ,UA,
BJ,AE,
BJ,GB,
BJ,US,
BJ,UY,
BJ,UZ,
BJ,VU,
BJ,VA,
BJ,VE,
BJ,VN,
BJ,YE,
BJ,ZM,
BJ,ZW,
BJ,AF,
BT,AL,
BT,DZ,
BT,AD,
BT,AO,
BT,AG,
BT,AR,
BT,AM,
BT,AU,
BT,AT,
BT,AZ,
BT,BS,
BT,BH,
BT,BD,
BT,BB,
BT,BY,
BT,BE,
BT,BZ,
BT,BJ,
BT,BT,-1
BT,BO,
BT,BA,
BT,BW,
BT,BR,
BT,BN,
BT,BG,
BT,BF,
BT,BI,
BT,KH,
BT,CM,
BT,CA,
BT,CV,
BT,CF,
BT,TD,
BT,CL,
BT,CN,
BT,CO,
BT,KM,
BT,CG,
BT,CD,
BT,CR,
BT,CI,
BT,HR,
BT,CU,
BT,CY,
BT,CZ,
BT,DK,
BT,DJ,
BT,DM,
BT,DO,
BT,EC,
BT,EG,
BT,SV,
BT,GQ,
BT,ER,
BT,EE,
BT,SZ,
BT,ET,
BT,FJ,
BT,FI,
BT,FR,
BT,GA,
BT,GM,
BT,GE,
BT,DE,
BT,GH,
BT,GR,
BT,GD,
BT,GT,
BT,GN,
BT,GW,
BT,GY,
BT,HT,
BT,HN,
BT,HK,
BT,HU,
BT,IS,
BT,IN,
BT,ID,
BT,IR,
BT,IQ,
BT,IE,
BT,IL,
BT,IT,
BT,JM,
BT,JP,
BT,JO,
BT,KZ,
BT,KE,
BT,KI,
BT,XK,
BT,KW,
BT,KG,
BT,LA,
BT,LV,
BT,LB,
BT,LS,
BT,LR,
BT,LY,
BT,LI,
BT,LT,
BT,LU,
BT,MO,
BT,MG,
BT,MW,
BT,MY,
BT,MV,
BT,ML,
BT,MT,
BT,MH,
BT,MR,
BT,MU,
BT,MX,
BT,FM,
BT,MD,
BT,MC,
BT,MN,
BT,ME,
BT,MA,
BT,MZ,
BT,MM,
BT,NA,
BT,NR,
BT,NP,
BT,NL,
BT,NZ,
BT,NI,
BT,NE,
BT,NG,
BT,KP,
BT,MK,
BT,NO,
BT,OM,
BT,PK,
BT,PW,
BT,PS,
BT,PA,
BT,PG,
BT,PY,
BT,PE,
BT,PH,
BT,PL,
BT,PT,
BT,QA,
BT,RO,
BT,RU,
BT,RW,
BT,KN,
BT,LC,
BT,WS,
BT,SM,
BT,ST,
BT,SA,
BT,SN,
BT,RS,
BT,SC,
BT,SL,
BT,SG,
BT,SK,
BT,SI,
BT,SB,
BT,SO,
BT,ZA,
BT,KR,
BT,SS,
BT,ES,
BT,LK,
BT,VC,
BT,SD,
BT,SR,
BT,SE,
BT,CH,
BT,SY,
BT,TW,
BT,TJ,
BT,TZ,
BT,TH,
BT,TL,
BT,TG,
BT,TO,
BT,TT,
BT,TN,
BT,TM,
BT,TV,
BT,TR,
BT,UG,
BT,UA,
BT,AE,
BT,GB,
BT,US,
BT,UY,
BT,UZ,
BT,VU,
BT,VA,
BT,VE,
BT,VN,
BT,YE,
BT,ZM,
BT,ZW,
BT,AF,
BO,AL,
BO,DZ,
BO,AD,
BO,AO,
BO,AG,
BO,AR,
BO,AM,
BO,AU,
BO,AT,
BO,AZ,
BO,BS,
BO,BH,
BO,BD,
BO,BB,
BO,BY,
BO,BE,
BO,BZ,
BO,BJ,
BO,BT,
BO,BO,-1
BO,BA,
BO,BW,
BO,BR,
BO,BN,
BO,BG,
BO,BF,
BO,BI,
BO,KH,
BO,CM,
BO,CA,
BO,CV,
BO,CF,
BO,TD,
BO,CL,
BO,CN,
BO,CO,
BO,KM,
BO,CG,
BO,CD,
BO,CR,
BO,CI,
BO,HR,
BO,CU,
BO,CY,
BO,CZ,
BO,DK,
BO,DJ,
BO,DM,
BO,DO,
BO,EC,
BO,EG,
BO,SV,
BO,GQ,
BO,ER,
BO,EE,
BO,SZ,
BO,ET,
BO,FJ,
BO,FI,
BO,FR,
BO,GA,
BO,GM,
BO,GE,
BO,DE,
BO,GH,
BO,GR,
BO,GD,
BO,GT,
BO,GN,
BO,GW,
BO,GY,
BO,HT,
BO,HN,
BO,HK,
BO,HU,
BO,IS,
BO,IN,
BO,ID,
BO,IR,
BO,IQ,
BO,IE,
BO,IL,
BO,IT,
BO,JM,
BO,JP,
BO,JO,
BO,KZ,
BO,KE,
BO,KI,
BO,XK,
BO,KW,
BO,KG,
BO,LA,
BO,LV,
BO,LB,
BO,LS,
BO,LR,
BO,LY,
BO,LI,
BO,LT,
BO,LU,
BO,MO,
BO,MG,
BO,MW,
BO,MY,
BO,MV,
BO,ML,
BO,MT,
BO,MH,
BO,MR,
BO,MU,
BO,MX,
BO,FM,
BO,MD,
BO,MC,
BO,MN,
BO,ME,
BO,MA,
BO,MZ,
BO,MM,
BO,NA,
BO,NR,
BO,NP,
BO,NL,
BO,NZ,
BO,NI,
BO,NE,
BO,NG,
BO,KP,
BO,MK,
BO,NO,
BO,OM,
BO,PK,
BO,PW,
BO,PS,
BO,PA,
BO,PG,
BO,PY,
BO,PE,
BO,PH,
BO,PL,
BO,PT,
BO,QA,
BO,RO,
BO,RU,
BO,RW,
BO,KN,
BO,LC,
BO,WS,
BO,SM,
BO,ST,
BO,SA,
BO,SN,
BO,RS,
BO,SC,
BO,SL,
BO,SG,
BO,SK,
BO,SI,
BO,SB,
BO,SO,
BO,ZA,
BO,KR,
BO,SS,
BO,ES,
BO,LK,
BO,VC,
BO,SD,
BO,SR,
BO,SE,
BO,CH,
BO,SY,
BO,TW,
BO,TJ,
BO,TZ,
BO,TH,
BO,TL,
BO,TG,
BO,TO,
BO,TT,
BO,TN,
BO,TM,
BO,TV,
BO,TR,
BO,UG,
BO,UA,
BO,AE,
BO,GB,
BO,US,
BO,UY,
BO,UZ,
BO,VU,
BO,VA,
BO,VE,
BO,VN,
BO,YE,
BO,ZM,
BO,ZW,
BO,AF,
BA,AL,
BA,DZ,
BA,AD,
BA,AO,
BA,AG,
BA,AR,
BA,AM,
BA,AU,
BA,AT,
BA,AZ,
BA,BS,
BA,BH,
BA,BD,
BA,BB,
BA,BY,
BA,BE,
BA,BZ,
BA,BJ,
BA,BT,
BA,BO,
BA,BA,-1
BA,BW,
BA,BR,
BA,BN,
BA,BG,
BA,BF,
BA,BI,
BA,KH,
BA,CM,
BA,CA,
BA,CV,
BA,CF,
BA,TD,
BA,CL,
BA,CN,
BA,CO,
BA,KM,
BA,CG,
BA,CD,
BA,CR,
BA,CI,
BA,HR,
BA,CU,
BA,CY,
BA,CZ,
BA,DK,
BA,DJ,
BA,DM,
BA,DO,
BA,EC,
BA,EG,
BA,SV,
BA,GQ,
BA,ER,
BA,EE,
BA,SZ,
BA,ET,
BA,FJ,
BA,FI,
BA,FR,
BA,GA,
BA,GM,
BA,GE,
BA,DE,
BA,GH,
BA,GR,
BA,GD,
BA,GT,
BA,GN,
BA,GW,
BA,GY,
BA,HT,
BA,HN,
BA,HK,
BA,HU,
BA,IS,
BA,IN,
BA,ID,
BA,IR,
BA,IQ,
BA,IE,
BA,IL,
BA,IT,
BA,JM,
BA,JP,
BA,JO,
BA,KZ,
BA,KE,
BA,KI,
BA,XK,
BA,KW,
BA,KG,
BA,LA,
BA,LV,
BA,LB,
BA,LS,
BA,LR,
BA,LY,
BA,LI,
BA,LT,
BA,LU,
BA,MO,
BA,MG,
BA,MW,
BA,MY,
BA,MV,
BA,ML,
BA,MT,
BA,MH,
BA,MR,
BA,MU,
BA,MX,
BA,FM,
BA,MD,
BA,MC,
BA,MN,
BA,ME,
BA,MA,
BA,MZ,
BA,MM,
BA,NA,
BA,NR,
BA,NP,
BA,NL,
BA,NZ,
BA,NI,
BA,NE,
BA,NG,
BA,KP,
BA,MK,
BA,NO,
BA,OM,
BA,PK,
BA,PW,
BA,PS,
BA,PA,
BA,PG,
BA,PY,
BA,PE,
BA,PH,
BA,PL,
BA,PT,
BA,QA,
BA,RO,
BA,RU,
BA,RW,
BA,KN,
BA,LC,
BA,WS,
BA,SM,
BA,ST,
BA,SA,
BA,SN,
BA,RS,
BA,SC,
BA,SL,
BA,SG,
BA,SK,
BA,SI,
BA,SB,
BA,SO,
BA,ZA,
BA,KR,
BA,SS,
BA,ES,
BA,LK,
BA,VC,
BA,SD,
BA,SR,
BA,SE,
BA,CH,
BA,SY,
BA,TW,
BA,TJ,
BA,TZ,
BA,TH,
BA,TL,
BA,TG,
BA,TO,
BA,TT,
BA,TN,
BA,TM,
BA,TV,
BA,TR,
BA,UG,
BA,UA,
BA,AE,
BA,GB,
BA,US,
BA,UY,
BA,UZ,
BA,VU,
BA,VA,
BA,VE,
BA,VN,
BA,YE,
BA,ZM,
BA,ZW,
BA,AF,
BW,AL,
BW,DZ,
BW,AD,
BW,AO,
BW,AG,
BW,AR,
BW,AM,
BW,AU,
BW,AT,
BW,AZ,
BW,BS,
BW,BH,
BW,BD,
BW,BB,
BW,BY,
BW,BE,
BW,BZ,
BW,BJ,
BW,BT,
BW,BO,
BW,BA,
BW,BW,-1
BW,BR,
BW,BN,
BW,BG,
BW,BF,
BW,BI,
BW,KH,
BW,CM,
BW,CA,
BW,CV,
BW,CF,
BW,TD,
BW,CL,
BW,CN,
BW,CO,
BW,KM,
BW,CG,
BW,CD,
BW,CR,
BW,CI,
BW,HR,
BW,CU,
BW,CY,
BW,CZ,
BW,DK,
BW,DJ,
BW,DM,
BW,DO,
BW,EC,
BW,EG,
BW,SV,
BW,GQ,
BW,ER,
BW,EE,
BW,SZ,
BW,ET,
BW,FJ,
BW,FI,
BW,FR,
BW,GA,
BW,GM,
BW,GE,
BW,DE,
BW,GH,
BW,GR,
BW,GD,
BW,GT,
BW,GN,
BW,GW,
BW,GY,
BW,HT,
BW,HN,
BW,HK,
BW,HU,
BW,IS,
BW,IN,
BW,ID,
BW,IR,
BW,IQ,
BW,IE,
BW,IL,
BW,IT,
BW,JM,
BW,JP,
BW,JO,
BW,KZ,
BW,KE,
BW,KI,
BW,XK,
BW,KW,
BW,KG,
BW,LA,
BW,LV,
BW,LB,
BW,LS,
BW,LR,
BW,LY,
BW,LI,
BW,LT,
BW,LU,
BW,MO,
BW,MG,
BW,MW,
BW,MY,
BW,MV,
BW,ML,
BW,MT,
BW,MH,
BW,MR,
BW,MU,
BW,MX,
BW,FM,
BW,MD,
BW,MC,
BW,MN,
BW,ME,
BW,MA,
BW,MZ,
BW,MM,
BW,NA,
BW,NR,
BW,NP,
BW,NL,
BW,NZ,
BW,NI,
BW,NE,
BW,NG,
BW,KP,
BW,MK,
BW,NO,
BW,OM,
BW,PK,
BW,PW,
BW,PS,
BW,PA,
BW,PG,
BW,PY,
BW,PE,
BW,PH,
BW,PL,
BW,PT,
BW,QA,
BW,RO,
BW,RU,
BW,RW,
BW,KN,
BW,LC,
BW,WS,
BW,SM,
BW,ST,
BW,SA,
BW,SN,
BW,RS,
BW,SC,
BW,SL,
BW,SG,
BW,SK,
BW,SI,
BW,SB,
BW,SO,
BW,ZA,
BW,KR,
BW,SS,
BW,ES,
BW,LK,
BW,VC,
BW,SD,
BW,SR,
BW,SE,
BW,CH,
BW,SY,
BW,TW,
BW,TJ,
BW,TZ,
BW,TH,
BW,TL,
BW,TG,
BW,TO,
BW,TT,
BW,TN,
BW,TM,
BW,TV,
BW,TR,
BW,UG,
BW,UA,
BW,AE,
BW,GB,
BW,US,
BW,UY,
BW,UZ,
BW,VU,
BW,VA,
BW,VE,
BW,VN,
BW,YE,
BW,ZM,
BW,ZW,
BW,AF,
BR,AL,
BR,DZ,
BR,AD,
BR,AO,
BR,AG,
BR,AR,
BR,AM,
BR,AU,
BR,AT,
BR,AZ,
BR,BS,
BR,BH,
BR,BD,
BR,BB,
BR,BY,
BR,BE,
BR,BZ,
BR,BJ,
BR,BT,
BR,BO,
BR,BA,
BR,BW,
BR,BR,-1
BR,BN,
BR,BG,
BR,BF,
BR,BI,
BR,KH,
BR,CM,
BR,CA,
BR,CV,
BR,CF,
BR,TD,
BR,CL,
BR,CN,
BR,CO,
BR,KM,
BR,CG,
BR,CD,
BR,CR,
BR,CI,
BR,HR,
BR,CU,
BR,CY,
BR,CZ,
BR,DK,
BR,DJ,
BR,DM,
BR,DO,
BR,EC,
BR,EG,
BR,SV,
BR,GQ,
BR,ER,
BR,EE,
BR,SZ,
BR,ET,
BR,FJ,
BR,FI,
BR,FR,
BR,GA,
BR,GM,
BR,GE,
BR,DE,
BR,GH,
BR,GR,
BR,GD,
BR,GT,
BR,GN,
BR,GW,
BR,GY,
BR,HT,
BR,HN,
BR,HK,
BR,HU,
BR,IS,
BR,IN,
BR,ID,
BR,IR,
BR,IQ,
BR,IE,
BR,IL,
BR,IT,
BR,JM,
BR,JP,
BR,JO,
BR,KZ,
BR,KE,
BR,KI,
BR,XK,
BR,KW,
BR,KG,
BR,LA,
BR,LV,
BR,LB,
BR,LS,
BR,LR,
BR,LY,
BR,LI,
BR,LT,
BR,LU,
BR,MO,
BR,MG,
BR,MW,
BR,MY,
BR,MV,
BR,ML,
BR,MT,
BR,MH,
BR,MR,
BR,MU,
BR,MX,
BR,FM,
BR,MD,
BR,MC,
BR,MN,
BR,ME,
BR,MA,
BR,MZ,
BR,MM,
BR,NA,
BR,NR,
BR,NP,
BR,NL,
BR,NZ,
BR,NI,
BR,NE,
BR,NG,
BR,KP,
BR,MK,
BR,NO,
BR,OM,
BR,PK,
BR,PW,
BR,PS,
BR,PA,
BR,PG,
BR,PY,
BR,PE,
BR,PH,
BR,PL,
BR,PT,
BR,QA,
BR,RO,
BR,RU,
BR,RW,
BR,KN,
BR,LC,
BR,WS,
BR,SM,
BR,ST,
BR,SA,
BR,SN,
BR,RS,
BR,SC,
BR,SL,
BR,SG,
BR,SK,
BR,SI,
BR,SB,
BR,SO,
BR,ZA,
BR,KR,
BR,SS,
BR,ES,
BR,LK,
BR,VC,
BR,SD,
BR,SR,
BR,SE,
BR,CH,
BR,SY,
BR,TW,
BR,TJ,
BR,TZ,
BR,TH,
BR,TL,
BR,TG,
BR,TO,
BR,TT,
BR,TN,
BR,TM,
BR,TV,
BR,TR,
BR,UG,
BR,UA,
BR,AE,
BR,GB,
BR,US,
BR,UY,
BR,UZ,
BR,VU,
BR,VA,
BR,VE,
BR,VN,
BR,YE,
BR,ZM,
BR,ZW,
BR,AF,
BN,AL,
BN,DZ,
BN,AD,
BN,AO,
BN,AG,
BN,AR,
BN,AM,
BN,AU,
BN,AT,
BN,AZ,
BN,BS,
BN,BH,
BN,BD,
BN,BB,
BN,BY,
BN,BE,
BN,BZ,
BN,BJ,
BN,BT,
BN,BO,
BN,BA,
BN,BW,
BN,BR,
BN,BN,-1
BN,BG,
BN,BF,
BN,BI,
BN,KH,
BN,CM,
BN,CA,
BN,CV,
BN,CF,
BN,TD,
BN,CL,
BN,CN,
BN,CO,
BN,KM,
BN,CG,
BN,CD,
BN,CR,
BN,CI,
BN,HR,
BN,CU,
BN,CY,
BN,CZ,
BN,DK,
BN,DJ,
BN,DM,
BN,DO,
BN,EC,
BN,EG,
BN,SV,
BN,GQ,
BN,ER,
BN,EE,
BN,SZ,
BN,ET,
BN,FJ,
BN,FI,
BN,FR,
BN,GA,
BN,GM,
BN,GE,
BN,DE,
BN,GH,
BN,GR,
BN,GD,
BN,GT,
BN,GN,
BN,GW,
BN,GY,
BN,HT,
BN,HN,
BN,HK,
BN,HU,
BN,IS,
BN,IN,
BN,ID,
BN,IR,
BN,IQ,
BN,IE,
BN,IL,
BN,IT,
BN,JM,
BN,JP,
BN,JO,
BN,KZ,
BN,KE,
BN,KI,
BN,XK,
BN,KW,
BN,KG,
BN,LA,
BN,LV,
BN,LB,
BN,LS,
BN,LR,
BN,LY,
BN,LI,
BN,LT,
BN,LU,
BN,MO,
BN,MG,
BN,MW,
BN,MY,
BN,MV,
BN,ML,
BN,MT,
BN,MH,
BN,MR,
BN,MU,
BN,MX,
BN,FM,
BN,MD,
BN,MC,
BN,MN,
BN,ME,
BN,MA,
BN,MZ,
BN,MM,
BN,NA,
BN,NR,
BN,NP,
BN,NL,
BN,NZ,
BN,NI,
BN,NE,
BN,NG,
BN,KP,
BN,MK,
BN,NO,
BN,OM,
BN,PK,
BN,PW,
BN,PS,
BN,PA,
BN,PG,
BN,PY,
BN,PE,
BN,PH,
BN,PL,
BN,PT,
BN,QA,
BN,RO,
BN,RU,
BN,RW,
BN,KN,
BN,LC,
BN,WS,
BN,SM,
BN,ST,
BN,SA,
BN,SN,
BN,RS,
BN,SC,
BN,SL,
BN,SG,
BN,SK,
BN,SI,
BN,SB,
BN,SO,
BN,ZA,
BN,KR,
BN,SS,
BN,ES,
BN,LK,
BN,VC,
BN,SD,
BN,SR,
BN,SE,
BN,CH,
BN,SY,
BN,TW,
BN,TJ,
BN,TZ,
BN,TH,
BN,TL,
BN,TG,
BN,TO,
BN,TT,
BN,TN,
BN,TM,
BN,TV,
BN,TR,
BN,UG,
BN,UA,
BN,AE,
BN,GB,
BN,US,
BN,UY,
BN,UZ,
BN,VU,
BN,VA,
BN,VE,
BN,VN,
BN,YE,
BN,ZM,
BN,ZW,
BN,AF,
BG,AL,
BG,DZ,
BG,AD,
BG,AO,
BG,AG,
BG,AR,
BG,AM,
BG,AU,
BG,AT,
BG,AZ,
BG,BS,
BG,BH,
BG,BD,
BG,BB,
BG,BY,
BG,BE,
BG,BZ,
BG,BJ,
BG,BT,
BG,BO,
BG,BA,
BG,BW,
BG,BR,
BG,BN,
BG,BG,-1
BG,BF,
BG,BI,
BG,KH,
BG,CM,
BG,CA,
BG,CV,
BG,CF,
BG,TD,
BG,CL,
BG,CN,
BG,CO,
BG,KM,
BG,CG,
BG,CD,
BG,CR,
BG,CI,
BG,HR,
BG,CU,
BG,CY,
BG,CZ,
BG,DK,
BG,DJ,
BG,DM,
BG,DO,
BG,EC,
BG,EG,
BG,SV,
BG,GQ,
BG,ER,
BG,EE,
BG,SZ,
BG,ET,
BG,FJ,
BG,FI,
BG,FR,
BG,GA,
BG,GM,
BG,GE,
BG,DE,
BG,GH,
BG,GR,
BG,GD,
BG,GT,
BG,GN,
BG,GW,
BG,GY,
BG,HT,
BG,HN,
BG,HK,
BG,HU,
BG,IS,
BG,IN,
BG,ID,
BG,IR,
BG,IQ,
BG,IE,
BG,IL,
BG,IT,
BG,JM,
BG,JP,
BG,JO,
BG,KZ,
BG,KE,
BG,KI,
BG,XK,
BG,KW,
BG,KG,
BG,LA,
BG,LV,
BG,LB,
BG,LS,
BG,LR,
BG,LY,
BG,LI,
BG,LT,
BG,LU,
BG,MO,
BG,MG,
BG,MW,
BG,MY,
BG,MV,
BG,ML,
BG,MT,
BG,MH,
BG,MR,
BG,MU,
BG,MX,
BG,FM,
BG,MD,
BG,MC,
BG,MN,
BG,ME,
BG,MA,
BG,MZ,
BG,MM,
BG,NA,
BG,NR,
BG,NP,
BG,NL,
BG,NZ,
BG,NI,
BG,NE,
BG,NG,
BG,KP,
BG,MK,
BG,NO,
BG,OM,
BG,PK,
BG,PW,
BG,PS,
BG,PA,
BG,PG,
BG,PY,
BG,PE,
BG,PH,
BG,PL,
BG,PT,
BG,QA,
BG,RO,
BG,RU,
BG,RW,
BG,KN,
BG,LC,
BG,WS,
BG,SM,
BG,ST,
BG,SA,
BG,SN,
BG,RS,
BG,SC,
BG,SL,
BG,SG,
BG,SK,
BG,SI,
BG,SB,
BG,SO,
BG,ZA,
BG,KR,
BG,SS,
BG,ES,
BG,LK,
BG,VC,
BG,SD,
BG,SR,
BG,SE,
BG,CH,
BG,SY,
BG,TW,
BG,TJ,
BG,TZ,
BG,TH,
BG,TL,
BG,TG,
BG,TO,
BG,TT,
BG,TN,
BG,TM,
BG,TV,
BG,TR,
BG,UG,
BG,UA,
BG,AE,
BG,GB,
BG,US,
BG,UY,
BG,UZ,
BG,VU,
BG,VA,
BG,VE,
BG,VN,
BG,YE,
BG,ZM,
BG,ZW,
BG,AF,
BF,AL,
BF,DZ,
BF,AD,
BF,AO,
BF,AG,
BF,AR,
BF,AM,
BF,AU,
BF,AT,
BF,AZ,
BF,BS,
BF,BH,
BF,BD,
BF,BB,
BF,BY,
BF,BE,
BF,BZ,
BF,BJ,
BF,BT,
BF,BO,
BF,BA,
BF,BW,
BF,BR,
BF,BN,
BF,BG,
BF,BF,-1
BF,BI,
BF,KH,
BF,CM,
BF,CA,
BF,CV,
BF,CF,
BF,TD,
BF,CL,
BF,CN,
BF,CO,
BF,KM,
BF,CG,
BF,CD,
BF,CR,
BF,CI,
BF,HR,
BF,CU,
BF,CY,
BF,CZ,
BF,DK,
BF,DJ,
BF,DM,
BF,DO,
BF,EC,
BF,EG,
BF,SV,
BF,GQ,
BF,ER,
BF,EE,
BF,SZ,
BF,ET,
BF,FJ,
BF,FI,
BF,FR,
BF,GA,
BF,GM,
BF,GE,
BF,DE,
BF,GH,
BF,GR,
BF,GD,
BF,GT,
BF,GN,
BF,GW,
BF,GY,
BF,HT,
BF,HN,
BF,HK,
BF,HU,
BF,IS,
BF,IN,
BF,ID,
BF,IR,
BF,IQ,
BF,IE,
BF,IL,
BF,IT,
BF,JM,
BF,JP,
BF,JO,
BF,KZ,
BF,KE,
BF,KI,
BF,XK,
BF,KW,
BF,KG,
BF,LA,
BF,LV,
BF,LB,
BF,LS,
BF,LR,
BF,LY,
BF,LI,
BF,LT,
BF,LU,
BF,MO,
BF,MG,
BF,MW,
BF,MY,
BF,MV,
BF,ML,
BF,MT,
BF,MH,
BF,MR,
BF,MU,
BF,MX,
BF,FM,
BF,MD,
BF,MC,
BF,MN,
BF,ME,
BF,MA,
BF,MZ,
BF,MM,
BF,NA,
BF,NR,
BF,NP,
BF,NL,
BF,NZ,
BF,NI,
BF,NE,
BF,NG,
BF,KP,
BF,MK,
BF,NO,
BF,OM,
BF,PK,
BF,PW,
BF,PS,
BF,PA,
BF,PG,
BF,PY,
BF,PE,
BF,PH,
BF,PL,
BF,PT,
BF,QA,
BF,RO,
BF,RU,
BF,RW,
BF,KN,
BF,LC,
BF,WS,
BF,SM,
BF,ST,
BF,SA,
BF,SN,
BF,RS,
BF,SC,
BF,SL,
BF,SG,
BF,SK,
BF,SI,
BF,SB,
BF,SO,
BF,ZA,
BF,KR,
BF,SS,
BF,ES,
BF,LK,
BF,VC,
BF,SD,
BF,SR,
BF,SE,
BF,CH,
BF,SY,
BF,TW,
BF,TJ,
BF,TZ,
BF,TH,
BF,TL,
BF,TG,
BF,TO,
BF,TT,
BF,TN,
BF,TM,
BF,TV,
BF,TR,
BF,UG,
BF,UA,
BF,AE,
BF,GB,
BF,US,
BF,UY,
BF,UZ,
BF,VU,
BF,VA,
BF,VE,
BF,VN,
BF,YE,
BF,ZM,
BF,ZW,
BF,AF,
BI,AL,
BI,DZ,
BI,AD,
BI,AO,
BI,AG,
BI,AR,
BI,AM,
BI,AU,
BI,AT,
BI,AZ,
BI,BS,
BI,BH,
BI,BD,
BI,BB,
BI,BY,
BI,BE,
BI,BZ,
BI,BJ,
BI,BT,
BI,BO,
BI,BA,
BI,BW,
BI,BR,
BI,BN,
BI,BG,
BI,BF,
BI,BI,-1
BI,KH,
BI,CM,
BI,CA,
BI,CV,
BI,CF,
BI,TD,
BI,CL,
BI,CN,
BI,CO,
BI,KM,
BI,CG,
BI,CD,
BI,CR,
BI,CI,
BI,HR,
BI,CU,
BI,CY,
BI,CZ,
BI,DK,
BI,DJ,
BI,DM,
BI,DO,
BI,EC,
BI,EG,
BI,SV,
BI,GQ,
BI,ER,
BI,EE,
BI,SZ,
BI,ET,
BI,FJ,
BI,FI,
BI,FR,
BI,GA,
BI,GM,
BI,GE,
BI,DE,
BI,GH,
BI,GR,
BI,GD,
BI,GT,
BI,GN,
BI,GW,
BI,GY,
BI,HT,
BI,HN,
BI,HK,
BI,HU,
BI,IS,
BI,IN,
BI,ID,
BI,IR,
BI,IQ,
BI,IE,
BI,IL,
BI,IT,
BI,JM,
BI,JP,
BI,JO,
BI,KZ,
BI,KE,
BI,KI,
BI,XK,
BI,KW,
BI,KG,
BI,LA,
BI,LV,
BI,LB,
BI,LS,
BI,LR,
BI,LY,
BI,LI,
BI,LT,
BI,LU,
BI,MO,
BI,MG,
BI,MW,
BI,MY,
BI,MV,
BI,ML,
BI,MT,
BI,MH,
BI,MR,
BI,MU,
BI,MX,
BI,FM,
BI,MD,
BI,MC,
BI,MN,
BI,ME,
BI,MA,
BI,MZ,
BI,MM,
BI,NA,
BI,NR,
BI,NP,
BI,NL,
BI,NZ,
BI,NI,
BI,NE,
BI,NG,
BI,KP,
BI,MK,
BI,NO,
BI,OM,
BI,PK,
BI,PW,
BI,PS,
BI,PA,
BI,PG,
BI,PY,
BI,PE,
BI,PH,
BI,PL,
BI,PT,
BI,QA,
BI,RO,
BI,RU,
BI,RW,
BI,KN,
BI,LC,
BI,WS,
BI,SM,
BI,ST,
BI,SA,
BI,SN,
BI,RS,
BI,SC,
BI,SL,
BI,SG,
BI,SK,
BI,SI,
BI,SB,
BI,SO,
BI,ZA,
BI,KR,
BI,SS,
BI,ES,
BI,LK,
BI,VC,
BI,SD,
BI,SR,
BI,SE,
BI,CH,
BI,SY,
BI,TW,
BI,TJ,
BI,TZ,
BI,TH,
BI,TL,
BI,TG,
BI,TO,
BI,TT,
BI,TN,
BI,TM,
BI,TV,
BI,TR,
BI,UG,
BI,UA,
BI,AE,
BI,GB,
BI,US,
BI,UY,
BI,UZ,
BI,VU,
BI,VA,
BI,VE,
BI,VN,
BI,YE,
BI,ZM,
BI,ZW,
BI,AF,
KH,AL,
KH,DZ,
KH,AD,
KH,AO,
KH,AG,
KH,AR,
KH,AM,
KH,AU,
KH,AT,
KH,AZ,
KH,BS,
KH,BH,
KH,BD,
KH,BB,
KH,BY,
KH,BE,
KH,BZ,
KH,BJ,
KH,BT,
KH,BO,
KH,BA,
KH,BW,
KH,BR,
KH,BN,
KH,BG,
KH,BF,
KH,BI,
KH,KH,-1
KH,CM,
KH,CA,
KH,CV,
KH,CF,
KH,TD,
KH,CL,
KH,CN,
KH,CO,
KH,KM,
KH,CG,
KH,CD,
KH,CR,
KH,CI,
KH,HR,
KH,CU,
KH,CY,
KH,CZ,
KH,DK,
KH,DJ,
KH,DM,
KH,DO,
KH,EC,
KH,EG,
KH,SV,
KH,GQ,
KH,ER,
KH,EE,
KH,SZ,
KH,ET,
KH,FJ,
KH,FI,
KH,FR,
KH,GA,
KH,GM,
KH,GE,
KH,DE,
KH,GH,
KH,GR,
KH,GD,
KH,GT,
KH,GN,
KH,GW,
KH,GY,
KH,HT,
KH,HN,
KH,HK,
KH,HU,
KH,IS,
KH,IN,
KH,ID,
KH,IR,
KH,IQ,
KH,IE,
KH,IL,
KH,IT,
KH,JM,
KH,JP,
KH,JO,
KH,KZ,
KH,KE,
KH,KI,
KH,XK,
KH,KW,
KH,KG,
KH,LA,
KH,LV,
KH,LB,
KH,LS,
KH,LR,
KH,LY,
KH,LI,
KH,LT,
KH,LU,
KH,MO,
KH,MG,
KH,MW,
KH,MY,
KH,MV,
KH,ML,
KH,MT,
KH,MH,
KH,MR,
KH,MU,
KH,MX,
KH,FM,
KH,MD,
KH,MC,
KH,MN,
KH,ME,
KH,MA,
KH,MZ,
KH,MM,
KH,NA,
KH,NR,
KH,NP,
KH,NL,
KH,NZ,
KH,NI,
KH,NE,
KH,NG,
KH,KP,
KH,MK,
KH,NO,
KH,OM,
KH,PK,
KH,PW,
KH,PS,
KH,PA,
KH,PG,
KH,PY,
KH,PE,
KH,PH,
KH,PL,
KH,PT,
KH,QA,
KH,RO,
KH,RU,
KH,RW,
KH,KN,
KH,LC,
KH,WS,
KH,SM,
KH,ST,
KH,SA,
KH,SN,
KH,RS,
KH,SC,
KH,SL,
KH,SG,
KH,SK,
KH,SI,
KH,SB,
KH,SO,
KH,ZA,
KH,KR,
KH,SS,
KH,ES,
KH,LK,
KH,VC,
KH,SD,
KH,SR,
KH,SE,
KH,CH,
KH,SY,
KH,TW,
KH,TJ,
KH,TZ,
KH,TH,
KH,TL,
KH,TG,
KH,TO,
KH,TT,
KH,TN,
KH,TM,
KH,TV,
KH,TR,
KH,UG,
KH,UA,
KH,AE,
KH,GB,
KH,US,
KH,UY,
KH,UZ,
KH,VU,
KH,VA,
KH,VE,
KH,VN,
KH,YE,
KH,ZM,
KH,ZW,
KH,AF,
CM,AL,
CM,DZ,
CM,AD,
CM,AO,
CM,AG,
CM,AR,
CM,AM,
CM,AU,
CM,AT,
CM,AZ,
CM,BS,
CM,BH,
CM,BD,
CM,BB,
CM,BY,
CM,BE,
CM,BZ,
CM,BJ,
CM,BT,
CM,BO,
CM,BA,
CM,BW,
CM,BR,
CM,BN,
CM,BG,
CM,BF,
CM,BI,
CM,KH,
CM,CM,-1
CM,CA,
CM,CV,
CM,CF,
CM,TD,
CM,CL,
CM,CN,
CM,CO,
CM,KM,
CM,CG,
CM,CD,
CM,CR,
CM,CI,
CM,HR,
CM,CU,
CM,CY,
CM,CZ,
CM,DK,
CM,DJ,
CM,DM,
CM,DO,
CM,EC,
CM,EG,
CM,SV,
CM,GQ,
CM,ER,
CM,EE,
CM,SZ,
CM,ET,
CM,FJ,
CM,FI,
CM,FR,
CM,GA,
CM,GM,
CM,GE,
CM,DE,
CM,GH,
CM,GR,
CM,GD,
CM,GT,
CM,GN,
CM,GW,
CM,GY,
CM,HT,
CM,HN,
CM,HK,
CM,HU,
CM,IS,
CM,IN,
CM,ID,
CM,IR,
CM,IQ,
CM,IE,
CM,IL,
CM,IT,
CM,JM,
CM,JP,
CM,JO,
CM,KZ,
CM,KE,
CM,KI,
CM,XK,
CM,KW,
CM,KG,
CM,LA,
CM,LV,
CM,LB,
CM,LS,
CM,LR,
CM,LY,
CM,LI,
CM,LT,
CM,LU,
CM,MO,
CM,MG,
CM,MW,
CM,MY,
CM,MV,
CM,ML,
CM,MT,
CM,MH,
CM,MR,
CM,MU,
CM,MX,
CM,FM,
CM,MD,
CM,MC,
CM,MN,
CM,ME,
CM,MA,
CM,MZ,
CM,MM,
CM,NA,
CM,NR,
CM,NP,
CM,NL,
CM,NZ,
CM,NI,
CM,NE,
CM,NG,
CM,KP,
CM,MK,
CM,NO,
CM,OM,
CM,PK,
CM,PW,
CM,PS,
CM,PA,
CM,PG,
CM,PY,
CM,PE,
CM,PH,
CM,PL,
CM,PT,
CM,QA,
CM,RO,
CM,RU,
CM,RW,
CM,KN,
CM,LC,
CM,WS,
CM,SM,
CM,ST,
CM,SA,
CM,SN,
CM,RS,
CM,SC,
CM,SL,
CM,SG,
CM,SK,
CM,SI,
CM,SB,
CM,SO,
CM,ZA,
CM,KR,
CM,SS,
CM,ES,
CM,LK,
CM,VC,
CM,SD,
CM,SR,
CM,SE,
CM,CH,
CM,SY,
CM,TW,
CM,TJ,
CM,TZ,
CM,TH,
CM,TL,
CM,TG,
CM,TO,
CM,TT,
CM,TN,
CM,TM,
CM,TV,
CM,TR,
CM,UG,
CM,UA,
CM,AE,
CM,GB,
CM,US,
CM,UY,
CM,UZ,
CM,VU,
CM,VA,
CM,VE,
CM,VN,
CM,YE,
CM,ZM,
CM,ZW,
CM,AF,
CA,AL,
CA,DZ,
CA,AD,
CA,AO,
CA,AG,
CA,AR,
CA,AM,
CA,AU,
CA,AT,
CA,AZ,
CA,BS,
CA,BH,
CA,BD,
CA,BB,
CA,BY,
CA,BE,
CA,BZ,
CA,BJ,
CA,BT,
CA,BO,
CA,BA,
CA,BW,
CA,BR,
CA,BN,
CA,BG,
CA,BF,
CA,BI,
CA,KH,
CA,CM,
CA,CA,-1
CA,CV,
CA,CF,
CA,TD,
CA,CL,
CA,CN,
CA,CO,
CA,KM,
CA,CG,
CA,CD,
CA,CR,
CA,CI,
CA,HR,
CA,CU,
CA,CY,
CA,CZ,
CA,DK,
CA,DJ,
CA,DM,
CA,DO,
CA,EC,
CA,EG,
CA,SV,
CA,GQ,
CA,ER,
CA,EE,
CA,SZ,
CA,ET,
CA,FJ,
CA,FI,
CA,FR,
CA,GA,
CA,GM,
CA,GE,
CA,DE,
CA,GH,
CA,GR,
CA,GD,
CA,GT,
CA,GN,
CA,GW,
CA,GY,
CA,HT,
CA,HN,
CA,HK,
CA,HU,
CA,IS,
CA,IN,
CA,ID,
CA,IR,
CA,IQ,
CA,IE,
CA,IL,
CA,IT,
CA,JM,
CA,JP,
CA,JO,
CA,KZ,
CA,KE,
CA,KI,
CA,XK,
CA,KW,
CA,KG,
CA,LA,
CA,LV,
CA,LB,
CA,LS,
CA,LR,
CA,LY,
CA,LI,
CA,LT,
CA,LU,
CA,MO,
CA,MG,
CA,MW,
CA,MY,
CA,MV,
CA,ML,
CA,MT,
CA,MH,
CA,MR,
CA,MU,
CA,MX,
CA,FM,
CA,MD,
CA,MC,
CA,MN,
CA,ME,
CA,MA,
CA,MZ,
CA,MM,
CA,NA,
CA,NR,
CA,NP,
CA,NL,
CA,NZ,
CA,NI,
CA,NE,
CA,NG,
CA,KP,
CA,MK,
CA,NO,
CA,OM,
CA,PK,
CA,PW,
CA,PS,
CA,PA,
CA,PG,
CA,PY,
CA,PE,
CA,PH,
CA,PL,
CA,PT,
CA,QA,
CA,RO,
CA,RU,
CA,RW,
CA,KN,
CA,LC,
CA,WS,
CA,SM,
CA,ST,
CA,SA,
CA,SN,
CA,RS,
CA,SC,
CA,SL,
CA,SG,
CA,SK,
CA,SI,
CA,SB,
CA,SO,
CA,ZA,
CA,KR,
CA,SS,
CA,ES,
CA,LK,
CA,VC,
CA,SD,
CA,SR,
CA,SE,
CA,CH,
CA,SY,
CA,TW,
CA,TJ,
CA,TZ,
CA,TH,
CA,TL,
CA,TG,
CA,TO,
CA,TT,
CA,TN,
CA,TM,
CA,TV,
CA,TR,
CA,UG,
CA,UA,
CA,AE,
CA,GB,
CA,US,
CA,UY,
CA,UZ,
CA,VU,
CA,VA,
CA,VE,
CA,VN,
CA,YE,
CA,ZM,
CA,ZW,
CA,AF,
CV,AL,
CV,DZ,
CV,AD,
CV,AO,
CV,AG,
CV,AR,
CV,AM,
CV,AU,
CV,AT,
CV,AZ,
CV,BS,
CV,BH,
CV,BD,
CV,BB,
CV,BY,
CV,BE,
CV,BZ,
CV,BJ,
CV,BT,
CV,BO,
CV,BA,
CV,BW,
CV,BR,
CV,BN,
CV,BG,
CV,BF,
CV,BI,
CV,KH,
CV,CM,
CV,CA,
CV,CV,-1
CV,CF,
CV,TD,
CV,CL,
CV,CN,
CV,CO,
CV,KM,
CV,CG,
CV,CD,
CV,CR,
CV,CI,
CV,HR,
CV,CU,
CV,CY,
CV,CZ,
CV,DK,
CV,DJ,
CV,DM,
CV,DO,
CV,EC,
CV,EG,
CV,SV,
CV,GQ,
CV,ER,
CV,EE,
CV,SZ,
CV,ET,
CV,FJ,
CV,FI,
CV,FR,
CV,GA,
CV,GM,
CV,GE,
CV,DE,
CV,GH,
CV,GR,
CV,GD,
CV,GT,
CV,GN,
CV,GW,
CV,GY,
CV,HT,
CV,HN,
CV,HK,
CV,HU,
CV,IS,
CV,IN,
CV,ID,
CV,IR,
CV,IQ,
CV,IE,
CV,IL,
CV,IT,
CV,JM,
CV,JP,
CV,JO,
CV,KZ,
CV,KE,
CV,KI,
CV,XK,
CV,KW,
CV,KG,
CV,LA,
CV,LV,
CV,LB,
CV,LS,
CV,LR,
CV,LY,
CV,LI,
CV,LT,
CV,LU,
CV,MO,
CV,MG,
CV,MW,
CV,MY,
CV,MV,
CV,ML,
CV,MT,
CV,MH,
CV,MR,
CV,MU,
CV,MX,
CV,FM,
CV,MD,
CV,MC,
CV,MN,
CV,ME,
CV,MA,
CV,MZ,
CV,MM,
CV,NA,
CV,NR,
CV,NP,
CV,NL,
CV,NZ,
CV,NI,
CV,NE,
CV,NG,
CV,KP,
CV,MK,
CV,NO,
CV,OM,
CV,PK,
CV,PW,
CV,PS,
CV,PA,
CV,PG,
CV,PY,
CV,PE,
CV,PH,
CV,PL,
CV,PT,
CV,QA,
CV,RO,
CV,RU,
CV,RW,
CV,KN,
CV,LC,
CV,WS,
CV,SM,
CV,ST,
CV,SA,
CV,SN,
CV,RS,
CV,SC,
CV,SL,
CV,SG,
CV,SK,
CV,SI,
CV,SB,
CV,SO,
CV,ZA,
CV,KR,
CV,SS,
CV,ES,
CV,LK,
CV,VC,
CV,SD,
CV,SR,
CV,SE,
CV,CH,
CV,SY,
CV,TW,
CV,TJ,
CV,TZ,
CV,TH,
CV,TL,
CV,TG,
CV,TO,
CV,TT,
CV,TN,
CV,TM,
CV,TV,
CV,TR,
CV,UG,
CV,UA,
CV,AE,
CV,GB,
CV,US,
CV,UY,
CV,UZ,
CV,VU,
CV,VA,
CV,VE,
CV,VN,
CV,YE,
CV,ZM,
CV,ZW,
CV,AF,
CF,AL,
CF,DZ,
CF,AD,
CF,AO,
CF,AG,
CF,AR,
CF,AM,
CF,AU,
CF,AT,
CF,AZ,
CF,BS,
CF,BH,
CF,BD,
CF,BB,
CF,BY,
CF,BE,
CF,BZ,
CF,BJ,
CF,BT,
CF,BO,
CF,BA,
CF,BW,
CF,BR,
CF,BN,
CF,BG,
CF,BF,
CF,BI,
CF,KH,
CF,CM,
CF,CA,
CF,CV,
CF,CF,-1
CF,TD,
CF,CL,
CF,CN,
CF,CO,
CF,KM,
CF,CG,
CF,CD,
CF,CR,
CF,CI,
CF,HR,
CF,CU,
CF,CY,
CF,CZ,
CF,DK,
CF,DJ,
CF,DM,
CF,DO,
CF,EC,
CF,EG,
CF,SV,
CF,GQ,
CF,ER,
CF,EE,
CF,SZ,
CF,ET,
CF,FJ,
CF,FI,
CF,FR,
CF,GA,
CF,GM,
CF,GE,
CF,DE,
CF,GH,
CF,GR,
CF,GD,
CF,GT,
CF,GN,
CF,GW,
CF,GY,
CF,HT,
CF,HN,
CF,HK,
CF,HU,
CF,IS,
CF,IN,
CF,ID,
CF,IR,
CF,IQ,
CF,IE,
CF,IL,
CF,IT,
CF,JM,
CF,JP,
CF,JO,
CF,KZ,
CF,KE,
CF,KI,
CF,XK,
CF,KW,
CF,KG,
CF,LA,
CF,LV,
CF,LB,
CF,LS,
CF,LR,
CF,LY,
CF,LI,
CF,LT,
CF,LU,
CF,MO,
CF,MG,
CF,MW,
CF,MY,
CF,MV,
CF,ML,
CF,MT,
CF,MH,
CF,MR,
CF,MU,
CF,MX,
CF,FM,
CF,MD,
CF,MC,
CF,MN,
CF,ME,
CF,MA,
CF,MZ,
CF,MM,
CF,NA,
CF,NR,
CF,NP,
CF,NL,
CF,NZ,
CF,NI,
CF,NE,
CF,NG,
CF,KP,
CF,MK,
CF,NO,
CF,OM,
CF,PK,
CF,PW,
CF,PS,
CF,PA,
CF,PG,
CF,PY,
CF,PE,
CF,PH,
CF,PL,
CF,PT,
CF,QA,
CF,RO,
CF,RU,
CF,RW,
CF,KN,
CF,LC,
CF,WS,
CF,SM,
CF,ST,
CF,SA,
CF,SN,
CF,RS,
CF,SC,
CF,SL,
CF,SG,
CF,SK,
CF,SI,
CF,SB,
CF,SO,
CF,ZA,
CF,KR,
CF,SS,
CF,ES,
CF,LK,
CF,VC,
CF,SD,
CF,SR,
CF,SE,
CF,CH,
CF,SY,
CF,TW,
CF,TJ,
CF,TZ,
CF,TH,
CF,TL,
CF,TG,
CF,TO,
CF,TT,
CF,TN,
CF,TM,
CF,TV,
CF,TR,
CF,UG,
CF,UA,
CF,AE,
CF,GB,
CF,US,
CF,UY,
CF,UZ,
CF,VU,
CF,VA,
CF,VE,
CF,VN,
CF,YE,
CF,ZM,
CF,ZW,
CF,AF,
TD,AL,
TD,DZ,
TD,AD,
TD,AO,
TD,AG,
TD,AR,
TD,AM,
TD,AU,
TD,AT,
TD,AZ,
TD,BS,
TD,BH,
TD,BD,
TD,BB,
TD,BY,
TD,BE,
TD,BZ,
TD,BJ,
TD,BT,
TD,BO,
TD,BA,
TD,BW,
TD,BR,
TD,BN,
TD,BG,
TD,BF,
TD,BI,
TD,KH,
TD,CM,
TD,CA,
TD,CV,
TD,CF,
TD,TD,-1
TD,CL,
TD,CN,
TD,CO,
TD,KM,
TD,CG,
TD,CD,
TD,CR,
TD,CI,
TD,HR,
TD,CU,
TD,CY,
TD,CZ,
TD,DK,
TD,DJ,
TD,DM,
TD,DO,
TD,EC,
TD,EG,
TD,SV,
TD,GQ,
TD,ER,
TD,EE,
TD,SZ,
TD,ET,
TD,FJ,
TD,FI,
TD,FR,
TD,GA,
TD,GM,
TD,GE,
TD,DE,
TD,GH,
TD,GR,
TD,GD,
TD,GT,
TD,GN,
TD,GW,
TD,GY,
TD,HT,
TD,HN,
TD,HK,
TD,HU,
TD,IS,
TD,IN,
TD,ID,
TD,IR,
TD,IQ,
TD,IE,
TD,IL,
TD,IT,
TD,JM,
TD,JP,
TD,JO,
TD,KZ,
TD,KE,
TD,KI,
TD,XK,
TD,KW,
TD,KG,
TD,LA,
TD,LV,
TD,LB,
TD,LS,
TD,LR,
TD,LY,
TD,LI,
TD,LT,
TD,LU,
TD,MO,
TD,MG,
TD,MW,
TD,MY,
TD,MV,
TD,ML,
TD,MT,
TD,MH,
TD,MR,
TD,MU,
TD,MX,
TD,FM,
TD,MD,
TD,MC,
TD,MN,
TD,ME,
TD,MA,
TD,MZ,
TD,MM,
TD,NA,
TD,NR,
TD,NP,
TD,NL,
TD,NZ,
TD,NI,
TD,NE,
TD,NG,
TD,KP,
TD,MK,
TD,NO,
TD,OM,
TD,PK,
TD,PW,
TD,PS,
TD,PA,
TD,PG,
TD,PY,
TD,PE,
TD,PH,
TD,PL,
TD,PT,
TD,QA,
TD,RO,
TD,RU,
TD,RW,
TD,KN,
TD,LC,
TD,WS,
TD,SM,
TD,ST,
TD,SA,
TD,SN,
TD,RS,
TD,SC,
TD,SL,
TD,SG,
TD,SK,
TD,SI,
TD,SB,
TD,SO,
TD,ZA,
TD,KR,
TD,SS,
TD,ES,
TD,LK,
TD,VC,
TD,SD,
TD,SR,
TD,SE,
TD,CH,
TD,SY,
TD,TW,
TD,TJ,
TD,TZ,
TD,TH,
TD,TL,
TD,TG,
TD,TO,
TD,TT,
TD,TN,
TD,TM,
TD,TV,
TD,TR,
TD,UG,
TD,UA,
TD,AE,
TD,GB,
TD,US,
TD,UY,
TD,UZ,
TD,VU,
TD,VA,
TD,VE,
TD,VN,
TD,YE,
TD,ZM,
TD,ZW,
TD,AF,
CL,AL,
CL,DZ,
CL,AD,
CL,AO,
CL,AG,
CL,AR,
CL,AM,
CL,AU,
CL,AT,
CL,AZ,
CL,BS,
CL,BH,
CL,BD,
CL,BB,
CL,BY,
CL,BE,
CL,BZ,
CL,BJ,
CL,BT,
CL,BO,
CL,BA,
CL,BW,
CL,BR,
CL,BN,
CL,BG,
CL,BF,
CL,BI,
CL,KH,
CL,CM,
CL,CA,
CL,CV,
CL,CF,
CL,TD,
CL,CL,-1
CL,CN,
CL,CO,
CL,KM,
CL,CG,
CL,CD,
CL,CR,
CL,CI,
CL,HR,
CL,CU,
CL,CY,
CL,CZ,
CL,DK,
CL,DJ,
CL,DM,
CL,DO,
CL,EC,
CL,EG,
CL,SV,
CL,GQ,
CL,ER,
CL,EE,
CL,SZ,
CL,ET,
CL,FJ,
CL,FI,
CL,FR,
CL,GA,
CL,GM,
CL,GE,
CL,DE,
CL,GH,
CL,GR,
CL,GD,
CL,GT,
CL,GN,
CL,GW,
CL,GY,
CL,HT,
CL,HN,
CL,HK,
CL,HU,
CL,IS,
CL,IN,
CL,ID,
CL,IR,
CL,IQ,
CL,IE,
CL,IL,
CL,IT,
CL,JM,
CL,JP,
CL,JO,
CL,KZ,
CL,KE,
CL,KI,
CL,XK,
CL,KW,
CL,KG,
CL,LA,
CL,LV,
CL,LB,
CL,LS,
CL,LR,
CL,LY,
CL,LI,
CL,LT,
CL,LU,
CL,MO,
CL,MG,
CL,MW,
CL,MY,
CL,MV,
CL,ML,
CL,MT,
CL,MH,
CL,MR,
CL,MU,
CL,MX,
CL,FM,
CL,MD,
CL,MC,
CL,MN,
CL,ME,
CL,MA,
CL,MZ,
CL,MM,
CL,NA,
CL,NR,
CL,NP,
CL,NL,
CL,NZ,
CL,NI,
CL,NE,
CL,NG,
CL,KP,
CL,MK,
CL,NO,
CL,OM,
CL,PK,
CL,PW,
CL,PS,
CL,PA,
CL,PG,
CL,PY,
CL,PE,
CL,PH,
CL,PL,
CL,PT,
CL,QA,
CL,RO,
CL,RU,
CL,RW,
CL,KN,
CL,LC,
CL,WS,
CL,SM,
CL,ST,
CL,SA,
CL,SN,
CL,RS,
CL,SC,
CL,SL,
CL,SG,
CL,SK,
CL,SI,
CL,SB,
CL,SO,
CL,ZA,
CL,KR,
CL,SS,
CL,ES,
CL,LK,
CL,VC,
CL,SD,
CL,SR,
CL,SE,
CL,CH,
CL,SY,
CL,TW,
CL,TJ,
CL,TZ,
CL,TH,
CL,TL,
CL,TG,
CL,TO,
CL,TT,
CL,TN,
CL,TM,
CL,TV,
CL,TR,
CL,UG,
CL,UA,
CL,AE,
CL,GB,
CL,US,
CL,UY,
CL,UZ,
CL,VU,
CL,VA,
CL,VE,
CL,VN,
CL,YE,
CL,ZM,
CL,ZW,
CL,AF,
CN,AL,
CN,DZ,
CN,AD,
CN,AO,
CN,AG,
CN,AR,
CN,AM,
CN,AU,
CN,AT,
CN,AZ,
CN,BS,
CN,BH,
CN,BD,
CN,BB,
CN,BY,
CN,BE,
CN,BZ,
CN,BJ,
CN,BT,
CN,BO,
CN,BA,
CN,BW,
CN,BR,
CN,BN,
CN,BG,
CN,BF,
CN,BI,
CN,KH,
CN,CM,
CN,CA,
CN,CV,
CN,CF,
CN,TD,
CN,CL,
CN,CN,-1
CN,CO,
CN,KM,
CN,CG,
CN,CD,
CN,CR,
CN,CI,
CN,HR,
CN,CU,
CN,CY,
CN,CZ,
CN,DK,
CN,DJ,
CN,DM,
CN,DO,
CN,EC,
CN,EG,
CN,SV,
CN,GQ,
CN,ER,
CN,EE,
CN,SZ,
CN,ET,
CN,FJ,
CN,FI,
CN,FR,
CN,GA,
CN,GM,
CN,GE,
CN,DE,
CN,GH,
CN,GR,
CN,GD,
CN,GT,
CN,GN,
CN,GW,
CN,GY,
CN,HT,
CN,HN,
CN,HK,
CN,HU,
CN,IS,
CN,IN,
CN,ID,
CN,IR,
CN,IQ,
CN,IE,
CN,IL,
CN,IT,
CN,JM,
CN,JP,
CN,JO,
CN,KZ,
CN,KE,
CN,KI,
CN,XK,
CN,KW,
CN,KG,
CN,LA,
CN,LV,
CN,LB,
CN,LS,
CN,LR,
CN,LY,
CN,LI,
CN,LT,
CN,LU,
CN,MO,
CN,MG,
CN,MW,
CN,MY,
CN,MV,
CN,ML,
CN,MT,
CN,MH,
CN,MR,
CN,MU,
CN,MX,
CN,FM,
CN,MD,
CN,MC,
CN,MN,
CN,ME,
CN,MA,
CN,MZ,
CN,MM,
CN,NA,
CN,NR,
CN,NP,
CN,NL,
CN,NZ,
CN,NI,
CN,NE,
CN,NG,
CN,KP,
CN,MK,
CN,NO,
CN,OM,
CN,PK,
CN,PW,
CN,PS,
CN,PA,
CN,PG,
CN,PY,
CN,PE,
CN,PH,
CN,PL,
CN,PT,
CN,QA,
CN,RO,
CN,RU,
CN,RW,
CN,KN,
CN,LC,
CN,WS,
CN,SM,
CN,ST,
CN,SA,
CN,SN,
CN,RS,
CN,SC,
CN,SL,
CN,SG,
CN,SK,
CN,SI,
CN,SB,
CN,SO,
CN,ZA,
CN,KR,
CN,SS,
CN,ES,
CN,LK,
CN,VC,
CN,SD,
CN,SR,
CN,SE,
CN,CH,
CN,SY,
CN,TW,
CN,TJ,
CN,TZ,
CN,TH,
CN,TL,
CN,TG,
CN,TO,
CN,TT,
CN,TN,
CN,TM,
CN,TV,
CN,TR,
CN,UG,
CN,UA,
CN,AE,
CN,GB,
CN,US,
CN,UY,
CN,UZ,
CN,VU,
CN,VA,
CN,VE,
CN,VN,
CN,YE,
CN,ZM,
CN,ZW,
CN,AF,
CO,AL,
CO,DZ,
CO,AD,
CO,AO,
CO,AG,
CO,AR,
CO,AM,
CO,AU,
CO,AT,
CO,AZ,
CO,BS,
CO,BH,
CO,BD,
CO,BB,
CO,BY,
CO,BE,
CO,BZ,
CO,BJ,
CO,BT,
CO,BO,
CO,BA,
CO,BW,
CO,BR,
CO,BN,
CO,BG,
CO,BF,
CO,BI,
CO,KH,
CO,CM,
CO,CA,
CO,CV,
CO,CF,
CO,TD,
CO,CL,
CO,CN,
CO,CO,-1
CO,KM,
CO,CG,
CO,CD,
CO,CR,
CO,CI,
CO,HR,
CO,CU,
CO,CY,
CO,CZ,
CO,DK,
CO,DJ,
CO,DM,
CO,DO,
CO,EC,
CO,EG,
CO,SV,
CO,GQ,
CO,ER,
CO,EE,
CO,SZ,
CO,ET,
CO,FJ,
CO,FI,
CO,FR,
CO,GA,
CO,GM,
CO,GE,
CO,DE,
CO,GH,
CO,GR,
CO,GD,
CO,GT,
CO,GN,
CO,GW,
CO,GY,
CO,HT,
CO,HN,
CO,HK,
CO,HU,
CO,IS,
CO,IN,
CO,ID,
CO,IR,
CO,IQ,
CO,IE,
CO,IL,
CO,IT,
CO,JM,
CO,JP,
CO,JO,
CO,KZ,
CO,KE,
CO,KI,
CO,XK,
CO,KW,
CO,KG,
CO,LA,
CO,LV,
CO,LB,
CO,LS,
CO,LR,
CO,LY,
CO,LI,
CO,LT,
CO,LU,
CO,MO,
CO,MG,
CO,MW,
CO,MY,
CO,MV,
CO,ML,
CO,MT,
CO,MH,
CO,MR,
CO,MU,
CO,MX,
CO,FM,
CO,MD,
CO,MC,
CO,MN,
CO,ME,
CO,MA,
CO,MZ,
CO,MM,
CO,NA,
CO,NR,
CO,NP,
CO,NL,
CO,NZ,
CO,NI,
CO,NE,
CO,NG,
CO,KP,
CO,MK,
CO,NO,
CO,OM,
CO,PK,
CO,PW,
CO,PS,
CO,PA,
CO,PG,
CO,PY,
CO,PE,
CO,PH,
CO,PL,
CO,PT,
CO,QA,
CO,RO,
CO,RU,
CO,RW,
CO,KN,
CO,LC,
CO,WS,
CO,SM,
CO,ST,
CO,SA,
CO,SN,
CO,RS,
CO,SC,
CO,SL,
CO,SG,
CO,SK,
CO,SI,
CO,SB,
CO,SO,
CO,ZA,
CO,KR,
CO,SS,
CO,ES,
CO,LK,
CO,VC,
CO,SD,
CO,SR,
CO,SE,
CO,CH,
CO,SY,
CO,TW,
CO,TJ,
CO,TZ,
CO,TH,
CO,TL,
CO,TG,
CO,TO,
CO,TT,
CO,TN,
CO,TM,
CO,TV,
CO,TR,
CO,UG,
CO,UA,
CO,AE,
CO,GB,
CO,US,
CO,UY,
CO,UZ,
CO,VU,
CO,VA,
CO,VE,
CO,VN,
CO,YE,
CO,ZM,
CO,ZW,
CO,AF,
KM,AL,
KM,DZ,
KM,AD,
KM,AO,
KM,AG,
KM,AR,
KM,AM,
KM,AU,
KM,AT,
KM,AZ,
KM,BS,
KM,BH,
KM,BD,
KM,BB,
KM,BY,
KM,BE,
KM,BZ,
KM,BJ,
KM,BT,
KM,BO,
KM,BA,
KM,BW,
KM,BR,
KM,BN,
KM,BG,
KM,BF,
KM,BI,
KM,KH,
KM,CM,
KM,CA,
KM,CV,
KM,CF,
KM,TD,
KM,CL,
KM,CN,
KM,CO,
KM,KM,-1
KM,CG,
KM,CD,
KM,CR,
KM,CI,
KM,HR,
KM,CU,
KM,CY,
KM,CZ,
KM,DK,
KM,DJ,
KM,DM,
KM,DO,
KM,EC,
KM,EG,
KM,SV,
KM,GQ,
KM,ER,
KM,EE,
KM,SZ,
KM,ET,
KM,FJ,
KM,FI,
KM,FR,
KM,GA,
KM,GM,
KM,GE,
KM,DE,
KM,GH,
KM,GR,
KM,GD,
KM,GT,
KM,GN,
KM,GW,
KM,GY,
KM,HT,
KM,HN,
KM,HK,
KM,HU,
KM,IS,
KM,IN,
KM,ID,
KM,IR,
KM,IQ,
KM,IE,
KM,IL,
KM,IT,
KM,JM,
KM,JP,
KM,JO,
KM,KZ,
KM,KE,
KM,KI,
KM,XK,
KM,KW,
KM,KG,
KM,LA,
KM,LV,
KM,LB,
KM,LS,
KM,LR,
KM,LY,
KM,LI,
KM,LT,
KM,LU,
KM,MO,
KM,MG,
KM,MW,
KM,MY,
KM,MV,
KM,ML,
KM,MT,
KM,MH,
KM,MR,
KM,MU,
KM,MX,
KM,FM,
KM,MD,
KM,MC,
KM,MN,
KM,ME,
KM,MA,
KM,MZ,
KM,MM,
KM,NA,
KM,NR,
KM,NP,
KM,NL,
KM,NZ,
KM,NI,
KM,NE,
KM,NG,
KM,KP,
KM,MK,
KM,NO,
KM,OM,
KM,PK,
KM,PW,
KM,PS,
KM,PA,
KM,PG,
KM,PY,
KM,PE,
KM,PH,
KM,PL,
KM,PT,
KM,QA,
KM,RO,
KM,RU,
KM,RW,
KM,KN,
KM,LC,
KM,WS,
KM,SM,
KM,ST,
KM,SA,
KM,SN,
KM,RS,
KM,SC,
KM,SL,
KM,SG,
KM,SK,
KM,SI,
KM,SB,
KM,SO,
KM,ZA,
KM,KR,
KM,SS,
KM,ES,
KM,LK,
KM,VC,
KM,SD,
KM,SR,
KM,SE,
KM,CH,
KM,SY,
KM,TW,
KM,TJ,
KM,TZ,
KM,TH,
KM,TL,
KM,TG,
KM,TO,
KM,TT,
KM,TN,
KM,TM,
KM,TV,
KM,TR,
KM,UG,
KM,UA,
KM,AE,
KM,GB,
KM,US,
KM,UY,
KM,UZ,
KM,VU,
KM,VA,
KM,VE,
KM,VN,
KM,YE,
KM,ZM,
KM,ZW,
KM,AF,
CG,AL,
CG,DZ,
CG,AD,
CG,AO,
CG,AG,
CG,AR,
CG,AM,
CG,AU,
CG,AT,
CG,AZ,
CG,BS,
CG,BH,
CG,BD,
CG,BB,
CG,BY,
CG,BE,
CG,BZ,
CG,BJ,
CG,BT,
CG,BO,
CG,BA,
CG,BW,
CG,BR,
CG,BN,
CG,BG,
CG,BF,
CG,BI,
CG,KH,
CG,CM,
CG,CA,
CG,CV,
CG,CF,
CG,TD,
CG,CL,
CG,CN,
CG,CO,
CG,KM,
CG,CG,-1
CG,CD,
CG,CR,
CG,CI,
CG,HR,
CG,CU,
CG,CY,
CG,CZ,
CG,DK,
CG,DJ,
CG,DM,
CG,DO,
CG,EC,
CG,EG,
CG,SV,
CG,GQ,
CG,ER,
CG,EE,
CG,SZ,
CG,ET,
CG,FJ,
CG,FI,
CG,FR,
CG,GA,
CG,GM,
CG,GE,
CG,DE,
CG,GH,
CG,GR,
CG,GD,
CG,GT,
CG,GN,
CG,GW,
CG,GY,
CG,HT,
CG,HN,
CG,HK,
CG,HU,
CG,IS,
CG,IN,
CG,ID,
CG,IR,
CG,IQ,
CG,IE,
CG,IL,
CG,IT,
CG,JM,
CG,JP,
CG,JO,
CG,KZ,
CG,KE,
CG,KI,
CG,XK,
CG,KW,
CG,KG,
CG,LA,
CG,LV,
CG,LB,
CG,LS,
CG,LR,
CG,LY,
CG,LI,
CG,LT,
CG,LU,
CG,MO,
CG,MG,
CG,MW,
CG,MY,
CG,MV,
CG,ML,
CG,MT,
CG,MH,
CG,MR,
CG,MU,
CG,MX,
CG,FM,
CG,MD,
CG,MC,
CG,MN,
CG,ME,
CG,MA,
CG,MZ,
CG,MM,
CG,NA,
CG,NR,
CG,NP,
CG,NL,
CG,NZ,
CG,NI,
CG,NE,
CG,NG,
CG,KP,
CG,MK,
CG,NO,
CG,OM,
CG,PK,
CG,PW,
CG,PS,
CG,PA,
CG,PG,
CG,PY,
CG,PE,
CG,PH,
CG,PL,
CG,PT,
CG,QA,
CG,RO,
CG,RU,
CG,RW,
CG,KN,
CG,LC,
CG,WS,
CG,SM,
CG,ST,
CG,SA,
CG,SN,
CG,RS,
CG,SC,
CG,SL,
CG,SG,
CG,SK,
CG,SI,
CG,SB,
CG,SO,
CG,ZA,
CG,KR,
CG,SS,
CG,ES,
CG,LK,
CG,VC,
CG,SD,
CG,SR,
CG,SE,
CG,CH,
CG,SY,
CG,TW,
CG,TJ,
CG,TZ,
CG,TH,
CG,TL,
CG,TG,
CG,TO,
CG,TT,
CG,TN,
CG,TM,
CG,TV,
CG,TR,
CG,UG,
CG,UA,
CG,AE,
CG,GB,
CG,US,
CG,UY,
CG,UZ,
CG,VU,
CG,VA,
CG,VE,
CG,VN,
CG,YE,
CG,ZM,
CG,ZW,
CG,AF,
CD,AL,
CD,DZ,
CD,AD,
CD,AO,
CD,AG,
CD,AR,
CD,AM,
CD,AU,
CD,AT,
CD,AZ,
CD,BS,
CD,BH,
CD,BD,
CD,BB,
CD,BY,
CD,BE,
CD,BZ,
CD,BJ,
CD,BT,
CD,BO,
CD,BA,
CD,BW,
CD,BR,
CD,BN,
CD,BG,
CD,BF,
CD,BI,
CD,KH,
CD,CM,
CD,CA,
CD,CV,
CD,CF,
CD,TD,
CD,CL,
CD,CN,
CD,CO,
CD,KM,
CD,CG,
CD,CD,-1
CD,CR,
CD,CI,
CD,HR,
CD,CU,
CD,CY,
CD,CZ,
CD,DK,
CD,DJ,
CD,DM,
CD,DO,
CD,EC,
CD,EG,
CD,SV,
CD,GQ,
CD,ER,
CD,EE,
CD,SZ,
CD,ET,
CD,FJ,
CD,FI,
CD,FR,
CD,GA,
CD,GM,
CD,GE,
CD,DE,
CD,GH,
CD,GR,
CD,GD,
CD,GT,
CD,GN,
CD,GW,
CD,GY,
CD,HT,
CD,HN,
CD,HK,
CD,HU,
CD,IS,
CD,IN,
CD,ID,
CD,IR,
CD,IQ,
CD,IE,
CD,IL,
CD,IT,
CD,JM,
CD,JP,
CD,JO,
CD,KZ,
CD,KE,
CD,KI,
CD,XK,
CD,KW,
CD,KG,
CD,LA,
CD,LV,
CD,LB,
CD,LS,
CD,LR,
CD,LY,
CD,LI,
CD,LT,
CD,LU,
CD,MO,
CD,MG,
CD,MW,
CD,MY,
CD,MV,
CD,ML,
CD,MT,
CD,MH,
CD,MR,
CD,MU,
CD,MX,
CD,FM,
CD,MD,
CD,MC,
CD,MN,
CD,ME,
CD,MA,
CD,MZ,
CD,MM,
CD,NA,
CD,NR,
CD,NP,
CD,NL,
CD,NZ,
CD,NI,
CD,NE,
CD,NG,
CD,KP,
CD,MK,
CD,NO,
CD,OM,
CD,PK,
CD,PW,
CD,PS,
CD,PA,
CD,PG,
CD,PY,
CD,PE,
CD,PH,
CD,PL,
CD,PT,
CD,QA,
CD,RO,
CD,RU,
CD,RW,
CD,KN,
CD,LC,
CD,WS,
CD,SM,
CD,ST,
CD,SA,
CD,SN,
CD,RS,
CD,SC,
CD,SL,
CD,SG,
CD,SK,
CD,SI,
CD,SB,
CD,SO,
CD,ZA,
CD,KR,
CD,SS,
CD,ES,
CD,LK,
CD,VC,
CD,SD,
CD,SR,
CD,SE,
CD,CH,
CD,SY,
CD,TW,
CD,TJ,
CD,TZ,
CD,TH,
CD,TL,
CD,TG,
CD,TO,
CD,TT,
CD,TN,
CD,TM,
CD,TV,
CD,TR,
CD,UG,
CD,UA,
CD,AE,
CD,GB,
CD,US,
CD,UY,
CD,UZ,
CD,VU,
CD,VA,
CD,VE,
CD,VN,
CD,YE,
CD,ZM,
CD,ZW,
CD,AF,
CR,AL,
CR,DZ,
CR,AD,
CR,AO,
CR,AG,
CR,AR,
CR,AM,
CR,AU,
CR,AT,
CR,AZ,
CR,BS,
CR,BH,
CR,BD,
CR,BB,
CR,BY,
CR,BE,
CR,BZ,
CR,BJ,
CR,BT,
CR,BO,
CR,BA,
CR,BW,
CR,BR,
CR,BN,
CR,BG,
CR,BF,
CR,BI,
CR,KH,
CR,CM,
CR,CA,
CR,CV,
CR,CF,
CR,TD,
CR,CL,
CR,CN,
CR,CO,
CR,KM,
CR,CG,
CR,CD,
CR,CR,-1
CR,CI,
CR,HR,
CR,CU,
CR,CY,
CR,CZ,
CR,DK,
CR,DJ,
CR,DM,
CR,DO,
CR,EC,
CR,EG,
CR,SV,
CR,GQ,
CR,ER,
CR,EE,
CR,SZ,
CR,ET,
CR,FJ,
CR,FI,
CR,FR,
CR,GA,
CR,GM,
CR,GE,
CR,DE,
CR,GH,
CR,GR,
CR,GD,
CR,GT,
CR,GN,
CR,GW,
CR,GY,
CR,HT,
CR,HN,
CR,HK,
CR,HU,
CR,IS,
CR,IN,
CR,ID,
CR,IR,
CR,IQ,
CR,IE,
CR,IL,
CR,IT,
CR,JM,
CR,JP,
CR,JO,
CR,KZ,
CR,KE,
CR,KI,
CR,XK,
CR,KW,
CR,KG,
CR,LA,
CR,LV,
CR,LB,
CR,LS,
CR,LR,
CR,LY,
CR,LI,
CR,LT,
CR,LU,
CR,MO,
CR,MG,
CR,MW,
CR,MY,
CR,MV,
CR,ML,
CR,MT,
CR,MH,
CR,MR,
CR,MU,
CR,MX,
CR,FM,
CR,MD,
CR,MC,
CR,MN,
CR,ME,
CR,MA,
CR,MZ,
CR,MM,
CR,NA,
CR,NR,
CR,NP,
CR,NL,
CR,NZ,
CR,NI,
CR,NE,
CR,NG,
CR,KP,
CR,MK,
CR,NO,
CR,OM,
CR,PK,
CR,PW,
CR,PS,
CR,PA,
CR,PG,
CR,PY,
CR,PE,
CR,PH,
CR,PL,
CR,PT,
CR,QA,
CR,RO,
CR,RU,
CR,RW,
CR,KN,
CR,LC,
CR,WS,
CR,SM,
CR,ST,
CR,SA,
CR,SN,
CR,RS,
CR,SC,
CR,SL,
CR,SG,
CR,SK,
CR,SI,
CR,SB,
CR,SO,
CR,ZA,
CR,KR,
CR,SS,
CR,ES,
CR,LK,
CR,VC,
CR,SD,
CR,SR,
CR,SE,
CR,CH,
CR,SY,
CR,TW,
CR,TJ,
CR,TZ,
CR,TH,
CR,TL,
CR,TG,
CR,TO,
CR,TT,
CR,TN,
CR,TM,
CR,TV,
CR,TR,
CR,UG,
CR,UA,
CR,AE,
CR,GB,
CR,US,
CR,UY,
CR,UZ,
CR,VU,
CR,VA,
CR,VE,
CR,VN,
CR,YE,
CR,ZM,
CR,ZW,
CR,AF,
CI,AL,
CI,DZ,
CI,AD,
CI,AO,
CI,AG,
CI,AR,
CI,AM,
CI,AU,
CI,AT,
CI,AZ,
CI,BS,
CI,BH,
CI,BD,
CI,BB,
CI,BY,
CI,BE,
CI,BZ,
CI,BJ,
CI,BT,
CI,BO,
CI,BA,
CI,BW,
CI,BR,
CI,BN,
CI,BG,
CI,BF,
CI,BI,
CI,KH,
CI,CM,
CI,CA,
CI,CV,
CI,CF,
CI,TD,
CI,CL,
CI,CN,
CI,CO,
CI,KM,
CI,CG,
CI,CD,
CI,CR,
CI,CI,-1
CI,HR,
CI,CU,
CI,CY,
CI,CZ,
CI,DK,
CI,DJ,
CI,DM,
CI,DO,
CI,EC,
CI,EG,
CI,SV,
CI,GQ,
CI,ER,
CI,EE,
CI,SZ,
CI,ET,
CI,FJ,
CI,FI,
CI,FR,
CI,GA,
CI,GM,
CI,GE,
CI,DE,
CI,GH,
CI,GR,
CI,GD,
CI,GT,
CI,GN,
CI,GW,
CI,GY,
CI,HT,
CI,HN,
CI,HK,
CI,HU,
CI,IS,
CI,IN,
CI,ID,
CI,IR,
CI,IQ,
CI,IE,
CI,IL,
CI,IT,
CI,JM,
CI,JP,
CI,JO,
CI,KZ,
CI,KE,
CI,KI,
CI,XK,
CI,KW,
CI,KG,
CI,LA,
CI,LV,
CI,LB,
CI,LS,
CI,LR,
CI,LY,
CI,LI,
CI,LT,
CI,LU,
CI,MO,
CI,MG,
CI,MW,
CI,MY,
CI,MV,
CI,ML,
CI,MT,
CI,MH,
CI,MR,
CI,MU,
CI,MX,
CI,FM,
CI,MD,
CI,MC,
CI,MN,
CI,ME,
CI,MA,
CI,MZ,
CI,MM,
CI,NA,
CI,NR,
CI,NP,
CI,NL,
CI,NZ,
CI,NI,
CI,NE,
CI,NG,
CI,KP,
CI,MK,
CI,NO,
CI,OM,
CI,PK,
CI,PW,
CI,PS,
CI,PA,
CI,PG,
CI,PY,
CI,PE,
CI,PH,
CI,PL,
CI,PT,
CI,QA,
CI,RO,
CI,RU,
CI,RW,
CI,KN,
CI,LC,
CI,WS,
CI,SM,
CI,ST,
CI,SA,
CI,SN,
CI,RS,
CI,SC,
CI,SL,
CI,SG,
CI,SK,
CI,SI,
CI,SB,
CI,SO,
CI,ZA,
CI,KR,
CI,SS,
CI,ES,
CI,LK,
CI,VC,
CI,SD,
CI,SR,
CI,SE,
CI,CH,
CI,SY,
CI,TW,
CI,TJ,
CI,TZ,
CI,TH,
CI,TL,
CI,TG,
CI,TO,
CI,TT,
CI,TN,
CI,TM,
CI,TV,
CI,TR,
CI,UG,
CI,UA,
CI,AE,
CI,GB,
CI,US,
CI,UY,
CI,UZ,
CI,VU,
CI,VA,
CI,VE,
CI,VN,
CI,YE,
CI,ZM,
CI,ZW,
CI,AF,
HR,AL,
HR,DZ,
HR,AD,
HR,AO,
HR,AG,
HR,AR,
HR,AM,
HR,AU,
HR,AT,
HR,AZ,
HR,BS,
HR,BH,
HR,BD,
HR,BB,
HR,BY,
HR,BE,
HR,BZ,
HR,BJ,
HR,BT,
HR,BO,
HR,BA,
HR,BW,
HR,BR,
HR,BN,
HR,BG,
HR,BF,
HR,BI,
HR,KH,
HR,CM,
HR,CA,
HR,CV,
HR,CF,
HR,TD,
HR,CL,
HR,CN,
HR,CO,
HR,KM,
HR,CG,
HR,CD,
HR,CR,
HR,CI,
HR,HR,-1
HR,CU,
HR,CY,
HR,CZ,
HR,DK,
HR,DJ,
HR,DM,
HR,DO,
HR,EC,
HR,EG,
HR,SV,
HR,GQ,
HR,ER,
HR,EE,
HR,SZ,
HR,ET,
HR,FJ,
HR,FI,
HR,FR,
HR,GA,
HR,GM,
HR,GE,
HR,DE,
HR,GH,
HR,GR,
HR,GD,
HR,GT,
HR,GN,
HR,GW,
HR,GY,
HR,HT,
HR,HN,
HR,HK,
HR,HU,
HR,IS,
HR,IN,
HR,ID,
HR,IR,
HR,IQ,
HR,IE,
HR,IL,
HR,IT,
HR,JM,
HR,JP,
HR,JO,
HR,KZ,
HR,KE,
HR,KI,
HR,XK,
HR,KW,
HR,KG,
HR,LA,
HR,LV,
HR,LB,
HR,LS,
HR,LR,
HR,LY,
HR,LI,
HR,LT,
HR,LU,
HR,MO,
HR,MG,
HR,MW,
HR,MY,
HR,MV,
HR,ML,
HR,MT,
HR,MH,
HR,MR,
HR,MU,
HR,MX,
HR,FM,
HR,MD,
HR,MC,
HR,MN,
HR,ME,
HR,MA,
HR,MZ,
HR,MM,
HR,NA,
HR,NR,
HR,NP,
HR,NL,
HR,NZ,
HR,NI,
HR,NE,
HR,NG,
HR,KP,
HR,MK,
HR,NO,
HR,OM,
HR,PK,
HR,PW,
HR,PS,
HR,PA,
HR,PG,
HR,PY,
HR,PE,
HR,PH,
HR,PL,
HR,PT,
HR,QA,
HR,RO,
HR,RU,
HR,RW,
HR,KN,
HR,LC,
HR,WS,
HR,SM,
HR,ST,
HR,SA,
HR,SN,
HR,RS,
HR,SC,
HR,SL,
HR,SG,
HR,SK,
HR,SI,
HR,SB,
HR,SO,
HR,ZA,
HR,KR,
HR,SS,
HR,ES,
HR,LK,
HR,VC,
HR,SD,
HR,SR,
HR,SE,
HR,CH,
HR,SY,
HR,TW,
HR,TJ,
HR,TZ,
HR,TH,
HR,TL,
HR,TG,
HR,TO,
HR,TT,
HR,TN,
HR,TM,
HR,TV,
HR,TR,
HR,UG,
HR,UA,
HR,AE,
HR,GB,
HR,US,
HR,UY,
HR,UZ,
HR,VU,
HR,VA,
HR,VE,
HR,VN,
HR,YE,
HR,ZM,
HR,ZW,
HR,AF,
CU,AL,
CU,DZ,
CU,AD,
CU,AO,
CU,AG,
CU,AR,
CU,AM,
CU,AU,
CU,AT,
CU,AZ,
CU,BS,
CU,BH,
CU,BD,
CU,BB,
CU,BY,
CU,BE,
CU,BZ,
CU,BJ,
CU,BT,
CU,BO,
CU,BA,
CU,BW,
CU,BR,
CU,BN,
CU,BG,
CU,BF,
CU,BI,
CU,KH,
CU,CM,
CU,CA,
CU,CV,
CU,CF,
CU,TD,
CU,CL,
CU,CN,
CU,CO,
CU,KM,
CU,CG,
CU,CD,
CU,CR,
CU,CI,
CU,HR,
CU,CU,-1
CU,CY,
CU,CZ,
CU,DK,
CU,DJ,
CU,DM,
CU,DO,
CU,EC,
CU,EG,
CU,SV,
CU,GQ,
CU,ER,
CU,EE,
CU,SZ,
CU,ET,
CU,FJ,
CU,FI,
CU,FR,
CU,GA,
CU,GM,
CU,GE,
CU,DE,
CU,GH,
CU,GR,
CU,GD,
CU,GT,
CU,GN,
CU,GW,
CU,GY,
CU,HT,
CU,HN,
CU,HK,
CU,HU,
CU,IS,
CU,IN,
CU,ID,
CU,IR,
CU,IQ,
CU,IE,
CU,IL,
CU,IT,
CU,JM,
CU,JP,
CU,JO,
CU,KZ,
CU,KE,
CU,KI,
CU,XK,
CU,KW,
CU,KG,
CU,LA,
CU,LV,
CU,LB,
CU,LS,
CU,LR,
CU,LY,
CU,LI,
CU,LT,
CU,LU,
CU,MO,
CU,MG,
CU,MW,
CU,MY,
CU,MV,
CU,ML,
CU,MT,
CU,MH,
CU,MR,
CU,MU,
CU,MX,
CU,FM,
CU,MD,
CU,MC,
CU,MN,
CU,ME,
CU,MA,
CU,MZ,
CU,MM,
CU,NA,
CU,NR,
CU,NP,
CU,NL,
CU,NZ,
CU,NI,
CU,NE,
CU,NG,
CU,KP,
CU,MK,
CU,NO,
CU,OM,
CU,PK,
CU,PW,
CU,PS,
CU,PA,
CU,PG,
CU,PY,
CU,PE,
CU,PH,
CU,PL,
CU,PT,
CU,QA,
CU,RO,
CU,RU,
CU,RW,
CU,KN,
CU,LC,
CU,WS,
CU,SM,
CU,ST,
CU,SA,
CU,SN,
CU,RS,
CU,SC,
CU,SL,
CU,SG,
CU,SK,
CU,SI,
CU,SB,
CU,SO,
CU,ZA,
CU,KR,
CU,SS,
CU,ES,
CU,LK,
CU,VC,
CU,SD,
CU,SR,
CU,SE,
CU,CH,
CU,SY,
CU,TW,
CU,TJ,
CU,TZ,
CU,TH,
CU,TL,
CU,TG,
CU,TO,
CU,TT,
CU,TN,
CU,TM,
CU,TV,
CU,TR,
CU,UG,
CU,UA,
CU,AE,
CU,GB,
CU,US,
CU,UY,
CU,UZ,
CU,VU,
CU,VA,
CU,VE,
CU,VN,
CU,YE,
CU,ZM,
CU,ZW,
CU,AF,
CY,AL,
CY,DZ,
CY,AD,
CY,AO,
CY,AG,
CY,AR,
CY,AM,
CY,AU,
CY,AT,
CY,AZ,
CY,BS,
CY,BH,
CY,BD,
CY,BB,
CY,BY,
CY,BE,
CY,BZ,
CY,BJ,
CY,BT,
CY,BO,
CY,BA,
CY,BW,
CY,BR,
CY,BN,
CY,BG,
CY,BF,
CY,BI,
CY,KH,
CY,CM,
CY,CA,
CY,CV,
CY,CF,
CY,TD,
CY,CL,
CY,CN,
CY,CO,
CY,KM,
CY,CG,
CY,CD,
CY,CR,
CY,CI,
CY,HR,
CY,CU,
CY,CY,-1
CY,CZ,
CY,DK,
CY,DJ,
CY,DM,
CY,DO,
CY,EC,
CY,EG,
CY,SV,
CY,GQ,
CY,ER,
CY,EE,
CY,SZ,
CY,ET,
CY,FJ,
CY,FI,
CY,FR,
CY,GA,
CY,GM,
CY,GE,
CY,DE,
CY,GH,
CY,GR,
CY,GD,
CY,GT,
CY,GN,
CY,GW,
CY,GY,
CY,HT,
CY,HN,
CY,HK,
CY,HU,
CY,IS,
CY,IN,
CY,ID,
CY,IR,
CY,IQ,
CY,IE,
CY,IL,
CY,IT,
CY,JM,
CY,JP,
CY,JO,
CY,KZ,
CY,KE,
CY,KI,
CY,XK,
CY,KW,
CY,KG,
CY,LA,
CY,LV,
CY,LB,
CY,LS,
CY,LR,
CY,LY,
CY,LI,
CY,LT,
CY,LU,
CY,MO,
CY,MG,
CY,MW,
CY,MY,
CY,MV,
CY,ML,
CY,MT,
CY,MH,
CY,MR,
CY,MU,
CY,MX,
CY,FM,
CY,MD,
CY,MC,
CY,MN,
CY,ME,
CY,MA,
CY,MZ,
CY,MM,
CY,NA,
CY,NR,
CY,NP,
CY,NL,
CY,NZ,
CY,NI,
CY,NE,
CY,NG,
CY,KP,
CY,MK,
CY,NO,
CY,OM,
CY,PK,
CY,PW,
CY,PS,
CY,PA,
CY,PG,
CY,PY,
CY,PE,
CY,PH,
CY,PL,
CY,PT,
CY,QA,
CY,RO,
CY,RU,
CY,RW,
CY,KN,
CY,LC,
CY,WS,
CY,SM,
CY,ST,
CY,SA,
CY,SN,
CY,RS,
CY,SC,
CY,SL,
CY,SG,
CY,SK,
CY,SI,
CY,SB,
CY,SO,
CY,ZA,
CY,KR,
CY,SS,
CY,ES,
CY,LK,
CY,VC,
CY,SD,
CY,SR,
CY,SE,
CY,CH,
CY,SY,
CY,TW,
CY,TJ,
CY,TZ,
CY,TH,
CY,TL,
CY,TG,
CY,TO,
CY,TT,
CY,TN,
CY,TM,
CY,TV,
CY,TR,
CY,UG,
CY,UA,
CY,AE,
CY,GB,
CY,US,
CY,UY,
CY,UZ,
CY,VU,
CY,VA,
CY,VE,
CY,VN,
CY,YE,
CY,ZM,
CY,ZW,
CY,AF,
CZ,AL,
CZ,DZ,
CZ,AD,
CZ,AO,
CZ,AG,
CZ,AR,
CZ,AM,
CZ,AU,
CZ,AT,
CZ,AZ,
CZ,BS,
CZ,BH,
CZ,BD,
CZ,BB,
CZ,BY,
CZ,BE,
CZ,BZ,
CZ,BJ,
CZ,BT,
CZ,BO,
CZ,BA,
CZ,BW,
CZ,BR,
CZ,BN,
CZ,BG,
CZ,BF,
CZ,BI,
CZ,KH,
CZ,CM,
CZ,CA,
CZ,CV,
CZ,CF,
CZ,TD,
CZ,CL,
CZ,CN,
CZ,CO,
CZ,KM,
CZ,CG,
CZ,CD,
CZ,CR,
CZ,CI,
CZ,HR,
CZ,CU,
CZ,CY,
CZ,CZ,-1
CZ,DK,
CZ,DJ,
CZ,DM,
CZ,DO,
CZ,EC,
CZ,EG,
CZ,SV,
CZ,GQ,
CZ,ER,
CZ,EE,
CZ,SZ,
CZ,ET,
CZ,FJ,
CZ,FI,
CZ,FR,
CZ,GA,
CZ,GM,
CZ,GE,
CZ,DE,
CZ,GH,
CZ,GR,
CZ,GD,
CZ,GT,
CZ,GN,
CZ,GW,
CZ,GY,
CZ,HT,
CZ,HN,
CZ,HK,
CZ,HU,
CZ,IS,
CZ,IN,
CZ,ID,
CZ,IR,
CZ,IQ,
CZ,IE,
CZ,IL,
CZ,IT,
CZ,JM,
CZ,JP,
CZ,JO,
CZ,KZ,
CZ,KE,
CZ,KI,
CZ,XK,
CZ,KW,
CZ,KG,
CZ,LA,
CZ,LV,
CZ,LB,
CZ,LS,
CZ,LR,
CZ,LY,
CZ,LI,
CZ,LT,
CZ,LU,
CZ,MO,
CZ,MG,
CZ,MW,
CZ,MY,
CZ,MV,
CZ,ML,
CZ,MT,
CZ,MH,
CZ,MR,
CZ,MU,
CZ,MX,
CZ,FM,
CZ,MD,
CZ,MC,
CZ,MN,
CZ,ME,
CZ,MA,
CZ,MZ,
CZ,MM,
CZ,NA,
CZ,NR,
CZ,NP,
CZ,NL,
CZ,NZ,
CZ,NI,
CZ,NE,
CZ,NG,
CZ,KP,
CZ,MK,
CZ,NO,
CZ,OM,
CZ,PK,
CZ,PW,
CZ,PS,
CZ,PA,
CZ,PG,
CZ,PY,
CZ,PE,
CZ,PH,
CZ,PL,
CZ,PT,
CZ,QA,
CZ,RO,
CZ,RU,
CZ,RW,
CZ,KN,
CZ,LC,
CZ,WS,
CZ,SM,
CZ,ST,
CZ,SA,
CZ,SN,
CZ,RS,
CZ,SC,
CZ,SL,
CZ,SG,
CZ,SK,
CZ,SI,
CZ,SB,
CZ,SO,
CZ,ZA,
CZ,KR,
CZ,SS,
CZ,ES,
CZ,LK,
CZ,VC,
CZ,SD,
CZ,SR,
CZ,SE,
CZ,CH,
CZ,SY,
CZ,TW,
CZ,TJ,
CZ,TZ,
CZ,TH,
CZ,TL,
CZ,TG,
CZ,TO,
CZ,TT,
CZ,TN,
CZ,TM,
CZ,TV,
CZ,TR,
CZ,UG,
CZ,UA,
CZ,AE,
CZ,GB,
CZ,US,
CZ,UY,
CZ,UZ,
CZ,VU,
CZ,VA,
CZ,VE,
CZ,VN,
CZ,YE,
CZ,ZM,
CZ,ZW,
CZ,AF,
DK,AL,
DK,DZ,
DK,AD,
DK,AO,
DK,AG,
DK,AR,
DK,AM,
DK,AU,
DK,AT,
DK,AZ,
DK,BS,
DK,BH,
DK,BD,
DK,BB,
DK,BY,
DK,BE,
DK,BZ,
DK,BJ,
DK,BT,
DK,BO,
DK,BA,
DK,BW,
DK,BR,
DK,BN,
DK,BG,
DK,BF,
DK,BI,
DK,KH,
DK,CM,
DK,CA,
DK,CV,
DK,CF,
DK,TD,
DK,CL,
DK,CN,
DK,CO,
DK,KM,
DK,CG,
DK,CD,
DK,CR,
DK,CI,
DK,HR,
DK,CU,
DK,CY,
DK,CZ,
DK,DK,-1
DK,DJ,
DK,DM,
DK,DO,
DK,EC,
DK,EG,
DK,SV,
DK,GQ,
DK,ER,
DK,EE,
DK,SZ,
DK,ET,
DK,FJ,
DK,FI,
DK,FR,
DK,GA,
DK,GM,
DK,GE,
DK,DE,
DK,GH,
DK,GR,
DK,GD,
DK,GT,
DK,GN,
DK,GW,
DK,GY,
DK,HT,
DK,HN,
DK,HK,
DK,HU,
DK,IS,
DK,IN,
DK,ID,
DK,IR,
DK,IQ,
DK,IE,
DK,IL,
DK,IT,
DK,JM,
DK,JP,
DK,JO,
DK,KZ,
DK,KE,
DK,KI,
DK,XK,
DK,KW,
DK,KG,
DK,LA,
DK,LV,
DK,LB,
DK,LS,
DK,LR,
DK,LY,
DK,LI,
DK,LT,
DK,LU,
DK,MO,
DK,MG,
DK,MW,
DK,MY,
DK,MV,
DK,ML,
DK,MT,
DK,MH,
DK,MR,
DK,MU,
DK,MX,
DK,FM,
DK,MD,
DK,MC,
DK,MN,
DK,ME,
DK,MA,
DK,MZ,
DK,MM,
DK,NA,
DK,NR,
DK,NP,
DK,NL,
DK,NZ,
DK,NI,
DK,NE,
DK,NG,
DK,KP,
DK,MK,
DK,NO,
DK,OM,
DK,PK,
DK,PW,
DK,PS,
DK,PA,
DK,PG,
DK,PY,
DK,PE,
DK,PH,
DK,PL,
DK,PT,
DK,QA,
DK,RO,
DK,RU,
DK,RW,
DK,KN,
DK,LC,
DK,WS,
DK,SM,
DK,ST,
DK,SA,
DK,SN,
DK,RS,
DK,SC,
DK,SL,
DK,SG,
DK,SK,
DK,SI,
DK,SB,
DK,SO,
DK,ZA,
DK,KR,
DK,SS,
DK,ES,
DK,LK,
DK,VC,
DK,SD,
DK,SR,
DK,SE,
DK,CH,
DK,SY,
DK,TW,
DK,TJ,
DK,TZ,
DK,TH,
DK,TL,
DK,TG,
DK,TO,
DK,TT,
DK,TN,
DK,TM,
DK,TV,
DK,TR,
DK,UG,
DK,UA,
DK,AE,
DK,GB,
DK,US,
DK,UY,
DK,UZ,
DK,VU,
DK,VA,
DK,VE,
DK,VN,
DK,YE,
DK,ZM,
DK,ZW,
DK,AF,
DJ,AL,
DJ,DZ,
DJ,AD,
DJ,AO,
DJ,AG,
DJ,AR,
DJ,AM,
DJ,AU,
DJ,AT,
DJ,AZ,
DJ,BS,
DJ,BH,
DJ,BD,
DJ,BB,
DJ,BY,
DJ,BE,
DJ,BZ,
DJ,BJ,
DJ,BT,
DJ,BO,
DJ,BA,
DJ,BW,
DJ,BR,
DJ,BN,
DJ,BG,
DJ,BF,
DJ,BI,
DJ,KH,
DJ,CM,
DJ,CA,
DJ,CV,
DJ,CF,
DJ,TD,
DJ,CL,
DJ,CN,
DJ,CO,
DJ,KM,
DJ,CG,
DJ,CD,
DJ,CR,
DJ,CI,
DJ,HR,
DJ,CU,
DJ,CY,
DJ,CZ,
DJ,DK,
DJ,DJ,-1
DJ,DM,
DJ,DO,
DJ,EC,
DJ,EG,
DJ,SV,
DJ,GQ,
DJ,ER,
DJ,EE,
DJ,SZ,
DJ,ET,
DJ,FJ,
DJ,FI,
DJ,FR,
DJ,GA,
DJ,GM,
DJ,GE,
DJ,DE,
DJ,GH,
DJ,GR,
DJ,GD,
DJ,GT,
DJ,GN,
DJ,GW,
DJ,GY,
DJ,HT,
DJ,HN,
DJ,HK,
DJ,HU,
DJ,IS,
DJ,IN,
DJ,ID,
DJ,IR,
DJ,IQ,
DJ,IE,
DJ,IL,
DJ,IT,
DJ,JM,
DJ,JP,
DJ,JO,
DJ,KZ,
DJ,KE,
DJ,KI,
DJ,XK,
DJ,KW,
DJ,KG,
DJ,LA,
DJ,LV,
DJ,LB,
DJ,LS,
DJ,LR,
DJ,LY,
DJ,LI,
DJ,LT,
DJ,LU,
DJ,MO,
DJ,MG,
DJ,MW,
DJ,MY,
DJ,MV,
DJ,ML,
DJ,MT,
DJ,MH,
DJ,MR,
DJ,MU,
DJ,MX,
DJ,FM,
DJ,MD,
DJ,MC,
DJ,MN,
DJ,ME,
DJ,MA,
DJ,MZ,
DJ,MM,
DJ,NA,
DJ,NR,
DJ,NP,
DJ,NL,
DJ,NZ,
DJ,NI,
DJ,NE,
DJ,NG,
DJ,KP,
DJ,MK,
DJ,NO,
DJ,OM,
DJ,PK,
DJ,PW,
DJ,PS,
DJ,PA,
DJ,PG,
DJ,PY,
DJ,PE,
DJ,PH,
DJ,PL,
DJ,PT,
DJ,QA,
DJ,RO,
DJ,RU,
DJ,RW,
DJ,KN,
DJ,LC,
DJ,WS,
DJ,SM,
DJ,ST,
DJ,SA,
DJ,SN,
DJ,RS,
DJ,SC,
DJ,SL,
DJ,SG,
DJ,SK,
DJ,SI,
DJ,SB,
DJ,SO,
DJ,ZA,
DJ,KR,
DJ,SS,
DJ,ES,
DJ,LK,
DJ,VC,
DJ,SD,
DJ,SR,
DJ,SE,
DJ,CH,
DJ,SY,
DJ,TW,
DJ,TJ,
DJ,TZ,
DJ,TH,
DJ,TL,
DJ,TG,
DJ,TO,
DJ,TT,
DJ,TN,
DJ,TM,
DJ,TV,
DJ,TR,
DJ,UG,
DJ,UA,
DJ,AE,
DJ,GB,
DJ,US,
DJ,UY,
DJ,UZ,
DJ,VU,
DJ,VA,
DJ,VE,
DJ,VN,
DJ,YE,
DJ,ZM,
DJ,ZW,
DJ,AF,
DM,AL,
DM,DZ,
DM,AD,
DM,AO,
DM,AG,
DM,AR,
DM,AM,
DM,AU,
DM,AT,
DM,AZ,
DM,BS,
DM,BH,
DM,BD,
DM,BB,
DM,BY,
DM,BE,
DM,BZ,
DM,BJ,
DM,BT,
DM,BO,
DM,BA,
DM,BW,
DM,BR,
DM,BN,
DM,BG,
DM,BF,
DM,BI,
DM,KH,
DM,CM,
DM,CA,
DM,CV,
DM,CF,
DM,TD,
DM,CL,
DM,CN,
DM,CO,
DM,KM,
DM,CG,
DM,CD,
DM,CR,
DM,CI,
DM,HR,
DM,CU,
DM,CY,
DM,CZ,
DM,DK,
DM,DJ,
DM,DM,-1
DM,DO,
DM,EC,
DM,EG,
DM,SV,
DM,GQ,
DM,ER,
DM,EE,
DM,SZ,
DM,ET,
DM,FJ,
DM,FI,
DM,FR,
DM,GA,
DM,GM,
DM,GE,
DM,DE,
DM,GH,
DM,GR,
DM,GD,
DM,GT,
DM,GN,
DM,GW,
DM,GY,
DM,HT,
DM,HN,
DM,HK,
DM,HU,
DM,IS,
DM,IN,
DM,ID,
DM,IR,
DM,IQ,
DM,IE,
DM,IL,
DM,IT,
DM,JM,
DM,JP,
DM,JO,
DM,KZ,
DM,KE,
DM,KI,
DM,XK,
DM,KW,
DM,KG,
DM,LA,
DM,LV,
DM,LB,
DM,LS,
DM,LR,
DM,LY,
DM,LI,
DM,LT,
DM,LU,
DM,MO,
DM,MG,
DM,MW,
DM,MY,
DM,MV,
DM,ML,
DM,MT,
DM,MH,
DM,MR,
DM,MU,
DM,MX,
DM,FM,
DM,MD,
DM,MC,
DM,MN,
DM,ME,
DM,MA,
DM,MZ,
DM,MM,
DM,NA,
DM,NR,
DM,NP,
DM,NL,
DM,NZ,
DM,NI,
DM,NE,
DM,NG,
DM,KP,
DM,MK,
DM,NO,
DM,OM,
DM,PK,
DM,PW,
DM,PS,
DM,PA,
DM,PG,
DM,PY,
DM,PE,
DM,PH,
DM,PL,
DM,PT,
DM,QA,
DM,RO,
DM,RU,
DM,RW,
DM,KN,
DM,LC,
DM,WS,
DM,SM,
DM,ST,
DM,SA,
DM,SN,
DM,RS,
DM,SC,
DM,SL,
DM,SG,
DM,SK,
DM,SI,
DM,SB,
DM,SO,
DM,ZA,
DM,KR,
DM,SS,
DM,ES,
DM,LK,
DM,VC,
DM,SD,
DM,SR,
DM,SE,
DM,CH,
DM,SY,
DM,TW,
DM,TJ,
DM,TZ,
DM,TH,
DM,TL,
DM,TG,
DM,TO,
DM,TT,
DM,TN,
DM,TM,
DM,TV,
DM,TR,
DM,UG,
DM,UA,
DM,AE,
DM,GB,
DM,US,
DM,UY,
DM,UZ,
DM,VU,
DM,VA,
DM,VE,
DM,VN,
DM,YE,
DM,ZM,
DM,ZW,
DM,AF,
DO,AL,
DO,DZ,
DO,AD,
DO,AO,
DO,AG,
DO,AR,
DO,AM,
DO,AU,
DO,AT,
DO,AZ,
DO,BS,
DO,BH,
DO,BD,
DO,BB,
DO,BY,
DO,BE,
DO,BZ,
DO,BJ,
DO,BT,
DO,BO,
DO,BA,
DO,BW,
DO,BR,
DO,BN,
DO,BG,
DO,BF,
DO,BI,
DO,KH,
DO,CM,
DO,CA,
DO,CV,
DO,CF,
DO,TD,
DO,CL,
DO,CN,
DO,CO,
DO,KM,
DO,CG,
DO,CD,
DO,CR,
DO,CI,
DO,HR,
DO,CU,
DO,CY,
DO,CZ,
DO,DK,
DO,DJ,
DO,DM,
DO,DO,-1
DO,EC,
DO,EG,
DO,SV,
DO,GQ,
DO,ER,
DO,EE,
DO,SZ,
DO,ET,
DO,FJ,
DO,FI,
DO,FR,
DO,GA,
DO,GM,
DO,GE,
DO,DE,
DO,GH,
DO,GR,
DO,GD,
DO,GT,
DO,GN,
DO,GW,
DO,GY,
DO,HT,
DO,HN,
DO,HK,
DO,HU,
DO,IS,
DO,IN,
DO,ID,
DO,IR,
DO,IQ,
DO,IE,
DO,IL,
DO,IT,
DO,JM,
DO,JP,
DO,JO,
DO,KZ,
DO,KE,
DO,KI,
DO,XK,
DO,KW,
DO,KG,
DO,LA,
DO,LV,
DO,LB,
DO,LS,
DO,LR,
DO,LY,
DO,LI,
DO,LT,
DO,LU,
DO,MO,
DO,MG,
DO,MW,
DO,MY,
DO,MV,
DO,ML,
DO,MT,
DO,MH,
DO,MR,
DO,MU,
DO,MX,
DO,FM,
DO,MD,
DO,MC,
DO,MN,
DO,ME,
DO,MA,
DO,MZ,
DO,MM,
DO,NA,
DO,NR,
DO,NP,
DO,NL,
DO,NZ,
DO,NI,
DO,NE,
DO,NG,
DO,KP,
DO,MK,
DO,NO,
DO,OM,
DO,PK,
DO,PW,
DO,PS,
DO,PA,
DO,PG,
DO,PY,
DO,PE,
DO,PH,
DO,PL,
DO,PT,
DO,QA,
DO,RO,
DO,RU,
DO,RW,
DO,KN,
DO,LC,
DO,WS,
DO,SM,
DO,ST,
DO,SA,
DO,SN,
DO,RS,
DO,SC,
DO,SL,
DO,SG,
DO,SK,
DO,SI,
DO,SB,
DO,SO,
DO,ZA,
DO,KR,
DO,SS,
DO,ES,
DO,LK,
DO,VC,
DO,SD,
DO,SR,
DO,SE,
DO,CH,
DO,SY,
DO,TW,
DO,TJ,
DO,TZ,
DO,TH,
DO,TL,
DO,TG,
DO,TO,
DO,TT,
DO,TN,
DO,TM,
DO,TV,
DO,TR,
DO,UG,
DO,UA,
DO,AE,
DO,GB,
DO,US,
DO,UY,
DO,UZ,
DO,VU,
DO,VA,
DO,VE,
DO,VN,
DO,YE,
DO,ZM,
DO,ZW,
DO,AF,
EC,AL,
EC,DZ,
EC,AD,
EC,AO,
EC,AG,
EC,AR,
EC,AM,
EC,AU,
EC,AT,
EC,AZ,
EC,BS,
EC,BH,
EC,BD,
EC,BB,
EC,BY,
EC,BE,
EC,BZ,
EC,BJ,
EC,BT,
EC,BO,
EC,BA,
EC,BW,
EC,BR,
EC,BN,
EC,BG,
EC,BF,
EC,BI,
EC,KH,
EC,CM,
EC,CA,
EC,CV,
EC,CF,
EC,TD,
EC,CL,
EC,CN,
EC,CO,
EC,KM,
EC,CG,
EC,CD,
EC,CR,
EC,CI,
EC,HR,
EC,CU,
EC,CY,
EC,CZ,
EC,DK,
EC,DJ,
EC,DM,
EC,DO,
EC,EC,-1
EC,EG,
EC,SV,
EC,GQ,
EC,ER,
EC,EE,
EC,SZ,
EC,ET,
EC,FJ,
EC,FI,
EC,FR,
EC,GA,
EC,GM,
EC,GE,
EC,DE,
EC,GH,
EC,GR,
EC,GD,
EC,GT,
EC,GN,
EC,GW,
EC,GY,
EC,HT,
EC,HN,
EC,HK,
EC,HU,
EC,IS,
EC,IN,
EC,ID,
EC,IR,
EC,IQ,
EC,IE,
EC,IL,
EC,IT,
EC,JM,
EC,JP,
EC,JO,
EC,KZ,
EC,KE,
EC,KI,
EC,XK,
EC,KW,
EC,KG,
EC,LA,
EC,LV,
EC,LB,
EC,LS,
EC,LR,
EC,LY,
EC,LI,
EC,LT,
EC,LU,
EC,MO,
EC,MG,
EC,MW,
EC,MY,
EC,MV,
EC,ML,
EC,MT,
EC,MH,
EC,MR,
EC,MU,
EC,MX,
EC,FM,
EC,MD,
EC,MC,
EC,MN,
EC,ME,
EC,MA,
EC,MZ,
EC,MM,
EC,NA,
EC,NR,
EC,NP,
EC,NL,
EC,NZ,
EC,NI,
EC,NE,
EC,NG,
EC,KP,
EC,MK,
EC,NO,
EC,OM,
EC,PK,
EC,PW,
EC,PS,
EC,PA,
EC,PG,
EC,PY,
EC,PE,
EC,PH,
EC,PL,
EC,PT,
EC,QA,
EC,RO,
EC,RU,
EC,RW,
EC,KN,
EC,LC,
EC,WS,
EC,SM,
EC,ST,
EC,SA,
EC,SN,
EC,RS,
EC,SC,
EC,SL,
EC,SG,
EC,SK,
EC,SI,
EC,SB,
EC,SO,
EC,ZA,
EC,KR,
EC,SS,
EC,ES,
EC,LK,
EC,VC,
EC,SD,
EC,SR,
EC,SE,
EC,CH,
EC,SY,
EC,TW,
EC,TJ,
EC,TZ,
EC,TH,
EC,TL,
EC,TG,
EC,TO,
EC,TT,
EC,TN,
EC,TM,
EC,TV,
EC,TR,
EC,UG,
EC,UA,
EC,AE,
EC,GB,
EC,US,
EC,UY,
EC,UZ,
EC,VU,
EC,VA,
EC,VE,
EC,VN,
EC,YE,
EC,ZM,
EC,ZW,
EC,AF,
EG,AL,
EG,DZ,
EG,AD,
EG,AO,
EG,AG,
EG,AR,
EG,AM,
EG,AU,
EG,AT,
EG,AZ,
EG,BS,
EG,BH,
EG,BD,
EG,BB,
EG,BY,
EG,BE,
EG,BZ,
EG,BJ,
EG,BT,
EG,BO,
EG,BA,
EG,BW,
EG,BR,
EG,BN,
EG,BG,
EG,BF,
EG,BI,
EG,KH,
EG,CM,
EG,CA,
EG,CV,
EG,CF,
EG,TD,
EG,CL,
EG,CN,
EG,CO,
EG,KM,
EG,CG,
EG,CD,
EG,CR,
EG,CI,
EG,HR,
EG,CU,
EG,CY,
EG,CZ,
EG,DK,
EG,DJ,
EG,DM,
EG,DO,
EG,EC,
EG,EG,-1
EG,SV,
EG,GQ,
EG,ER,
EG,EE,
EG,SZ,
EG,ET,
EG,FJ,
EG,FI,
EG,FR,
EG,GA,
EG,GM,
EG,GE,
EG,DE,
EG,GH,
EG,GR,
EG,GD,
EG,GT,
EG,GN,
EG,GW,
EG,GY,
EG,HT,
EG,HN,
EG,HK,
EG,HU,
EG,IS,
EG,IN,
EG,ID,
EG,IR,
EG,IQ,
EG,IE,
EG,IL,
EG,IT,
EG,JM,
EG,JP,
EG,JO,
EG,KZ,
EG,KE,
EG,KI,
EG,XK,
EG,KW,
EG,KG,
EG,LA,
EG,LV,
EG,LB,
EG,LS,
EG,LR,
EG,LY,
EG,LI,
EG,LT,
EG,LU,
EG,MO,
EG,MG,
EG,MW,
EG,MY,
EG,MV,
EG,ML,
EG,MT,
EG,MH,
EG,MR,
EG,MU,
EG,MX,
EG,FM,
EG,MD,
EG,MC,
EG,MN,
EG,ME,
EG,MA,
EG,MZ,
EG,MM,
EG,NA,
EG,NR,
EG,NP,
EG,NL,
EG,NZ,
EG,NI,
EG,NE,
EG,NG,
EG,KP,
EG,MK,
EG,NO,
EG,OM,
EG,PK,
EG,PW,
EG,PS,
EG,PA,
EG,PG,
EG,PY,
EG,PE,
EG,PH,
EG,PL,
EG,PT,
EG,QA,
EG,RO,
EG,RU,
EG,RW,
EG,KN,
EG,LC,
EG,WS,
EG,SM,
EG,ST,
EG,SA,
EG,SN,
EG,RS,
EG,SC,
EG,SL,
EG,SG,
EG,SK,
EG,SI,
EG,SB,
EG,SO,
EG,ZA,
EG,KR,
EG,SS,
EG,ES,
EG,LK,
EG,VC,
EG,SD,
EG,SR,
EG,SE,
EG,CH,
EG,SY,
EG,TW,
EG,TJ,
EG,TZ,
EG,TH,
EG,TL,
EG,TG,
EG,TO,
EG,TT,
EG,TN,
EG,TM,
EG,TV,
EG,TR,
EG,UG,
EG,UA,
EG,AE,
EG,GB,
EG,US,
EG,UY,
EG,UZ,
EG,VU,
EG,VA,
EG,VE,
EG,VN,
EG,YE,
EG,ZM,
EG,ZW,
EG,AF,
SV,AL,
SV,DZ,
SV,AD,
SV,AO,
SV,AG,
SV,AR,
SV,AM,
SV,AU,
SV,AT,
SV,AZ,
SV,BS,
SV,BH,
SV,BD,
SV,BB,
SV,BY,
SV,BE,
SV,BZ,
SV,BJ,
SV,BT,
SV,BO,
SV,BA,
SV,BW,
SV,BR,
SV,BN,
SV,BG,
SV,BF,
SV,BI,
SV,KH,
SV,CM,
SV,CA,
SV,CV,
SV,CF,
SV,TD,
SV,CL,
SV,CN,
SV,CO,
SV,KM,
SV,CG,
SV,CD,
SV,CR,
SV,CI,
SV,HR,
SV,CU,
SV,CY,
SV,CZ,
SV,DK,
SV,DJ,
SV,DM,
SV,DO,
SV,EC,
SV,EG,
SV,SV,-1
SV,GQ,
SV,ER,
SV,EE,
SV,SZ,
SV,ET,
SV,FJ,
SV,FI,
SV,FR,
SV,GA,
SV,GM,
SV,GE,
SV,DE,
SV,GH,
SV,GR,
SV,GD,
SV,GT,
SV,GN,
SV,GW,
SV,GY,
SV,HT,
SV,HN,
SV,HK,
SV,HU,
SV,IS,
SV,IN,
SV,ID,
SV,IR,
SV,IQ,
SV,IE,
SV,IL,
SV,IT,
SV,JM,
SV,JP,
SV,JO,
SV,KZ,
SV,KE,
SV,KI,
SV,XK,
SV,KW,
SV,KG,
SV,LA,
SV,LV,
SV,LB,
SV,LS,
SV,LR,
SV,LY,
SV,LI,
SV,LT,
SV,LU,
SV,MO,
SV,MG,
SV,MW,
SV,MY,
SV,MV,
SV,ML,
SV,MT,
SV,MH,
SV,MR,
SV,MU,
SV,MX,
SV,FM,
SV,MD,
SV,MC,
SV,MN,
SV,ME,
SV,MA,
SV,MZ,
SV,MM,
SV,NA,
SV,NR,
SV,NP,
SV,NL,
SV,NZ,
SV,NI,
SV,NE,
SV,NG,
SV,KP,
SV,MK,
SV,NO,
SV,OM,
SV,PK,
SV,PW,
SV,PS,
SV,PA,
SV,PG,
SV,PY,
SV,PE,
SV,PH,
SV,PL,
SV,PT,
SV,QA,
SV,RO,
SV,RU,
SV,RW,
SV,KN,
SV,LC,
SV,WS,
SV,SM,
SV,ST,
SV,SA,
SV,SN,
SV,RS,
SV,SC,
SV,SL,
SV,SG,
SV,SK,
SV,SI,
SV,SB,
SV,SO,
SV,ZA,
SV,KR,
SV,SS,
SV,ES,
SV,LK,
SV,VC,
SV,SD,
SV,SR,
SV,SE,
SV,CH,
SV,SY,
SV,TW,
SV,TJ,
SV,TZ,
SV,TH,
SV,TL,
SV,TG,
SV,TO,
SV,TT,
SV,TN,
SV,TM,
SV,TV,
SV,TR,
SV,UG,
SV,UA,
SV,AE,
SV,GB,
SV,US,
SV,UY,
SV,UZ,
SV,VU,
SV,VA,
SV,VE,
SV,VN,
SV,YE,
SV,ZM,
SV,ZW,
SV,AF,
GQ,AL,
GQ,DZ,
GQ,AD,
GQ,AO,
GQ,AG,
GQ,AR,
GQ,AM,
GQ,AU,
GQ,AT,
GQ,AZ,
GQ,BS,
GQ,BH,
GQ,BD,
GQ,BB,
GQ,BY,
GQ,BE,
GQ,BZ,
GQ,BJ,
GQ,BT,
GQ,BO,
GQ,BA,
GQ,BW,
GQ,BR,
GQ,BN,
GQ,BG,
GQ,BF,
GQ,BI,
GQ,KH,
GQ,CM,
GQ,CA,
GQ,CV,
GQ,CF,
GQ,TD,
GQ,CL,
GQ,CN,
GQ,CO,
GQ,KM,
GQ,CG,
GQ,CD,
GQ,CR,
GQ,CI,
GQ,HR,
GQ,CU,
GQ,CY,
GQ,CZ,
GQ,DK,
GQ,DJ,
GQ,DM,
GQ,DO,
GQ,EC,
GQ,EG,
GQ,SV,
GQ,GQ,-1
GQ,ER,
GQ,EE,
GQ,SZ,
GQ,ET,
GQ,FJ,
GQ,FI,
GQ,FR,
GQ,GA,
GQ,GM,
GQ,GE,
GQ,DE,
GQ,GH,
GQ,GR,
GQ,GD,
GQ,GT,
GQ,GN,
GQ,GW,
GQ,GY,
GQ,HT,
GQ,HN,
GQ,HK,
GQ,HU,
GQ,IS,
GQ,IN,
GQ,ID,
GQ,IR,
GQ,IQ,
GQ,IE,
GQ,IL,
GQ,IT,
GQ,JM,
GQ,JP,
GQ,JO,
GQ,KZ,
GQ,KE,
GQ,KI,
GQ,XK,
GQ,KW,
GQ,KG,
GQ,LA,
GQ,LV,
GQ,LB,
GQ,LS,
GQ,LR,
GQ,LY,
GQ,LI,
GQ,LT,
GQ,LU,
GQ,MO,
GQ,MG,
GQ,MW,
GQ,MY,
GQ,MV,
GQ,ML,
GQ,MT,
GQ,MH,
GQ,MR,
GQ,MU,
GQ,MX,
GQ,FM,
GQ,MD,
GQ,MC,
GQ,MN,
GQ,ME,
GQ,MA,
GQ,MZ,
GQ,MM,
GQ,NA,
GQ,NR,
GQ,NP,
GQ,NL,
GQ,NZ,
GQ,NI,
GQ,NE,
GQ,NG,
GQ,KP,
GQ,MK,
GQ,NO,
GQ,OM,
GQ,PK,
GQ,PW,
GQ,PS,
GQ,PA,
GQ,PG,
GQ,PY,
GQ,PE,
GQ,PH,
GQ,PL,
GQ,PT,
GQ,QA,
GQ,RO,
GQ,RU,
GQ,RW,
GQ,KN,
GQ,LC,
GQ,WS,
GQ,SM,
GQ,ST,
GQ,SA,
GQ,SN,
GQ,RS,
GQ,SC,
GQ,SL,
GQ,SG,
GQ,SK,
GQ,SI,
GQ,SB,
GQ,SO,
GQ,ZA,
GQ,KR,
GQ,SS,
GQ,ES,
GQ,LK,
GQ,VC,
GQ,SD,
GQ,SR,
GQ,SE,
GQ,CH,
GQ,SY,
GQ,TW,
GQ,TJ,
GQ,TZ,
GQ,TH,
GQ,TL,
GQ,TG,
GQ,TO,
GQ,TT,
GQ,TN,
GQ,TM,
GQ,TV,
GQ,TR,
GQ,UG,
GQ,UA,
GQ,AE,
GQ,GB,
GQ,US,
GQ,UY,
GQ,UZ,
GQ,VU,
GQ,VA,
GQ,VE,
GQ,VN,
GQ,YE,
GQ,ZM,
GQ,ZW,
GQ,AF,
ER,AL,
ER,DZ,
ER,AD,
ER,AO,
ER,AG,
ER,AR,
ER,AM,
ER,AU,
ER,AT,
ER,AZ,
ER,BS,
ER,BH,
ER,BD,
ER,BB,
ER,BY,
ER,BE,
ER,BZ,
ER,BJ,
ER,BT,
ER,BO,
ER,BA,
ER,BW,
ER,BR,
ER,BN,
ER,BG,
ER,BF,
ER,BI,
ER,KH,
ER,CM,
ER,CA,
ER,CV,
ER,CF,
ER,TD,
ER,CL,
ER,CN,
ER,CO,
ER,KM,
ER,CG,
ER,CD,
ER,CR,
ER,CI,
ER,HR,
ER,CU,
ER,CY,
ER,CZ,
ER,DK,
ER,DJ,
ER,DM,
ER,DO,
ER,EC,
ER,EG,
ER,SV,
ER,GQ,
ER,ER,-1
ER,EE,
ER,SZ,
ER,ET,
ER,FJ,
ER,FI,
ER,FR,
ER,GA,
ER,GM,
ER,GE,
ER,DE,
ER,GH,
ER,GR,
ER,GD,
ER,GT,
ER,GN,
ER,GW,
ER,GY,
ER,HT,
ER,HN,
ER,HK,
ER,HU,
ER,IS,
ER,IN,
ER,ID,
ER,IR,
ER,IQ,
ER,IE,
ER,IL,
ER,IT,
ER,JM,
ER,JP,
ER,JO,
ER,KZ,
ER,KE,
ER,KI,
ER,XK,
ER,KW,
ER,KG,
ER,LA,
ER,LV,
ER,LB,
ER,LS,
ER,LR,
ER,LY,
ER,LI,
ER,LT,
ER,LU,
ER,MO,
ER,MG,
ER,MW,
ER,MY,
ER,MV,
ER,ML,
ER,MT,
ER,MH,
ER,MR,
ER,MU,
ER,MX,
ER,FM,
ER,MD,
ER,MC,
ER,MN,
ER,ME,
ER,MA,
ER,MZ,
ER,MM,
ER,NA,
ER,NR,
ER,NP,
ER,NL,
ER,NZ,
ER,NI,
ER,NE,
ER,NG,
ER,KP,
ER,MK,
ER,NO,
ER,OM,
ER,PK,
ER,PW,
ER,PS,
ER,PA,
ER,PG,
ER,PY,
ER,PE,
ER,PH,
ER,PL,
ER,PT,
ER,QA,
ER,RO,
ER,RU,
ER,RW,
ER,KN,
ER,LC,
ER,WS,
ER,SM,
ER,ST,
ER,SA,
ER,SN,
ER,RS,
ER,SC,
ER,SL,
ER,SG,
ER,SK,
ER,SI,
ER,SB,
ER,SO,
ER,ZA,
ER,KR,
ER,SS,
ER,ES,
ER,LK,
ER,VC,
ER,SD,
ER,SR,
ER,SE,
ER,CH,
ER,SY,
ER,TW,
ER,TJ,
ER,TZ,
ER,TH,
ER,TL,
ER,TG,
ER,TO,
ER,TT,
ER,TN,
ER,TM,
ER,TV,
ER,TR,
ER,UG,
ER,UA,
ER,AE,
ER,GB,
ER,US,
ER,UY,
ER,UZ,
ER,VU,
ER,VA,
ER,VE,
ER,VN,
ER,YE,
ER,ZM,
ER,ZW,
ER,AF,
EE,AL,
EE,DZ,
EE,AD,
EE,AO,
EE,AG,
EE,AR,
EE,AM,
EE,AU,
EE,AT,
EE,AZ,
EE,BS,
EE,BH,
EE,BD,
EE,BB,
EE,BY,
EE,BE,
EE,BZ,
EE,BJ,
EE,BT,
EE,BO,
EE,BA,
EE,BW,
EE,BR,
EE,BN,
EE,BG,
EE,BF,
EE,BI,
EE,KH,
EE,CM,
EE,CA,
EE,CV,
EE,CF,
EE,TD,
EE,CL,
EE,CN,
EE,CO,
EE,KM,
EE,CG,
EE,CD,
EE,CR,
EE,CI,
EE,HR,
EE,CU,
EE,CY,
EE,CZ,
EE,DK,
EE,DJ,
EE,DM,
EE,DO,
EE,EC,
EE,EG,
EE,SV,
EE,GQ,
EE,ER,
EE,EE,-1
EE,SZ,
EE,ET,
EE,FJ,
EE,FI,
EE,FR,
EE,GA,
EE,GM,
EE,GE,
EE,DE,
EE,GH,
EE,GR,
EE,GD,
EE,GT,
EE,GN,
EE,GW,
EE,GY,
EE,HT,
EE,HN,
EE,HK,
EE,HU,
EE,IS,
EE,IN,
EE,ID,
EE,IR,
EE,IQ,
EE,IE,
EE,IL,
EE,IT,
EE,JM,
EE,JP,
EE,JO,
EE,KZ,
EE,KE,
EE,KI,
EE,XK,
EE,KW,
EE,KG,
EE,LA,
EE,LV,
EE,LB,
EE,LS,
EE,LR,
EE,LY,
EE,LI,
EE,LT,
EE,LU,
EE,MO,
EE,MG,
EE,MW,
EE,MY,
EE,MV,
EE,ML,
EE,MT,
EE,MH,
EE,MR,
EE,MU,
EE,MX,
EE,FM,
EE,MD,
EE,MC,
EE,MN,
EE,ME,
EE,MA,
EE,MZ,
EE,MM,
EE,NA,
EE,NR,
EE,NP,
EE,NL,
EE,NZ,
EE,NI,
EE,NE,
EE,NG,
EE,KP,
EE,MK,
EE,NO,
EE,OM,
EE,PK,
EE,PW,
EE,PS,
EE,PA,
EE,PG,
EE,PY,
EE,PE,
EE,PH,
EE,PL,
EE,PT,
EE,QA,
EE,RO,
EE,RU,
EE,RW,
EE,KN,
EE,LC,
EE,WS,
EE,SM,
EE,ST,
EE,SA,
EE,SN,
EE,RS,
EE,SC,
EE,SL,
EE,SG,
EE,SK,
EE,SI,
EE,SB,
EE,SO,
EE,ZA,
EE,KR,
EE,SS,
EE,ES,
EE,LK,
EE,VC,
EE,SD,
EE,SR,
EE,SE,
EE,CH,
EE,SY,
EE,TW,
EE,TJ,
EE,TZ,
EE,TH,
EE,TL,
EE,TG,
EE,TO,
EE,TT,
EE,TN,
EE,TM,
EE,TV,
EE,TR,
EE,UG,
EE,UA,
EE,AE,
EE,GB,
EE,US,
EE,UY,
EE,UZ,
EE,VU,
EE,VA,
EE,VE,
EE,VN,
EE,YE,
EE,ZM,
EE,ZW,
EE,AF,
SZ,AL,
SZ,DZ,
SZ,AD,
SZ,AO,
SZ,AG,
SZ,AR,
SZ,AM,
SZ,AU,
SZ,AT,
SZ,AZ,
SZ,BS,
SZ,BH,
SZ,BD,
SZ,BB,
SZ,BY,
SZ,BE,
SZ,BZ,
SZ,BJ,
SZ,BT,
SZ,BO,
SZ,BA,
SZ,BW,
SZ,BR,
SZ,BN,
SZ,BG,
SZ,BF,
SZ,BI,
SZ,KH,
SZ,CM,
SZ,CA,
SZ,CV,
SZ,CF,
SZ,TD,
SZ,CL,
SZ,CN,
SZ,CO,
SZ,KM,
SZ,CG,
SZ,CD,
SZ,CR,
SZ,CI,
SZ,HR,
SZ,CU,
SZ,CY,
SZ,CZ,
SZ,DK,
SZ,DJ,
SZ,DM,
SZ,DO,
SZ,EC,
SZ,EG,
SZ,SV,
SZ,GQ,
SZ,ER,
SZ,EE,
SZ,SZ,-1
SZ,ET,
SZ,FJ,
SZ,FI,
SZ,FR,
SZ,GA,
SZ,GM,
SZ,GE,
SZ,DE,
SZ,GH,
SZ,GR,
SZ,GD,
SZ,GT,
SZ,GN,
SZ,GW,
SZ,GY,
SZ,HT,
SZ,HN,
SZ,HK,
SZ,HU,
SZ,IS,
SZ,IN,
SZ,ID,
SZ,IR,
SZ,IQ,
SZ,IE,
SZ,IL,
SZ,IT,
SZ,JM,
SZ,JP,
SZ,JO,
SZ,KZ,
SZ,KE,
SZ,KI,
SZ,XK,
SZ,KW,
SZ,KG,
SZ,LA,
SZ,LV,
SZ,LB,
SZ,LS,
SZ,LR,
SZ,LY,
SZ,LI,
SZ,LT,
SZ,LU,
SZ,MO,
SZ,MG,
SZ,MW,
SZ,MY,
SZ,MV,
SZ,ML,
SZ,MT,
SZ,MH,
SZ,MR,
SZ,MU,
SZ,MX,
SZ,FM,
SZ,MD,
SZ,MC,
SZ,MN,
SZ,ME,
SZ,MA,
SZ,MZ,
SZ,MM,
SZ,NA,
SZ,NR,
SZ,NP,
SZ,NL,
SZ,NZ,
SZ,NI,
SZ,NE,
SZ,NG,
SZ,KP,
SZ,MK,
SZ,NO,
SZ,OM,
SZ,PK,
SZ,PW,
SZ,PS,
SZ,PA,
SZ,PG,
SZ,PY,
SZ,PE,
SZ,PH,
SZ,PL,
SZ,PT,
SZ,QA,
SZ,RO,
SZ,RU,
SZ,RW,
SZ,KN,
SZ,LC,
SZ,WS,
SZ,SM,
SZ,ST,
SZ,SA,
SZ,SN,
SZ,RS,
SZ,SC,
SZ,SL,
SZ,SG,
SZ,SK,
SZ,SI,
SZ,SB,
SZ,SO,
SZ,ZA,
SZ,KR,
SZ,SS,
SZ,ES,
SZ,LK,
SZ,VC,
SZ,SD,
SZ,SR,
SZ,SE,
SZ,CH,
SZ,SY,
SZ,TW,
SZ,TJ,
SZ,TZ,
SZ,TH,
SZ,TL,
SZ,TG,
SZ,TO,
SZ,TT,
SZ,TN,
SZ,TM,
SZ,TV,
SZ,TR,
SZ,UG,
SZ,UA,
SZ,AE,
SZ,GB,
SZ,US,
SZ,UY,
SZ,UZ,
SZ,VU,
SZ,VA,
SZ,VE,
SZ,VN,
SZ,YE,
SZ,ZM,
SZ,ZW,
SZ,AF,
ET,AL,
ET,DZ,
ET,AD,
ET,AO,
ET,AG,
ET,AR,
ET,AM,
ET,AU,
ET,AT,
ET,AZ,
ET,BS,
ET,BH,
ET,BD,
ET,BB,
ET,BY,
ET,BE,
ET,BZ,
ET,BJ,
ET,BT,
ET,BO,
ET,BA,
ET,BW,
ET,BR,
ET,BN,
ET,BG,
ET,BF,
ET,BI,
ET,KH,
ET,CM,
ET,CA,
ET,CV,
ET,CF,
ET,TD,
ET,CL,
ET,CN,
ET,CO,
ET,KM,
ET,CG,
ET,CD,
ET,CR,
ET,CI,
ET,HR,
ET,CU,
ET,CY,
ET,CZ,
ET,DK,
ET,DJ,
ET,DM,
ET,DO,
ET,EC,
ET,EG,
ET,SV,
ET,GQ,
ET,ER,
ET,EE,
ET,SZ,
ET,ET,-1
ET,FJ,
ET,FI,
ET,FR,
ET,GA,
ET,GM,
ET,GE,
ET,DE,
ET,GH,
ET,GR,
ET,GD,
ET,GT,
ET,GN,
ET,GW,
ET,GY,
ET,HT,
ET,HN,
ET,HK,
ET,HU,
ET,IS,
ET,IN,
ET,ID,
ET,IR,
ET,IQ,
ET,IE,
ET,IL,
ET,IT,
ET,JM,
ET,JP,
ET,JO,
ET,KZ,
ET,KE,
ET,KI,
ET,XK,
ET,KW,
ET,KG,
ET,LA,
ET,LV,
ET,LB,
ET,LS,
ET,LR,
ET,LY,
ET,LI,
ET,LT,
ET,LU,
ET,MO,
ET,MG,
ET,MW,
ET,MY,
ET,MV,
ET,ML,
ET,MT,
ET,MH,
ET,MR,
ET,MU,
ET,MX,
ET,FM,
ET,MD,
ET,MC,
ET,MN,
ET,ME,
ET,MA,
ET,MZ,
ET,MM,
ET,NA,
ET,NR,
ET,NP,
ET,NL,
ET,NZ,
ET,NI,
ET,NE,
ET,NG,
ET,KP,
ET,MK,
ET,NO,
ET,OM,
ET,PK,
ET,PW,
ET,PS,
ET,PA,
ET,PG,
ET,PY,
ET,PE,
ET,PH,
ET,PL,
ET,PT,
ET,QA,
ET,RO,
ET,RU,
ET,RW,
ET,KN,
ET,LC,
ET,WS,
ET,SM,
ET,ST,
ET,SA,
ET,SN,
ET,RS,
ET,SC,
ET,SL,
ET,SG,
ET,SK,
ET,SI,
ET,SB,
ET,SO,
ET,ZA,
ET,KR,
ET,SS,
ET,ES,
ET,LK,
ET,VC,
ET,SD,
ET,SR,
ET,SE,
ET,CH,
ET,SY,
ET,TW,
ET,TJ,
ET,TZ,
ET,TH,
ET,TL,
ET,TG,
ET,TO,
ET,TT,
ET,TN,
ET,TM,
ET,TV,
ET,TR,
ET,UG,
ET,UA,
ET,AE,
ET,GB,
ET,US,
ET,UY,
ET,UZ,
ET,VU,
ET,VA,
ET,VE,
ET,VN,
ET,YE,
ET,ZM,
ET,ZW,
ET,AF,
FJ,AL,
FJ,DZ,
FJ,AD,
FJ,AO,
FJ,AG,
FJ,AR,
FJ,AM,
FJ,AU,
FJ,AT,
FJ,AZ,
FJ,BS,
FJ,BH,
FJ,BD,
FJ,BB,
FJ,BY,
FJ,BE,
FJ,BZ,
FJ,BJ,
FJ,BT,
FJ,BO,
FJ,BA,
FJ,BW,
FJ,BR,
FJ,BN,
FJ,BG,
FJ,BF,
FJ,BI,
FJ,KH,
FJ,CM,
FJ,CA,
FJ,CV,
FJ,CF,
FJ,TD,
FJ,CL,
FJ,CN,
FJ,CO,
FJ,KM,
FJ,CG,
FJ,CD,
FJ,CR,
FJ,CI,
FJ,HR,
FJ,CU,
FJ,CY,
FJ,CZ,
FJ,DK,
FJ,DJ,
FJ,DM,
FJ,DO,
FJ,EC,
FJ,EG,
FJ,SV,
FJ,GQ,
FJ,ER,
FJ,EE,
FJ,SZ,
FJ,ET,
FJ,FJ,-1
FJ,FI,
FJ,FR,
FJ,GA,
FJ,GM,
FJ,GE,
FJ,DE,
FJ,GH,
FJ,GR,
FJ,GD,
FJ,GT,
FJ,GN,
FJ,GW,
FJ,GY,
FJ,HT,
FJ,HN,
FJ,HK,
FJ,HU,
FJ,IS,
FJ,IN,
FJ,ID,
FJ,IR,
FJ,IQ,
FJ,IE,
FJ,IL,
FJ,IT,
FJ,JM,
FJ,JP,
FJ,JO,
FJ,KZ,
FJ,KE,
FJ,KI,
FJ,XK,
FJ,KW,
FJ,KG,
FJ,LA,
FJ,LV,
FJ,LB,
FJ,LS,
FJ,LR,
FJ,LY,
FJ,LI,
FJ,LT,
FJ,LU,
FJ,MO,
FJ,MG,
FJ,MW,
FJ,MY,
FJ,MV,
FJ,ML,
FJ,MT,
FJ,MH,
FJ,MR,
FJ,MU,
FJ,MX,
FJ,FM,
FJ,MD,
FJ,MC,
FJ,MN,
FJ,ME,
FJ,MA,
FJ,MZ,
FJ,MM,
FJ,NA,
FJ,NR,
FJ,NP,
FJ,NL,
FJ,NZ,
FJ,NI,
FJ,NE,
FJ,NG,
FJ,KP,
FJ,MK,
FJ,NO,
FJ,OM,
FJ,PK,
FJ,PW,
FJ,PS,
FJ,PA,
FJ,PG,
FJ,PY,
FJ,PE,
FJ,PH,
FJ,PL,
FJ,PT,
FJ,QA,
FJ,RO,
FJ,RU,
FJ,RW,
FJ,KN,
FJ,LC,
FJ,WS,
FJ,SM,
FJ,ST,
FJ,SA,
FJ,SN,
FJ,RS,
FJ,SC,
FJ,SL,
FJ,SG,
FJ,SK,
FJ,SI,
FJ,SB,
FJ,SO,
FJ,ZA,
FJ,KR,
FJ,SS,
FJ,ES,
FJ,LK,
FJ,VC,
FJ,SD,
FJ,SR,
FJ,SE,
FJ,CH,
FJ,SY,
FJ,TW,
FJ,TJ,
FJ,TZ,
FJ,TH,
FJ,TL,
FJ,TG,
FJ,TO,
FJ,TT,
FJ,TN,
FJ,TM,
FJ,TV,
FJ,TR,
FJ,UG,
FJ,UA,
FJ,AE,
FJ,GB,
FJ,US,
FJ,UY,
FJ,UZ,
FJ,VU,
FJ,VA,
FJ,VE,
FJ,VN,
FJ,YE,
FJ,ZM,
FJ,ZW,
FJ,AF,
FI,AL,
FI,DZ,
FI,AD,
FI,AO,
FI,AG,
FI,AR,
FI,AM,
FI,AU,
FI,AT,
FI,AZ,
FI,BS,
FI,BH,
FI,BD,
FI,BB,
FI,BY,
FI,BE,
FI,BZ,
FI,BJ,
FI,BT,
FI,BO,
FI,BA,
FI,BW,
FI,BR,
FI,BN,
FI,BG,
FI,BF,
FI,BI,
FI,KH,
FI,CM,
FI,CA,
FI,CV,
FI,CF,
FI,TD,
FI,CL,
FI,CN,
FI,CO,
FI,KM,
FI,CG,
FI,CD,
FI,CR,
FI,CI,
FI,HR,
FI,CU,
FI,CY,
FI,CZ,
FI,DK,
FI,DJ,
FI,DM,
FI,DO,
FI,EC,
FI,EG,
FI,SV,
FI,GQ,
FI,ER,
FI,EE,
FI,SZ,
FI,ET,
FI,FJ,
FI,FI,-1
FI,FR,
FI,GA,
FI,GM,
FI,GE,
FI,DE,
FI,GH,
FI,GR,
FI,GD,
FI,GT,
FI,GN,
FI,GW,
FI,GY,
FI,HT,
FI,HN,
FI,HK,
FI,HU,
FI,IS,
FI,IN,
FI,ID,
FI,IR,
FI,IQ,
FI,IE,
FI,IL,
FI,IT,
FI,JM,
FI,JP,
FI,JO,
FI,KZ,
FI,KE,
FI,KI,
FI,XK,
FI,KW,
FI,KG,
FI,LA,
FI,LV,
FI,LB,
FI,LS,
FI,LR,
FI,LY,
FI,LI,
FI,LT,
FI,LU,
FI,MO,
FI,MG,
FI,MW,
FI,MY,
FI,MV,
FI,ML,
FI,MT,
FI,MH,
FI,MR,
FI,MU,
FI,MX,
FI,FM,
FI,MD,
FI,MC,
FI,MN,
FI,ME,
FI,MA,
FI,MZ,
FI,MM,
FI,NA,
FI,NR,
FI,NP,
FI,NL,
FI,NZ,
FI,NI,
FI,NE,
FI,NG,
FI,KP,
FI,MK,
FI,NO,
FI,OM,
FI,PK,
FI,PW,
FI,PS,
FI,PA,
FI,PG,
FI,PY,
FI,PE,
FI,PH,
FI,PL,
FI,PT,
FI,QA,
FI,RO,
FI,RU,
FI,RW,
FI,KN,
FI,LC,
FI,WS,
FI,SM,
FI,ST,
FI,SA,
FI,SN,
FI,RS,
FI,SC,
FI,SL,
FI,SG,
FI,SK,
FI,SI,
FI,SB,
FI,SO,
FI,ZA,
FI,KR,
FI,SS,
FI,ES,
FI,LK,
FI,VC,
FI,SD,
FI,SR,
FI,SE,
FI,CH,
FI,SY,
FI,TW,
FI,TJ,
FI,TZ,
FI,TH,
FI,TL,
FI,TG,
FI,TO,
FI,TT,
FI,TN,
FI,TM,
FI,TV,
FI,TR,
FI,UG,
FI,UA,
FI,AE,
FI,GB,
FI,US,
FI,UY,
FI,UZ,
FI,VU,
FI,VA,
FI,VE,
FI,VN,
FI,YE,
FI,ZM,
FI,ZW,
FI,AF,
FR,AL,
FR,DZ,
FR,AD,
FR,AO,
FR,AG,
FR,AR,
FR,AM,
FR,AU,
FR,AT,
FR,AZ,
FR,BS,
FR,BH,
FR,BD,
FR,BB,
FR,BY,
FR,BE,
FR,BZ,
FR,BJ,
FR,BT,
FR,BO,
FR,BA,
FR,BW,
FR,BR,
FR,BN,
FR,BG,
FR,BF,
FR,BI,
FR,KH,
FR,CM,
FR,CA,
FR,CV,
FR,CF,
FR,TD,
FR,CL,
FR,CN,
FR,CO,
FR,KM,
FR,CG,
FR,CD,
FR,CR,
FR,CI,
FR,HR,
FR,CU,
FR,CY,
FR,CZ,
FR,DK,
FR,DJ,
FR,DM,
FR,DO,
FR,EC,
FR,EG,
FR,SV,
FR,GQ,
FR,ER,
FR,EE,
FR,SZ,
FR,ET,
FR,FJ,
FR,FI,
FR,FR,-1
FR,GA,
FR,GM,
FR,GE,
FR,DE,
FR,GH,
FR,GR,
FR,GD,
FR,GT,
FR,GN,
FR,GW,
FR,GY,
FR,HT,
FR,HN,
FR,HK,
FR,HU,
FR,IS,
FR,IN,
FR,ID,
FR,IR,
FR,IQ,
FR,IE,
FR,IL,
FR,IT,
FR,JM,
FR,JP,
FR,JO,
FR,KZ,
FR,KE,
FR,KI,
FR,XK,
FR,KW,
FR,KG,
FR,LA,
FR,LV,
FR,LB,
FR,LS,
FR,LR,
FR,LY,
FR,LI,
FR,LT,
FR,LU,
FR,MO,
FR,MG,
FR,MW,
FR,MY,
FR,MV,
FR,ML,
FR,MT,
FR,MH,
FR,MR,
FR,MU,
FR,MX,
FR,FM,
FR,MD,
FR,MC,
FR,MN,
FR,ME,
FR,MA,
FR,MZ,
FR,MM,
FR,NA,
FR,NR,
FR,NP,
FR,NL,
FR,NZ,
FR,NI,
FR,NE,
FR,NG,
FR,KP,
FR,MK,
FR,NO,
FR,OM,
FR,PK,
FR,PW,
FR,PS,
FR,PA,
FR,PG,
FR,PY,
FR,PE,
FR,PH,
FR,PL,
FR,PT,
FR,QA,
FR,RO,
FR,RU,
FR,RW,
FR,KN,
FR,LC,
FR,WS,
FR,SM,
FR,ST,
FR,SA,
FR,SN,
FR,RS,
FR,SC,
FR,SL,
FR,SG,
FR,SK,
FR,SI,
FR,SB,
FR,SO,
FR,ZA,
FR,KR,
FR,SS,
FR,ES,
FR,LK,
FR,VC,
FR,SD,
FR,SR,
FR,SE,
FR,CH,
FR,SY,
FR,TW,
FR,TJ,
FR,TZ,
FR,TH,
FR,TL,
FR,TG,
FR,TO,
FR,TT,
FR,TN,
FR,TM,
FR,TV,
FR,TR,
FR,UG,
FR,UA,
FR,AE,
FR,GB,
FR,US,
FR,UY,
FR,UZ,
FR,VU,
FR,VA,
FR,VE,
FR,VN,
FR,YE,
FR,ZM,
FR,ZW,
FR,AF,
GA,AL,
GA,DZ,
GA,AD,
GA,AO,
GA,AG,
GA,AR,
GA,AM,
GA,AU,
GA,AT,
GA,AZ,
GA,BS,
GA,BH,
GA,BD,
GA,BB,
GA,BY,
GA,BE,
GA,BZ,
GA,BJ,
GA,BT,
GA,BO,
GA,BA,
GA,BW,
GA,BR,
GA,BN,
GA,BG,
GA,BF,
GA,BI,
GA,KH,
GA,CM,
GA,CA,
GA,CV,
GA,CF,
GA,TD,
GA,CL,
GA,CN,
GA,CO,
GA,KM,
GA,CG,
GA,CD,
GA,CR,
GA,CI,
GA,HR,
GA,CU,
GA,CY,
GA,CZ,
GA,DK,
GA,DJ,
GA,DM,
GA,DO,
GA,EC,
GA,EG,
GA,SV,
GA,GQ,
GA,ER,
GA,EE,
GA,SZ,
GA,ET,
GA,FJ,
GA,FI,
GA,FR,
GA,GA,-1
GA,GM,
GA,GE,
GA,DE,
GA,GH,
GA,GR,
GA,GD,
GA,GT,
GA,GN,
GA,GW,
GA,GY,
GA,HT,
GA,HN,
GA,HK,
GA,HU,
GA,IS,
GA,IN,
GA,ID,
GA,IR,
GA,IQ,
GA,IE,
GA,IL,
GA,IT,
GA,JM,
GA,JP,
GA,JO,
GA,KZ,
GA,KE,
GA,KI,
GA,XK,
GA,KW,
GA,KG,
GA,LA,
GA,LV,
GA,LB,
GA,LS,
GA,LR,
GA,LY,
GA,LI,
GA,LT,
GA,LU,
GA,MO,
GA,MG,
GA,MW,
GA,MY,
GA,MV,
GA,ML,
GA,MT,
GA,MH,
GA,MR,
GA,MU,
GA,MX,
GA,FM,
GA,MD,
GA,MC,
GA,MN,
GA,ME,
GA,MA,
GA,MZ,
GA,MM,
GA,NA,
GA,NR,
GA,NP,
GA,NL,
GA,NZ,
GA,NI,
GA,NE,
GA,NG,
GA,KP,
GA,MK,
GA,NO,
GA,OM,
GA,PK,
GA,PW,
GA,PS,
GA,PA,
GA,PG,
GA,PY,
GA,PE,
GA,PH,
GA,PL,
GA,PT,
GA,QA,
GA,RO,
GA,RU,
GA,RW,
GA,KN,
GA,LC,
GA,WS,
GA,SM,
GA,ST,
GA,SA,
GA,SN,
GA,RS,
GA,SC,
GA,SL,
GA,SG,
GA,SK,
GA,SI,
GA,SB,
GA,SO,
GA,ZA,
GA,KR,
GA,SS,
GA,ES,
GA,LK,
GA,VC,
GA,SD,
GA,SR,
GA,SE,
GA,CH,
GA,SY,
GA,TW,
GA,TJ,
GA,TZ,
GA,TH,
GA,TL,
GA,TG,
GA,TO,
GA,TT,
GA,TN,
GA,TM,
GA,TV,
GA,TR,
GA,UG,
GA,UA,
GA,AE,
GA,GB,
GA,US,
GA,UY,
GA,UZ,
GA,VU,
GA,VA,
GA,VE,
GA,VN,
GA,YE,
GA,ZM,
GA,ZW,
GA,AF,
GM,AL,
GM,DZ,
GM,AD,
GM,AO,
GM,AG,
GM,AR,
GM,AM,
GM,AU,
GM,AT,
GM,AZ,
GM,BS,
GM,BH,
GM,BD,
GM,BB,
GM,BY,
GM,BE,
GM,BZ,
GM,BJ,
GM,BT,
GM,BO,
GM,BA,
GM,BW,
GM,BR,
GM,BN,
GM,BG,
GM,BF,
GM,BI,
GM,KH,
GM,CM,
GM,CA,
GM,CV,
GM,CF,
GM,TD,
GM,CL,
GM,CN,
GM,CO,
GM,KM,
GM,CG,
GM,CD,
GM,CR,
GM,CI,
GM,HR,
GM,CU,
GM,CY,
GM,CZ,
GM,DK,
GM,DJ,
GM,DM,
GM,DO,
GM,EC,
GM,EG,
GM,SV,
GM,GQ,
GM,ER,
GM,EE,
GM,SZ,
GM,ET,
GM,FJ,
GM,FI,
GM,FR,
GM,GA,
GM,GM,-1
GM,GE,
GM,DE,
GM,GH,
GM,GR,
GM,GD,
GM,GT,
GM,GN,
GM,GW,
GM,GY,
GM,HT,
GM,HN,
GM,HK,
GM,HU,
GM,IS,
GM,IN,
GM,ID,
GM,IR,
GM,IQ,
GM,IE,
GM,IL,
GM,IT,
GM,JM,
GM,JP,
GM,JO,
GM,KZ,
GM,KE,
GM,KI,
GM,XK,
GM,KW,
GM,KG,
GM,LA,
GM,LV,
GM,LB,
GM,LS,
GM,LR,
GM,LY,
GM,LI,
GM,LT,
GM,LU,
GM,MO,
GM,MG,
GM,MW,
GM,MY,
GM,MV,
GM,ML,
GM,MT,
GM,MH,
GM,MR,
GM,MU,
GM,MX,
GM,FM,
GM,MD,
GM,MC,
GM,MN,
GM,ME,
GM,MA,
GM,MZ,
GM,MM,
GM,NA,
GM,NR,
GM,NP,
GM,NL,
GM,NZ,
GM,NI,
GM,NE,
GM,NG,
GM,KP,
GM,MK,
GM,NO,
GM,OM,
GM,PK,
GM,PW,
GM,PS,
GM,PA,
GM,PG,
GM,PY,
GM,PE,
GM,PH,
GM,PL,
GM,PT,
GM,QA,
GM,RO,
GM,RU,
GM,RW,
GM,KN,
GM,LC,
GM,WS,
GM,SM,
GM,ST,
GM,SA,
GM,SN,
GM,RS,
GM,SC,
GM,SL,
GM,SG,
GM,SK,
GM,SI,
GM,SB,
GM,SO,
GM,ZA,
GM,KR,
GM,SS,
GM,ES,
GM,LK,
GM,VC,
GM,SD,
GM,SR,
GM,SE,
GM,CH,
GM,SY,
GM,TW,
GM,TJ,
GM,TZ,
GM,TH,
GM,TL,
GM,TG,
GM,TO,
GM,TT,
GM,TN,
GM,TM,
GM,TV,
GM,TR,
GM,UG,
GM,UA,
GM,AE,
GM,GB,
GM,US,
GM,UY,
GM,UZ,
GM,VU,
GM,VA,
GM,VE,
GM,VN,
GM,YE,
GM,ZM,
GM,ZW,
GM,AF,
GE,AL,
GE,DZ,
GE,AD,
GE,AO,
GE,AG,
GE,AR,
GE,AM,
GE,AU,
GE,AT,
GE,AZ,
GE,BS,
GE,BH,
GE,BD,
GE,BB,
GE,BY,
GE,BE,
GE,BZ,
GE,BJ,
GE,BT,
GE,BO,
GE,BA,
GE,BW,
GE,BR,
GE,BN,
GE,BG,
GE,BF,
GE,BI,
GE,KH,
GE,CM,
GE,CA,
GE,CV,
GE,CF,
GE,TD,
GE,CL,
GE,CN,
GE,CO,
GE,KM,
GE,CG,
GE,CD,
GE,CR,
GE,CI,
GE,HR,
GE,CU,
GE,CY,
GE,CZ,
GE,DK,
GE,DJ,
GE,DM,
GE,DO,
GE,EC,
GE,EG,
GE,SV,
GE,GQ,
GE,ER,
GE,EE,
GE,SZ,
GE,ET,
GE,FJ,
GE,FI,
GE,FR,
GE,GA,
GE,GM,
GE,GE,-1
GE,DE,
GE,GH,
GE,GR,
GE,GD,
GE,GT,
GE,GN,
GE,GW,
GE,GY,
GE,HT,
GE,HN,
GE,HK,
GE,HU,
GE,IS,
GE,IN,
GE,ID,
GE,IR,
GE,IQ,
GE,IE,
GE,IL,
GE,IT,
GE,JM,
GE,JP,
GE,JO,
GE,KZ,
GE,KE,
GE,KI,
GE,XK,
GE,KW,
GE,KG,
GE,LA,
GE,LV,
GE,LB,
GE,LS,
GE,LR,
GE,LY,
GE,LI,
GE,LT,
GE,LU,
GE,MO,
GE,MG,
GE,MW,
GE,MY,
GE,MV,
GE,ML,
GE,MT,
GE,MH,
GE,MR,
GE,MU,
GE,MX,
GE,FM,
GE,MD,
GE,MC,
GE,MN,
GE,ME,
GE,MA,
GE,MZ,
GE,MM,
GE,NA,
GE,NR,
GE,NP,
GE,NL,
GE,NZ,
GE,NI,
GE,NE,
GE,NG,
GE,KP,
GE,MK,
GE,NO,
GE,OM,
GE,PK,
GE,PW,
GE,PS,
GE,PA,
GE,PG,
GE,PY,
GE,PE,
GE,PH,
GE,PL,
GE,PT,
GE,QA,
GE,RO,
GE,RU,
GE,RW,
GE,KN,
GE,LC,
GE,WS,
GE,SM,
GE,ST,
GE,SA,
GE,SN,
GE,RS,
GE,SC,
GE,SL,
GE,SG,
GE,SK,
GE,SI,
GE,SB,
GE,SO,
GE,ZA,
GE,KR,
GE,SS,
GE,ES,
GE,LK,
GE,VC,
GE,SD,
GE,SR,
GE,SE,
GE,CH,
GE,SY,
GE,TW,
GE,TJ,
GE,TZ,
GE,TH,
GE,TL,
GE,TG,
GE,TO,
GE,TT,
GE,TN,
GE,TM,
GE,TV,
GE,TR,
GE,UG,
GE,UA,
GE,AE,
GE,GB,
GE,US,
GE,UY,
GE,UZ,
GE,VU,
GE,VA,
GE,VE,
GE,VN,
GE,YE,
GE,ZM,
GE,ZW,
GE,AF,
DE,AL,
DE,DZ,
DE,AD,
DE,AO,
DE,AG,
DE,AR,
DE,AM,
DE,AU,
DE,AT,
DE,AZ,
DE,BS,
DE,BH,
DE,BD,
DE,BB,
DE,BY,
DE,BE,
DE,BZ,
DE,BJ,
DE,BT,
DE,BO,
DE,BA,
DE,BW,
DE,BR,
DE,BN,
DE,BG,
DE,BF,
DE,BI,
DE,KH,
DE,CM,
DE,CA,
DE,CV,
DE,CF,
DE,TD,
DE,CL,
DE,CN,
DE,CO,
DE,KM,
DE,CG,
DE,CD,
DE,CR,
DE,CI,
DE,HR,
DE,CU,
DE,CY,
DE,CZ,
DE,DK,
DE,DJ,
DE,DM,
DE,DO,
DE,EC,
DE,EG,
DE,SV,
DE,GQ,
DE,ER,
DE,EE,
DE,SZ,
DE,ET,
DE,FJ,
DE,FI,
DE,FR,
DE,GA,
DE,GM,
DE,GE,
DE,DE,-1
DE,GH,
DE,GR,
DE,GD,
DE,GT,
DE,GN,
DE,GW,
DE,GY,
DE,HT,
DE,HN,
DE,HK,
DE,HU,
DE,IS,
DE,IN,
DE,ID,
DE,IR,
DE,IQ,
DE,IE,
DE,IL,
DE,IT,
DE,JM,
DE,JP,
DE,JO,
DE,KZ,
DE,KE,
DE,KI,
DE,XK,
DE,KW,
DE,KG,
DE,LA,
DE,LV,
DE,LB,
DE,LS,
DE,LR,
DE,LY,
DE,LI,
DE,LT,
DE,LU,
DE,MO,
DE,MG,
DE,MW,
DE,MY,
DE,MV,
DE,ML,
DE,MT,
DE,MH,
DE,MR,
DE,MU,
DE,MX,
DE,FM,
DE,MD,
DE,MC,
DE,MN,
DE,ME,
DE,MA,
DE,MZ,
DE,MM,
DE,NA,
DE,NR,
DE,NP,
DE,NL,
DE,NZ,
DE,NI,
DE,NE,
DE,NG,
DE,KP,
DE,MK,
DE,NO,
DE,OM,
DE,PK,
DE,PW,
DE,PS,
DE,PA,
DE,PG,
DE,PY,
DE,PE,
DE,PH,
DE,PL,
DE,PT,
DE,QA,
DE,RO,
DE,RU,
DE,RW,
DE,KN,
DE,LC,
DE,WS,
DE,SM,
DE,ST,
DE,SA,
DE,SN,
DE,RS,
DE,SC,
DE,SL,
DE,SG,
DE,SK,
DE,SI,
DE,SB,
DE,SO,
DE,ZA,
DE,KR,
DE,SS,
DE,ES,
DE,LK,
DE,VC,
DE,SD,
DE,SR,
DE,SE,
DE,CH,
DE,SY,
DE,TW,
DE,TJ,
DE,TZ,
DE,TH,
DE,TL,
DE,TG,
DE,TO,
DE,TT,
DE,TN,
DE,TM,
DE,TV,
DE,TR,
DE,UG,
DE,UA,
DE,AE,
DE,GB,
DE,US,
DE,UY,
DE,UZ,
DE,VU,
DE,VA,
DE,VE,
DE,VN,
DE,YE,
DE,ZM,
DE,ZW,
DE,AF,
GH,AL,
GH,DZ,
GH,AD,
GH,AO,
GH,AG,
GH,AR,
GH,AM,
GH,AU,
GH,AT,
GH,AZ,
GH,BS,
GH,BH,
GH,BD,
GH,BB,
GH,BY,
GH,BE,
GH,BZ,
GH,BJ,
GH,BT,
GH,BO,
GH,BA,
GH,BW,
GH,BR,
GH,BN,
GH,BG,
GH,BF,
GH,BI,
GH,KH,
GH,CM,
GH,CA,
GH,CV,
GH,CF,
GH,TD,
GH,CL,
GH,CN,
GH,CO,
GH,KM,
GH,CG,
GH,CD,
GH,CR,
GH,CI,
GH,HR,
GH,CU,
GH,CY,
GH,CZ,
GH,DK,
GH,DJ,
GH,DM,
GH,DO,
GH,EC,
GH,EG,
GH,SV,
GH,GQ,
GH,ER,
GH,EE,
GH,SZ,
GH,ET,
GH,FJ,
GH,FI,
GH,FR,
GH,GA,
GH,GM,
GH,GE,
GH,DE,
GH,GH,-1
GH,GR,
GH,GD,
GH,GT,
GH,GN,
GH,GW,
GH,GY,
GH,HT,
GH,HN,
GH,HK,
GH,HU,
GH,IS,
GH,IN,
GH,ID,
GH,IR,
GH,IQ,
GH,IE,
GH,IL,
GH,IT,
GH,JM,
GH,JP,
GH,JO,
GH,KZ,
GH,KE,
GH,KI,
GH,XK,
GH,KW,
GH,KG,
GH,LA,
GH,LV,
GH,LB,
GH,LS,
GH,LR,
GH,LY,
GH,LI,
GH,LT,
GH,LU,
GH,MO,
GH,MG,
GH,MW,
GH,MY,
GH,MV,
GH,ML,
GH,MT,
GH,MH,
GH,MR,
GH,MU,
GH,MX,
GH,FM,
GH,MD,
GH,MC,
GH,MN,
GH,ME,
GH,MA,
GH,MZ,
GH,MM,
GH,NA,
GH,NR,
GH,NP,
GH,NL,
GH,NZ,
GH,NI,
GH,NE,
GH,NG,
GH,KP,
GH,MK,
GH,NO,
GH,OM,
GH,PK,
GH,PW,
GH,PS,
GH,PA,
GH,PG,
GH,PY,
GH,PE,
GH,PH,
GH,PL,
GH,PT,
GH,QA,
GH,RO,
GH,RU,
GH,RW,
GH,KN,
GH,LC,
GH,WS,
GH,SM,
GH,ST,
GH,SA,
GH,SN,
GH,RS,
GH,SC,
GH,SL,
GH,SG,
GH,SK,
GH,SI,
GH,SB,
GH,SO,
GH,ZA,
GH,KR,
GH,SS,
GH,ES,
GH,LK,
GH,VC,
GH,SD,
GH,SR,
GH,SE,
GH,CH,
GH,SY,
GH,TW,
GH,TJ,
GH,TZ,
GH,TH,
GH,TL,
GH,TG,
GH,TO,
GH,TT,
GH,TN,
GH,TM,
GH,TV,
GH,TR,
GH,UG,
GH,UA,
GH,AE,
GH,GB,
GH,US,
GH,UY,
GH,UZ,
GH,VU,
GH,VA,
GH,VE,
GH,VN,
GH,YE,
GH,ZM,
GH,ZW,
GH,AF,
GR,AL,
GR,DZ,
GR,AD,
GR,AO,
GR,AG,
GR,AR,
GR,AM,
GR,AU,
GR,AT,
GR,AZ,
GR,BS,
GR,BH,
GR,BD,
GR,BB,
GR,BY,
GR,BE,
GR,BZ,
GR,BJ,
GR,BT,
GR,BO,
GR,BA,
GR,BW,
GR,BR,
GR,BN,
GR,BG,
GR,BF,
GR,BI,
GR,KH,
GR,CM,
GR,CA,
GR,CV,
GR,CF,
GR,TD,
GR,CL,
GR,CN,
GR,CO,
GR,KM,
GR,CG,
GR,CD,
GR,CR,
GR,CI,
GR,HR,
GR,CU,
GR,CY,
GR,CZ,
GR,DK,
GR,DJ,
GR,DM,
GR,DO,
GR,EC,
GR,EG,
GR,SV,
GR,GQ,
GR,ER,
GR,EE,
GR,SZ,
GR,ET,
GR,FJ,
GR,FI,
GR,FR,
GR,GA,
GR,GM,
GR,GE,
GR,DE,
GR,GH,
GR,GR,-1
GR,GD,
GR,GT,
GR,GN,
GR,GW,
GR,GY,
GR,HT,
GR,HN,
GR,HK,
GR,HU,
GR,IS,
GR,IN,
GR,ID,
GR,IR,
GR,IQ,
GR,IE,
GR,IL,
GR,IT,
GR,JM,
GR,JP,
GR,JO,
GR,KZ,
GR,KE,
GR,KI,
GR,XK,
GR,KW,
GR,KG,
GR,LA,
GR,LV,
GR,LB,
GR,LS,
GR,LR,
GR,LY,
GR,LI,
GR,LT,
GR,LU,
GR,MO,
GR,MG,
GR,MW,
GR,MY,
GR,MV,
GR,ML,
GR,MT,
GR,MH,
GR,MR,
GR,MU,
GR,MX,
GR,FM,
GR,MD,
GR,MC,
GR,MN,
GR,ME,
GR,MA,
GR,MZ,
GR,MM,
GR,NA,
GR,NR,
GR,NP,
GR,NL,
GR,NZ,
GR,NI,
GR,NE,
GR,NG,
GR,KP,
GR,MK,
GR,NO,
GR,OM,
GR,PK,
GR,PW,
GR,PS,
GR,PA,
GR,PG,
GR,PY,
GR,PE,
GR,PH,
GR,PL,
GR,PT,
GR,QA,
GR,RO,
GR,RU,
GR,RW,
GR,KN,
GR,LC,
GR,WS,
GR,SM,
GR,ST,
GR,SA,
GR,SN,
GR,RS,
GR,SC,
GR,SL,
GR,SG,
GR,SK,
GR,SI,
GR,SB,
GR,SO,
GR,ZA,
GR,KR,
GR,SS,
GR,ES,
GR,LK,
GR,VC,
GR,SD,
GR,SR,
GR,SE,
GR,CH,
GR,SY,
GR,TW,
GR,TJ,
GR,TZ,
GR,TH,
GR,TL,
GR,TG,
GR,TO,
GR,TT,
GR,TN,
GR,TM,
GR,TV,
GR,TR,
GR,UG,
GR,UA,
GR,AE,
GR,GB,
GR,US,
GR,UY,
GR,UZ,
GR,VU,
GR,VA,
GR,VE,
GR,VN,
GR,YE,
GR,ZM,
GR,ZW,
GR,AF,
GD,AL,
GD,DZ,
GD,AD,
GD,AO,
GD,AG,
GD,AR,
GD,AM,
GD,AU,
GD,AT,
GD,AZ,
GD,BS,
GD,BH,
GD,BD,
GD,BB,
GD,BY,
GD,BE,
GD,BZ,
GD,BJ,
GD,BT,
GD,BO,
GD,BA,
GD,BW,
GD,BR,
GD,BN,
GD,BG,
GD,BF,
GD,BI,
GD,KH,
GD,CM,
GD,CA,
GD,CV,
GD,CF,
GD,TD,
GD,CL,
GD,CN,
GD,CO,
GD,KM,
GD,CG,
GD,CD,
GD,CR,
GD,CI,
GD,HR,
GD,CU,
GD,CY,
GD,CZ,
GD,DK,
GD,DJ,
GD,DM,
GD,DO,
GD,EC,
GD,EG,
GD,SV,
GD,GQ,
GD,ER,
GD,EE,
GD,SZ,
GD,ET,
GD,FJ,
GD,FI,
GD,FR,
GD,GA,
GD,GM,
GD,GE,
GD,DE,
GD,GH,
GD,GR,
GD,GD,-1
GD,GT,
GD,GN,
GD,GW,
GD,GY,
GD,HT,
GD,HN,
GD,HK,
GD,HU,
GD,IS,
GD,IN,
GD,ID,
GD,IR,
GD,IQ,
GD,IE,
GD,IL,
GD,IT,
GD,JM,
GD,JP,
GD,JO,
GD,KZ,
GD,KE,
GD,KI,
GD,XK,
GD,KW,
GD,KG,
GD,LA,
GD,LV,
GD,LB,
GD,LS,
GD,LR,
GD,LY,
GD,LI,
GD,LT,
GD,LU,
GD,MO,
GD,MG,
GD,MW,
GD,MY,
GD,MV,
GD,ML,
GD,MT,
GD,MH,
GD,MR,
GD,MU,
GD,MX,
GD,FM,
GD,MD,
GD,MC,
GD,MN,
GD,ME,
GD,MA,
GD,MZ,
GD,MM,
GD,NA,
GD,NR,
GD,NP,
GD,NL,
GD,NZ,
GD,NI,
GD,NE,
GD,NG,
GD,KP,
GD,MK,
GD,NO,
GD,OM,
GD,PK,
GD,PW,
GD,PS,
GD,PA,
GD,PG,
GD,PY,
GD,PE,
GD,PH,
GD,PL,
GD,PT,
GD,QA,
GD,RO,
GD,RU,
GD,RW,
GD,KN,
GD,LC,
GD,WS,
GD,SM,
GD,ST,
GD,SA,
GD,SN,
GD,RS,
GD,SC,
GD,SL,
GD,SG,
GD,SK,
GD,SI,
GD,SB,
GD,SO,
GD,ZA,
GD,KR,
GD,SS,
GD,ES,
GD,LK,
GD,VC,
GD,SD,
GD,SR,
GD,SE,
GD,CH,
GD,SY,
GD,TW,
GD,TJ,
GD,TZ,
GD,TH,
GD,TL,
GD,TG,
GD,TO,
GD,TT,
GD,TN,
GD,TM,
GD,TV,
GD,TR,
GD,UG,
GD,UA,
GD,AE,
GD,GB,
GD,US,
GD,UY,
GD,UZ,
GD,VU,
GD,VA,
GD,VE,
GD,VN,
GD,YE,
GD,ZM,
GD,ZW,
GD,AF,
GT,AL,
GT,DZ,
GT,AD,
GT,AO,
GT,AG,
GT,AR,
GT,AM,
GT,AU,
GT,AT,
GT,AZ,
GT,BS,
GT,BH,
GT,BD,
GT,BB,
GT,BY,
GT,BE,
GT,BZ,
GT,BJ,
GT,BT,
GT,BO,
GT,BA,
GT,BW,
GT,BR,
GT,BN,
GT,BG,
GT,BF,
GT,BI,
GT,KH,
GT,CM,
GT,CA,
GT,CV,
GT,CF,
GT,TD,
GT,CL,
GT,CN,
GT,CO,
GT,KM,
GT,CG,
GT,CD,
GT,CR,
GT,CI,
GT,HR,
GT,CU,
GT,CY,
GT,CZ,
GT,DK,
GT,DJ,
GT,DM,
GT,DO,
GT,EC,
GT,EG,
GT,SV,
GT,GQ,
GT,ER,
GT,EE,
GT,SZ,
GT,ET,
GT,FJ,
GT,FI,
GT,FR,
GT,GA,
GT,GM,
GT,GE,
GT,DE,
GT,GH,
GT,GR,
GT,GD,
GT,GT,-1
GT,GN,
GT,GW,
GT,GY,
GT,HT,
GT,HN,
GT,HK,
GT,HU,
GT,IS,
GT,IN,
GT,ID,
GT,IR,
GT,IQ,
GT,IE,
GT,IL,
GT,IT,
GT,JM,
GT,JP,
GT,JO,
GT,KZ,
GT,KE,
GT,KI,
GT,XK,
GT,KW,
GT,KG,
GT,LA,
GT,LV,
GT,LB,
GT,LS,
GT,LR,
GT,LY,
GT,LI,
GT,LT,
GT,LU,
GT,MO,
GT,MG,
GT,MW,
GT,MY,
GT,MV,
GT,ML,
GT,MT,
GT,MH,
GT,MR,
GT,MU,
GT,MX,
GT,FM,
GT,MD,
GT,MC,
GT,MN,
GT,ME,
GT,MA,
GT,MZ,
GT,MM,
GT,NA,
GT,NR,
GT,NP,
GT,NL,
GT,NZ,
GT,NI,
GT,NE,
GT,NG,
GT,KP,
GT,MK,
GT,NO,
GT,OM,
GT,PK,
GT,PW,
GT,PS,
GT,PA,
GT,PG,
GT,PY,
GT,PE,
GT,PH,
GT,PL,
GT,PT,
GT,QA,
GT,RO,
GT,RU,
GT,RW,
GT,KN,
GT,LC,
GT,WS,
GT,SM,
GT,ST,
GT,SA,
GT,SN,
GT,RS,
GT,SC,
GT,SL,
GT,SG,
GT,SK,
GT,SI,
GT,SB,
GT,SO,
GT,ZA,
GT,KR,
GT,SS,
GT,ES,
GT,LK,
GT,VC,
GT,SD,
GT,SR,
GT,SE,
GT,CH,
GT,SY,
GT,TW,
GT,TJ,
GT,TZ,
GT,TH,
GT,TL,
GT,TG,
GT,TO,
GT,TT,
GT,TN,
GT,TM,
GT,TV,
GT,TR,
GT,UG,
GT,UA,
GT,AE,
GT,GB,
GT,US,
GT,UY,
GT,UZ,
GT,VU,
GT,VA,
GT,VE,
GT,VN,
GT,YE,
GT,ZM,
GT,ZW,
GT,AF,
GN,AL,
GN,DZ,
GN,AD,
GN,AO,
GN,AG,
GN,AR,
GN,AM,
GN,AU,
GN,AT,
GN,AZ,
GN,BS,
GN,BH,
GN,BD,
GN,BB,
GN,BY,
GN,BE,
GN,BZ,
GN,BJ,
GN,BT,
GN,BO,
GN,BA,
GN,BW,
GN,BR,
GN,BN,
GN,BG,
GN,BF,
GN,BI,
GN,KH,
GN,CM,
GN,CA,
GN,CV,
GN,CF,
GN,TD,
GN,CL,
GN,CN,
GN,CO,
GN,KM,
GN,CG,
GN,CD,
GN,CR,
GN,CI,
GN,HR,
GN,CU,
GN,CY,
GN,CZ,
GN,DK,
GN,DJ,
GN,DM,
GN,DO,
GN,EC,
GN,EG,
GN,SV,
GN,GQ,
GN,ER,
GN,EE,
GN,SZ,
GN,ET,
GN,FJ,
GN,FI,
GN,FR,
GN,GA,
GN,GM,
GN,GE,
GN,DE,
GN,GH,
GN,GR,
GN,GD,
GN,GT,
GN,GN,-1
GN,GW,
GN,GY,
GN,HT,
GN,HN,
GN,HK,
GN,HU,
GN,IS,
GN,IN,
GN,ID,
GN,IR,
GN,IQ,
GN,IE,
GN,IL,
GN,IT,
GN,JM,
GN,JP,
GN,JO,
GN,KZ,
GN,KE,
GN,KI,
GN,XK,
GN,KW,
GN,KG,
GN,LA,
GN,LV,
GN,LB,
GN,LS,
GN,LR,
GN,LY,
GN,LI,
GN,LT,
GN,LU,
GN,MO,
GN,MG,
GN,MW,
GN,MY,
GN,MV,
GN,ML,
GN,MT,
GN,MH,
GN,MR,
GN,MU,
GN,MX,
GN,FM,
GN,MD,
GN,MC,
GN,MN,
GN,ME,
GN,MA,
GN,MZ,
GN,MM,
GN,NA,
GN,NR,
GN,NP,
GN,NL,
GN,NZ,
GN,NI,
GN,NE,
GN,NG,
GN,KP,
GN,MK,
GN,NO,
GN,OM,
GN,PK,
GN,PW,
GN,PS,
GN,PA,
GN,PG,
GN,PY,
GN,PE,
GN,PH,
GN,PL,
GN,PT,
GN,QA,
GN,RO,
GN,RU,
GN,RW,
GN,KN,
GN,LC,
GN,WS,
GN,SM,
GN,ST,
GN,SA,
GN,SN,
GN,RS,
GN,SC,
GN,SL,
GN,SG,
GN,SK,
GN,SI,
GN,SB,
GN,SO,
GN,ZA,
GN,KR,
GN,SS,
GN,ES,
GN,LK,
GN,VC,
GN,SD,
GN,SR,
GN,SE,
GN,CH,
GN,SY,
GN,TW,
GN,TJ,
GN,TZ,
GN,TH,
GN,TL,
GN,TG,
GN,TO,
GN,TT,
GN,TN,
GN,TM,
GN,TV,
GN,TR,
GN,UG,
GN,UA,
GN,AE,
GN,GB,
GN,US,
GN,UY,
GN,UZ,
GN,VU,
GN,VA,
GN,VE,
GN,VN,
GN,YE,
GN,ZM,
GN,ZW,
GN,AF,
GW,AL,
GW,DZ,
GW,AD,
GW,AO,
GW,AG,
GW,AR,
GW,AM,
GW,AU,
GW,AT,
GW,AZ,
GW,BS,
GW,BH,
GW,BD,
GW,BB,
GW,BY,
GW,BE,
GW,BZ,
GW,BJ,
GW,BT,
GW,BO,
GW,BA,
GW,BW,
GW,BR,
GW,BN,
GW,BG,
GW,BF,
GW,BI,
GW,KH,
GW,CM,
GW,CA,
GW,CV,
GW,CF,
GW,TD,
GW,CL,
GW,CN,
GW,CO,
GW,KM,
GW,CG,
GW,CD,
GW,CR,
GW,CI,
GW,HR,
GW,CU,
GW,CY,
GW,CZ,
GW,DK,
GW,DJ,
GW,DM,
GW,DO,
GW,EC,
GW,EG,
GW,SV,
GW,GQ,
GW,ER,
GW,EE,
GW,SZ,
GW,ET,
GW,FJ,
GW,FI,
GW,FR,
GW,GA,
GW,GM,
GW,GE,
GW,DE,
GW,GH,
GW,GR,
GW,GD,
GW,GT,
GW,GN,
GW,GW,-1
GW,GY,
GW,HT,
GW,HN,
GW,HK,
GW,HU,
GW,IS,
GW,IN,
GW,ID,
GW,IR,
GW,IQ,
GW,IE,
GW,IL,
GW,IT,
GW,JM,
GW,JP,
GW,JO,
GW,KZ,
GW,KE,
GW,KI,
GW,XK,
GW,KW,
GW,KG,
GW,LA,
GW,LV,
GW,LB,
GW,LS,
GW,LR,
GW,LY,
GW,LI,
GW,LT,
GW,LU,
GW,MO,
GW,MG,
GW,MW,
GW,MY,
GW,MV,
GW,ML,
GW,MT,
GW,MH,
GW,MR,
GW,MU,
GW,MX,
GW,FM,
GW,MD,
GW,MC,
GW,MN,
GW,ME,
GW,MA,
GW,MZ,
GW,MM,
GW,NA,
GW,NR,
GW,NP,
GW,NL,
GW,NZ,
GW,NI,
GW,NE,
GW,NG,
GW,KP,
GW,MK,
GW,NO,
GW,OM,
GW,PK,
GW,PW,
GW,PS,
GW,PA,
GW,PG,
GW,PY,
GW,PE,
GW,PH,
GW,PL,
GW,PT,
GW,QA,
GW,RO,
GW,RU,
GW,RW,
GW,KN,
GW,LC,
GW,WS,
GW,SM,
GW,ST,
GW,SA,
GW,SN,
GW,RS,
GW,SC,
GW,SL,
GW,SG,
GW,SK,
GW,SI,
GW,SB,
GW,SO,
GW,ZA,
GW,KR,
GW,SS,
GW,ES,
GW,LK,
GW,VC,
GW,SD,
GW,SR,
GW,SE,
GW,CH,
GW,SY,
GW,TW,
GW,TJ,
GW,TZ,
GW,TH,
GW,TL,
GW,TG,
GW,TO,
GW,TT,
GW,TN,
GW,TM,
GW,TV,
GW,TR,
GW,UG,
GW,UA,
GW,AE,
GW,GB,
GW,US,
GW,UY,
GW,UZ,
GW,VU,
GW,VA,
GW,VE,
GW,VN,
GW,YE,
GW,ZM,
GW,ZW,
GW,AF,
GY,AL,
GY,DZ,
GY,AD,
GY,AO,
GY,AG,
GY,AR,
GY,AM,
GY,AU,
GY,AT,
GY,AZ,
GY,BS,
GY,BH,
GY,BD,
GY,BB,
GY,BY,
GY,BE,
GY,BZ,
GY,BJ,
GY,BT,
GY,BO,
GY,BA,
GY,BW,
GY,BR,
GY,BN,
GY,BG,
GY,BF,
GY,BI,
GY,KH,
GY,CM,
GY,CA,
GY,CV,
GY,CF,
GY,TD,
GY,CL,
GY,CN,
GY,CO,
GY,KM,
GY,CG,
GY,CD,
GY,CR,
GY,CI,
GY,HR,
GY,CU,
GY,CY,
GY,CZ,
GY,DK,
GY,DJ,
GY,DM,
GY,DO,
GY,EC,
GY,EG,
GY,SV,
GY,GQ,
GY,ER,
GY,EE,
GY,SZ,
GY,ET,
GY,FJ,
GY,FI,
GY,FR,
GY,GA,
GY,GM,
GY,GE,
GY,DE,
GY,GH,
GY,GR,
GY,GD,
GY,GT,
GY,GN,
GY,GW,
GY,GY,-1
GY,HT,
GY,HN,
GY,HK,
GY,HU,
GY,IS,
GY,IN,
GY,ID,
GY,IR,
GY,IQ,
GY,IE,
GY,IL,
GY,IT,
GY,JM,
GY,JP,
GY,JO,
GY,KZ,
GY,KE,
GY,KI,
GY,XK,
GY,KW,
GY,KG,
GY,LA,
GY,LV,
GY,LB,
GY,LS,
GY,LR,
GY,LY,
GY,LI,
GY,LT,
GY,LU,
GY,MO,
GY,MG,
GY,MW,
GY,MY,
GY,MV,
GY,ML,
GY,MT,
GY,MH,
GY,MR,
GY,MU,
GY,MX,
GY,FM,
GY,MD,
GY,MC,
GY,MN,
GY,ME,
GY,MA,
GY,MZ,
GY,MM,
GY,NA,
GY,NR,
GY,NP,
GY,NL,
GY,NZ,
GY,NI,
GY,NE,
GY,NG,
GY,KP,
GY,MK,
GY,NO,
GY,OM,
GY,PK,
GY,PW,
GY,PS,
GY,PA,
GY,PG,
GY,PY,
GY,PE,
GY,PH,
GY,PL,
GY,PT,
GY,QA,
GY,RO,
GY,RU,
GY,RW,
GY,KN,
GY,LC,
GY,WS,
GY,SM,
GY,ST,
GY,SA,
GY,SN,
GY,RS,
GY,SC,
GY,SL,
GY,SG,
GY,SK,
GY,SI,
GY,SB,
GY,SO,
GY,ZA,
GY,KR,
GY,SS,
GY,ES,
GY,LK,
GY,VC,
GY,SD,
GY,SR,
GY,SE,
GY,CH,
GY,SY,
GY,TW,
GY,TJ,
GY,TZ,
GY,TH,
GY,TL,
GY,TG,
GY,TO,
GY,TT,
GY,TN,
GY,TM,
GY,TV,
GY,TR,
GY,UG,
GY,UA,
GY,AE,
GY,GB,
GY,US,
GY,UY,
GY,UZ,
GY,VU,
GY,VA,
GY,VE,
GY,VN,
GY,YE,
GY,ZM,
GY,ZW,
GY,AF,
HT,AL,
HT,DZ,
HT,AD,
HT,AO,
HT,AG,
HT,AR,
HT,AM,
HT,AU,
HT,AT,
HT,AZ,
HT,BS,
HT,BH,
HT,BD,
HT,BB,
HT,BY,
HT,BE,
HT,BZ,
HT,BJ,
HT,BT,
HT,BO,
HT,BA,
HT,BW,
HT,BR,
HT,BN,
HT,BG,
HT,BF,
HT,BI,
HT,KH,
HT,CM,
HT,CA,
HT,CV,
HT,CF,
HT,TD,
HT,CL,
HT,CN,
HT,CO,
HT,KM,
HT,CG,
HT,CD,
HT,CR,
HT,CI,
HT,HR,
HT,CU,
HT,CY,
HT,CZ,
HT,DK,
HT,DJ,
HT,DM,
HT,DO,
HT,EC,
HT,EG,
HT,SV,
HT,GQ,
HT,ER,
HT,EE,
HT,SZ,
HT,ET,
HT,FJ,
HT,FI,
HT,FR,
HT,GA,
HT,GM,
HT,GE,
HT,DE,
HT,GH,
HT,GR,
HT,GD,
HT,GT,
HT,GN,
HT,GW,
HT,GY,
HT,HT,-1
HT,HN,
HT,HK,
HT,HU,
HT,IS,
HT,IN,
HT,ID,
HT,IR,
HT,IQ,
HT,IE,
HT,IL,
HT,IT,
HT,JM,
HT,JP,
HT,JO,
HT,KZ,
HT,KE,
HT,KI,
HT,XK,
HT,KW,
HT,KG,
HT,LA,
HT,LV,
HT,LB,
HT,LS,
HT,LR,
HT,LY,
HT,LI,
HT,LT,
HT,LU,
HT,MO,
HT,MG,
HT,MW,
HT,MY,
HT,MV,
HT,ML,
HT,MT,
HT,MH,
HT,MR,
HT,MU,
HT,MX,
HT,FM,
HT,MD,
HT,MC,
HT,MN,
HT,ME,
HT,MA,
HT,MZ,
HT,MM,
HT,NA,
HT,NR,
HT,NP,
HT,NL,
HT,NZ,
HT,NI,
HT,NE,
HT,NG,
HT,KP,
HT,MK,
HT,NO,
HT,OM,
HT,PK,
HT,PW,
HT,PS,
HT,PA,
HT,PG,
HT,PY,
HT,PE,
HT,PH,
HT,PL,
HT,PT,
HT,QA,
HT,RO,
HT,RU,
HT,RW,
HT,KN,
HT,LC,
HT,WS,
HT,SM,
HT,ST,
HT,SA,
HT,SN,
HT,RS,
HT,SC,
HT,SL,
HT,SG,
HT,SK,
HT,SI,
HT,SB,
HT,SO,
HT,ZA,
HT,KR,
HT,SS,
HT,ES,
HT,LK,
HT,VC,
HT,SD,
HT,SR,
HT,SE,
HT,CH,
HT,SY,
HT,TW,
HT,TJ,
HT,TZ,
HT,TH,
HT,TL,
HT,TG,
HT,TO,
HT,TT,
HT,TN,
HT,TM,
HT,TV,
HT,TR,
HT,UG,
HT,UA,
HT,AE,
HT,GB,
HT,US,
HT,UY,
HT,UZ,
HT,VU,
HT,VA,
HT,VE,
HT,VN,
HT,YE,
HT,ZM,
HT,ZW,
HT,AF,
HN,AL,
HN,DZ,
HN,AD,
HN,AO,
HN,AG,
HN,AR,
HN,AM,
HN,AU,
HN,AT,
HN,AZ,
HN,BS,
HN,BH,
HN,BD,
HN,BB,
HN,BY,
HN,BE,
HN,BZ,
HN,BJ,
HN,BT,
HN,BO,
HN,BA,
HN,BW,
HN,BR,
HN,BN,
HN,BG,
HN,BF,
HN,BI,
HN,KH,
HN,CM,
HN,CA,
HN,CV,
HN,CF,
HN,TD,
HN,CL,
HN,CN,
HN,CO,
HN,KM,
HN,CG,
HN,CD,
HN,CR,
HN,CI,
HN,HR,
HN,CU,
HN,CY,
HN,CZ,
HN,DK,
HN,DJ,
HN,DM,
HN,DO,
HN,EC,
HN,EG,
HN,SV,
HN,GQ,
HN,ER,
HN,EE,
HN,SZ,
HN,ET,
HN,FJ,
HN,FI,
HN,FR,
HN,GA,
HN,GM,
HN,GE,
HN,DE,
HN,GH,
HN,GR,
HN,GD,
HN,GT,
HN,GN,
HN,GW,
HN,GY,
HN,HT,
HN,HN,-1
HN,HK,
HN,HU,
HN,IS,
HN,IN,
HN,ID,
HN,IR,
HN,IQ,
HN,IE,
HN,IL,
HN,IT,
HN,JM,
HN,JP,
HN,JO,
HN,KZ,
HN,KE,
HN,KI,
HN,XK,
HN,KW,
HN,KG,
HN,LA,
HN,LV,
HN,LB,
HN,LS,
HN,LR,
HN,LY,
HN,LI,
HN,LT,
HN,LU,
HN,MO,
HN,MG,
HN,MW,
HN,MY,
HN,MV,
HN,ML,
HN,MT,
HN,MH,
HN,MR,
HN,MU,
HN,MX,
HN,FM,
HN,MD,
HN,MC,
HN,MN,
HN,ME,
HN,MA,
HN,MZ,
HN,MM,
HN,NA,
HN,NR,
HN,NP,
HN,NL,
HN,NZ,
HN,NI,
HN,NE,
HN,NG,
HN,KP,
HN,MK,
HN,NO,
HN,OM,
HN,PK,
HN,PW,
HN,PS,
HN,PA,
HN,PG,
HN,PY,
HN,PE,
HN,PH,
HN,PL,
HN,PT,
HN,QA,
HN,RO,
HN,RU,
HN,RW,
HN,KN,
HN,LC,
HN,WS,
HN,SM,
HN,ST,
HN,SA,
HN,SN,
HN,RS,
HN,SC,
HN,SL,
HN,SG,
HN,SK,
HN,SI,
HN,SB,
HN,SO,
HN,ZA,
HN,KR,
HN,SS,
HN,ES,
HN,LK,
HN,VC,
HN,SD,
HN,SR,
HN,SE,
HN,CH,
HN,SY,
HN,TW,
HN,TJ,
HN,TZ,
HN,TH,
HN,TL,
HN,TG,
HN,TO,
HN,TT,
HN,TN,
HN,TM,
HN,TV,
HN,TR,
HN,UG,
HN,UA,
HN,AE,
HN,GB,
HN,US,
HN,UY,
HN,UZ,
HN,VU,
HN,VA,
HN,VE,
HN,VN,
HN,YE,
HN,ZM,
HN,ZW,
HN,AF,
HK,AL,
HK,DZ,
HK,AD,
HK,AO,
HK,AG,
HK,AR,
HK,AM,
HK,AU,
HK,AT,
HK,AZ,
HK,BS,
HK,BH,
HK,BD,
HK,BB,
HK,BY,
HK,BE,
HK,BZ,
HK,BJ,
HK,BT,
HK,BO,
HK,BA,
HK,BW,
HK,BR,
HK,BN,
HK,BG,
HK,BF,
HK,BI,
HK,KH,
HK,CM,
HK,CA,
HK,CV,
HK,CF,
HK,TD,
HK,CL,
HK,CN,
HK,CO,
HK,KM,
HK,CG,
HK,CD,
HK,CR,
HK,CI,
HK,HR,
HK,CU,
HK,CY,
HK,CZ,
HK,DK,
HK,DJ,
HK,DM,
HK,DO,
HK,EC,
HK,EG,
HK,SV,
HK,GQ,
HK,ER,
HK,EE,
HK,SZ,
HK,ET,
HK,FJ,
HK,FI,
HK,FR,
HK,GA,
HK,GM,
HK,GE,
HK,DE,
HK,GH,
HK,GR,
HK,GD,
HK,GT,
HK,GN,
HK,GW,
HK,GY,
HK,HT,
HK,HN,
HK,HK,-1
HK,HU,
HK,IS,
HK,IN,
HK,ID,
HK,IR,
HK,IQ,
HK,IE,
HK,IL,
HK,IT,
HK,JM,
HK,JP,
HK,JO,
HK,KZ,
HK,KE,
HK,KI,
HK,XK,
HK,KW,
HK,KG,
HK,LA,
HK,LV,
HK,LB,
HK,LS,
HK,LR,
HK,LY,
HK,LI,
HK,LT,
HK,LU,
HK,MO,
HK,MG,
HK,MW,
HK,MY,
HK,MV,
HK,ML,
HK,MT,
HK,MH,
HK,MR,
HK,MU,
HK,MX,
HK,FM,
HK,MD,
HK,MC,
HK,MN,
HK,ME,
HK,MA,
HK,MZ,
HK,MM,
HK,NA,
HK,NR,
HK,NP,
HK,NL,
HK,NZ,
HK,NI,
HK,NE,
HK,NG,
HK,KP,
HK,MK,
HK,NO,
HK,OM,
HK,PK,
HK,PW,
HK,PS,
HK,PA,
HK,PG,
HK,PY,
HK,PE,
HK,PH,
HK,PL,
HK,PT,
HK,QA,
HK,RO,
HK,RU,
HK,RW,
HK,KN,
HK,LC,
HK,WS,
HK,SM,
HK,ST,
HK,SA,
HK,SN,
HK,RS,
HK,SC,
HK,SL,
HK,SG,
HK,SK,
HK,SI,
HK,SB,
HK,SO,
HK,ZA,
HK,KR,
HK,SS,
HK,ES,
HK,LK,
HK,VC,
HK,SD,
HK,SR,
HK,SE,
HK,CH,
HK,SY,
HK,TW,
HK,TJ,
HK,TZ,
HK,TH,
HK,TL,
HK,TG,
HK,TO,
HK,TT,
HK,TN,
HK,TM,
HK,TV,
HK,TR,
HK,UG,
HK,UA,
HK,AE,
HK,GB,
HK,US,
HK,UY,
HK,UZ,
HK,VU,
HK,VA,
HK,VE,
HK,VN,
HK,YE,
HK,ZM,
HK,ZW,
HK,AF,
HU,AL,
HU,DZ,
HU,AD,
HU,AO,
HU,AG,
HU,AR,
HU,AM,
HU,AU,
HU,AT,
HU,AZ,
HU,BS,
HU,BH,
HU,BD,
HU,BB,
HU,BY,
HU,BE,
HU,BZ,
HU,BJ,
HU,BT,
HU,BO,
HU,BA,
HU,BW,
HU,BR,
HU,BN,
HU,BG,
HU,BF,
HU,BI,
HU,KH,
HU,CM,
HU,CA,
HU,CV,
HU,CF,
HU,TD,
HU,CL,
HU,CN,
HU,CO,
HU,KM,
HU,CG,
HU,CD,
HU,CR,
HU,CI,
HU,HR,
HU,CU,
HU,CY,
HU,CZ,
HU,DK,
HU,DJ,
HU,DM,
HU,DO,
HU,EC,
HU,EG,
HU,SV,
HU,GQ,
HU,ER,
HU,EE,
HU,SZ,
HU,ET,
HU,FJ,
HU,FI,
HU,FR,
HU,GA,
HU,GM,
HU,GE,
HU,DE,
HU,GH,
HU,GR,
HU,GD,
HU,GT,
HU,GN,
HU,GW,
HU,GY,
HU,HT,
HU,HN,
HU,HK,
HU,HU,-1
HU,IS,
HU,IN,
HU,ID,
HU,IR,
HU,IQ,
HU,IE,
HU,IL,
HU,IT,
HU,JM,
HU,JP,
HU,JO,
HU,KZ,
HU,KE,
HU,KI,
HU,XK,
HU,KW,
HU,KG,
HU,LA,
HU,LV,
HU,LB,
HU,LS,
HU,LR,
HU,LY,
HU,LI,
HU,LT,
HU,LU,
HU,MO,
HU,MG,
HU,MW,
HU,MY,
HU,MV,
HU,ML,
HU,MT,
HU,MH,
HU,MR,
HU,MU,
HU,MX,
HU,FM,
HU,MD,
HU,MC,
HU,MN,
HU,ME,
HU,MA,
HU,MZ,
HU,MM,
HU,NA,
HU,NR,
HU,NP,
HU,NL,
HU,NZ,
HU,NI,
HU,NE,
HU,NG,
HU,KP,
HU,MK,
HU,NO,
HU,OM,
HU,PK,
HU,PW,
HU,PS,
HU,PA,
HU,PG,
HU,PY,
HU,PE,
HU,PH,
HU,PL,
HU,PT,
HU,QA,
HU,RO,
HU,RU,
HU,RW,
HU,KN,
HU,LC,
HU,WS,
HU,SM,
HU,ST,
HU,SA,
HU,SN,
HU,RS,
HU,SC,
HU,SL,
HU,SG,
HU,SK,
HU,SI,
HU,SB,
HU,SO,
HU,ZA,
HU,KR,
HU,SS,
HU,ES,
HU,LK,
HU,VC,
HU,SD,
HU,SR,
HU,SE,
HU,CH,
HU,SY,
HU,TW,
HU,TJ,
HU,TZ,
HU,TH,
HU,TL,
HU,TG,
HU,TO,
HU,TT,
HU,TN,
HU,TM,
HU,TV,
HU,TR,
HU,UG,
HU,UA,
HU,AE,
HU,GB,
HU,US,
HU,UY,
HU,UZ,
HU,VU,
HU,VA,
HU,VE,
HU,VN,
HU,YE,
HU,ZM,
HU,ZW,
HU,AF,
IS,AL,
IS,DZ,
IS,AD,
IS,AO,
IS,AG,
IS,AR,
IS,AM,
IS,AU,
IS,AT,
IS,AZ,
IS,BS,
IS,BH,
IS,BD,
IS,BB,
IS,BY,
IS,BE,
IS,BZ,
IS,BJ,
IS,BT,
IS,BO,
IS,BA,
IS,BW,
IS,BR,
IS,BN,
IS,BG,
IS,BF,
IS,BI,
IS,KH,
IS,CM,
IS,CA,
IS,CV,
IS,CF,
IS,TD,
IS,CL,
IS,CN,
IS,CO,
IS,KM,
IS,CG,
IS,CD,
IS,CR,
IS,CI,
IS,HR,
IS,CU,
IS,CY,
IS,CZ,
IS,DK,
IS,DJ,
IS,DM,
IS,DO,
IS,EC,
IS,EG,
IS,SV,
IS,GQ,
IS,ER,
IS,EE,
IS,SZ,
IS,ET,
IS,FJ,
IS,FI,
IS,FR,
IS,GA,
IS,GM,
IS,GE,
IS,DE,
IS,GH,
IS,GR,
IS,GD,
IS,GT,
IS,GN,
IS,GW,
IS,GY,
IS,HT,
IS,HN,
IS,HK,
IS,HU,
IS,IS,-1
IS,IN,
IS,ID,
IS,IR,
IS,IQ,
IS,IE,
IS,IL,
IS,IT,
IS,JM,
IS,JP,
IS,JO,
IS,KZ,
IS,KE,
IS,KI,
IS,XK,
IS,KW,
IS,KG,
IS,LA,
IS,LV,
IS,LB,
IS,LS,
IS,LR,
IS,LY,
IS,LI,
IS,LT,
IS,LU,
IS,MO,
IS,MG,
IS,MW,
IS,MY,
IS,MV,
IS,ML,
IS,MT,
IS,MH,
IS,MR,
IS,MU,
IS,MX,
IS,FM,
IS,MD,
IS,MC,
IS,MN,
IS,ME,
IS,MA,
IS,MZ,
IS,MM,
IS,NA,
IS,NR,
IS,NP,
IS,NL,
IS,NZ,
IS,NI,
IS,NE,
IS,NG,
IS,KP,
IS,MK,
IS,NO,
IS,OM,
IS,PK,
IS,PW,
IS,PS,
IS,PA,
IS,PG,
IS,PY,
IS,PE,
IS,PH,
IS,PL,
IS,PT,
IS,QA,
IS,RO,
IS,RU,
IS,RW,
IS,KN,
IS,LC,
IS,WS,
IS,SM,
IS,ST,
IS,SA,
IS,SN,
IS,RS,
IS,SC,
IS,SL,
IS,SG,
IS,SK,
IS,SI,
IS,SB,
IS,SO,
IS,ZA,
IS,KR,
IS,SS,
IS,ES,
IS,LK,
IS,VC,
IS,SD,
IS,SR,
IS,SE,
IS,CH,
IS,SY,
IS,TW,
IS,TJ,
IS,TZ,
IS,TH,
IS,TL,
IS,TG,
IS,TO,
IS,TT,
IS,TN,
IS,TM,
IS,TV,
IS,TR,
IS,UG,
IS,UA,
IS,AE,
IS,GB,
IS,US,
IS,UY,
IS,UZ,
IS,VU,
IS,VA,
IS,VE,
IS,VN,
IS,YE,
IS,ZM,
IS,ZW,
IS,AF,
IN,AL,
IN,DZ,
IN,AD,
IN,AO,
IN,AG,
IN,AR,
IN,AM,
IN,AU,
IN,AT,
IN,AZ,
IN,BS,
IN,BH,
IN,BD,
IN,BB,
IN,BY,
IN,BE,
IN,BZ,
IN,BJ,
IN,BT,
IN,BO,
IN,BA,
IN,BW,
IN,BR,
IN,BN,
IN,BG,
IN,BF,
IN,BI,
IN,KH,
IN,CM,
IN,CA,
IN,CV,
IN,CF,
IN,TD,
IN,CL,
IN,CN,
IN,CO,
IN,KM,
IN,CG,
IN,CD,
IN,CR,
IN,CI,
IN,HR,
IN,CU,
IN,CY,
IN,CZ,
IN,DK,
IN,DJ,
IN,DM,
IN,DO,
IN,EC,
IN,EG,
IN,SV,
IN,GQ,
IN,ER,
IN,EE,
IN,SZ,
IN,ET,
IN,FJ,
IN,FI,
IN,FR,
IN,GA,
IN,GM,
IN,GE,
IN,DE,
IN,GH,
IN,GR,
IN,GD,
IN,GT,
IN,GN,
IN,GW,
IN,GY,
IN,HT,
IN,HN,
IN,HK,
IN,HU,
IN,IS,
IN,IN,-1
IN,ID,
IN,IR,
IN,IQ,
IN,IE,
IN,IL,
IN,IT,
IN,JM,
IN,JP,
IN,JO,
IN,KZ,
IN,KE,
IN,KI,
IN,XK,
IN,KW,
IN,KG,
IN,LA,
IN,LV,
IN,LB,
IN,LS,
IN,LR,
IN,LY,
IN,LI,
IN,LT,
IN,LU,
IN,MO,
IN,MG,
IN,MW,
IN,MY,
IN,MV,
IN,ML,
IN,MT,
IN,MH,
IN,MR,
IN,MU,
IN,MX,
IN,FM,
IN,MD,
IN,MC,
IN,MN,
IN,ME,
IN,MA,
IN,MZ,
IN,MM,
IN,NA,
IN,NR,
IN,NP,
IN,NL,
IN,NZ,
IN,NI,
IN,NE,
IN,NG,
IN,KP,
IN,MK,
IN,NO,
IN,OM,
IN,PK,
IN,PW,
IN,PS,
IN,PA,
IN,PG,
IN,PY,
IN,PE,
IN,PH,
IN,PL,
IN,PT,
IN,QA,
IN,RO,
IN,RU,
IN,RW,
IN,KN,
IN,LC,
IN,WS,
IN,SM,
IN,ST,
IN,SA,
IN,SN,
IN,RS,
IN,SC,
IN,SL,
IN,SG,
IN,SK,
IN,SI,
IN,SB,
IN,SO,
IN,ZA,
IN,KR,
IN,SS,
IN,ES,
IN,LK,
IN,VC,
IN,SD,
IN,SR,
IN,SE,
IN,CH,
IN,SY,
IN,TW,
IN,TJ,
IN,TZ,
IN,TH,
IN,TL,
IN,TG,
IN,TO,
IN,TT,
IN,TN,
IN,TM,
IN,TV,
IN,TR,
IN,UG,
IN,UA,
IN,AE,
IN,GB,
IN,US,
IN,UY,
IN,UZ,
IN,VU,
IN,VA,
IN,VE,
IN,VN,
IN,YE,
IN,ZM,
IN,ZW,
IN,AF,
ID,AL,
ID,DZ,
ID,AD,
ID,AO,
ID,AG,
ID,AR,
ID,AM,
ID,AU,
ID,AT,
ID,AZ,
ID,BS,
ID,BH,
ID,BD,
ID,BB,
ID,BY,
ID,BE,
ID,BZ,
ID,BJ,
ID,BT,
ID,BO,
ID,BA,
ID,BW,
ID,BR,
ID,BN,
ID,BG,
ID,BF,
ID,BI,
ID,KH,
ID,CM,
ID,CA,
ID,CV,
ID,CF,
ID,TD,
ID,CL,
ID,CN,
ID,CO,
ID,KM,
ID,CG,
ID,CD,
ID,CR,
ID,CI,
ID,HR,
ID,CU,
ID,CY,
ID,CZ,
ID,DK,
ID,DJ,
ID,DM,
ID,DO,
ID,EC,
ID,EG,
ID,SV,
ID,GQ,
ID,ER,
ID,EE,
ID,SZ,
ID,ET,
ID,FJ,
ID,FI,
ID,FR,
ID,GA,
ID,GM,
ID,GE,
ID,DE,
ID,GH,
ID,GR,
ID,GD,
ID,GT,
ID,GN,
ID,GW,
ID,GY,
ID,HT,
ID,HN,
ID,HK,
ID,HU,
ID,IS,
ID,IN,
ID,ID,-1
ID,IR,
ID,IQ,
ID,IE,
ID,IL,
ID,IT,
ID,JM,
ID,JP,
ID,JO,
ID,KZ,
ID,KE,
ID,KI,
ID,XK,
ID,KW,
ID,KG,
ID,LA,
ID,LV,
ID,LB,
ID,LS,
ID,LR,
ID,LY,
ID,LI,
ID,LT,
ID,LU,
ID,MO,
ID,MG,
ID,MW,
ID,MY,
ID,MV,
ID,ML,
ID,MT,
ID,MH,
ID,MR,
ID,MU,
ID,MX,
ID,FM,
ID,MD,
ID,MC,
ID,MN,
ID,ME,
ID,MA,
ID,MZ,
ID,MM,
ID,NA,
ID,NR,
ID,NP,
ID,NL,
ID,NZ,
ID,NI,
ID,NE,
ID,NG,
ID,KP,
ID,MK,
ID,NO,
ID,OM,
ID,PK,
ID,PW,
ID,PS,
ID,PA,
ID,PG,
ID,PY,
ID,PE,
ID,PH,
ID,PL,
ID,PT,
ID,QA,
ID,RO,
ID,RU,
ID,RW,
ID,KN,
ID,LC,
ID,WS,
ID,SM,
ID,ST,
ID,SA,
ID,SN,
ID,RS,
ID,SC,
ID,SL,
ID,SG,
ID,SK,
ID,SI,
ID,SB,
ID,SO,
ID,ZA,
ID,KR,
ID,SS,
ID,ES,
ID,LK,
ID,VC,
ID,SD,
ID,SR,
ID,SE,
ID,CH,
ID,SY,
ID,TW,
ID,TJ,
ID,TZ,
ID,TH,
ID,TL,
ID,TG,
ID,TO,
ID,TT,
ID,TN,
ID,TM,
ID,TV,
ID,TR,
ID,UG,
ID,UA,
ID,AE,
ID,GB,
ID,US,
ID,UY,
ID,UZ,
ID,VU,
ID,VA,
ID,VE,
ID,VN,
ID,YE,
ID,ZM,
ID,ZW,
ID,AF,
IR,AL,
IR,DZ,
IR,AD,
IR,AO,
IR,AG,
IR,AR,
IR,AM,
IR,AU,
IR,AT,
IR,AZ,
IR,BS,
IR,BH,
IR,BD,
IR,BB,
IR,BY,
IR,BE,
IR,BZ,
IR,BJ,
IR,BT,
IR,BO,
IR,BA,
IR,BW,
IR,BR,
IR,BN,
IR,BG,
IR,BF,
IR,BI,
IR,KH,
IR,CM,
IR,CA,
IR,CV,
IR,CF,
IR,TD,
IR,CL,
IR,CN,
IR,CO,
IR,KM,
IR,CG,
IR,CD,
IR,CR,
IR,CI,
IR,HR,
IR,CU,
IR,CY,
IR,CZ,
IR,DK,
IR,DJ,
IR,DM,
IR,DO,
IR,EC,
IR,EG,
IR,SV,
IR,GQ,
IR,ER,
IR,EE,
IR,SZ,
IR,ET,
IR,FJ,
IR,FI,
IR,FR,
IR,GA,
IR,GM,
IR,GE,
IR,DE,
IR,GH,
IR,GR,
IR,GD,
IR,GT,
IR,GN,
IR,GW,
IR,GY,
IR,HT,
IR,HN,
IR,HK,
IR,HU,
IR,IS,
IR,IN,
IR,ID,
IR,IR,-1
IR,IQ,
IR,IE,
IR,IL,
IR,IT,
IR,JM,
IR,JP,
IR,JO,
IR,KZ,
IR,KE,
IR,KI,
IR,XK,
IR,KW,
IR,KG,
IR,LA,
IR,LV,
IR,LB,
IR,LS,
IR,LR,
IR,LY,
IR,LI,
IR,LT,
IR,LU,
IR,MO,
IR,MG,
IR,MW,
IR,MY,
IR,MV,
IR,ML,
IR,MT,
IR,MH,
IR,MR,
IR,MU,
IR,MX,
IR,FM,
IR,MD,
IR,MC,
IR,MN,
IR,ME,
IR,MA,
IR,MZ,
IR,MM,
IR,NA,
IR,NR,
IR,NP,
IR,NL,
IR,NZ,
IR,NI,
IR,NE,
IR,NG,
IR,KP,
IR,MK,
IR,NO,
IR,OM,
IR,PK,
IR,PW,
IR,PS,
IR,PA,
IR,PG,
IR,PY,
IR,PE,
IR,PH,
IR,PL,
IR,PT,
IR,QA,
IR,RO,
IR,RU,
IR,RW,
IR,KN,
IR,LC,
IR,WS,
IR,SM,
IR,ST,
IR,SA,
IR,SN,
IR,RS,
IR,SC,
IR,SL,
IR,SG,
IR,SK,
IR,SI,
IR,SB,
IR,SO,
IR,ZA,
IR,KR,
IR,SS,
IR,ES,
IR,LK,
IR,VC,
IR,SD,
IR,SR,
IR,SE,
IR,CH,
IR,SY,
IR,TW,
IR,TJ,
IR,TZ,
IR,TH,
IR,TL,
IR,TG,
IR,TO,
IR,TT,
IR,TN,
IR,TM,
IR,TV,
IR,TR,
IR,UG,
IR,UA,
IR,AE,
IR,GB,
IR,US,
IR,UY,
IR,UZ,
IR,VU,
IR,VA,
IR,VE,
IR,VN,
IR,YE,
IR,ZM,
IR,ZW,
IR,AF,
IQ,AL,
IQ,DZ,
IQ,AD,
IQ,AO,
IQ,AG,
IQ,AR,
IQ,AM,
IQ,AU,
IQ,AT,
IQ,AZ,
IQ,BS,
IQ,BH,
IQ,BD,
IQ,BB,
IQ,BY,
IQ,BE,
IQ,BZ,
IQ,BJ,
IQ,BT,
IQ,BO,
IQ,BA,
IQ,BW,
IQ,BR,
IQ,BN,
IQ,BG,
IQ,BF,
IQ,BI,
IQ,KH,
IQ,CM,
IQ,CA,
IQ,CV,
IQ,CF,
IQ,TD,
IQ,CL,
IQ,CN,
IQ,CO,
IQ,KM,
IQ,CG,
IQ,CD,
IQ,CR,
IQ,CI,
IQ,HR,
IQ,CU,
IQ,CY,
IQ,CZ,
IQ,DK,
IQ,DJ,
IQ,DM,
IQ,DO,
IQ,EC,
IQ,EG,
IQ,SV,
IQ,GQ,
IQ,ER,
IQ,EE,
IQ,SZ,
IQ,ET,
IQ,FJ,
IQ,FI,
IQ,FR,
IQ,GA,
IQ,GM,
IQ,GE,
IQ,DE,
IQ,GH,
IQ,GR,
IQ,GD,
IQ,GT,
IQ,GN,
IQ,GW,
IQ,GY,
IQ,HT,
IQ,HN,
IQ,HK,
IQ,HU,
IQ,IS,
IQ,IN,
IQ,ID,
IQ,IR,
IQ,IQ,-1
IQ,IE,
IQ,IL,
IQ,IT,
IQ,JM,
IQ,JP,
IQ,JO,
IQ,KZ,
IQ,KE,
IQ,KI,
IQ,XK,
IQ,KW,
IQ,KG,
IQ,LA,
IQ,LV,
IQ,LB,
IQ,LS,
IQ,LR,
IQ,LY,
IQ,LI,
IQ,LT,
IQ,LU,
IQ,MO,
IQ,MG,
IQ,MW,
IQ,MY,
IQ,MV,
IQ,ML,
IQ,MT,
IQ,MH,
IQ,MR,
IQ,MU,
IQ,MX,
IQ,FM,
IQ,MD,
IQ,MC,
IQ,MN,
IQ,ME,
IQ,MA,
IQ,MZ,
IQ,MM,
IQ,NA,
IQ,NR,
IQ,NP,
IQ,NL,
IQ,NZ,
IQ,NI,
IQ,NE,
IQ,NG,
IQ,KP,
IQ,MK,
IQ,NO,
IQ,OM,
IQ,PK,
IQ,PW,
IQ,PS,
IQ,PA,
IQ,PG,
IQ,PY,
IQ,PE,
IQ,PH,
IQ,PL,
IQ,PT,
IQ,QA,
IQ,RO,
IQ,RU,
IQ,RW,
IQ,KN,
IQ,LC,
IQ,WS,
IQ,SM,
IQ,ST,
IQ,SA,
IQ,SN,
IQ,RS,
IQ,SC,
IQ,SL,
IQ,SG,
IQ,SK,
IQ,SI,
IQ,SB,
IQ,SO,
IQ,ZA,
IQ,KR,
IQ,SS,
IQ,ES,
IQ,LK,
IQ,VC,
IQ,SD,
IQ,SR,
IQ,SE,
IQ,CH,
IQ,SY,
IQ,TW,
IQ,TJ,
IQ,TZ,
IQ,TH,
IQ,TL,
IQ,TG,
IQ,TO,
IQ,TT,
IQ,TN,
IQ,TM,
IQ,TV,
IQ,TR,
IQ,UG,
IQ,UA,
IQ,AE,
IQ,GB,
IQ,US,
IQ,UY,
IQ,UZ,
IQ,VU,
IQ,VA,
IQ,VE,
IQ,VN,
IQ,YE,
IQ,ZM,
IQ,ZW,
IQ,AF,
IE,AL,
IE,DZ,
IE,AD,
IE,AO,
IE,AG,
IE,AR,
IE,AM,
IE,AU,
IE,AT,
IE,AZ,
IE,BS,
IE,BH,
IE,BD,
IE,BB,
IE,BY,
IE,BE,
IE,BZ,
IE,BJ,
IE,BT,
IE,BO,
IE,BA,
IE,BW,
IE,BR,
IE,BN,
IE,BG,
IE,BF,
IE,BI,
IE,KH,
IE,CM,
IE,CA,
IE,CV,
IE,CF,
IE,TD,
IE,CL,
IE,CN,
IE,CO,
IE,KM,
IE,CG,
IE,CD,
IE,CR,
IE,CI,
IE,HR,
IE,CU,
IE,CY,
IE,CZ,
IE,DK,
IE,DJ,
IE,DM,
IE,DO,
IE,EC,
IE,EG,
IE,SV,
IE,GQ,
IE,ER,
IE,EE,
IE,SZ,
IE,ET,
IE,FJ,
IE,FI,
IE,FR,
IE,GA,
IE,GM,
IE,GE,
IE,DE,
IE,GH,
IE,GR,
IE,GD,
IE,GT,
IE,GN,
IE,GW,
IE,GY,
IE,HT,
IE,HN,
IE,HK,
IE,HU,
IE,IS,
IE,IN,
IE,ID,
IE,IR,
IE,IQ,
IE,IE,-1
IE,IL,
IE,IT,
IE,JM,
IE,JP,
IE,JO,
IE,KZ,
IE,KE,
IE,KI,
IE,XK,
IE,KW,
IE,KG,
IE,LA,
IE,LV,
IE,LB,
IE,LS,
IE,LR,
IE,LY,
IE,LI,
IE,LT,
IE,LU,
IE,MO,
IE,MG,
IE,MW,
IE,MY,
IE,MV,
IE,ML,
IE,MT,
IE,MH,
IE,MR,
IE,MU,
IE,MX,
IE,FM,
IE,MD,
IE,MC,
IE,MN,
IE,ME,
IE,MA,
IE,MZ,
IE,MM,
IE,NA,
IE,NR,
IE,NP,
IE,NL,
IE,NZ,
IE,NI,
IE,NE,
IE,NG,
IE,KP,
IE,MK,
IE,NO,
IE,OM,
IE,PK,
IE,PW,
IE,PS,
IE,PA,
IE,PG,
IE,PY,
IE,PE,
IE,PH,
IE,PL,
IE,PT,
IE,QA,
IE,RO,
IE,RU,
IE,RW,
IE,KN,
IE,LC,
IE,WS,
IE,SM,
IE,ST,
IE,SA,
IE,SN,
IE,RS,
IE,SC,
IE,SL,
IE,SG,
IE,SK,
IE,SI,
IE,SB,
IE,SO,
IE,ZA,
IE,KR,
IE,SS,
IE,ES,
IE,LK,
IE,VC,
IE,SD,
IE,SR,
IE,SE,
IE,CH,
IE,SY,
IE,TW,
IE,TJ,
IE,TZ,
IE,TH,
IE,TL,
IE,TG,
IE,TO,
IE,TT,
IE,TN,
IE,TM,
IE,TV,
IE,TR,
IE,UG,
IE,UA,
IE,AE,
IE,GB,
IE,US,
IE,UY,
IE,UZ,
IE,VU,
IE,VA,
IE,VE,
IE,VN,
IE,YE,
IE,ZM,
IE,ZW,
IE,AF,
IL,AL,
IL,DZ,
IL,AD,
IL,AO,
IL,AG,
IL,AR,
IL,AM,
IL,AU,
IL,AT,
IL,AZ,
IL,BS,
IL,BH,
IL,BD,
IL,BB,
IL,BY,
IL,BE,
IL,BZ,
IL,BJ,
IL,BT,
IL,BO,
IL,BA,
IL,BW,
IL,BR,
IL,BN,
IL,BG,
IL,BF,
IL,BI,
IL,KH,
IL,CM,
IL,CA,
IL,CV,
IL,CF,
IL,TD,
IL,CL,
IL,CN,
IL,CO,
IL,KM,
IL,CG,
IL,CD,
IL,CR,
IL,CI,
IL,HR,
IL,CU,
IL,CY,
IL,CZ,
IL,DK,
IL,DJ,
IL,DM,
IL,DO,
IL,EC,
IL,EG,
IL,SV,
IL,GQ,
IL,ER,
IL,EE,
IL,SZ,
IL,ET,
IL,FJ,
IL,FI,
IL,FR,
IL,GA,
IL,GM,
IL,GE,
IL,DE,
IL,GH,
IL,GR,
IL,GD,
IL,GT,
IL,GN,
IL,GW,
IL,GY,
IL,HT,
IL,HN,
IL,HK,
IL,HU,
IL,IS,
IL,IN,
IL,ID,
IL,IR,
IL,IQ,
IL,IE,
IL,IL,-1
IL,IT,
IL,JM,
IL,JP,
IL,JO,
IL,KZ,
IL,KE,
IL,KI,
IL,XK,
IL,KW,
IL,KG,
IL,LA,
IL,LV,
IL,LB,
IL,LS,
IL,LR,
IL,LY,
IL,LI,
IL,LT,
IL,LU,
IL,MO,
IL,MG,
IL,MW,
IL,MY,
IL,MV,
IL,ML,
IL,MT,
IL,MH,
IL,MR,
IL,MU,
IL,MX,
IL,FM,
IL,MD,
IL,MC,
IL,MN,
IL,ME,
IL,MA,
IL,MZ,
IL,MM,
IL,NA,
IL,NR,
IL,NP,
IL,NL,
IL,NZ,
IL,NI,
IL,NE,
IL,NG,
IL,KP,
IL,MK,
IL,NO,
IL,OM,
IL,PK,
IL,PW,
IL,PS,
IL,PA,
IL,PG,
IL,PY,
IL,PE,
IL,PH,
IL,PL,
IL,PT,
IL,QA,
IL,RO,
IL,RU,
IL,RW,
IL,KN,
IL,LC,
IL,WS,
IL,SM,
IL,ST,
IL,SA,
IL,SN,
IL,RS,
IL,SC,
IL,SL,
IL,SG,
IL,SK,
IL,SI,
IL,SB,
IL,SO,
IL,ZA,
IL,KR,
IL,SS,
IL,ES,
IL,LK,
IL,VC,
IL,SD,
IL,SR,
IL,SE,
IL,CH,
IL,SY,
IL,TW,
IL,TJ,
IL,TZ,
IL,TH,
IL,TL,
IL,TG,
IL,TO,
IL,TT,
IL,TN,
IL,TM,
IL,TV,
IL,TR,
IL,UG,
IL,UA,
IL,AE,
IL,GB,
IL,US,
IL,UY,
IL,UZ,
IL,VU,
IL,VA,
IL,VE,
IL,VN,
IL,YE,
IL,ZM,
IL,ZW,
IL,AF,
IT,AL,
IT,DZ,
IT,AD,
IT,AO,
IT,AG,
IT,AR,
IT,AM,
IT,AU,
IT,AT,
IT,AZ,
IT,BS,
IT,BH,
IT,BD,
IT,BB,
IT,BY,
IT,BE,
IT,BZ,
IT,BJ,
IT,BT,
IT,BO,
IT,BA,
IT,BW,
IT,BR,
IT,BN,
IT,BG,
IT,BF,
IT,BI,
IT,KH,
IT,CM,
IT,CA,
IT,CV,
IT,CF,
IT,TD,
IT,CL,
IT,CN,
IT,CO,
IT,KM,
IT,CG,
IT,CD,
IT,CR,
IT,CI,
IT,HR,
IT,CU,
IT,CY,
IT,CZ,
IT,DK,
IT,DJ,
IT,DM,
IT,DO,
IT,EC,
IT,EG,
IT,SV,
IT,GQ,
IT,ER,
IT,EE,
IT,SZ,
IT,ET,
IT,FJ,
IT,FI,
IT,FR,
IT,GA,
IT,GM,
IT,GE,
IT,DE,
IT,GH,
IT,GR,
IT,GD,
IT,GT,
IT,GN,
IT,GW,
IT,GY,
IT,HT,
IT,HN,
IT,HK,
IT,HU,
IT,IS,
IT,IN,
IT,ID,
IT,IR,
IT,IQ,
IT,IE,
IT,IL,
IT,IT,-1
IT,JM,
IT,JP,
IT,JO,
IT,KZ,
IT,KE,
IT,KI,
IT,XK,
IT,KW,
IT,KG,
IT,LA,
IT,LV,
IT,LB,
IT,LS,
IT,LR,
IT,LY,
IT,LI,
IT,LT,
IT,LU,
IT,MO,
IT,MG,
IT,MW,
IT,MY,
IT,MV,
IT,ML,
IT,MT,
IT,MH,
IT,MR,
IT,MU,
IT,MX,
IT,FM,
IT,MD,
IT,MC,
IT,MN,
IT,ME,
IT,MA,
IT,MZ,
IT,MM,
IT,NA,
IT,NR,
IT,NP,
IT,NL,
IT,NZ,
IT,NI,
IT,NE,
IT,NG,
IT,KP,
IT,MK,
IT,NO,
IT,OM,
IT,PK,
IT,PW,
IT,PS,
IT,PA,
IT,PG,
IT,PY,
IT,PE,
IT,PH,
IT,PL,
IT,PT,
IT,QA,
IT,RO,
IT,RU,
IT,RW,
IT,KN,
IT,LC,
IT,WS,
IT,SM,
IT,ST,
IT,SA,
IT,SN,
IT,RS,
IT,SC,
IT,SL,
IT,SG,
IT,SK,
IT,SI,
IT,SB,
IT,SO,
IT,ZA,
IT,KR,
IT,SS,
IT,ES,
IT,LK,
IT,VC,
IT,SD,
IT,SR,
IT,SE,
IT,CH,
IT,SY,
IT,TW,
IT,TJ,
IT,TZ,
IT,TH,
IT,TL,
IT,TG,
IT,TO,
IT,TT,
IT,TN,
IT,TM,
IT,TV,
IT,TR,
IT,UG,
IT,UA,
IT,AE,
IT,GB,
IT,US,
IT,UY,
IT,UZ,
IT,VU,
IT,VA,
IT,VE,
IT,VN,
IT,YE,
IT,ZM,
IT,ZW,
IT,AF,
JM,AL,
JM,DZ,
JM,AD,
JM,AO,
JM,AG,
JM,AR,
JM,AM,
JM,AU,
JM,AT,
JM,AZ,
JM,BS,
JM,BH,
JM,BD,
JM,BB,
JM,BY,
JM,BE,
JM,BZ,
JM,BJ,
JM,BT,
JM,BO,
JM,BA,
JM,BW,
JM,BR,
JM,BN,
JM,BG,
JM,BF,
JM,BI,
JM,KH,
JM,CM,
JM,CA,
JM,CV,
JM,CF,
JM,TD,
JM,CL,
JM,CN,
JM,CO,
JM,KM,
JM,CG,
JM,CD,
JM,CR,
JM,CI,
JM,HR,
JM,CU,
JM,CY,
JM,CZ,
JM,DK,
JM,DJ,
JM,DM,
JM,DO,
JM,EC,
JM,EG,
JM,SV,
JM,GQ,
JM,ER,
JM,EE,
JM,SZ,
JM,ET,
JM,FJ,
JM,FI,
JM,FR,
JM,GA,
JM,GM,
JM,GE,
JM,DE,
JM,GH,
JM,GR,
JM,GD,
JM,GT,
JM,GN,
JM,GW,
JM,GY,
JM,HT,
JM,HN,
JM,HK,
JM,HU,
JM,IS,
JM,IN,
JM,ID,
JM,IR,
JM,IQ,
JM,IE,
JM,IL,
JM,IT,
JM,JM,-1
JM,JP,
JM,JO,
JM,KZ,
JM,KE,
JM,KI,
JM,XK,
JM,KW,
JM,KG,
JM,LA,
JM,LV,
JM,LB,
JM,LS,
JM,LR,
JM,LY,
JM,LI,
JM,LT,
JM,LU,
JM,MO,
JM,MG,
JM,MW,
JM,MY,
JM,MV,
JM,ML,
JM,MT,
JM,MH,
JM,MR,
JM,MU,
JM,MX,
JM,FM,
JM,MD,
JM,MC,
JM,MN,
JM,ME,
JM,MA,
JM,MZ,
JM,MM,
JM,NA,
JM,NR,
JM,NP,
JM,NL,
JM,NZ,
JM,NI,
JM,NE,
JM,NG,
JM,KP,
JM,MK,
JM,NO,
JM,OM,
JM,PK,
JM,PW,
JM,PS,
JM,PA,
JM,PG,
JM,PY,
JM,PE,
JM,PH,
JM,PL,
JM,PT,
JM,QA,
JM,RO,
JM,RU,
JM,RW,
JM,KN,
JM,LC,
JM,WS,
JM,SM,
JM,ST,
JM,SA,
JM,SN,
JM,RS,
JM,SC,
JM,SL,
JM,SG,
JM,SK,
JM,SI,
JM,SB,
JM,SO,
JM,ZA,
JM,KR,
JM,SS,
JM,ES,
JM,LK,
JM,VC,
JM,SD,
JM,SR,
JM,SE,
JM,CH,
JM,SY,
JM,TW,
JM,TJ,
JM,TZ,
JM,TH,
JM,TL,
JM,TG,
JM,TO,
JM,TT,
JM,TN,
JM,TM,
JM,TV,
JM,TR,
JM,UG,
JM,UA,
JM,AE,
JM,GB,
JM,US,
JM,UY,
JM,UZ,
JM,VU,
JM,VA,
JM,VE,
JM,VN,
JM,YE,
JM,ZM,
JM,ZW,
JM,AF,
JP,AL,
JP,DZ,
JP,AD,
JP,AO,
JP,AG,
JP,AR,
JP,AM,
JP,AU,
JP,AT,
JP,AZ,
JP,BS,
JP,BH,
JP,BD,
JP,BB,
JP,BY,
JP,BE,
JP,BZ,
JP,BJ,
JP,BT,
JP,BO,
JP,BA,
JP,BW,
JP,BR,
JP,BN,
JP,BG,
JP,BF,
JP,BI,
JP,KH,
JP,CM,
JP,CA,
JP,CV,
JP,CF,
JP,TD,
JP,CL,
JP,CN,
JP,CO,
JP,KM,
JP,CG,
JP,CD,
JP,CR,
JP,CI,
JP,HR,
JP,CU,
JP,CY,
JP,CZ,
JP,DK,
JP,DJ,
JP,DM,
JP,DO,
JP,EC,
JP,EG,
JP,SV,
JP,GQ,
JP,ER,
JP,EE,
JP,SZ,
JP,ET,
JP,FJ,
JP,FI,
JP,FR,
JP,GA,
JP,GM,
JP,GE,
JP,DE,
JP,GH,
JP,GR,
JP,GD,
JP,GT,
JP,GN,
JP,GW,
JP,GY,
JP,HT,
JP,HN,
JP,HK,
JP,HU,
JP,IS,
JP,IN,
JP,ID,
JP,IR,
JP,IQ,
JP,IE,
JP,IL,
JP,IT,
JP,JM,
JP,JP,-1
JP,JO,
JP,KZ,
JP,KE,
JP,KI,
JP,XK,
JP,KW,
JP,KG,
JP,LA,
JP,LV,
JP,LB,
JP,LS,
JP,LR,
JP,LY,
JP,LI,
JP,LT,
JP,LU,
JP,MO,
JP,MG,
JP,MW,
JP,MY,
JP,MV,
JP,ML,
JP,MT,
JP,MH,
JP,MR,
JP,MU,
JP,MX,
JP,FM,
JP,MD,
JP,MC,
JP,MN,
JP,ME,
JP,MA,
JP,MZ,
JP,MM,
JP,NA,
JP,NR,
JP,NP,
JP,NL,
JP,NZ,
JP,NI,
JP,NE,
JP,NG,
JP,KP,
JP,MK,
JP,NO,
JP,OM,
JP,PK,
JP,PW,
JP,PS,
JP,PA,
JP,PG,
JP,PY,
JP,PE,
JP,PH,
JP,PL,
JP,PT,
JP,QA,
JP,RO,
JP,RU,
JP,RW,
JP,KN,
JP,LC,
JP,WS,
JP,SM,
JP,ST,
JP,SA,
JP,SN,
JP,RS,
JP,SC,
JP,SL,
JP,SG,
JP,SK,
JP,SI,
JP,SB,
JP,SO,
JP,ZA,
JP,KR,
JP,SS,
JP,ES,
JP,LK,
JP,VC,
JP,SD,
JP,SR,
JP,SE,
JP,CH,
JP,SY,
JP,TW,
JP,TJ,
JP,TZ,
JP,TH,
JP,TL,
JP,TG,
JP,TO,
JP,TT,
JP,TN,
JP,TM,
JP,TV,
JP,TR,
JP,UG,
JP,UA,
JP,AE,
JP,GB,
JP,US,
JP,UY,
JP,UZ,
JP,VU,
JP,VA,
JP,VE,
JP,VN,
JP,YE,
JP,ZM,
JP,ZW,
JP,AF,
JO,AL,
JO,DZ,
JO,AD,
JO,AO,
JO,AG,
JO,AR,
JO,AM,
JO,AU,
JO,AT,
JO,AZ,
JO,BS,
JO,BH,
JO,BD,
JO,BB,
JO,BY,
JO,BE,
JO,BZ,
JO,BJ,
JO,BT,
JO,BO,
JO,BA,
JO,BW,
JO,BR,
JO,BN,
JO,BG,
JO,BF,
JO,BI,
JO,KH,
JO,CM,
JO,CA,
JO,CV,
JO,CF,
JO,TD,
JO,CL,
JO,CN,
JO,CO,
JO,KM,
JO,CG,
JO,CD,
JO,CR,
JO,CI,
JO,HR,
JO,CU,
JO,CY,
JO,CZ,
JO,DK,
JO,DJ,
JO,DM,
JO,DO,
JO,EC,
JO,EG,
JO,SV,
JO,GQ,
JO,ER,
JO,EE,
JO,SZ,
JO,ET,
JO,FJ,
JO,FI,
JO,FR,
JO,GA,
JO,GM,
JO,GE,
JO,DE,
JO,GH,
JO,GR,
JO,GD,
JO,GT,
JO,GN,
JO,GW,
JO,GY,
JO,HT,
JO,HN,
JO,HK,
JO,HU,
JO,IS,
JO,IN,
JO,ID,
JO,IR,
JO,IQ,
JO,IE,
JO,IL,
JO,IT,
JO,JM,
JO,JP,
JO,JO,-1
JO,KZ,
JO,KE,
JO,KI,
JO,XK,
JO,KW,
JO,KG,
JO,LA,
JO,LV,
JO,LB,
JO,LS,
JO,LR,
JO,LY,
JO,LI,
JO,LT,
JO,LU,
JO,MO,
JO,MG,
JO,MW,
JO,MY,
JO,MV,
JO,ML,
JO,MT,
JO,MH,
JO,MR,
JO,MU,
JO,MX,
JO,FM,
JO,MD,
JO,MC,
JO,MN,
JO,ME,
JO,MA,
JO,MZ,
JO,MM,
JO,NA,
JO,NR,
JO,NP,
JO,NL,
JO,NZ,
JO,NI,
JO,NE,
JO,NG,
JO,KP,
JO,MK,
JO,NO,
JO,OM,
JO,PK,
JO,PW,
JO,PS,
JO,PA,
JO,PG,
JO,PY,
JO,PE,
JO,PH,
JO,PL,
JO,PT,
JO,QA,
JO,RO,
JO,RU,
JO,RW,
JO,KN,
JO,LC,
JO,WS,
JO,SM,
JO,ST,
JO,SA,
JO,SN,
JO,RS,
JO,SC,
JO,SL,
JO,SG,
JO,SK,
JO,SI,
JO,SB,
JO,SO,
JO,ZA,
JO,KR,
JO,SS,
JO,ES,
JO,LK,
JO,VC,
JO,SD,
JO,SR,
JO,SE,
JO,CH,
JO,SY,
JO,TW,
JO,TJ,
JO,TZ,
JO,TH,
JO,TL,
JO,TG,
JO,TO,
JO,TT,
JO,TN,
JO,TM,
JO,TV,
JO,TR,
JO,UG,
JO,UA,
JO,AE,
JO,GB,
JO,US,
JO,UY,
JO,UZ,
JO,VU,
JO,VA,
JO,VE,
JO,VN,
JO,YE,
JO,ZM,
JO,ZW,
JO,AF,
KZ,AL,
KZ,DZ,
KZ,AD,
KZ,AO,
KZ,AG,
KZ,AR,
KZ,AM,
KZ,AU,
KZ,AT,
KZ,AZ,
KZ,BS,
KZ,BH,
KZ,BD,
KZ,BB,
KZ,BY,
KZ,BE,
KZ,BZ,
KZ,BJ,
KZ,BT,
KZ,BO,
KZ,BA,
KZ,BW,
KZ,BR,
KZ,BN,
KZ,BG,
KZ,BF,
KZ,BI,
KZ,KH,
KZ,CM,
KZ,CA,
KZ,CV,
KZ,CF,
KZ,TD,
KZ,CL,
KZ,CN,
KZ,CO,
KZ,KM,
KZ,CG,
KZ,CD,
KZ,CR,
KZ,CI,
KZ,HR,
KZ,CU,
KZ,CY,
KZ,CZ,
KZ,DK,
KZ,DJ,
KZ,DM,
KZ,DO,
KZ,EC,
KZ,EG,
KZ,SV,
KZ,GQ,
KZ,ER,
KZ,EE,
KZ,SZ,
KZ,ET,
KZ,FJ,
KZ,FI,
KZ,FR,
KZ,GA,
KZ,GM,
KZ,GE,
KZ,DE,
KZ,GH,
KZ,GR,
KZ,GD,
KZ,GT,
KZ,GN,
KZ,GW,
KZ,GY,
KZ,HT,
KZ,HN,
KZ,HK,
KZ,HU,
KZ,IS,
KZ,IN,
KZ,ID,
KZ,IR,
KZ,IQ,
KZ,IE,
KZ,IL,
KZ,IT,
KZ,JM,
KZ,JP,
KZ,JO,
KZ,KZ,-1
KZ,KE,
KZ,KI,
KZ,XK,
KZ,KW,
KZ,KG,
KZ,LA,
KZ,LV,
KZ,LB,
KZ,LS,
KZ,LR,
KZ,LY,
KZ,LI,
KZ,LT,
KZ,LU,
KZ,MO,
KZ,MG,
KZ,MW,
KZ,MY,
KZ,MV,
KZ,ML,
KZ,MT,
KZ,MH,
KZ,MR,
KZ,MU,
KZ,MX,
KZ,FM,
KZ,MD,
KZ,MC,
KZ,MN,
KZ,ME,
KZ,MA,
KZ,MZ,
KZ,MM,
KZ,NA,
KZ,NR,
KZ,NP,
KZ,NL,
KZ,NZ,
KZ,NI,
KZ,NE,
KZ,NG,
KZ,KP,
KZ,MK,
KZ,NO,
KZ,OM,
KZ,PK,
KZ,PW,
KZ,PS,
KZ,PA,
KZ,PG,
KZ,PY,
KZ,PE,
KZ,PH,
KZ,PL,
KZ,PT,
KZ,QA,
KZ,RO,
KZ,RU,
KZ,RW,
KZ,KN,
KZ,LC,
KZ,WS,
KZ,SM,
KZ,ST,
KZ,SA,
KZ,SN,
KZ,RS,
KZ,SC,
KZ,SL,
KZ,SG,
KZ,SK,
KZ,SI,
KZ,SB,
KZ,SO,
KZ,ZA,
KZ,KR,
KZ,SS,
KZ,ES,
KZ,LK,
KZ,VC,
KZ,SD,
KZ,SR,
KZ,SE,
KZ,CH,
KZ,SY,
KZ,TW,
KZ,TJ,
KZ,TZ,
KZ,TH,
KZ,TL,
KZ,TG,
KZ,TO,
KZ,TT,
KZ,TN,
KZ,TM,
KZ,TV,
KZ,TR,
KZ,UG,
KZ,UA,
KZ,AE,
KZ,GB,
KZ,US,
KZ,UY,
KZ,UZ,
KZ,VU,
KZ,VA,
KZ,VE,
KZ,VN,
KZ,YE,
KZ,ZM,
KZ,ZW,
KZ,AF,
KE,AL,
KE,DZ,
KE,AD,
KE,AO,
KE,AG,
KE,AR,
KE,AM,
KE,AU,
KE,AT,
KE,AZ,
KE,BS,
KE,BH,
KE,BD,
KE,BB,
KE,BY,
KE,BE,
KE,BZ,
KE,BJ,
KE,BT,
KE,BO,
KE,BA,
KE,BW,
KE,BR,
KE,BN,
KE,BG,
KE,BF,
KE,BI,
KE,KH,
KE,CM,
KE,CA,
KE,CV,
KE,CF,
KE,TD,
KE,CL,
KE,CN,
KE,CO,
KE,KM,
KE,CG,
KE,CD,
KE,CR,
KE,CI,
KE,HR,
KE,CU,
KE,CY,
KE,CZ,
KE,DK,
KE,DJ,
KE,DM,
KE,DO,
KE,EC,
KE,EG,
KE,SV,
KE,GQ,
KE,ER,
KE,EE,
KE,SZ,
KE,ET,
KE,FJ,
KE,FI,
KE,FR,
KE,GA,
KE,GM,
KE,GE,
KE,DE,
KE,GH,
KE,GR,
KE,GD,
KE,GT,
KE,GN,
KE,GW,
KE,GY,
KE,HT,
KE,HN,
KE,HK,
KE,HU,
KE,IS,
KE,IN,
KE,ID,
KE,IR,
KE,IQ,
KE,IE,
KE,IL,
KE,IT,
KE,JM,
KE,JP,
KE,JO,
KE,KZ,
KE,KE,-1
KE,KI,
KE,XK,
KE,KW,
KE,KG,
KE,LA,
KE,LV,
KE,LB,
KE,LS,
KE,LR,
KE,LY,
KE,LI,
KE,LT,
KE,LU,
KE,MO,
KE,MG,
KE,MW,
KE,MY,
KE,MV,
KE,ML,
KE,MT,
KE,MH,
KE,MR,
KE,MU,
KE,MX,
KE,FM,
KE,MD,
KE,MC,
KE,MN,
KE,ME,
KE,MA,
KE,MZ,
KE,MM,
KE,NA,
KE,NR,
KE,NP,
KE,NL,
KE,NZ,
KE,NI,
KE,NE,
KE,NG,
KE,KP,
KE,MK,
KE,NO,
KE,OM,
KE,PK,
KE,PW,
KE,PS,
KE,PA,
KE,PG,
KE,PY,
KE,PE,
KE,PH,
KE,PL,
KE,PT,
KE,QA,
KE,RO,
KE,RU,
KE,RW,
KE,KN,
KE,LC,
KE,WS,
KE,SM,
KE,ST,
KE,SA,
KE,SN,
KE,RS,
KE,SC,
KE,SL,
KE,SG,
KE,SK,
KE,SI,
KE,SB,
KE,SO,
KE,ZA,
KE,KR,
KE,SS,
KE,ES,
KE,LK,
KE,VC,
KE,SD,
KE,SR,
KE,SE,
KE,CH,
KE,SY,
KE,TW,
KE,TJ,
KE,TZ,
KE,TH,
KE,TL,
KE,TG,
KE,TO,
KE,TT,
KE,TN,
KE,TM,
KE,TV,
KE,TR,
KE,UG,
KE,UA,
KE,AE,
KE,GB,
KE,US,
KE,UY,
KE,UZ,
KE,VU,
KE,VA,
KE,VE,
KE,VN,
KE,YE,
KE,ZM,
KE,ZW,
KE,AF,
KI,AL,
KI,DZ,
KI,AD,
KI,AO,
KI,AG,
KI,AR,
KI,AM,
KI,AU,
KI,AT,
KI,AZ,
KI,BS,
KI,BH,
KI,BD,
KI,BB,
KI,BY,
KI,BE,
KI,BZ,
KI,BJ,
KI,BT,
KI,BO,
KI,BA,
KI,BW,
KI,BR,
KI,BN,
KI,BG,
KI,BF,
KI,BI,
KI,KH,
KI,CM,
KI,CA,
KI,CV,
KI,CF,
KI,TD,
KI,CL,
KI,CN,
KI,CO,
KI,KM,
KI,CG,
KI,CD,
KI,CR,
KI,CI,
KI,HR,
KI,CU,
KI,CY,
KI,CZ,
KI,DK,
KI,DJ,
KI,DM,
KI,DO,
KI,EC,
KI,EG,
KI,SV,
KI,GQ,
KI,ER,
KI,EE,
KI,SZ,
KI,ET,
KI,FJ,
KI,FI,
KI,FR,
KI,GA,
KI,GM,
KI,GE,
KI,DE,
KI,GH,
KI,GR,
KI,GD,
KI,GT,
KI,GN,
KI,GW,
KI,GY,
KI,HT,
KI,HN,
KI,HK,
KI,HU,
KI,IS,
KI,IN,
KI,ID,
KI,IR,
KI,IQ,
KI,IE,
KI,IL,
KI,IT,
KI,JM,
KI,JP,
KI,JO,
KI,KZ,
KI,KE,
KI,KI,-1
KI,XK,
KI,KW,
KI,KG,
KI,LA,
KI,LV,
KI,LB,
KI,LS,
KI,LR,
KI,LY,
KI,LI,
KI,LT,
KI,LU,
KI,MO,
KI,MG,
KI,MW,
KI,MY,
KI,MV,
KI,ML,
KI,MT,
KI,MH,
KI,MR,
KI,MU,
KI,MX,
KI,FM,
KI,MD,
KI,MC,
KI,MN,
KI,ME,
KI,MA,
KI,MZ,
KI,MM,
KI,NA,
KI,NR,
KI,NP,
KI,NL,
KI,NZ,
KI,NI,
KI,NE,
KI,NG,
KI,KP,
KI,MK,
KI,NO,
KI,OM,
KI,PK,
KI,PW,
KI,PS,
KI,PA,
KI,PG,
KI,PY,
KI,PE,
KI,PH,
KI,PL,
KI,PT,
KI,QA,
KI,RO,
KI,RU,
KI,RW,
KI,KN,
KI,LC,
KI,WS,
KI,SM,
KI,ST,
KI,SA,
KI,SN,
KI,RS,
KI,SC,
KI,SL,
KI,SG,
KI,SK,
KI,SI,
KI,SB,
KI,SO,
KI,ZA,
KI,KR,
KI,SS,
KI,ES,
KI,LK,
KI,VC,
KI,SD,
KI,SR,
KI,SE,
KI,CH,
KI,SY,
KI,TW,
KI,TJ,
KI,TZ,
KI,TH,
KI,TL,
KI,TG,
KI,TO,
KI,TT,
KI,TN,
KI,TM,
KI,TV,
KI,TR,
KI,UG,
KI,UA,
KI,AE,
KI,GB,
KI,US,
KI,UY,
KI,UZ,
KI,VU,
KI,VA,
KI,VE,
KI,VN,
KI,YE,
KI,ZM,
KI,ZW,
KI,AF,
XK,AL,
XK,DZ,
XK,AD,
XK,AO,
XK,AG,
XK,AR,
XK,AM,
XK,AU,
XK,AT,
XK,AZ,
XK,BS,
XK,BH,
XK,BD,
XK,BB,
XK,BY,
XK,BE,
XK,BZ,
XK,BJ,
XK,BT,
XK,BO,
XK,BA,
XK,BW,
XK,BR,
XK,BN,
XK,BG,
XK,BF,
XK,BI,
XK,KH,
XK,CM,
XK,CA,
XK,CV,
XK,CF,
XK,TD,
XK,CL,
XK,CN,
XK,CO,
XK,KM,
XK,CG,
XK,CD,
XK,CR,
XK,CI,
XK,HR,
XK,CU,
XK,CY,
XK,CZ,
XK,DK,
XK,DJ,
XK,DM,
XK,DO,
XK,EC,
XK,EG,
XK,SV,
XK,GQ,
XK,ER,
XK,EE,
XK,SZ,
XK,ET,
XK,FJ,
XK,FI,
XK,FR,
XK,GA,
XK,GM,
XK,GE,
XK,DE,
XK,GH,
XK,GR,
XK,GD,
XK,GT,
XK,GN,
XK,GW,
XK,GY,
XK,HT,
XK,HN,
XK,HK,
XK,HU,
XK,IS,
XK,IN,
XK,ID,
XK,IR,
XK,IQ,
XK,IE,
XK,IL,
XK,IT,
XK,JM,
XK,JP,
XK,JO,
XK,KZ,
XK,KE,
XK,KI,
XK,XK,-1
XK,KW,
XK,KG,
XK,LA,
XK,LV,
XK,LB,
XK,LS,
XK,LR,
XK,LY,
XK,LI,
XK,LT,
XK,LU,
XK,MO,
XK,MG,
XK,MW,
XK,MY,
XK,MV,
XK,ML,
XK,MT,
XK,MH,
XK,MR,
XK,MU,
XK,MX,
XK,FM,
XK,MD,
XK,MC,
XK,MN,
XK,ME,
XK,MA,
XK,MZ,
XK,MM,
XK,NA,
XK,NR,
XK,NP,
XK,NL,
XK,NZ,
XK,NI,
XK,NE,
XK,NG,
XK,KP,
XK,MK,
XK,NO,
XK,OM,
XK,PK,
XK,PW,
XK,PS,
XK,PA,
XK,PG,
XK,PY,
XK,PE,
XK,PH,
XK,PL,
XK,PT,
XK,QA,
XK,RO,
XK,RU,
XK,RW,
XK,KN,
XK,LC,
XK,WS,
XK,SM,
XK,ST,
XK,SA,
XK,SN,
XK,RS,
XK,SC,
XK,SL,
XK,SG,
XK,SK,
XK,SI,
XK,SB,
XK,SO,
XK,ZA,
XK,KR,
XK,SS,
XK,ES,
XK,LK,
XK,VC,
XK,SD,
XK,SR,
XK,SE,
XK,CH,
XK,SY,
XK,TW,
XK,TJ,
XK,TZ,
XK,TH,
XK,TL,
XK,TG,
XK,TO,
XK,TT,
XK,TN,
XK,TM,
XK,TV,
XK,TR,
XK,UG,
XK,UA,
XK,AE,
XK,GB,
XK,US,
XK,UY,
XK,UZ,
XK,VU,
XK,VA,
XK,VE,
XK,VN,
XK,YE,
XK,ZM,
XK,ZW,
XK,AF,
KW,AL,
KW,DZ,
KW,AD,
KW,AO,
KW,AG,
KW,AR,
KW,AM,
KW,AU,
KW,AT,
KW,AZ,
KW,BS,
KW,BH,
KW,BD,
KW,BB,
KW,BY,
KW,BE,
KW,BZ,
KW,BJ,
KW,BT,
KW,BO,
KW,BA,
KW,BW,
KW,BR,
KW,BN,
KW,BG,
KW,BF,
KW,BI,
KW,KH,
KW,CM,
KW,CA,
KW,CV,
KW,CF,
KW,TD,
KW,CL,
KW,CN,
KW,CO,
KW,KM,
KW,CG,
KW,CD,
KW,CR,
KW,CI,
KW,HR,
KW,CU,
KW,CY,
KW,CZ,
KW,DK,
KW,DJ,
KW,DM,
KW,DO,
KW,EC,
KW,EG,
KW,SV,
KW,GQ,
KW,ER,
KW,EE,
KW,SZ,
KW,ET,
KW,FJ,
KW,FI,
KW,FR,
KW,GA,
KW,GM,
KW,GE,
KW,DE,
KW,GH,
KW,GR,
KW,GD,
KW,GT,
KW,GN,
KW,GW,
KW,GY,
KW,HT,
KW,HN,
KW,HK,
KW,HU,
KW,IS,
KW,IN,
KW,ID,
KW,IR,
KW,IQ,
KW,IE,
KW,IL,
KW,IT,
KW,JM,
KW,JP,
KW,JO,
KW,KZ,
KW,KE,
KW,KI,
KW,XK,
KW,KW,-1
KW,KG,
KW,LA,
KW,LV,
KW,LB,
KW,LS,
KW,LR,
KW,LY,
KW,LI,
KW,LT,
KW,LU,
KW,MO,
KW,MG,
KW,MW,
KW,MY,
KW,MV,
KW,ML,
KW,MT,
KW,MH,
KW,MR,
KW,MU,
KW,MX,
KW,FM,
KW,MD,
KW,MC,
KW,MN,
KW,ME,
KW,MA,
KW,MZ,
KW,MM,
KW,NA,
KW,NR,
KW,NP,
KW,NL,
KW,NZ,
KW,NI,
KW,NE,
KW,NG,
KW,KP,
KW,MK,
KW,NO,
KW,OM,
KW,PK,
KW,PW,
KW,PS,
KW,PA,
KW,PG,
KW,PY,
KW,PE,
KW,PH,
KW,PL,
KW,PT,
KW,QA,
KW,RO,
KW,RU,
KW,RW,
KW,KN,
KW,LC,
KW,WS,
KW,SM,
KW,ST,
KW,SA,
KW,SN,
KW,RS,
KW,SC,
KW,SL,
KW,SG,
KW,SK,
KW,SI,
KW,SB,
KW,SO,
KW,ZA,
KW,KR,
KW,SS,
KW,ES,
KW,LK,
KW,VC,
KW,SD,
KW,SR,
KW,SE,
KW,CH,
KW,SY,
KW,TW,
KW,TJ,
KW,TZ,
KW,TH,
KW,TL,
KW,TG,
KW,TO,
KW,TT,
KW,TN,
KW,TM,
KW,TV,
KW,TR,
KW,UG,
KW,UA,
KW,AE,
KW,GB,
KW,US,
KW,UY,
KW,UZ,
KW,VU,
KW,VA,
KW,VE,
KW,VN,
KW,YE,
KW,ZM,
KW,ZW,
KW,AF,
KG,AL,
KG,DZ,
KG,AD,
KG,AO,
KG,AG,
KG,AR,
KG,AM,
KG,AU,
KG,AT,
KG,AZ,
KG,BS,
KG,BH,
KG,BD,
KG,BB,
KG,BY,
KG,BE,
KG,BZ,
KG,BJ,
KG,BT,
KG,BO,
KG,BA,
KG,BW,
KG,BR,
KG,BN,
KG,BG,
KG,BF,
KG,BI,
KG,KH,
KG,CM,
KG,CA,
KG,CV,
KG,CF,
KG,TD,
KG,CL,
KG,CN,
KG,CO,
KG,KM,
KG,CG,
KG,CD,
KG,CR,
KG,CI,
KG,HR,
KG,CU,
KG,CY,
KG,CZ,
KG,DK,
KG,DJ,
KG,DM,
KG,DO,
KG,EC,
KG,EG,
KG,SV,
KG,GQ,
KG,ER,
KG,EE,
KG,SZ,
KG,ET,
KG,FJ,
KG,FI,
KG,FR,
KG,GA,
KG,GM,
KG,GE,
KG,DE,
KG,GH,
KG,GR,
KG,GD,
KG,GT,
KG,GN,
KG,GW,
KG,GY,
KG,HT,
KG,HN,
KG,HK,
KG,HU,
KG,IS,
KG,IN,
KG,ID,
KG,IR,
KG,IQ,
KG,IE,
KG,IL,
KG,IT,
KG,JM,
KG,JP,
KG,JO,
KG,KZ,
KG,KE,
KG,KI,
KG,XK,
KG,KW,
KG,KG,-1
KG,LA,
KG,LV,
KG,LB,
KG,LS,
KG,LR,
KG,LY,
KG,LI,
KG,LT,
KG,LU,
KG,MO,
KG,MG,
KG,MW,
KG,MY,
KG,MV,
KG,ML,
KG,MT,
KG,MH,
KG,MR,
KG,MU,
KG,MX,
KG,FM,
KG,MD,
KG,MC,
KG,MN,
KG,ME,
KG,MA,
KG,MZ,
KG,MM,
KG,NA,
KG,NR,
KG,NP,
KG,NL,
KG,NZ,
KG,NI,
KG,NE,
KG,NG,
KG,KP,
KG,MK,
KG,NO,
KG,OM,
KG,PK,
KG,PW,
KG,PS,
KG,PA,
KG,PG,
KG,PY,
KG,PE,
KG,PH,
KG,PL,
KG,PT,
KG,QA,
KG,RO,
KG,RU,
KG,RW,
KG,KN,
KG,LC,
KG,WS,
KG,SM,
KG,ST,
KG,SA,
KG,SN,
KG,RS,
KG,SC,
KG,SL,
KG,SG,
KG,SK,
KG,SI,
KG,SB,
KG,SO,
KG,ZA,
KG,KR,
KG,SS,
KG,ES,
KG,LK,
KG,VC,
KG,SD,
KG,SR,
KG,SE,
KG,CH,
KG,SY,
KG,TW,
KG,TJ,
KG,TZ,
KG,TH,
KG,TL,
KG,TG,
KG,TO,
KG,TT,
KG,TN,
KG,TM,
KG,TV,
KG,TR,
KG,UG,
KG,UA,
KG,AE,
KG,GB,
KG,US,
KG,UY,
KG,UZ,
KG,VU,
KG,VA,
KG,VE,
KG,VN,
KG,YE,
KG,ZM,
KG,ZW,
KG,AF,
LA,AL,
LA,DZ,
LA,AD,
LA,AO,
LA,AG,
LA,AR,
LA,AM,
LA,AU,
LA,AT,
LA,AZ,
LA,BS,
LA,BH,
LA,BD,
LA,BB,
LA,BY,
LA,BE,
LA,BZ,
LA,BJ,
LA,BT,
LA,BO,
LA,BA,
LA,BW,
LA,BR,
LA,BN,
LA,BG,
LA,BF,
LA,BI,
LA,KH,
LA,CM,
LA,CA,
LA,CV,
LA,CF,
LA,TD,
LA,CL,
LA,CN,
LA,CO,
LA,KM,
LA,CG,
LA,CD,
LA,CR,
LA,CI,
LA,HR,
LA,CU,
LA,CY,
LA,CZ,
LA,DK,
LA,DJ,
LA,DM,
LA,DO,
LA,EC,
LA,EG,
LA,SV,
LA,GQ,
LA,ER,
LA,EE,
LA,SZ,
LA,ET,
LA,FJ,
LA,FI,
LA,FR,
LA,GA,
LA,GM,
LA,GE,
LA,DE,
LA,GH,
LA,GR,
LA,GD,
LA,GT,
LA,GN,
LA,GW,
LA,GY,
LA,HT,
LA,HN,
LA,HK,
LA,HU,
LA,IS,
LA,IN,
LA,ID,
LA,IR,
LA,IQ,
LA,IE,
LA,IL,
LA,IT,
LA,JM,
LA,JP,
LA,JO,
LA,KZ,
LA,KE,
LA,KI,
LA,XK,
LA,KW,
LA,KG,
LA,LA,-1
LA,LV,
LA,LB,
LA,LS,
LA,LR,
LA,LY,
LA,LI,
LA,LT,
LA,LU,
LA,MO,
LA,MG,
LA,MW,
LA,MY,
LA,MV,
LA,ML,
LA,MT,
LA,MH,
LA,MR,
LA,MU,
LA,MX,
LA,FM,
LA,MD,
LA,MC,
LA,MN,
LA,ME,
LA,MA,
LA,MZ,
LA,MM,
LA,NA,
LA,NR,
LA,NP,
LA,NL,
LA,NZ,
LA,NI,
LA,NE,
LA,NG,
LA,KP,
LA,MK,
LA,NO,
LA,OM,
LA,PK,
LA,PW,
LA,PS,
LA,PA,
LA,PG,
LA,PY,
LA,PE,
LA,PH,
LA,PL,
LA,PT,
LA,QA,
LA,RO,
LA,RU,
LA,RW,
LA,KN,
LA,LC,
LA,WS,
LA,SM,
LA,ST,
LA,SA,
LA,SN,
LA,RS,
LA,SC,
LA,SL,
LA,SG,
LA,SK,
LA,SI,
LA,SB,
LA,SO,
LA,ZA,
LA,KR,
LA,SS,
LA,ES,
LA,LK,
LA,VC,
LA,SD,
LA,SR,
LA,SE,
LA,CH,
LA,SY,
LA,TW,
LA,TJ,
LA,TZ,
LA,TH,
LA,TL,
LA,TG,
LA,TO,
LA,TT,
LA,TN,
LA,TM,
LA,TV,
LA,TR,
LA,UG,
LA,UA,
LA,AE,
LA,GB,
LA,US,
LA,UY,
LA,UZ,
LA,VU,
LA,VA,
LA,VE,
LA,VN,
LA,YE,
LA,ZM,
LA,ZW,
LA,AF,
LV,AL,
LV,DZ,
LV,AD,
LV,AO,
LV,AG,
LV,AR,
LV,AM,
LV,AU,
LV,AT,
LV,AZ,
LV,BS,
LV,BH,
LV,BD,
LV,BB,
LV,BY,
LV,BE,
LV,BZ,
LV,BJ,
LV,BT,
LV,BO,
LV,BA,
LV,BW,
LV,BR,
LV,BN,
LV,BG,
LV,BF,
LV,BI,
LV,KH,
LV,CM,
LV,CA,
LV,CV,
LV,CF,
LV,TD,
LV,CL,
LV,CN,
LV,CO,
LV,KM,
LV,CG,
LV,CD,
LV,CR,
LV,CI,
LV,HR,
LV,CU,
LV,CY,
LV,CZ,
LV,DK,
LV,DJ,
LV,DM,
LV,DO,
LV,EC,
LV,EG,
LV,SV,
LV,GQ,
LV,ER,
LV,EE,
LV,SZ,
LV,ET,
LV,FJ,
LV,FI,
LV,FR,
LV,GA,
LV,GM,
LV,GE,
LV,DE,
LV,GH,
LV,GR,
LV,GD,
LV,GT,
LV,GN,
LV,GW,
LV,GY,
LV,HT,
LV,HN,
LV,HK,
LV,HU,
LV,IS,
LV,IN,
LV,ID,
LV,IR,
LV,IQ,
LV,IE,
LV,IL,
LV,IT,
LV,JM,
LV,JP,
LV,JO,
LV,KZ,
LV,KE,
LV,KI,
LV,XK,
LV,KW,
LV,KG,
LV,LA,
LV,LV,-1
LV,LB,
LV,LS,
LV,LR,
LV,LY,
LV,LI,
LV,LT,
LV,LU,
LV,MO,
LV,MG,
LV,MW,
LV,MY,
LV,MV,
LV,ML,
LV,MT,
LV,MH,
LV,MR,
LV,MU,
LV,MX,
LV,FM,
LV,MD,
LV,MC,
LV,MN,
LV,ME,
LV,MA,
LV,MZ,
LV,MM,
LV,NA,
LV,NR,
LV,NP,
LV,NL,
LV,NZ,
LV,NI,
LV,NE,
LV,NG,
LV,KP,
LV,MK,
LV,NO,
LV,OM,
LV,PK,
LV,PW,
LV,PS,
LV,PA,
LV,PG,
LV,PY,
LV,PE,
LV,PH,
LV,PL,
LV,PT,
LV,QA,
LV,RO,
LV,RU,
LV,RW,
LV,KN,
LV,LC,
LV,WS,
LV,SM,
LV,ST,
LV,SA,
LV,SN,
LV,RS,
LV,SC,
LV,SL,
LV,SG,
LV,SK,
LV,SI,
LV,SB,
LV,SO,
LV,ZA,
LV,KR,
LV,SS,
LV,ES,
LV,LK,
LV,VC,
LV,SD,
LV,SR,
LV,SE,
LV,CH,
LV,SY,
LV,TW,
LV,TJ,
LV,TZ,
LV,TH,
LV,TL,
LV,TG,
LV,TO,
LV,TT,
LV,TN,
LV,TM,
LV,TV,
LV,TR,
LV,UG,
LV,UA,
LV,AE,
LV,GB,
LV,US,
LV,UY,
LV,UZ,
LV,VU,
LV,VA,
LV,VE,
LV,VN,
LV,YE,
LV,ZM,
LV,ZW,
LV,AF,
LB,AL,
LB,DZ,
LB,AD,
LB,AO,
LB,AG,
LB,AR,
LB,AM,
LB,AU,
LB,AT,
LB,AZ,
LB,BS,
LB,BH,
LB,BD,
LB,BB,
LB,BY,
LB,BE,
LB,BZ,
LB,BJ,
LB,BT,
LB,BO,
LB,BA,
LB,BW,
LB,BR,
LB,BN,
LB,BG,
LB,BF,
LB,BI,
LB,KH,
LB,CM,
LB,CA,
LB,CV,
LB,CF,
LB,TD,
LB,CL,
LB,CN,
LB,CO,
LB,KM,
LB,CG,
LB,CD,
LB,CR,
LB,CI,
LB,HR,
LB,CU,
LB,CY,
LB,CZ,
LB,DK,
LB,DJ,
LB,DM,
LB,DO,
LB,EC,
LB,EG,
LB,SV,
LB,GQ,
LB,ER,
LB,EE,
LB,SZ,
LB,ET,
LB,FJ,
LB,FI,
LB,FR,
LB,GA,
LB,GM,
LB,GE,
LB,DE,
LB,GH,
LB,GR,
LB,GD,
LB,GT,
LB,GN,
LB,GW,
LB,GY,
LB,HT,
LB,HN,
LB,HK,
LB,HU,
LB,IS,
LB,IN,
LB,ID,
LB,IR,
LB,IQ,
LB,IE,
LB,IL,
LB,IT,
LB,JM,
LB,JP,
LB,JO,
LB,KZ,
LB,KE,
LB,KI,
LB,XK,
LB,KW,
LB,KG,
LB,LA,
LB,LV,
LB,LB,-1
LB,LS,
LB,LR,
LB,LY,
LB,LI,
LB,LT,
LB,LU,
LB,MO,
LB,MG,
LB,MW,
LB,MY,
LB,MV,
LB,ML,
LB,MT,
LB,MH,
LB,MR,
LB,MU,
LB,MX,
LB,FM,
LB,MD,
LB,MC,
LB,MN,
LB,ME,
LB,MA,
LB,MZ,
LB,MM,
LB,NA,
LB,NR,
LB,NP,
LB,NL,
LB,NZ,
LB,NI,
LB,NE,
LB,NG,
LB,KP,
LB,MK,
LB,NO,
LB,OM,
LB,PK,
LB,PW,
LB,PS,
LB,PA,
LB,PG,
LB,PY,
LB,PE,
LB,PH,
LB,PL,
LB,PT,
LB,QA,
LB,RO,
LB,RU,
LB,RW,
LB,KN,
LB,LC,
LB,WS,
LB,SM,
LB,ST,
LB,SA,
LB,SN,
LB,RS,
LB,SC,
LB,SL,
LB,SG,
LB,SK,
LB,SI,
LB,SB,
LB,SO,
LB,ZA,
LB,KR,
LB,SS,
LB,ES,
LB,LK,
LB,VC,
LB,SD,
LB,SR,
LB,SE,
LB,CH,
LB,SY,
LB,TW,
LB,TJ,
LB,TZ,
LB,TH,
LB,TL,
LB,TG,
LB,TO,
LB,TT,
LB,TN,
LB,TM,
LB,TV,
LB,TR,
LB,UG,
LB,UA,
LB,AE,
LB,GB,
LB,US,
LB,UY,
LB,UZ,
LB,VU,
LB,VA,
LB,VE,
LB,VN,
LB,YE,
LB,ZM,
LB,ZW,
LB,AF,
LS,AL,
LS,DZ,
LS,AD,
LS,AO,
LS,AG,
LS,AR,
LS,AM,
LS,AU,
LS,AT,
LS,AZ,
LS,BS,
LS,BH,
LS,BD,
LS,BB,
LS,BY,
LS,BE,
LS,BZ,
LS,BJ,
LS,BT,
LS,BO,
LS,BA,
LS,BW,
LS,BR,
LS,BN,
LS,BG,
LS,BF,
LS,BI,
LS,KH,
LS,CM,
LS,CA,
LS,CV,
LS,CF,
LS,TD,
LS,CL,
LS,CN,
LS,CO,
LS,KM,
LS,CG,
LS,CD,
LS,CR,
LS,CI,
LS,HR,
LS,CU,
LS,CY,
LS,CZ,
LS,DK,
LS,DJ,
LS,DM,
LS,DO,
LS,EC,
LS,EG,
LS,SV,
LS,GQ,
LS,ER,
LS,EE,
LS,SZ,
LS,ET,
LS,FJ,
LS,FI,
LS,FR,
LS,GA,
LS,GM,
LS,GE,
LS,DE,
LS,GH,
LS,GR,
LS,GD,
LS,GT,
LS,GN,
LS,GW,
LS,GY,
LS,HT,
LS,HN,
LS,HK,
LS,HU,
LS,IS,
LS,IN,
LS,ID,
LS,IR,
LS,IQ,
LS,IE,
LS,IL,
LS,IT,
LS,JM,
LS,JP,
LS,JO,
LS,KZ,
LS,KE,
LS,KI,
LS,XK,
LS,KW,
LS,KG,
LS,LA,
LS,LV,
LS,LB,
LS,LS,-1
LS,LR,
LS,LY,
LS,LI,
LS,LT,
LS,LU,
LS,MO,
LS,MG,
LS,MW,
LS,MY,
LS,MV,
LS,ML,
LS,MT,
LS,MH,
LS,MR,
LS,MU,
LS,MX,
LS,FM,
LS,MD,
LS,MC,
LS,MN,
LS,ME,
LS,MA,
LS,MZ,
LS,MM,
LS,NA,
LS,NR,
LS,NP,
LS,NL,
LS,NZ,
LS,NI,
LS,NE,
LS,NG,
LS,KP,
LS,MK,
LS,NO,
LS,OM,
LS,PK,
LS,PW,
LS,PS,
LS,PA,
LS,PG,
LS,PY,
LS,PE,
LS,PH,
LS,PL,
LS,PT,
LS,QA,
LS,RO,
LS,RU,
LS,RW,
LS,KN,
LS,LC,
LS,WS,
LS,SM,
LS,ST,
LS,SA,
LS,SN,
LS,RS,
LS,SC,
LS,SL,
LS,SG,
LS,SK,
LS,SI,
LS,SB,
LS,SO,
LS,ZA,
LS,KR,
LS,SS,
LS,ES,
LS,LK,
LS,VC,
LS,SD,
LS,SR,
LS,SE,
LS,CH,
LS,SY,
LS,TW,
LS,TJ,
LS,TZ,
LS,TH,
LS,TL,
LS,TG,
LS,TO,
LS,TT,
LS,TN,
LS,TM,
LS,TV,
LS,TR,
LS,UG,
LS,UA,
LS,AE,
LS,GB,
LS,US,
LS,UY,
LS,UZ,
LS,VU,
LS,VA,
LS,VE,
LS,VN,
LS,YE,
LS,ZM,
LS,ZW,
LS,AF,
LR,AL,
LR,DZ,
LR,AD,
LR,AO,
LR,AG,
LR,AR,
LR,AM,
LR,AU,
LR,AT,
LR,AZ,
LR,BS,
LR,BH,
LR,BD,
LR,BB,
LR,BY,
LR,BE,
LR,BZ,
LR,BJ,
LR,BT,
LR,BO,
LR,BA,
LR,BW,
LR,BR,
LR,BN,
LR,BG,
LR,BF,
LR,BI,
LR,KH,
LR,CM,
LR,CA,
LR,CV,
LR,CF,
LR,TD,
LR,CL,
LR,CN,
LR,CO,
LR,KM,
LR,CG,
LR,CD,
LR,CR,
LR,CI,
LR,HR,
LR,CU,
LR,CY,
LR,CZ,
LR,DK,
LR,DJ,
LR,DM,
LR,DO,
LR,EC,
LR,EG,
LR,SV,
LR,GQ,
LR,ER,
LR,EE,
LR,SZ,
LR,ET,
LR,FJ,
LR,FI,
LR,FR,
LR,GA,
LR,GM,
LR,GE,
LR,DE,
LR,GH,
LR,GR,
LR,GD,
LR,GT,
LR,GN,
LR,GW,
LR,GY,
LR,HT,
LR,HN,
LR,HK,
LR,HU,
LR,IS,
LR,IN,
LR,ID,
LR,IR,
LR,IQ,
LR,IE,
LR,IL,
LR,IT,
LR,JM,
LR,JP,
LR,JO,
LR,KZ,
LR,KE,
LR,KI,
LR,XK,
LR,KW,
LR,KG,
LR,LA,
LR,LV,
LR,LB,
LR,LS,
LR,LR,-1
LR,LY,
LR,LI,
LR,LT,
LR,LU,
LR,MO,
LR,MG,
LR,MW,
LR,MY,
LR,MV,
LR,ML,
LR,MT,
LR,MH,
LR,MR,
LR,MU,
LR,MX,
LR,FM,
LR,MD,
LR,MC,
LR,MN,
LR,ME,
LR,MA,
LR,MZ,
LR,MM,
LR,NA,
LR,NR,
LR,NP,
LR,NL,
LR,NZ,
LR,NI,
LR,NE,
LR,NG,
LR,KP,
LR,MK,
LR,NO,
LR,OM,
LR,PK,
LR,PW,
LR,PS,
LR,PA,
LR,PG,
LR,PY,
LR,PE,
LR,PH,
LR,PL,
LR,PT,
LR,QA,
LR,RO,
LR,RU,
LR,RW,
LR,KN,
LR,LC,
LR,WS,
LR,SM,
LR,ST,
LR,SA,
LR,SN,
LR,RS,
LR,SC,
LR,SL,
LR,SG,
LR,SK,
LR,SI,
LR,SB,
LR,SO,
LR,ZA,
LR,KR,
LR,SS,
LR,ES,
LR,LK,
LR,VC,
LR,SD,
LR,SR,
LR,SE,
LR,CH,
LR,SY,
LR,TW,
LR,TJ,
LR,TZ,
LR,TH,
LR,TL,
LR,TG,
LR,TO,
LR,TT,
LR,TN,
LR,TM,
LR,TV,
LR,TR,
LR,UG,
LR,UA,
LR,AE,
LR,GB,
LR,US,
LR,UY,
LR,UZ,
LR,VU,
LR,VA,
LR,VE,
LR,VN,
LR,YE,
LR,ZM,
LR,ZW,
LR,AF,
LY,AL,
LY,DZ,
LY,AD,
LY,AO,
LY,AG,
LY,AR,
LY,AM,
LY,AU,
LY,AT,
LY,AZ,
LY,BS,
LY,BH,
LY,BD,
LY,BB,
LY,BY,
LY,BE,
LY,BZ,
LY,BJ,
LY,BT,
LY,BO,
LY,BA,
LY,BW,
LY,BR,
LY,BN,
LY,BG,
LY,BF,
LY,BI,
LY,KH,
LY,CM,
LY,CA,
LY,CV,
LY,CF,
LY,TD,
LY,CL,
LY,CN,
LY,CO,
LY,KM,
LY,CG,
LY,CD,
LY,CR,
LY,CI,
LY,HR,
LY,CU,
LY,CY,
LY,CZ,
LY,DK,
LY,DJ,
LY,DM,
LY,DO,
LY,EC,
LY,EG,
LY,SV,
LY,GQ,
LY,ER,
LY,EE,
LY,SZ,
LY,ET,
LY,FJ,
LY,FI,
LY,FR,
LY,GA,
LY,GM,
LY,GE,
LY,DE,
LY,GH,
LY,GR,
LY,GD,
LY,GT,
LY,GN,
LY,GW,
LY,GY,
LY,HT,
LY,HN,
LY,HK,
LY,HU,
LY,IS,
LY,IN,
LY,ID,
LY,IR,
LY,IQ,
LY,IE,
LY,IL,
LY,IT,
LY,JM,
LY,JP,
LY,JO,
LY,KZ,
LY,KE,
LY,KI,
LY,XK,
LY,KW,
LY,KG,
LY,LA,
LY,LV,
LY,LB,
LY,LS,
LY,LR,
LY,LY,-1
LY,LI,
LY,LT,
LY,LU,
LY,MO,
LY,MG,
LY,MW,
LY,MY,
LY,MV,
LY,ML,
LY,MT,
LY,MH,
LY,MR,
LY,MU,
LY,MX,
LY,FM,
LY,MD,
LY,MC,
LY,MN,
LY,ME,
LY,MA,
LY,MZ,
LY,MM,
LY,NA,
LY,NR,
LY,NP,
LY,NL,
LY,NZ,
LY,NI,
LY,NE,
LY,NG,
LY,KP,
LY,MK,
LY,NO,
LY,OM,
LY,PK,
LY,PW,
LY,PS,
LY,PA,
LY,PG,
LY,PY,
LY,PE,
LY,PH,
LY,PL,
LY,PT,
LY,QA,
LY,RO,
LY,RU,
LY,RW,
LY,KN,
LY,LC,
LY,WS,
LY,SM,
LY,ST,
LY,SA,
LY,SN,
LY,RS,
LY,SC,
LY,SL,
LY,SG,
LY,SK,
LY,SI,
LY,SB,
LY,SO,
LY,ZA,
LY,KR,
LY,SS,
LY,ES,
LY,LK,
LY,VC,
LY,SD,
LY,SR,
LY,SE,
LY,CH,
LY,SY,
LY,TW,
LY,TJ,
LY,TZ,
LY,TH,
LY,TL,
LY,TG,
LY,TO,
LY,TT,
LY,TN,
LY,TM,
LY,TV,
LY,TR,
LY,UG,
LY,UA,
LY,AE,
LY,GB,
LY,US,
LY,UY,
LY,UZ,
LY,VU,
LY,VA,
LY,VE,
LY,VN,
LY,YE,
LY,ZM,
LY,ZW,
LY,AF,
LI,AL,
LI,DZ,
LI,AD,
LI,AO,
LI,AG,
LI,AR,
LI,AM,
LI,AU,
LI,AT,
LI,AZ,
LI,BS,
LI,BH,
LI,BD,
LI,BB,
LI,BY,
LI,BE,
LI,BZ,
LI,BJ,
LI,BT,
LI,BO,
LI,BA,
LI,BW,
LI,BR,
LI,BN,
LI,BG,
LI,BF,
LI,BI,
LI,KH,
LI,CM,
LI,CA,
LI,CV,
LI,CF,
LI,TD,
LI,CL,
LI,CN,
LI,CO,
LI,KM,
LI,CG,
LI,CD,
LI,CR,
LI,CI,
LI,HR,
LI,CU,
LI,CY,
LI,CZ,
LI,DK,
LI,DJ,
LI,DM,
LI,DO,
LI,EC,
LI,EG,
LI,SV,
LI,GQ,
LI,ER,
LI,EE,
LI,SZ,
LI,ET,
LI,FJ,
LI,FI,
LI,FR,
LI,GA,
LI,GM,
LI,GE,
LI,DE,
LI,GH,
LI,GR,
LI,GD,
LI,GT,
LI,GN,
LI,GW,
LI,GY,
LI,HT,
LI,HN,
LI,HK,
LI,HU,
LI,IS,
LI,IN,
LI,ID,
LI,IR,
LI,IQ,
LI,IE,
LI,IL,
LI,IT,
LI,JM,
LI,JP,
LI,JO,
LI,KZ,
LI,KE,
LI,KI,
LI,XK,
LI,KW,
LI,KG,
LI,LA,
LI,LV,
LI,LB,
LI,LS,
LI,LR,
LI,LY,
LI,LI,-1
LI,LT,
LI,LU,
LI,MO,
LI,MG,
LI,MW,
LI,MY,
LI,MV,
LI,ML,
LI,MT,
LI,MH,
LI,MR,
LI,MU,
LI,MX,
LI,FM,
LI,MD,
LI,MC,
LI,MN,
LI,ME,
LI,MA,
LI,MZ,
LI,MM,
LI,NA,
LI,NR,
LI,NP,
LI,NL,
LI,NZ,
LI,NI,
LI,NE,
LI,NG,
LI,KP,
LI,MK,
LI,NO,
LI,OM,
LI,PK,
LI,PW,
LI,PS,
LI,PA,
LI,PG,
LI,PY,
LI,PE,
LI,PH,
LI,PL,
LI,PT,
LI,QA,
LI,RO,
LI,RU,
LI,RW,
LI,KN,
LI,LC,
LI,WS,
LI,SM,
LI,ST,
LI,SA,
LI,SN,
LI,RS,
LI,SC,
LI,SL,
LI,SG,
LI,SK,
LI,SI,
LI,SB,
LI,SO,
LI,ZA,
LI,KR,
LI,SS,
LI,ES,
LI,LK,
LI,VC,
LI,SD,
LI,SR,
LI,SE,
LI,CH,
LI,SY,
LI,TW,
LI,TJ,
LI,TZ,
LI,TH,
LI,TL,
LI,TG,
LI,TO,
LI,TT,
LI,TN,
LI,TM,
LI,TV,
LI,TR,
LI,UG,
LI,UA,
LI,AE,
LI,GB,
LI,US,
LI,UY,
LI,UZ,
LI,VU,
LI,VA,
LI,VE,
LI,VN,
LI,YE,
LI,ZM,
LI,ZW,
LI,AF,
LT,AL,
LT,DZ,
LT,AD,
LT,AO,
LT,AG,
LT,AR,
LT,AM,
LT,AU,
LT,AT,
LT,AZ,
LT,BS,
LT,BH,
LT,BD,
LT,BB,
LT,BY,
LT,BE,
LT,BZ,
LT,BJ,
LT,BT,
LT,BO,
LT,BA,
LT,BW,
LT,BR,
LT,BN,
LT,BG,
LT,BF,
LT,BI,
LT,KH,
LT,CM,
LT,CA,
LT,CV,
LT,CF,
LT,TD,
LT,CL,
LT,CN,
LT,CO,
LT,KM,
LT,CG,
LT,CD,
LT,CR,
LT,CI,
LT,HR,
LT,CU,
LT,CY,
LT,CZ,
LT,DK,
LT,DJ,
LT,DM,
LT,DO,
LT,EC,
LT,EG,
LT,SV,
LT,GQ,
LT,ER,
LT,EE,
LT,SZ,
LT,ET,
LT,FJ,
LT,FI,
LT,FR,
LT,GA,
LT,GM,
LT,GE,
LT,DE,
LT,GH,
LT,GR,
LT,GD,
LT,GT,
LT,GN,
LT,GW,
LT,GY,
LT,HT,
LT,HN,
LT,HK,
LT,HU,
LT,IS,
LT,IN,
LT,ID,
LT,IR,
LT,IQ,
LT,IE,
LT,IL,
LT,IT,
LT,JM,
LT,JP,
LT,JO,
LT,KZ,
LT,KE,
LT,KI,
LT,XK,
LT,KW,
LT,KG,
LT,LA,
LT,LV,
LT,LB,
LT,LS,
LT,LR,
LT,LY,
LT,LI,
LT,LT,-1
LT,LU,
LT,MO,
LT,MG,
LT,MW,
LT,MY,
LT,MV,
LT,ML,
LT,MT,
LT,MH,
LT,MR,
LT,MU,
LT,MX,
LT,FM,
LT,MD,
LT,MC,
LT,MN,
LT,ME,
LT,MA,
LT,MZ,
LT,MM,
LT,NA,
LT,NR,
LT,NP,
LT,NL,
LT,NZ,
LT,NI,
LT,NE,
LT,NG,
LT,KP,
LT,MK,
LT,NO,
LT,OM,
LT,PK,
LT,PW,
LT,PS,
LT,PA,
LT,PG,
LT,PY,
LT,PE,
LT,PH,
LT,PL,
LT,PT,
LT,QA,
LT,RO,
LT,RU,
LT,RW,
LT,KN,
LT,LC,
LT,WS,
LT,SM,
LT,ST,
LT,SA,
LT,SN,
LT,RS,
LT,SC,
LT,SL,
LT,SG,
LT,SK,
LT,SI,
LT,SB,
LT,SO,
LT,ZA,
LT,KR,
LT,SS,
LT,ES,
LT,LK,
LT,VC,
LT,SD,
LT,SR,
LT,SE,
LT,CH,
LT,SY,
LT,TW,
LT,TJ,
LT,TZ,
LT,TH,
LT,TL,
LT,TG,
LT,TO,
LT,TT,
LT,TN,
LT,TM,
LT,TV,
LT,TR,
LT,UG,
LT,UA,
LT,AE,
LT,GB,
LT,US,
LT,UY,
LT,UZ,
LT,VU,
LT,VA,
LT,VE,
LT,VN,
LT,YE,
LT,ZM,
LT,ZW,
LT,AF,
LU,AL,
LU,DZ,
LU,AD,
LU,AO,
LU,AG,
LU,AR,
LU,AM,
LU,AU,
LU,AT,
LU,AZ,
LU,BS,
LU,BH,
LU,BD,
LU,BB,
LU,BY,
LU,BE,
LU,BZ,
LU,BJ,
LU,BT,
LU,BO,
LU,BA,
LU,BW,
LU,BR,
LU,BN,
LU,BG,
LU,BF,
LU,BI,
LU,KH,
LU,CM,
LU,CA,
LU,CV,
LU,CF,
LU,TD,
LU,CL,
LU,CN,
LU,CO,
LU,KM,
LU,CG,
LU,CD,
LU,CR,
LU,CI,
LU,HR,
LU,CU,
LU,CY,
LU,CZ,
LU,DK,
LU,DJ,
LU,DM,
LU,DO,
LU,EC,
LU,EG,
LU,SV,
LU,GQ,
LU,ER,
LU,EE,
LU,SZ,
LU,ET,
LU,FJ,
LU,FI,
LU,FR,
LU,GA,
LU,GM,
LU,GE,
LU,DE,
LU,GH,
LU,GR,
LU,GD,
LU,GT,
LU,GN,
LU,GW,
LU,GY,
LU,HT,
LU,HN,
LU,HK,
LU,HU,
LU,IS,
LU,IN,
LU,ID,
LU,IR,
LU,IQ,
LU,IE,
LU,IL,
LU,IT,
LU,JM,
LU,JP,
LU,JO,
LU,KZ,
LU,KE,
LU,KI,
LU,XK,
LU,KW,
LU,KG,
LU,LA,
LU,LV,
LU,LB,
LU,LS,
LU,LR,
LU,LY,
LU,LI,
LU,LT,
LU,LU,-1
LU,MO,
LU,MG,
LU,MW,
LU,MY,
LU,MV,
LU,ML,
LU,MT,
LU,MH,
LU,MR,
LU,MU,
LU,MX,
LU,FM,
LU,MD,
LU,MC,
LU,MN,
LU,ME,
LU,MA,
LU,MZ,
LU,MM,
LU,NA,
LU,NR,
LU,NP,
LU,NL,
LU,NZ,
LU,NI,
LU,NE,
LU,NG,
LU,KP,
LU,MK,
LU,NO,
LU,OM,
LU,PK,
LU,PW,
LU,PS,
LU,PA,
LU,PG,
LU,PY,
LU,PE,
LU,PH,
LU,PL,
LU,PT,
LU,QA,
LU,RO,
LU,RU,
LU,RW,
LU,KN,
LU,LC,
LU,WS,
LU,SM,
LU,ST,
LU,SA,
LU,SN,
LU,RS,
LU,SC,
LU,SL,
LU,SG,
LU,SK,
LU,SI,
LU,SB,
LU,SO,
LU,ZA,
LU,KR,
LU,SS,
LU,ES,
LU,LK,
LU,VC,
LU,SD,
LU,SR,
LU,SE,
LU,CH,
LU,SY,
LU,TW,
LU,TJ,
LU,TZ,
LU,TH,
LU,TL,
LU,TG,
LU,TO,
LU,TT,
LU,TN,
LU,TM,
LU,TV,
LU,TR,
LU,UG,
LU,UA,
LU,AE,
LU,GB,
LU,US,
LU,UY,
LU,UZ,
LU,VU,
LU,VA,
LU,VE,
LU,VN,
LU,YE,
LU,ZM,
LU,ZW,
LU,AF,
MO,AL,
MO,DZ,
MO,AD,
MO,AO,
MO,AG,
MO,AR,
MO,AM,
MO,AU,
MO,AT,
MO,AZ,
MO,BS,
MO,BH,
MO,BD,
MO,BB,
MO,BY,
MO,BE,
MO,BZ,
MO,BJ,
MO,BT,
MO,BO,
MO,BA,
MO,BW,
MO,BR,
MO,BN,
MO,BG,
MO,BF,
MO,BI,
MO,KH,
MO,CM,
MO,CA,
MO,CV,
MO,CF,
MO,TD,
MO,CL,
MO,CN,
MO,CO,
MO,KM,
MO,CG,
MO,CD,
MO,CR,
MO,CI,
MO,HR,
MO,CU,
MO,CY,
MO,CZ,
MO,DK,
MO,DJ,
MO,DM,
MO,DO,
MO,EC,
MO,EG,
MO,SV,
MO,GQ,
MO,ER,
MO,EE,
MO,SZ,
MO,ET,
MO,FJ,
MO,FI,
MO,FR,
MO,GA,
MO,GM,
MO,GE,
MO,DE,
MO,GH,
MO,GR,
MO,GD,
MO,GT,
MO,GN,
MO,GW,
MO,GY,
MO,HT,
MO,HN,
MO,HK,
MO,HU,
MO,IS,
MO,IN,
MO,ID,
MO,IR,
MO,IQ,
MO,IE,
MO,IL,
MO,IT,
MO,JM,
MO,JP,
MO,JO,
MO,KZ,
MO,KE,
MO,KI,
MO,XK,
MO,KW,
MO,KG,
MO,LA,
MO,LV,
MO,LB,
MO,LS,
MO,LR,
MO,LY,
MO,LI,
MO,LT,
MO,LU,
MO,MO,-1
MO,MG,
MO,MW,
MO,MY,
MO,MV,
MO,ML,
MO,MT,
MO,MH,
MO,MR,
MO,MU,
MO,MX,
MO,FM,
MO,MD,
MO,MC,
MO,MN,
MO,ME,
MO,MA,
MO,MZ,
MO,MM,
MO,NA,
MO,NR,
MO,NP,
MO,NL,
MO,NZ,
MO,NI,
MO,NE,
MO,NG,
MO,KP,
MO,MK,
MO,NO,
MO,OM,
MO,PK,
MO,PW,
MO,PS,
MO,PA,
MO,PG,
MO,PY,
MO,PE,
MO,PH,
MO,PL,
MO,PT,
MO,QA,
MO,RO,
MO,RU,
MO,RW,
MO,KN,
MO,LC,
MO,WS,
MO,SM,
MO,ST,
MO,SA,
MO,SN,
MO,RS,
MO,SC,
MO,SL,
MO,SG,
MO,SK,
MO,SI,
MO,SB,
MO,SO,
MO,ZA,
MO,KR,
MO,SS,
MO,ES,
MO,LK,
MO,VC,
MO,SD,
MO,SR,
MO,SE,
MO,CH,
MO,SY,
MO,TW,
MO,TJ,
MO,TZ,
MO,TH,
MO,TL,
MO,TG,
MO,TO,
MO,TT,
MO,TN,
MO,TM,
MO,TV,
MO,TR,
MO,UG,
MO,UA,
MO,AE,
MO,GB,
MO,US,
MO,UY,
MO,UZ,
MO,VU,
MO,VA,
MO,VE,
MO,VN,
MO,YE,
MO,ZM,
MO,ZW,
MO,AF,
MG,AL,
MG,DZ,
MG,AD,
MG,AO,
MG,AG,
MG,AR,
MG,AM,
MG,AU,
MG,AT,
MG,AZ,
MG,BS,
MG,BH,
MG,BD,
MG,BB,
MG,BY,
MG,BE,
MG,BZ,
MG,BJ,
MG,BT,
MG,BO,
MG,BA,
MG,BW,
MG,BR,
MG,BN,
MG,BG,
MG,BF,
MG,BI,
MG,KH,
MG,CM,
MG,CA,
MG,CV,
MG,CF,
MG,TD,
MG,CL,
MG,CN,
MG,CO,
MG,KM,
MG,CG,
MG,CD,
MG,CR,
MG,CI,
MG,HR,
MG,CU,
MG,CY,
MG,CZ,
MG,DK,
MG,DJ,
MG,DM,
MG,DO,
MG,EC,
MG,EG,
MG,SV,
MG,GQ,
MG,ER,
MG,EE,
MG,SZ,
MG,ET,
MG,FJ,
MG,FI,
MG,FR,
MG,GA,
MG,GM,
MG,GE,
MG,DE,
MG,GH,
MG,GR,
MG,GD,
MG,GT,
MG,GN,
MG,GW,
MG,GY,
MG,HT,
MG,HN,
MG,HK,
MG,HU,
MG,IS,
MG,IN,
MG,ID,
MG,IR,
MG,IQ,
MG,IE,
MG,IL,
MG,IT,
MG,JM,
MG,JP,
MG,JO,
MG,KZ,
MG,KE,
MG,KI,
MG,XK,
MG,KW,
MG,KG,
MG,LA,
MG,LV,
MG,LB,
MG,LS,
MG,LR,
MG,LY,
MG,LI,
MG,LT,
MG,LU,
MG,MO,
MG,MG,-1
MG,MW,
MG,MY,
MG,MV,
MG,ML,
MG,MT,
MG,MH,
MG,MR,
MG,MU,
MG,MX,
MG,FM,
MG,MD,
MG,MC,
MG,MN,
MG,ME,
MG,MA,
MG,MZ,
MG,MM,
MG,NA,
MG,NR,
MG,NP,
MG,NL,
MG,NZ,
MG,NI,
MG,NE,
MG,NG,
MG,KP,
MG,MK,
MG,NO,
MG,OM,
MG,PK,
MG,PW,
MG,PS,
MG,PA,
MG,PG,
MG,PY,
MG,PE,
MG,PH,
MG,PL,
MG,PT,
MG,QA,
MG,RO,
MG,RU,
MG,RW,
MG,KN,
MG,LC,
MG,WS,
MG,SM,
MG,ST,
MG,SA,
MG,SN,
MG,RS,
MG,SC,
MG,SL,
MG,SG,
MG,SK,
MG,SI,
MG,SB,
MG,SO,
MG,ZA,
MG,KR,
MG,SS,
MG,ES,
MG,LK,
MG,VC,
MG,SD,
MG,SR,
MG,SE,
MG,CH,
MG,SY,
MG,TW,
MG,TJ,
MG,TZ,
MG,TH,
MG,TL,
MG,TG,
MG,TO,
MG,TT,
MG,TN,
MG,TM,
MG,TV,
MG,TR,
MG,UG,
MG,UA,
MG,AE,
MG,GB,
MG,US,
MG,UY,
MG,UZ,
MG,VU,
MG,VA,
MG,VE,
MG,VN,
MG,YE,
MG,ZM,
MG,ZW,
MG,AF,
MW,AL,
MW,DZ,
MW,AD,
MW,AO,
MW,AG,
MW,AR,
MW,AM,
MW,AU,
MW,AT,
MW,AZ,
MW,BS,
MW,BH,
MW,BD,
MW,BB,
MW,BY,
MW,BE,
MW,BZ,
MW,BJ,
MW,BT,
MW,BO,
MW,BA,
MW,BW,
MW,BR,
MW,BN,
MW,BG,
MW,BF,
MW,BI,
MW,KH,
MW,CM,
MW,CA,
MW,CV,
MW,CF,
MW,TD,
MW,CL,
MW,CN,
MW,CO,
MW,KM,
MW,CG,
MW,CD,
MW,CR,
MW,CI,
MW,HR,
MW,CU,
MW,CY,
MW,CZ,
MW,DK,
MW,DJ,
MW,DM,
MW,DO,
MW,EC,
MW,EG,
MW,SV,
MW,GQ,
MW,ER,
MW,EE,
MW,SZ,
MW,ET,
MW,FJ,
MW,FI,
MW,FR,
MW,GA,
MW,GM,
MW,GE,
MW,DE,
MW,GH,
MW,GR,
MW,GD,
MW,GT,
MW,GN,
MW,GW,
MW,GY,
MW,HT,
MW,HN,
MW,HK,
MW,HU,
MW,IS,
MW,IN,
MW,ID,
MW,IR,
MW,IQ,
MW,IE,
MW,IL,
MW,IT,
MW,JM,
MW,JP,
MW,JO,
MW,KZ,
MW,KE,
MW,KI,
MW,XK,
MW,KW,
MW,KG,
MW,LA,
MW,LV,
MW,LB,
MW,LS,
MW,LR,
MW,LY,
MW,LI,
MW,LT,
MW,LU,
MW,MO,
MW,MG,
MW,MW,-1
MW,MY,
MW,MV,
MW,ML,
MW,MT,
MW,MH,
MW,MR,
MW,MU,
MW,MX,
MW,FM,
MW,MD,
MW,MC,
MW,MN,
MW,ME,
MW,MA,
MW,MZ,
MW,MM,
MW,NA,
MW,NR,
MW,NP,
MW,NL,
MW,NZ,
MW,NI,
MW,NE,
MW,NG,
MW,KP,
MW,MK,
MW,NO,
MW,OM,
MW,PK,
MW,PW,
MW,PS,
MW,PA,
MW,PG,
MW,PY,
MW,PE,
MW,PH,
MW,PL,
MW,PT,
MW,QA,
MW,RO,
MW,RU,
MW,RW,
MW,KN,
MW,LC,
MW,WS,
MW,SM,
MW,ST,
MW,SA,
MW,SN,
MW,RS,
MW,SC,
MW,SL,
MW,SG,
MW,SK,
MW,SI,
MW,SB,
MW,SO,
MW,ZA,
MW,KR,
MW,SS,
MW,ES,
MW,LK,
MW,VC,
MW,SD,
MW,SR,
MW,SE,
MW,CH,
MW,SY,
MW,TW,
MW,TJ,
MW,TZ,
MW,TH,
MW,TL,
MW,TG,
MW,TO,
MW,TT,
MW,TN,
MW,TM,
MW,TV,
MW,TR,
MW,UG,
MW,UA,
MW,AE,
MW,GB,
MW,US,
MW,UY,
MW,UZ,
MW,VU,
MW,VA,
MW,VE,
MW,VN,
MW,YE,
MW,ZM,
MW,ZW,
MW,AF,
MY,AL,
MY,DZ,
MY,AD,
MY,AO,
MY,AG,
MY,AR,
MY,AM,
MY,AU,
MY,AT,
MY,AZ,
MY,BS,
MY,BH,
MY,BD,
MY,BB,
MY,BY,
MY,BE,
MY,BZ,
MY,BJ,
MY,BT,
MY,BO,
MY,BA,
MY,BW,
MY,BR,
MY,BN,
MY,BG,
MY,BF,
MY,BI,
MY,KH,
MY,CM,
MY,CA,
MY,CV,
MY,CF,
MY,TD,
MY,CL,
MY,CN,
MY,CO,
MY,KM,
MY,CG,
MY,CD,
MY,CR,
MY,CI,
MY,HR,
MY,CU,
MY,CY,
MY,CZ,
MY,DK,
MY,DJ,
MY,DM,
MY,DO,
MY,EC,
MY,EG,
MY,SV,
MY,GQ,
MY,ER,
MY,EE,
MY,SZ,
MY,ET,
MY,FJ,
MY,FI,
MY,FR,
MY,GA,
MY,GM,
MY,GE,
MY,DE,
MY,GH,
MY,GR,
MY,GD,
MY,GT,
MY,GN,
MY,GW,
MY,GY,
MY,HT,
MY,HN,
MY,HK,
MY,HU,
MY,IS,
MY,IN,
MY,ID,
MY,IR,
MY,IQ,
MY,IE,
MY,IL,
MY,IT,
MY,JM,
MY,JP,
MY,JO,
MY,KZ,
MY,KE,
MY,KI,
MY,XK,
MY,KW,
MY,KG,
MY,LA,
MY,LV,
MY,LB,
MY,LS,
MY,LR,
MY,LY,
MY,LI,
MY,LT,
MY,LU,
MY,MO,
MY,MG,
MY,MW,
MY,MY,-1
MY,MV,
MY,ML,
MY,MT,
MY,MH,
MY,MR,
MY,MU,
MY,MX,
MY,FM,
MY,MD,
MY,MC,
MY,MN,
MY,ME,
MY,MA,
MY,MZ,
MY,MM,
MY,NA,
MY,NR,
MY,NP,
MY,NL,
MY,NZ,
MY,NI,
MY,NE,
MY,NG,
MY,KP,
MY,MK,
MY,NO,
MY,OM,
MY,PK,
MY,PW,
MY,PS,
MY,PA,
MY,PG,
MY,PY,
MY,PE,
MY,PH,
MY,PL,
MY,PT,
MY,QA,
MY,RO,
MY,RU,
MY,RW,
MY,KN,
MY,LC,
MY,WS,
MY,SM,
MY,ST,
MY,SA,
MY,SN,
MY,RS,
MY,SC,
MY,SL,
MY,SG,
MY,SK,
MY,SI,
MY,SB,
MY,SO,
MY,ZA,
MY,KR,
MY,SS,
MY,ES,
MY,LK,
MY,VC,
MY,SD,
MY,SR,
MY,SE,
MY,CH,
MY,SY,
MY,TW,
MY,TJ,
MY,TZ,
MY,TH,
MY,TL,
MY,TG,
MY,TO,
MY,TT,
MY,TN,
MY,TM,
MY,TV,
MY,TR,
MY,UG,
MY,UA,
MY,AE,
MY,GB,
MY,US,
MY,UY,
MY,UZ,
MY,VU,
MY,VA,
MY,VE,
MY,VN,
MY,YE,
MY,ZM,
MY,ZW,
MY,AF,
MV,AL,
MV,DZ,
MV,AD,
MV,AO,
MV,AG,
MV,AR,
MV,AM,
MV,AU,
MV,AT,
MV,AZ,
MV,BS,
MV,BH,
MV,BD,
MV,BB,
MV,BY,
MV,BE,
MV,BZ,
MV,BJ,
MV,BT,
MV,BO,
MV,BA,
MV,BW,
MV,BR,
MV,BN,
MV,BG,
MV,BF,
MV,BI,
MV,KH,
MV,CM,
MV,CA,
MV,CV,
MV,CF,
MV,TD,
MV,CL,
MV,CN,
MV,CO,
MV,KM,
MV,CG,
MV,CD,
MV,CR,
MV,CI,
MV,HR,
MV,CU,
MV,CY,
MV,CZ,
MV,DK,
MV,DJ,
MV,DM,
MV,DO,
MV,EC,
MV,EG,
MV,SV,
MV,GQ,
MV,ER,
MV,EE,
MV,SZ,
MV,ET,
MV,FJ,
MV,FI,
MV,FR,
MV,GA,
MV,GM,
MV,GE,
MV,DE,
MV,GH,
MV,GR,
MV,GD,
MV,GT,
MV,GN,
MV,GW,
MV,GY,
MV,HT,
MV,HN,
MV,HK,
MV,HU,
MV,IS,
MV,IN,
MV,ID,
MV,IR,
MV,IQ,
MV,IE,
MV,IL,
MV,IT,
MV,JM,
MV,JP,
MV,JO,
MV,KZ,
MV,KE,
MV,KI,
MV,XK,
MV,KW,
MV,KG,
MV,LA,
MV,LV,
MV,LB,
MV,LS,
MV,LR,
MV,LY,
MV,LI,
MV,LT,
MV,LU,
MV,MO,
MV,MG,
MV,MW,
MV,MY,
MV,MV,-1
MV,ML,
MV,MT,
MV,MH,
MV,MR,
MV,MU,
MV,MX,
MV,FM,
MV,MD,
MV,MC,
MV,MN,
MV,ME,
MV,MA,
MV,MZ,
MV,MM,
MV,NA,
MV,NR,
MV,NP,
MV,NL,
MV,NZ,
MV,NI,
MV,NE,
MV,NG,
MV,KP,
MV,MK,
MV,NO,
MV,OM,
MV,PK,
MV,PW,
MV,PS,
MV,PA,
MV,PG,
MV,PY,
MV,PE,
MV,PH,
MV,PL,
MV,PT,
MV,QA,
MV,RO,
MV,RU,
MV,RW,
MV,KN,
MV,LC,
MV,WS,
MV,SM,
MV,ST,
MV,SA,
MV,SN,
MV,RS,
MV,SC,
MV,SL,
MV,SG,
MV,SK,
MV,SI,
MV,SB,
MV,SO,
MV,ZA,
MV,KR,
MV,SS,
MV,ES,
MV,LK,
MV,VC,
MV,SD,
MV,SR,
MV,SE,
MV,CH,
MV,SY,
MV,TW,
MV,TJ,
MV,TZ,
MV,TH,
MV,TL,
MV,TG,
MV,TO,
MV,TT,
MV,TN,
MV,TM,
MV,TV,
MV,TR,
MV,UG,
MV,UA,
MV,AE,
MV,GB,
MV,US,
MV,UY,
MV,UZ,
MV,VU,
MV,VA,
MV,VE,
MV,VN,
MV,YE,
MV,ZM,
MV,ZW,
MV,AF,
ML,AL,
ML,DZ,
ML,AD,
ML,AO,
ML,AG,
ML,AR,
ML,AM,
ML,AU,
ML,AT,
ML,AZ,
ML,BS,
ML,BH,
ML,BD,
ML,BB,
ML,BY,
ML,BE,
ML,BZ,
ML,BJ,
ML,BT,
ML,BO,
ML,BA,
ML,BW,
ML,BR,
ML,BN,
ML,BG,
ML,BF,
ML,BI,
ML,KH,
ML,CM,
ML,CA,
ML,CV,
ML,CF,
ML,TD,
ML,CL,
ML,CN,
ML,CO,
ML,KM,
ML,CG,
ML,CD,
ML,CR,
ML,CI,
ML,HR,
ML,CU,
ML,CY,
ML,CZ,
ML,DK,
ML,DJ,
ML,DM,
ML,DO,
ML,EC,
ML,EG,
ML,SV,
ML,GQ,
ML,ER,
ML,EE,
ML,SZ,
ML,ET,
ML,FJ,
ML,FI,
ML,FR,
ML,GA,
ML,GM,
ML,GE,
ML,DE,
ML,GH,
ML,GR,
ML,GD,
ML,GT,
ML,GN,
ML,GW,
ML,GY,
ML,HT,
ML,HN,
ML,HK,
ML,HU,
ML,IS,
ML,IN,
ML,ID,
ML,IR,
ML,IQ,
ML,IE,
ML,IL,
ML,IT,
ML,JM,
ML,JP,
ML,JO,
ML,KZ,
ML,KE,
ML,KI,
ML,XK,
ML,KW,
ML,KG,
ML,LA,
ML,LV,
ML,LB,
ML,LS,
ML,LR,
ML,LY,
ML,LI,
ML,LT,
ML,LU,
ML,MO,
ML,MG,
ML,MW,
ML,MY,
ML,MV,
ML,ML,-1
ML,MT,
ML,MH,
ML,MR,
ML,MU,
ML,MX,
ML,FM,
ML,MD,
ML,MC,
ML,MN,
ML,ME,
ML,MA,
ML,MZ,
ML,MM,
ML,NA,
ML,NR,
ML,NP,
ML,NL,
ML,NZ,
ML,NI,
ML,NE,
ML,NG,
ML,KP,
ML,MK,
ML,NO,
ML,OM,
ML,PK,
ML,PW,
ML,PS,
ML,PA,
ML,PG,
ML,PY,
ML,PE,
ML,PH,
ML,PL,
ML,PT,
ML,QA,
ML,RO,
ML,RU,
ML,RW,
ML,KN,
ML,LC,
ML,WS,
ML,SM,
ML,ST,
ML,SA,
ML,SN,
ML,RS,
ML,SC,
ML,SL,
ML,SG,
ML,SK,
ML,SI,
ML,SB,
ML,SO,
ML,ZA,
ML,KR,
ML,SS,
ML,ES,
ML,LK,
ML,VC,
ML,SD,
ML,SR,
ML,SE,
ML,CH,
ML,SY,
ML,TW,
ML,TJ,
ML,TZ,
ML,TH,
ML,TL,
ML,TG,
ML,TO,
ML,TT,
ML,TN,
ML,TM,
ML,TV,
ML,TR,
ML,UG,
ML,UA,
ML,AE,
ML,GB,
ML,US,
ML,UY,
ML,UZ,
ML,VU,
ML,VA,
ML,VE,
ML,VN,
ML,YE,
ML,ZM,
ML,ZW,
ML,AF,
MT,AL,
MT,DZ,
MT,AD,
MT,AO,
MT,AG,
MT,AR,
MT,AM,
MT,AU,
MT,AT,
MT,AZ,
MT,BS,
MT,BH,
MT,BD,
MT,BB,
MT,BY,
MT,BE,
MT,BZ,
MT,BJ,
MT,BT,
MT,BO,
MT,BA,
MT,BW,
MT,BR,
MT,BN,
MT,BG,
MT,BF,
MT,BI,
MT,KH,
MT,CM,
MT,CA,
MT,CV,
MT,CF,
MT,TD,
MT,CL,
MT,CN,
MT,CO,
MT,KM,
MT,CG,
MT,CD,
MT,CR,
MT,CI,
MT,HR,
MT,CU,
MT,CY,
MT,CZ,
MT,DK,
MT,DJ,
MT,DM,
MT,DO,
MT,EC,
MT,EG,
MT,SV,
MT,GQ,
MT,ER,
MT,EE,
MT,SZ,
MT,ET,
MT,FJ,
MT,FI,
MT,FR,
MT,GA,
MT,GM,
MT,GE,
MT,DE,
MT,GH,
MT,GR,
MT,GD,
MT,GT,
MT,GN,
MT,GW,
MT,GY,
MT,HT,
MT,HN,
MT,HK,
MT,HU,
MT,IS,
MT,IN,
MT,ID,
MT,IR,
MT,IQ,
MT,IE,
MT,IL,
MT,IT,
MT,JM,
MT,JP,
MT,JO,
MT,KZ,
MT,KE,
MT,KI,
MT,XK,
MT,KW,
MT,KG,
MT,LA,
MT,LV,
MT,LB,
MT,LS,
MT,LR,
MT,LY,
MT,LI,
MT,LT,
MT,LU,
MT,MO,
MT,MG,
MT,MW,
MT,MY,
MT,MV,
MT,ML,
MT,MT,-1
MT,MH,
MT,MR,
MT,MU,
MT,MX,
MT,FM,
MT,MD,
MT,MC,
MT,MN,
MT,ME,
MT,MA,
MT,MZ,
MT,MM,
MT,NA,
MT,NR,
MT,NP,
MT,NL,
MT,NZ,
MT,NI,
MT,NE,
MT,NG,
MT,KP,
MT,MK,
MT,NO,
MT,OM,
MT,PK,
MT,PW,
MT,PS,
MT,PA,
MT,PG,
MT,PY,
MT,PE,
MT,PH,
MT,PL,
MT,PT,
MT,QA,
MT,RO,
MT,RU,
MT,RW,
MT,KN,
MT,LC,
MT,WS,
MT,SM,
MT,ST,
MT,SA,
MT,SN,
MT,RS,
MT,SC,
MT,SL,
MT,SG,
MT,SK,
MT,SI,
MT,SB,
MT,SO,
MT,ZA,
MT,KR,
MT,SS,
MT,ES,
MT,LK,
MT,VC,
MT,SD,
MT,SR,
MT,SE,
MT,CH,
MT,SY,
MT,TW,
MT,TJ,
MT,TZ,
MT,TH,
MT,TL,
MT,TG,
MT,TO,
MT,TT,
MT,TN,
MT,TM,
MT,TV,
MT,TR,
MT,UG,
MT,UA,
MT,AE,
MT,GB,
MT,US,
MT,UY,
MT,UZ,
MT,VU,
MT,VA,
MT,VE,
MT,VN,
MT,YE,
MT,ZM,
MT,ZW,
MT,AF,
MH,AL,
MH,DZ,
MH,AD,
MH,AO,
MH,AG,
MH,AR,
MH,AM,
MH,AU,
MH,AT,
MH,AZ,
MH,BS,
MH,BH,
MH,BD,
MH,BB,
MH,BY,
MH,BE,
MH,BZ,
MH,BJ,
MH,BT,
MH,BO,
MH,BA,
MH,BW,
MH,BR,
MH,BN,
MH,BG,
MH,BF,
MH,BI,
MH,KH,
MH,CM,
MH,CA,
MH,CV,
MH,CF,
MH,TD,
MH,CL,
MH,CN,
MH,CO,
MH,KM,
MH,CG,
MH,CD,
MH,CR,
MH,CI,
MH,HR,
MH,CU,
MH,CY,
MH,CZ,
MH,DK,
MH,DJ,
MH,DM,
MH,DO,
MH,EC,
MH,EG,
MH,SV,
MH,GQ,
MH,ER,
MH,EE,
MH,SZ,
MH,ET,
MH,FJ,
MH,FI,
MH,FR,
MH,GA,
MH,GM,
MH,GE,
MH,DE,
MH,GH,
MH,GR,
MH,GD,
MH,GT,
MH,GN,
MH,GW,
MH,GY,
MH,HT,
MH,HN,
MH,HK,
MH,HU,
MH,IS,
MH,IN,
MH,ID,
MH,IR,
MH,IQ,
MH,IE,
MH,IL,
MH,IT,
MH,JM,
MH,JP,
MH,JO,
MH,KZ,
MH,KE,
MH,KI,
MH,XK,
MH,KW,
MH,KG,
MH,LA,
MH,LV,
MH,LB,
MH,LS,
MH,LR,
MH,LY,
MH,LI,
MH,LT,
MH,LU,
MH,MO,
MH,MG,
MH,MW,
MH,MY,
MH,MV,
MH,ML,
MH,MT,
MH,MH,-1
MH,MR,
MH,MU,
MH,MX,
MH,FM,
MH,MD,
MH,MC,
MH,MN,
MH,ME,
MH,MA,
MH,MZ,
MH,MM,
MH,NA,
MH,NR,
MH,NP,
MH,NL,
MH,NZ,
MH,NI,
MH,NE,
MH,NG,
MH,KP,
MH,MK,
MH,NO,
MH,OM,
MH,PK,
MH,PW,
MH,PS,
MH,PA,
MH,PG,
MH,PY,
MH,PE,
MH,PH,
MH,PL,
MH,PT,
MH,QA,
MH,RO,
MH,RU,
MH,RW,
MH,KN,
MH,LC,
MH,WS,
MH,SM,
MH,ST,
MH,SA,
MH,SN,
MH,RS,
MH,SC,
MH,SL,
MH,SG,
MH,SK,
MH,SI,
MH,SB,
MH,SO,
MH,ZA,
MH,KR,
MH,SS,
MH,ES,
MH,LK,
MH,VC,
MH,SD,
MH,SR,
MH,SE,
MH,CH,
MH,SY,
MH,TW,
MH,TJ,
MH,TZ,
MH,TH,
MH,TL,
MH,TG,
MH,TO,
MH,TT,
MH,TN,
MH,TM,
MH,TV,
MH,TR,
MH,UG,
MH,UA,
MH,AE,
MH,GB,
MH,US,
MH,UY,
MH,UZ,
MH,VU,
MH,VA,
MH,VE,
MH,VN,
MH,YE,
MH,ZM,
MH,ZW,
MH,AF,
MR,AL,
MR,DZ,
MR,AD,
MR,AO,
MR,AG,
MR,AR,
MR,AM,
MR,AU,
MR,AT,
MR,AZ,
MR,BS,
MR,BH,
MR,BD,
MR,BB,
MR,BY,
MR,BE,
MR,BZ,
MR,BJ,
MR,BT,
MR,BO,
MR,BA,
MR,BW,
MR,BR,
MR,BN,
MR,BG,
MR,BF,
MR,BI,
MR,KH,
MR,CM,
MR,CA,
MR,CV,
MR,CF,
MR,TD,
MR,CL,
MR,CN,
MR,CO,
MR,KM,
MR,CG,
MR,CD,
MR,CR,
MR,CI,
MR,HR,
MR,CU,
MR,CY,
MR,CZ,
MR,DK,
MR,DJ,
MR,DM,
MR,DO,
MR,EC,
MR,EG,
MR,SV,
MR,GQ,
MR,ER,
MR,EE,
MR,SZ,
MR,ET,
MR,FJ,
MR,FI,
MR,FR,
MR,GA,
MR,GM,
MR,GE,
MR,DE,
MR,GH,
MR,GR,
MR,GD,
MR,GT,
MR,GN,
MR,GW,
MR,GY,
MR,HT,
MR,HN,
MR,HK,
MR,HU,
MR,IS,
MR,IN,
MR,ID,
MR,IR,
MR,IQ,
MR,IE,
MR,IL,
MR,IT,
MR,JM,
MR,JP,
MR,JO,
MR,KZ,
MR,KE,
MR,KI,
MR,XK,
MR,KW,
MR,KG,
MR,LA,
MR,LV,
MR,LB,
MR,LS,
MR,LR,
MR,LY,
MR,LI,
MR,LT,
MR,LU,
MR,MO,
MR,MG,
MR,MW,
MR,MY,
MR,MV,
MR,ML,
MR,MT,
MR,MH,
MR,MR,-1
MR,MU,
MR,MX,
MR,FM,
MR,MD,
MR,MC,
MR,MN,
MR,ME,
MR,MA,
MR,MZ,
MR,MM,
MR,NA,
MR,NR,
MR,NP,
MR,NL,
MR,NZ,
MR,NI,
MR,NE,
MR,NG,
MR,KP,
MR,MK,
MR,NO,
MR,OM,
MR,PK,
MR,PW,
MR,PS,
MR,PA,
MR,PG,
MR,PY,
MR,PE,
MR,PH,
MR,PL,
MR,PT,
MR,QA,
MR,RO,
MR,RU,
MR,RW,
MR,KN,
MR,LC,
MR,WS,
MR,SM,
MR,ST,
MR,SA,
MR,SN,
MR,RS,
MR,SC,
MR,SL,
MR,SG,
MR,SK,
MR,SI,
MR,SB,
MR,SO,
MR,ZA,
MR,KR,
MR,SS,
MR,ES,
MR,LK,
MR,VC,
MR,SD,
MR,SR,
MR,SE,
MR,CH,
MR,SY,
MR,TW,
MR,TJ,
MR,TZ,
MR,TH,
MR,TL,
MR,TG,
MR,TO,
MR,TT,
MR,TN,
MR,TM,
MR,TV,
MR,TR,
MR,UG,
MR,UA,
MR,AE,
MR,GB,
MR,US,
MR,UY,
MR,UZ,
MR,VU,
MR,VA,
MR,VE,
MR,VN,
MR,YE,
MR,ZM,
MR,ZW,
MR,AF,
MU,AL,
MU,DZ,
MU,AD,
MU,AO,
MU,AG,
MU,AR,
MU,AM,
MU,AU,
MU,AT,
MU,AZ,
MU,BS,
MU,BH,
MU,BD,
MU,BB,
MU,BY,
MU,BE,
MU,BZ,
MU,BJ,
MU,BT,
MU,BO,
MU,BA,
MU,BW,
MU,BR,
MU,BN,
MU,BG,
MU,BF,
MU,BI,
MU,KH,
MU,CM,
MU,CA,
MU,CV,
MU,CF,
MU,TD,
MU,CL,
MU,CN,
MU,CO,
MU,KM,
MU,CG,
MU,CD,
MU,CR,
MU,CI,
MU,HR,
MU,CU,
MU,CY,
MU,CZ,
MU,DK,
MU,DJ,
MU,DM,
MU,DO,
MU,EC,
MU,EG,
MU,SV,
MU,GQ,
MU,ER,
MU,EE,
MU,SZ,
MU,ET,
MU,FJ,
MU,FI,
MU,FR,
MU,GA,
MU,GM,
MU,GE,
MU,DE,
MU,GH,
MU,GR,
MU,GD,
MU,GT,
MU,GN,
MU,GW,
MU,GY,
MU,HT,
MU,HN,
MU,HK,
MU,HU,
MU,IS,
MU,IN,
MU,ID,
MU,IR,
MU,IQ,
MU,IE,
MU,IL,
MU,IT,
MU,JM,
MU,JP,
MU,JO,
MU,KZ,
MU,KE,
MU,KI,
MU,XK,
MU,KW,
MU,KG,
MU,LA,
MU,LV,
MU,LB,
MU,LS,
MU,LR,
MU,LY,
MU,LI,
MU,LT,
MU,LU,
MU,MO,
MU,MG,
MU,MW,
MU,MY,
MU,MV,
MU,ML,
MU,MT,
MU,MH,
MU,MR,
MU,MU,-1
MU,MX,
MU,FM,
MU,MD,
MU,MC,
MU,MN,
MU,ME,
MU,MA,
MU,MZ,
MU,MM,
MU,NA,
MU,NR,
MU,NP,
MU,NL,
MU,NZ,
MU,NI,
MU,NE,
MU,NG,
MU,KP,
MU,MK,
MU,NO,
MU,OM,
MU,PK,
MU,PW,
MU,PS,
MU,PA,
MU,PG,
MU,PY,
MU,PE,
MU,PH,
MU,PL,
MU,PT,
MU,QA,
MU,RO,
MU,RU,
MU,RW,
MU,KN,
MU,LC,
MU,WS,
MU,SM,
MU,ST,
MU,SA,
MU,SN,
MU,RS,
MU,SC,
MU,SL,
MU,SG,
MU,SK,
MU,SI,
MU,SB,
MU,SO,
MU,ZA,
MU,KR,
MU,SS,
MU,ES,
MU,LK,
MU,VC,
MU,SD,
MU,SR,
MU,SE,
MU,CH,
MU,SY,
MU,TW,
MU,TJ,
MU,TZ,
MU,TH,
MU,TL,
MU,TG,
MU,TO,
MU,TT,
MU,TN,
MU,TM,
MU,TV,
MU,TR,
MU,UG,
MU,UA,
MU,AE,
MU,GB,
MU,US,
MU,UY,
MU,UZ,
MU,VU,
MU,VA,
MU,VE,
MU,VN,
MU,YE,
MU,ZM,
MU,ZW,
MU,AF,
MX,AL,
MX,DZ,
MX,AD,
MX,AO,
MX,AG,
MX,AR,
MX,AM,
MX,AU,
MX,AT,
MX,AZ,
MX,BS,
MX,BH,
MX,BD,
MX,BB,
MX,BY,
MX,BE,
MX,BZ,
MX,BJ,
MX,BT,
MX,BO,
MX,BA,
MX,BW,
MX,BR,
MX,BN,
MX,BG,
MX,BF,
MX,BI,
MX,KH,
MX,CM,
MX,CA,
MX,CV,
MX,CF,
MX,TD,
MX,CL,
MX,CN,
MX,CO,
MX,KM,
MX,CG,
MX,CD,
MX,CR,
MX,CI,
MX,HR,
MX,CU,
MX,CY,
MX,CZ,
MX,DK,
MX,DJ,
MX,DM,
MX,DO,
MX,EC,
MX,EG,
MX,SV,
MX,GQ,
MX,ER,
MX,EE,
MX,SZ,
MX,ET,
MX,FJ,
MX,FI,
MX,FR,
MX,GA,
MX,GM,
MX,GE,
MX,DE,
MX,GH,
MX,GR,
MX,GD,
MX,GT,
MX,GN,
MX,GW,
MX,GY,
MX,HT,
MX,HN,
MX,HK,
MX,HU,
MX,IS,
MX,IN,
MX,ID,
MX,IR,
MX,IQ,
MX,IE,
MX,IL,
MX,IT,
MX,JM,
MX,JP,
MX,JO,
MX,KZ,
MX,KE,
MX,KI,
MX,XK,
MX,KW,
MX,KG,
MX,LA,
MX,LV,
MX,LB,
MX,LS,
MX,LR,
MX,LY,
MX,LI,
MX,LT,
MX,LU,
MX,MO,
MX,MG,
MX,MW,
MX,MY,
MX,MV,
MX,ML,
MX,MT,
MX,MH,
MX,MR,
MX,MU,
MX,MX,-1
MX,FM,
MX,MD,
MX,MC,
MX,MN,
MX,ME,
MX,MA,
MX,MZ,
MX,MM,
MX,NA,
MX,NR,
MX,NP,
MX,NL,
MX,NZ,
MX,NI,
MX,NE,
MX,NG,
MX,KP,
MX,MK,
MX,NO,
MX,OM,
MX,PK,
MX,PW,
MX,PS,
MX,PA,
MX,PG,
MX,PY,
MX,PE,
MX,PH,
MX,PL,
MX,PT,
MX,QA,
MX,RO,
MX,RU,
MX,RW,
MX,KN,
MX,LC,
MX,WS,
MX,SM,
MX,ST,
MX,SA,
MX,SN,
MX,RS,
MX,SC,
MX,SL,
MX,SG,
MX,SK,
MX,SI,
MX,SB,
MX,SO,
MX,ZA,
MX,KR,
MX,SS,
MX,ES,
MX,LK,
MX,VC,
MX,SD,
MX,SR,
MX,SE,
MX,CH,
MX,SY,
MX,TW,
MX,TJ,
MX,TZ,
MX,TH,
MX,TL,
MX,TG,
MX,TO,
MX,TT,
MX,TN,
MX,TM,
MX,TV,
MX,TR,
MX,UG,
MX,UA,
MX,AE,
MX,GB,
MX,US,
MX,UY,
MX,UZ,
MX,VU,
MX,VA,
MX,VE,
MX,VN,
MX,YE,
MX,ZM,
MX,ZW,
MX,AF,
FM,AL,
FM,DZ,
FM,AD,
FM,AO,
FM,AG,
FM,AR,
FM,AM,
FM,AU,
FM,AT,
FM,AZ,
FM,BS,
FM,BH,
FM,BD,
FM,BB,
FM,BY,
FM,BE,
FM,BZ,
FM,BJ,
FM,BT,
FM,BO,
FM,BA,
FM,BW,
FM,BR,
FM,BN,
FM,BG,
FM,BF,
FM,BI,
FM,KH,
FM,CM,
FM,CA,
FM,CV,
FM,CF,
FM,TD,
FM,CL,
FM,CN,
FM,CO,
FM,KM,
FM,CG,
FM,CD,
FM,CR,
FM,CI,
FM,HR,
FM,CU,
FM,CY,
FM,CZ,
FM,DK,
FM,DJ,
FM,DM,
FM,DO,
FM,EC,
FM,EG,
FM,SV,
FM,GQ,
FM,ER,
FM,EE,
FM,SZ,
FM,ET,
FM,FJ,
FM,FI,
FM,FR,
FM,GA,
FM,GM,
FM,GE,
FM,DE,
FM,GH,
FM,GR,
FM,GD,
FM,GT,
FM,GN,
FM,GW,
FM,GY,
FM,HT,
FM,HN,
FM,HK,
FM,HU,
FM,IS,
FM,IN,
FM,ID,
FM,IR,
FM,IQ,
FM,IE,
FM,IL,
FM,IT,
FM,JM,
FM,JP,
FM,JO,
FM,KZ,
FM,KE,
FM,KI,
FM,XK,
FM,KW,
FM,KG,
FM,LA,
FM,LV,
FM,LB,
FM,LS,
FM,LR,
FM,LY,
FM,LI,
FM,LT,
FM,LU,
FM,MO,
FM,MG,
FM,MW,
FM,MY,
FM,MV,
FM,ML,
FM,MT,
FM,MH,
FM,MR,
FM,MU,
FM,MX,
FM,FM,-1
FM,MD,
FM,MC,
FM,MN,
FM,ME,
FM,MA,
FM,MZ,
FM,MM,
FM,NA,
FM,NR,
FM,NP,
FM,NL,
FM,NZ,
FM,NI,
FM,NE,
FM,NG,
FM,KP,
FM,MK,
FM,NO,
FM,OM,
FM,PK,
FM,PW,
FM,PS,
FM,PA,
FM,PG,
FM,PY,
FM,PE,
FM,PH,
FM,PL,
FM,PT,
FM,QA,
FM,RO,
FM,RU,
FM,RW,
FM,KN,
FM,LC,
FM,WS,
FM,SM,
FM,ST,
FM,SA,
FM,SN,
FM,RS,
FM,SC,
FM,SL,
FM,SG,
FM,SK,
FM,SI,
FM,SB,
FM,SO,
FM,ZA,
FM,KR,
FM,SS,
FM,ES,
FM,LK,
FM,VC,
FM,SD,
FM,SR,
FM,SE,
FM,CH,
FM,SY,
FM,TW,
FM,TJ,
FM,TZ,
FM,TH,
FM,TL,
FM,TG,
FM,TO,
FM,TT,
FM,TN,
FM,TM,
FM,TV,
FM,TR,
FM,UG,
FM,UA,
FM,AE,
FM,GB,
FM,US,
FM,UY,
FM,UZ,
FM,VU,
FM,VA,
FM,VE,
FM,VN,
FM,YE,
FM,ZM,
FM,ZW,
FM,AF,
MD,AL,
MD,DZ,
MD,AD,
MD,AO,
MD,AG,
MD,AR,
MD,AM,
MD,AU,
MD,AT,
MD,AZ,
MD,BS,
MD,BH,
MD,BD,
MD,BB,
MD,BY,
MD,BE,
MD,BZ,
MD,BJ,
MD,BT,
MD,BO,
MD,BA,
MD,BW,
MD,BR,
MD,BN,
MD,BG,
MD,BF,
MD,BI,
MD,KH,
MD,CM,
MD,CA,
MD,CV,
MD,CF,
MD,TD,
MD,CL,
MD,CN,
MD,CO,
MD,KM,
MD,CG,
MD,CD,
MD,CR,
MD,CI,
MD,HR,
MD,CU,
MD,CY,
MD,CZ,
MD,DK,
MD,DJ,
MD,DM,
MD,DO,
MD,EC,
MD,EG,
MD,SV,
MD,GQ,
MD,ER,
MD,EE,
MD,SZ,
MD,ET,
MD,FJ,
MD,FI,
MD,FR,
MD,GA,
MD,GM,
MD,GE,
MD,DE,
MD,GH,
MD,GR,
MD,GD,
MD,GT,
MD,GN,
MD,GW,
MD,GY,
MD,HT,
MD,HN,
MD,HK,
MD,HU,
MD,IS,
MD,IN,
MD,ID,
MD,IR,
MD,IQ,
MD,IE,
MD,IL,
MD,IT,
MD,JM,
MD,JP,
MD,JO,
MD,KZ,
MD,KE,
MD,KI,
MD,XK,
MD,KW,
MD,KG,
MD,LA,
MD,LV,
MD,LB,
MD,LS,
MD,LR,
MD,LY,
MD,LI,
MD,LT,
MD,LU,
MD,MO,
MD,MG,
MD,MW,
MD,MY,
MD,MV,
MD,ML,
MD,MT,
MD,MH,
MD,MR,
MD,MU,
MD,MX,
MD,FM,
MD,MD,-1
MD,MC,
MD,MN,
MD,ME,
MD,MA,
MD,MZ,
MD,MM,
MD,NA,
MD,NR,
MD,NP,
MD,NL,
MD,NZ,
MD,NI,
MD,NE,
MD,NG,
MD,KP,
MD,MK,
MD,NO,
MD,OM,
MD,PK,
MD,PW,
MD,PS,
MD,PA,
MD,PG,
MD,PY,
MD,PE,
MD,PH,
MD,PL,
MD,PT,
MD,QA,
MD,RO,
MD,RU,
MD,RW,
MD,KN,
MD,LC,
MD,WS,
MD,SM,
MD,ST,
MD,SA,
MD,SN,
MD,RS,
MD,SC,
MD,SL,
MD,SG,
MD,SK,
MD,SI,
MD,SB,
MD,SO,
MD,ZA,
MD,KR,
MD,SS,
MD,ES,
MD,LK,
MD,VC,
MD,SD,
MD,SR,
MD,SE,
MD,CH,
MD,SY,
MD,TW,
MD,TJ,
MD,TZ,
MD,TH,
MD,TL,
MD,TG,
MD,TO,
MD,TT,
MD,TN,
MD,TM,
MD,TV,
MD,TR,
MD,UG,
MD,UA,
MD,AE,
MD,GB,
MD,US,
MD,UY,
MD,UZ,
MD,VU,
MD,VA,
MD,VE,
MD,VN,
MD,YE,
MD,ZM,
MD,ZW,
MD,AF,
MC,AL,
MC,DZ,
MC,AD,
MC,AO,
MC,AG,
MC,AR,
MC,AM,
MC,AU,
MC,AT,
MC,AZ,
MC,BS,
MC,BH,
MC,BD,
MC,BB,
MC,BY,
MC,BE,
MC,BZ,
MC,BJ,
MC,BT,
MC,BO,
MC,BA,
MC,BW,
MC,BR,
MC,BN,
MC,BG,
MC,BF,
MC,BI,
MC,KH,
MC,CM,
MC,CA,
MC,CV,
MC,CF,
MC,TD,
MC,CL,
MC,CN,
MC,CO,
MC,KM,
MC,CG,
MC,CD,
MC,CR,
MC,CI,
MC,HR,
MC,CU,
MC,CY,
MC,CZ,
MC,DK,
MC,DJ,
MC,DM,
MC,DO,
MC,EC,
MC,EG,
MC,SV,
MC,GQ,
MC,ER,
MC,EE,
MC,SZ,
MC,ET,
MC,FJ,
MC,FI,
MC,FR,
MC,GA,
MC,GM,
MC,GE,
MC,DE,
MC,GH,
MC,GR,
MC,GD,
MC,GT,
MC,GN,
MC,GW,
MC,GY,
MC,HT,
MC,HN,
MC,HK,
MC,HU,
MC,IS,
MC,IN,
MC,ID,
MC,IR,
MC,IQ,
MC,IE,
MC,IL,
MC,IT,
MC,JM,
MC,JP,
MC,JO,
MC,KZ,
MC,KE,
MC,KI,
MC,XK,
MC,KW,
MC,KG,
MC,LA,
MC,LV,
MC,LB,
MC,LS,
MC,LR,
MC,LY,
MC,LI,
MC,LT,
MC,LU,
MC,MO,
MC,MG,
MC,MW,
MC,MY,
MC,MV,
MC,ML,
MC,MT,
MC,MH,
MC,MR,
MC,MU,
MC,MX,
MC,FM,
MC,MD,
MC,MC,-1
MC,MN,
MC,ME,
MC,MA,
MC,MZ,
MC,MM,
MC,NA,
MC,NR,
MC,NP,
MC,NL,
MC,NZ,
MC,NI,
MC,NE,
MC,NG,
MC,KP,
MC,MK,
MC,NO,
MC,OM,
MC,PK,
MC,PW,
MC,PS,
MC,PA,
MC,PG,
MC,PY,
MC,PE,
MC,PH,
MC,PL,
MC,PT,
MC,QA,
MC,RO,
MC,RU,
MC,RW,
MC,KN,
MC,LC,
MC,WS,
MC,SM,
MC,ST,
MC,SA,
MC,SN,
MC,RS,
MC,SC,
MC,SL,
MC,SG,
MC,SK,
MC,SI,
MC,SB,
MC,SO,
MC,ZA,
MC,KR,
MC,SS,
MC,ES,
MC,LK,
MC,VC,
MC,SD,
MC,SR,
MC,SE,
MC,CH,
MC,SY,
MC,TW,
MC,TJ,
MC,TZ,
MC,TH,
MC,TL,
MC,TG,
MC,TO,
MC,TT,
MC,TN,
MC,TM,
MC,TV,
MC,TR,
MC,UG,
MC,UA,
MC,AE,
MC,GB,
MC,US,
MC,UY,
MC,UZ,
MC,VU,
MC,VA,
MC,VE,
MC,VN,
MC,YE,
MC,ZM,
MC,ZW,
MC,AF,
MN,AL,
MN,DZ,
MN,AD,
MN,AO,
MN,AG,
MN,AR,
MN,AM,
MN,AU,
MN,AT,
MN,AZ,
MN,BS,
MN,BH,
MN,BD,
MN,BB,
MN,BY,
MN,BE,
MN,BZ,
MN,BJ,
MN,BT,
MN,BO,
MN,BA,
MN,BW,
MN,BR,
MN,BN,
MN,BG,
MN,BF,
MN,BI,
MN,KH,
MN,CM,
MN,CA,
MN,CV,
MN,CF,
MN,TD,
MN,CL,
MN,CN,
MN,CO,
MN,KM,
MN,CG,
MN,CD,
MN,CR,
MN,CI,
MN,HR,
MN,CU,
MN,CY,
MN,CZ,
MN,DK,
MN,DJ,
MN,DM,
MN,DO,
MN,EC,
MN,EG,
MN,SV,
MN,GQ,
MN,ER,
MN,EE,
MN,SZ,
MN,ET,
MN,FJ,
MN,FI,
MN,FR,
MN,GA,
MN,GM,
MN,GE,
MN,DE,
MN,GH,
MN,GR,
MN,GD,
MN,GT,
MN,GN,
MN,GW,
MN,GY,
MN,HT,
MN,HN,
MN,HK,
MN,HU,
MN,IS,
MN,IN,
MN,ID,
MN,IR,
MN,IQ,
MN,IE,
MN,IL,
MN,IT,
MN,JM,
MN,JP,
MN,JO,
MN,KZ,
MN,KE,
MN,KI,
MN,XK,
MN,KW,
MN,KG,
MN,LA,
MN,LV,
MN,LB,
MN,LS,
MN,LR,
MN,LY,
MN,LI,
MN,LT,
MN,LU,
MN,MO,
MN,MG,
MN,MW,
MN,MY,
MN,MV,
MN,ML,
MN,MT,
MN,MH,
MN,MR,
MN,MU,
MN,MX,
MN,FM,
MN,MD,
MN,MC,
MN,MN,-1
MN,ME,
MN,MA,
MN,MZ,
MN,MM,
MN,NA,
MN,NR,
MN,NP,
MN,NL,
MN,NZ,
MN,NI,
MN,NE,
MN,NG,
MN,KP,
MN,MK,
MN,NO,
MN,OM,
MN,PK,
MN,PW,
MN,PS,
MN,PA,
MN,PG,
MN,PY,
MN,PE,
MN,PH,
MN,PL,
MN,PT,
MN,QA,
MN,RO,
MN,RU,
MN,RW,
MN,KN,
MN,LC,
MN,WS,
MN,SM,
MN,ST,
MN,SA,
MN,SN,
MN,RS,
MN,SC,
MN,SL,
MN,SG,
MN,SK,
MN,SI,
MN,SB,
MN,SO,
MN,ZA,
MN,KR,
MN,SS,
MN,ES,
MN,LK,
MN,VC,
MN,SD,
MN,SR,
MN,SE,
MN,CH,
MN,SY,
MN,TW,
MN,TJ,
MN,TZ,
MN,TH,
MN,TL,
MN,TG,
MN,TO,
MN,TT,
MN,TN,
MN,TM,
MN,TV,
MN,TR,
MN,UG,
MN,UA,
MN,AE,
MN,GB,
MN,US,
MN,UY,
MN,UZ,
MN,VU,
MN,VA,
MN,VE,
MN,VN,
MN,YE,
MN,ZM,
MN,ZW,
MN,AF,
ME,AL,
ME,DZ,
ME,AD,
ME,AO,
ME,AG,
ME,AR,
ME,AM,
ME,AU,
ME,AT,
ME,AZ,
ME,BS,
ME,BH,
ME,BD,
ME,BB,
ME,BY,
ME,BE,
ME,BZ,
ME,BJ,
ME,BT,
ME,BO,
ME,BA,
ME,BW,
ME,BR,
ME,BN,
ME,BG,
ME,BF,
ME,BI,
ME,KH,
ME,CM,
ME,CA,
ME,CV,
ME,CF,
ME,TD,
ME,CL,
ME,CN,
ME,CO,
ME,KM,
ME,CG,
ME,CD,
ME,CR,
ME,CI,
ME,HR,
ME,CU,
ME,CY,
ME,CZ,
ME,DK,
ME,DJ,
ME,DM,
ME,DO,
ME,EC,
ME,EG,
ME,SV,
ME,GQ,
ME,ER,
ME,EE,
ME,SZ,
ME,ET,
ME,FJ,
ME,FI,
ME,FR,
ME,GA,
ME,GM,
ME,GE,
ME,DE,
ME,GH,
ME,GR,
ME,GD,
ME,GT,
ME,GN,
ME,GW,
ME,GY,
ME,HT,
ME,HN,
ME,HK,
ME,HU,
ME,IS,
ME,IN,
ME,ID,
ME,IR,
ME,IQ,
ME,IE,
ME,IL,
ME,IT,
ME,JM,
ME,JP,
ME,JO,
ME,KZ,
ME,KE,
ME,KI,
ME,XK,
ME,KW,
ME,KG,
ME,LA,
ME,LV,
ME,LB,
ME,LS,
ME,LR,
ME,LY,
ME,LI,
ME,LT,
ME,LU,
ME,MO,
ME,MG,
ME,MW,
ME,MY,
ME,MV,
ME,ML,
ME,MT,
ME,MH,
ME,MR,
ME,MU,
ME,MX,
ME,FM,
ME,MD,
ME,MC,
ME,MN,
ME,ME,-1
ME,MA,
ME,MZ,
ME,MM,
ME,NA,
ME,NR,
ME,NP,
ME,NL,
ME,NZ,
ME,NI,
ME,NE,
ME,NG,
ME,KP,
ME,MK,
ME,NO,
ME,OM,
ME,PK,
ME,PW,
ME,PS,
ME,PA,
ME,PG,
ME,PY,
ME,PE,
ME,PH,
ME,PL,
ME,PT,
ME,QA,
ME,RO,
ME,RU,
ME,RW,
ME,KN,
ME,LC,
ME,WS,
ME,SM,
ME,ST,
ME,SA,
ME,SN,
ME,RS,
ME,SC,
ME,SL,
ME,SG,
ME,SK,
ME,SI,
ME,SB,
ME,SO,
ME,ZA,
ME,KR,
ME,SS,
ME,ES,
ME,LK,
ME,VC,
ME,SD,
ME,SR,
ME,SE,
ME,CH,
ME,SY,
ME,TW,
ME,TJ,
ME,TZ,
ME,TH,
ME,TL,
ME,TG,
ME,TO,
ME,TT,
ME,TN,
ME,TM,
ME,TV,
ME,TR,
ME,UG,
ME,UA,
ME,AE,
ME,GB,
ME,US,
ME,UY,
ME,UZ,
ME,VU,
ME,VA,
ME,VE,
ME,VN,
ME,YE,
ME,ZM,
ME,ZW,
ME,AF,
MA,AL,
MA,DZ,
MA,AD,
MA,AO,
MA,AG,
MA,AR,
MA,AM,
MA,AU,
MA,AT,
MA,AZ,
MA,BS,
MA,BH,
MA,BD,
MA,BB,
MA,BY,
MA,BE,
MA,BZ,
MA,BJ,
MA,BT,
MA,BO,
MA,BA,
MA,BW,
MA,BR,
MA,BN,
MA,BG,
MA,BF,
MA,BI,
MA,KH,
MA,CM,
MA,CA,
MA,CV,
MA,CF,
MA,TD,
MA,CL,
MA,CN,
MA,CO,
MA,KM,
MA,CG,
MA,CD,
MA,CR,
MA,CI,
MA,HR,
MA,CU,
MA,CY,
MA,CZ,
MA,DK,
MA,DJ,
MA,DM,
MA,DO,
MA,EC,
MA,EG,
MA,SV,
MA,GQ,
MA,ER,
MA,EE,
MA,SZ,
MA,ET,
MA,FJ,
MA,FI,
MA,FR,
MA,GA,
MA,GM,
MA,GE,
MA,DE,
MA,GH,
MA,GR,
MA,GD,
MA,GT,
MA,GN,
MA,GW,
MA,GY,
MA,HT,
MA,HN,
MA,HK,
MA,HU,
MA,IS,
MA,IN,
MA,ID,
MA,IR,
MA,IQ,
MA,IE,
MA,IL,
MA,IT,
MA,JM,
MA,JP,
MA,JO,
MA,KZ,
MA,KE,
MA,KI,
MA,XK,
MA,KW,
MA,KG,
MA,LA,
MA,LV,
MA,LB,
MA,LS,
MA,LR,
MA,LY,
MA,LI,
MA,LT,
MA,LU,
MA,MO,
MA,MG,
MA,MW,
MA,MY,
MA,MV,
MA,ML,
MA,MT,
MA,MH,
MA,MR,
MA,MU,
MA,MX,
MA,FM,
MA,MD,
MA,MC,
MA,MN,
MA,ME,
MA,MA,-1
MA,MZ,
MA,MM,
MA,NA,
MA,NR,
MA,NP,
MA,NL,
MA,NZ,
MA,NI,
MA,NE,
MA,NG,
MA,KP,
MA,MK,
MA,NO,
MA,OM,
MA,PK,
MA,PW,
MA,PS,
MA,PA,
MA,PG,
MA,PY,
MA,PE,
MA,PH,
MA,PL,
MA,PT,
MA,QA,
MA,RO,
MA,RU,
MA,RW,
MA,KN,
MA,LC,
MA,WS,
MA,SM,
MA,ST,
MA,SA,
MA,SN,
MA,RS,
MA,SC,
MA,SL,
MA,SG,
MA,SK,
MA,SI,
MA,SB,
MA,SO,
MA,ZA,
MA,KR,
MA,SS,
MA,ES,
MA,LK,
MA,VC,
MA,SD,
MA,SR,
MA,SE,
MA,CH,
MA,SY,
MA,TW,
MA,TJ,
MA,TZ,
MA,TH,
MA,TL,
MA,TG,
MA,TO,
MA,TT,
MA,TN,
MA,TM,
MA,TV,
MA,TR,
MA,UG,
MA,UA,
MA,AE,
MA,GB,
MA,US,
MA,UY,
MA,UZ,
MA,VU,
MA,VA,
MA,VE,
MA,VN,
MA,YE,
MA,ZM,
MA,ZW,
MA,AF,
MZ,AL,
MZ,DZ,
MZ,AD,
MZ,AO,
MZ,AG,
MZ,AR,
MZ,AM,
MZ,AU,
MZ,AT,
MZ,AZ,
MZ,BS,
MZ,BH,
MZ,BD,
MZ,BB,
MZ,BY,
MZ,BE,
MZ,BZ,
MZ,BJ,
MZ,BT,
MZ,BO,
MZ,BA,
MZ,BW,
MZ,BR,
MZ,BN,
MZ,BG,
MZ,BF,
MZ,BI,
MZ,KH,
MZ,CM,
MZ,CA,
MZ,CV,
MZ,CF,
MZ,TD,
MZ,CL,
MZ,CN,
MZ,CO,
MZ,KM,
MZ,CG,
MZ,CD,
MZ,CR,
MZ,CI,
MZ,HR,
MZ,CU,
MZ,CY,
MZ,CZ,
MZ,DK,
MZ,DJ,
MZ,DM,
MZ,DO,
MZ,EC,
MZ,EG,
MZ,SV,
MZ,GQ,
MZ,ER,
MZ,EE,
MZ,SZ,
MZ,ET,
MZ,FJ,
MZ,FI,
MZ,FR,
MZ,GA,
MZ,GM,
MZ,GE,
MZ,DE,
MZ,GH,
MZ,GR,
MZ,GD,
MZ,GT,
MZ,GN,
MZ,GW,
MZ,GY,
MZ,HT,
MZ,HN,
MZ,HK,
MZ,HU,
MZ,IS,
MZ,IN,
MZ,ID,
MZ,IR,
MZ,IQ,
MZ,IE,
MZ,IL,
MZ,IT,
MZ,JM,
MZ,JP,
MZ,JO,
MZ,KZ,
MZ,KE,
MZ,KI,
MZ,XK,
MZ,KW,
MZ,KG,
MZ,LA,
MZ,LV,
MZ,LB,
MZ,LS,
MZ,LR,
MZ,LY,
MZ,LI,
MZ,LT,
MZ,LU,
MZ,MO,
MZ,MG,
MZ,MW,
MZ,MY,
MZ,MV,
MZ,ML,
MZ,MT,
MZ,MH,
MZ,MR,
MZ,MU,
MZ,MX,
MZ,FM,
MZ,MD,
MZ,MC,
MZ,MN,
MZ,ME,
MZ,MA,
MZ,MZ,-1
MZ,MM,
MZ,NA,
MZ,NR,
MZ,NP,
MZ,NL,
MZ,NZ,
MZ,NI,
MZ,NE,
MZ,NG,
MZ,KP,
MZ,MK,
MZ,NO,
MZ,OM,
MZ,PK,
MZ,PW,
MZ,PS,
MZ,PA,
MZ,PG,
MZ,PY,
MZ,PE,
MZ,PH,
MZ,PL,
MZ,PT,
MZ,QA,
MZ,RO,
MZ,RU,
MZ,RW,
MZ,KN,
MZ,LC,
MZ,WS,
MZ,SM,
MZ,ST,
MZ,SA,
MZ,SN,
MZ,RS,
MZ,SC,
MZ,SL,
MZ,SG,
MZ,SK,
MZ,SI,
MZ,SB,
MZ,SO,
MZ,ZA,
MZ,KR,
MZ,SS,
MZ,ES,
MZ,LK,
MZ,VC,
MZ,SD,
MZ,SR,
MZ,SE,
MZ,CH,
MZ,SY,
MZ,TW,
MZ,TJ,
MZ,TZ,
MZ,TH,
MZ,TL,
MZ,TG,
MZ,TO,
MZ,TT,
MZ,TN,
MZ,TM,
MZ,TV,
MZ,TR,
MZ,UG,
MZ,UA,
MZ,AE,
MZ,GB,
MZ,US,
MZ,UY,
MZ,UZ,
MZ,VU,
MZ,VA,
MZ,VE,
MZ,VN,
MZ,YE,
MZ,ZM,
MZ,ZW,
MZ,AF,
MM,AL,
MM,DZ,
MM,AD,
MM,AO,
MM,AG,
MM,AR,
MM,AM,
MM,AU,
MM,AT,
MM,AZ,
MM,BS,
MM,BH,
MM,BD,
MM,BB,
MM,BY,
MM,BE,
MM,BZ,
MM,BJ,
MM,BT,
MM,BO,
MM,BA,
MM,BW,
MM,BR,
MM,BN,
MM,BG,
MM,BF,
MM,BI,
MM,KH,
MM,CM,
MM,CA,
MM,CV,
MM,CF,
MM,TD,
MM,CL,
MM,CN,
MM,CO,
MM,KM,
MM,CG,
MM,CD,
MM,CR,
MM,CI,
MM,HR,
MM,CU,
MM,CY,
MM,CZ,
MM,DK,
MM,DJ,
MM,DM,
MM,DO,
MM,EC,
MM,EG,
MM,SV,
MM,GQ,
MM,ER,
MM,EE,
MM,SZ,
MM,ET,
MM,FJ,
MM,FI,
MM,FR,
MM,GA,
MM,GM,
MM,GE,
MM,DE,
MM,GH,
MM,GR,
MM,GD,
MM,GT,
MM,GN,
MM,GW,
MM,GY,
MM,HT,
MM,HN,
MM,HK,
MM,HU,
MM,IS,
MM,IN,
MM,ID,
MM,IR,
MM,IQ,
MM,IE,
MM,IL,
MM,IT,
MM,JM,
MM,JP,
MM,JO,
MM,KZ,
MM,KE,
MM,KI,
MM,XK,
MM,KW,
MM,KG,
MM,LA,
MM,LV,
MM,LB,
MM,LS,
MM,LR,
MM,LY,
MM,LI,
MM,LT,
MM,LU,
MM,MO,
MM,MG,
MM,MW,
MM,MY,
MM,MV,
MM,ML,
MM,MT,
MM,MH,
MM,MR,
MM,MU,
MM,MX,
MM,FM,
MM,MD,
MM,MC,
MM,MN,
MM,ME,
MM,MA,
MM,MZ,
MM,MM,-1
MM,NA,
MM,NR,
MM,NP,
MM,NL,
MM,NZ,
MM,NI,
MM,NE,
MM,NG,
MM,KP,
MM,MK,
MM,NO,
MM,OM,
MM,PK,
MM,PW,
MM,PS,
MM,PA,
MM,PG,
MM,PY,
MM,PE,
MM,PH,
MM,PL,
MM,PT,
MM,QA,
MM,RO,
MM,RU,
MM,RW,
MM,KN,
MM,LC,
MM,WS,
MM,SM,
MM,ST,
MM,SA,
MM,SN,
MM,RS,
MM,SC,
MM,SL,
MM,SG,
MM,SK,
MM,SI,
MM,SB,
MM,SO,
MM,ZA,
MM,KR,
MM,SS,
MM,ES,
MM,LK,
MM,VC,
MM,SD,
MM,SR,
MM,SE,
MM,CH,
MM,SY,
MM,TW,
MM,TJ,
MM,TZ,
MM,TH,
MM,TL,
MM,TG,
MM,TO,
MM,TT,
MM,TN,
MM,TM,
MM,TV,
MM,TR,
MM,UG,
MM,UA,
MM,AE,
MM,GB,
MM,US,
MM,UY,
MM,UZ,
MM,VU,
MM,VA,
MM,VE,
MM,VN,
MM,YE,
MM,ZM,
MM,ZW,
MM,AF,
NA,AL,
NA,DZ,
NA,AD,
NA,AO,
NA,AG,
NA,AR,
NA,AM,
NA,AU,
NA,AT,
NA,AZ,
NA,BS,
NA,BH,
NA,BD,
NA,BB,
NA,BY,
NA,BE,
NA,BZ,
NA,BJ,
NA,BT,
NA,BO,
NA,BA,
NA,BW,
NA,BR,
NA,BN,
NA,BG,
NA,BF,
NA,BI,
NA,KH,
NA,CM,
NA,CA,
NA,CV,
NA,CF,
NA,TD,
NA,CL,
NA,CN,
NA,CO,
NA,KM,
NA,CG,
NA,CD,
NA,CR,
NA,CI,
NA,HR,
NA,CU,
NA,CY,
NA,CZ,
NA,DK,
NA,DJ,
NA,DM,
NA,DO,
NA,EC,
NA,EG,
NA,SV,
NA,GQ,
NA,ER,
NA,EE,
NA,SZ,
NA,ET,
NA,FJ,
NA,FI,
NA,FR,
NA,GA,
NA,GM,
NA,GE,
NA,DE,
NA,GH,
NA,GR,
NA,GD,
NA,GT,
NA,GN,
NA,GW,
NA,GY,
NA,HT,
NA,HN,
NA,HK,
NA,HU,
NA,IS,
NA,IN,
NA,ID,
NA,IR,
NA,IQ,
NA,IE,
NA,IL,
NA,IT,
NA,JM,
NA,JP,
NA,JO,
NA,KZ,
NA,KE,
NA,KI,
NA,XK,
NA,KW,
NA,KG,
NA,LA,
NA,LV,
NA,LB,
NA,LS,
NA,LR,
NA,LY,
NA,LI,
NA,LT,
NA,LU,
NA,MO,
NA,MG,
NA,MW,
NA,MY,
NA,MV,
NA,ML,
NA,MT,
NA,MH,
NA,MR,
NA,MU,
NA,MX,
NA,FM,
NA,MD,
NA,MC,
NA,MN,
NA,ME,
NA,MA,
NA,MZ,
NA,MM,
NA,NA,-1
NA,NR,
NA,NP,
NA,NL,
NA,NZ,
NA,NI,
NA,NE,
NA,NG,
NA,KP,
NA,MK,
NA,NO,
NA,OM,
NA,PK,
NA,PW,
NA,PS,
NA,PA,
NA,PG,
NA,PY,
NA,PE,
NA,PH,
NA,PL,
NA,PT,
NA,QA,
NA,RO,
NA,RU,
NA,RW,
NA,KN,
NA,LC,
NA,WS,
NA,SM,
NA,ST,
NA,SA,
NA,SN,
NA,RS,
NA,SC,
NA,SL,
NA,SG,
NA,SK,
NA,SI,
NA,SB,
NA,SO,
NA,ZA,
NA,KR,
NA,SS,
NA,ES,
NA,LK,
NA,VC,
NA,SD,
NA,SR,
NA,SE,
NA,CH,
NA,SY,
NA,TW,
NA,TJ,
NA,TZ,
NA,TH,
NA,TL,
NA,TG,
NA,TO,
NA,TT,
NA,TN,
NA,TM,
NA,TV,
NA,TR,
NA,UG,
NA,UA,
NA,AE,
NA,GB,
NA,US,
NA,UY,
NA,UZ,
NA,VU,
NA,VA,
NA,VE,
NA,VN,
NA,YE,
NA,ZM,
NA,ZW,
NA,AF,
NR,AL,
NR,DZ,
NR,AD,
NR,AO,
NR,AG,
NR,AR,
NR,AM,
NR,AU,
NR,AT,
NR,AZ,
NR,BS,
NR,BH,
NR,BD,
NR,BB,
NR,BY,
NR,BE,
NR,BZ,
NR,BJ,
NR,BT,
NR,BO,
NR,BA,
NR,BW,
NR,BR,
NR,BN,
NR,BG,
NR,BF,
NR,BI,
NR,KH,
NR,CM,
NR,CA,
NR,CV,
NR,CF,
NR,TD,
NR,CL,
NR,CN,
NR,CO,
NR,KM,
NR,CG,
NR,CD,
NR,CR,
NR,CI,
NR,HR,
NR,CU,
NR,CY,
NR,CZ,
NR,DK,
NR,DJ,
NR,DM,
NR,DO,
NR,EC,
NR,EG,
NR,SV,
NR,GQ,
NR,ER,
NR,EE,
NR,SZ,
NR,ET,
NR,FJ,
NR,FI,
NR,FR,
NR,GA,
NR,GM,
NR,GE,
NR,DE,
NR,GH,
NR,GR,
NR,GD,
NR,GT,
NR,GN,
NR,GW,
NR,GY,
NR,HT,
NR,HN,
NR,HK,
NR,HU,
NR,IS,
NR,IN,
NR,ID,
NR,IR,
NR,IQ,
NR,IE,
NR,IL,
NR,IT,
NR,JM,
NR,JP,
NR,JO,
NR,KZ,
NR,KE,
NR,KI,
NR,XK,
NR,KW,
NR,KG,
NR,LA,
NR,LV,
NR,LB,
NR,LS,
NR,LR,
NR,LY,
NR,LI,
NR,LT,
NR,LU,
NR,MO,
NR,MG,
NR,MW,
NR,MY,
NR,MV,
NR,ML,
NR,MT,
NR,MH,
NR,MR,
NR,MU,
NR,MX,
NR,FM,
NR,MD,
NR,MC,
NR,MN,
NR,ME,
NR,MA,
NR,MZ,
NR,MM,
NR,NA,
NR,NR,-1
NR,NP,
NR,NL,
NR,NZ,
NR,NI,
NR,NE,
NR,NG,
NR,KP,
NR,MK,
NR,NO,
NR,OM,
NR,PK,
NR,PW,
NR,PS,
NR,PA,
NR,PG,
NR,PY,
NR,PE,
NR,PH,
NR,PL,
NR,PT,
NR,QA,
NR,RO,
NR,RU,
NR,RW,
NR,KN,
NR,LC,
NR,WS,
NR,SM,
NR,ST,
NR,SA,
NR,SN,
NR,RS,
NR,SC,
NR,SL,
NR,SG,
NR,SK,
NR,SI,
NR,SB,
NR,SO,
NR,ZA,
NR,KR,
NR,SS,
NR,ES,
NR,LK,
NR,VC,
NR,SD,
NR,SR,
NR,SE,
NR,CH,
NR,SY,
NR,TW,
NR,TJ,
NR,TZ,
NR,TH,
NR,TL,
NR,TG,
NR,TO,
NR,TT,
NR,TN,
NR,TM,
NR,TV,
NR,TR,
NR,UG,
NR,UA,
NR,AE,
NR,GB,
NR,US,
NR,UY,
NR,UZ,
NR,VU,
NR,VA,
NR,VE,
NR,VN,
NR,YE,
NR,ZM,
NR,ZW,
NR,AF,
NP,AL,
NP,DZ,
NP,AD,
NP,AO,
NP,AG,
NP,AR,
NP,AM,
NP,AU,
NP,AT,
NP,AZ,
NP,BS,
NP,BH,
NP,BD,
NP,BB,
NP,BY,
NP,BE,
NP,BZ,
NP,BJ,
NP,BT,
NP,BO,
NP,BA,
NP,BW,
NP,BR,
NP,BN,
NP,BG,
NP,BF,
NP,BI,
NP,KH,
NP,CM,
NP,CA,
NP,CV,
NP,CF,
NP,TD,
NP,CL,
NP,CN,
NP,CO,
NP,KM,
NP,CG,
NP,CD,
NP,CR,
NP,CI,
NP,HR,
NP,CU,
NP,CY,
NP,CZ,
NP,DK,
NP,DJ,
NP,DM,
NP,DO,
NP,EC,
NP,EG,
NP,SV,
NP,GQ,
NP,ER,
NP,EE,
NP,SZ,
NP,ET,
NP,FJ,
NP,FI,
NP,FR,
NP,GA,
NP,GM,
NP,GE,
NP,DE,
NP,GH,
NP,GR,
NP,GD,
NP,GT,
NP,GN,
NP,GW,
NP,GY,
NP,HT,
NP,HN,
NP,HK,
NP,HU,
NP,IS,
NP,IN,
NP,ID,
NP,IR,
NP,IQ,
NP,IE,
NP,IL,
NP,IT,
NP,JM,
NP,JP,
NP,JO,
NP,KZ,
NP,KE,
NP,KI,
NP,XK,
NP,KW,
NP,KG,
NP,LA,
NP,LV,
NP,LB,
NP,LS,
NP,LR,
NP,LY,
NP,LI,
NP,LT,
NP,LU,
NP,MO,
NP,MG,
NP,MW,
NP,MY,
NP,MV,
NP,ML,
NP,MT,
NP,MH,
NP,MR,
NP,MU,
NP,MX,
NP,FM,
NP,MD,
NP,MC,
NP,MN,
NP,ME,
NP,MA,
NP,MZ,
NP,MM,
NP,NA,
NP,NR,
NP,NP,-1
NP,NL,
NP,NZ,
NP,NI,
NP,NE,
NP,NG,
NP,KP,
NP,MK,
NP,NO,
NP,OM,
NP,PK,
NP,PW,
NP,PS,
NP,PA,
NP,PG,
NP,PY,
NP,PE,
NP,PH,
NP,PL,
NP,PT,
NP,QA,
NP,RO,
NP,RU,
NP,RW,
NP,KN,
NP,LC,
NP,WS,
NP,SM,
NP,ST,
NP,SA,
NP,SN,
NP,RS,
NP,SC,
NP,SL,
NP,SG,
NP,SK,
NP,SI,
NP,SB,
NP,SO,
NP,ZA,
NP,KR,
NP,SS,
NP,ES,
NP,LK,
NP,VC,
NP,SD,
NP,SR,
NP,SE,
NP,CH,
NP,SY,
NP,TW,
NP,TJ,
NP,TZ,
NP,TH,
NP,TL,
NP,TG,
NP,TO,
NP,TT,
NP,TN,
NP,TM,
NP,TV,
NP,TR,
NP,UG,
NP,UA,
NP,AE,
NP,GB,
NP,US,
NP,UY,
NP,UZ,
NP,VU,
NP,VA,
NP,VE,
NP,VN,
NP,YE,
NP,ZM,
NP,ZW,
NP,AF,
NL,AL,
NL,DZ,
NL,AD,
NL,AO,
NL,AG,
NL,AR,
NL,AM,
NL,AU,
NL,AT,
NL,AZ,
NL,BS,
NL,BH,
NL,BD,
NL,BB,
NL,BY,
NL,BE,
NL,BZ,
NL,BJ,
NL,BT,
NL,BO,
NL,BA,
NL,BW,
NL,BR,
NL,BN,
NL,BG,
NL,BF,
NL,BI,
NL,KH,
NL,CM,
NL,CA,
NL,CV,
NL,CF,
NL,TD,
NL,CL,
NL,CN,
NL,CO,
NL,KM,
NL,CG,
NL,CD,
NL,CR,
NL,CI,
NL,HR,
NL,CU,
NL,CY,
NL,CZ,
NL,DK,
NL,DJ,
NL,DM,
NL,DO,
NL,EC,
NL,EG,
NL,SV,
NL,GQ,
NL,ER,
NL,EE,
NL,SZ,
NL,ET,
NL,FJ,
NL,FI,
NL,FR,
NL,GA,
NL,GM,
NL,GE,
NL,DE,
NL,GH,
NL,GR,
NL,GD,
NL,GT,
NL,GN,
NL,GW,
NL,GY,
NL,HT,
NL,HN,
NL,HK,
NL,HU,
NL,IS,
NL,IN,
NL,ID,
NL,IR,
NL,IQ,
NL,IE,
NL,IL,
NL,IT,
NL,JM,
NL,JP,
NL,JO,
NL,KZ,
NL,KE,
NL,KI,
NL,XK,
NL,KW,
NL,KG,
NL,LA,
NL,LV,
NL,LB,
NL,LS,
NL,LR,
NL,LY,
NL,LI,
NL,LT,
NL,LU,
NL,MO,
NL,MG,
NL,MW,
NL,MY,
NL,MV,
NL,ML,
NL,MT,
NL,MH,
NL,MR,
NL,MU,
NL,MX,
NL,FM,
NL,MD,
NL,MC,
NL,MN,
NL,ME,
NL,MA,
NL,MZ,
NL,MM,
NL,NA,
NL,NR,
NL,NP,
NL,NL,-1
NL,NZ,
NL,NI,
NL,NE,
NL,NG,
NL,KP,
NL,MK,
NL,NO,
NL,OM,
NL,PK,
NL,PW,
NL,PS,
NL,PA,
NL,PG,
NL,PY,
NL,PE,
NL,PH,
NL,PL,
NL,PT,
NL,QA,
NL,RO,
NL,RU,
NL,RW,
NL,KN,
NL,LC,
NL,WS,
NL,SM,
NL,ST,
NL,SA,
NL,SN,
NL,RS,
NL,SC,
NL,SL,
NL,SG,
NL,SK,
NL,SI,
NL,SB,
NL,SO,
NL,ZA,
NL,KR,
NL,SS,
NL,ES,
NL,LK,
NL,VC,
NL,SD,
NL,SR,
NL,SE,
NL,CH,
NL,SY,
NL,TW,
NL,TJ,
NL,TZ,
NL,TH,
NL,TL,
NL,TG,
NL,TO,
NL,TT,
NL,TN,
NL,TM,
NL,TV,
NL,TR,
NL,UG,
NL,UA,
NL,AE,
NL,GB,
NL,US,
NL,UY,
NL,UZ,
NL,VU,
NL,VA,
NL,VE,
NL,VN,
NL,YE,
NL,ZM,
NL,ZW,
NL,AF,
NZ,AL,
NZ,DZ,
NZ,AD,
NZ,AO,
NZ,AG,
NZ,AR,
NZ,AM,
NZ,AU,
NZ,AT,
NZ,AZ,
NZ,BS,
NZ,BH,
NZ,BD,
NZ,BB,
NZ,BY,
NZ,BE,
NZ,BZ,
NZ,BJ,
NZ,BT,
NZ,BO,
NZ,BA,
NZ,BW,
NZ,BR,
NZ,BN,
NZ,BG,
NZ,BF,
NZ,BI,
NZ,KH,
NZ,CM,
NZ,CA,
NZ,CV,
NZ,CF,
NZ,TD,
NZ,CL,
NZ,CN,
NZ,CO,
NZ,KM,
NZ,CG,
NZ,CD,
NZ,CR,
NZ,CI,
NZ,HR,
NZ,CU,
NZ,CY,
NZ,CZ,
NZ,DK,
NZ,DJ,
NZ,DM,
NZ,DO,
NZ,EC,
NZ,EG,
NZ,SV,
NZ,GQ,
NZ,ER,
NZ,EE,
NZ,SZ,
NZ,ET,
NZ,FJ,
NZ,FI,
NZ,FR,
NZ,GA,
NZ,GM,
NZ,GE,
NZ,DE,
NZ,GH,
NZ,GR,
NZ,GD,
NZ,GT,
NZ,GN,
NZ,GW,
NZ,GY,
NZ,HT,
NZ,HN,
NZ,HK,
NZ,HU,
NZ,IS,
NZ,IN,
NZ,ID,
NZ,IR,
NZ,IQ,
NZ,IE,
NZ,IL,
NZ,IT,
NZ,JM,
NZ,JP,
NZ,JO,
NZ,KZ,
NZ,KE,
NZ,KI,
NZ,XK,
NZ,KW,
NZ,KG,
NZ,LA,
NZ,LV,
NZ,LB,
NZ,LS,
NZ,LR,
NZ,LY,
NZ,LI,
NZ,LT,
NZ,LU,
NZ,MO,
NZ,MG,
NZ,MW,
NZ,MY,
NZ,MV,
NZ,ML,
NZ,MT,
NZ,MH,
NZ,MR,
NZ,MU,
NZ,MX,
NZ,FM,
NZ,MD,
NZ,MC,
NZ,MN,
NZ,ME,
NZ,MA,
NZ,MZ,
NZ,MM,
NZ,NA,
NZ,NR,
NZ,NP,
NZ,NL,
NZ,NZ,-1
NZ,NI,
NZ,NE,
NZ,NG,
NZ,KP,
NZ,MK,
NZ,NO,
NZ,OM,
NZ,PK,
NZ,PW,
NZ,PS,
NZ,PA,
NZ,PG,
NZ,PY,
NZ,PE,
NZ,PH,
NZ,PL,
NZ,PT,
NZ,QA,
NZ,RO,
NZ,RU,
NZ,RW,
NZ,KN,
NZ,LC,
NZ,WS,
NZ,SM,
NZ,ST,
NZ,SA,
NZ,SN,
NZ,RS,
NZ,SC,
NZ,SL,
NZ,SG,
NZ,SK,
NZ,SI,
NZ,SB,
NZ,SO,
NZ,ZA,
NZ,KR,
NZ,SS,
NZ,ES,
NZ,LK,
NZ,VC,
NZ,SD,
NZ,SR,
NZ,SE,
NZ,CH,
NZ,SY,
NZ,TW,
NZ,TJ,
NZ,TZ,
NZ,TH,
NZ,TL,
NZ,TG,
NZ,TO,
NZ,TT,
NZ,TN,
NZ,TM,
NZ,TV,
NZ,TR,
NZ,UG,
NZ,UA,
NZ,AE,
NZ,GB,
NZ,US,
NZ,UY,
NZ,UZ,
NZ,VU,
NZ,VA,
NZ,VE,
NZ,VN,
NZ,YE,
NZ,ZM,
NZ,ZW,
NZ,AF,
NI,AL,
NI,DZ,
NI,AD,
NI,AO,
NI,AG,
NI,AR,
NI,AM,
NI,AU,
NI,AT,
NI,AZ,
NI,BS,
NI,BH,
NI,BD,
NI,BB,
NI,BY,
NI,BE,
NI,BZ,
NI,BJ,
NI,BT,
NI,BO,
NI,BA,
NI,BW,
NI,BR,
NI,BN,
NI,BG,
NI,BF,
NI,BI,
NI,KH,
NI,CM,
NI,CA,
NI,CV,
NI,CF,
NI,TD,
NI,CL,
NI,CN,
NI,CO,
NI,KM,
NI,CG,
NI,CD,
NI,CR,
NI,CI,
NI,HR,
NI,CU,
NI,CY,
NI,CZ,
NI,DK,
NI,DJ,
NI,DM,
NI,DO,
NI,EC,
NI,EG,
NI,SV,
NI,GQ,
NI,ER,
NI,EE,
NI,SZ,
NI,ET,
NI,FJ,
NI,FI,
NI,FR,
NI,GA,
NI,GM,
NI,GE,
NI,DE,
NI,GH,
NI,GR,
NI,GD,
NI,GT,
NI,GN,
NI,GW,
NI,GY,
NI,HT,
NI,HN,
NI,HK,
NI,HU,
NI,IS,
NI,IN,
NI,ID,
NI,IR,
NI,IQ,
NI,IE,
NI,IL,
NI,IT,
NI,JM,
NI,JP,
NI,JO,
NI,KZ,
NI,KE,
NI,KI,
NI,XK,
NI,KW,
NI,KG,
NI,LA,
NI,LV,
NI,LB,
NI,LS,
NI,LR,
NI,LY,
NI,LI,
NI,LT,
NI,LU,
NI,MO,
NI,MG,
NI,MW,
NI,MY,
NI,MV,
NI,ML,
NI,MT,
NI,MH,
NI,MR,
NI,MU,
NI,MX,
NI,FM,
NI,MD,
NI,MC,
NI,MN,
NI,ME,
NI,MA,
NI,MZ,
NI,MM,
NI,NA,
NI,NR,
NI,NP,
NI,NL,
NI,NZ,
NI,NI,-1
NI,NE,
NI,NG,
NI,KP,
NI,MK,
NI,NO,
NI,OM,
NI,PK,
NI,PW,
NI,PS,
NI,PA,
NI,PG,
NI,PY,
NI,PE,
NI,PH,
NI,PL,
NI,PT,
NI,QA,
NI,RO,
NI,RU,
NI,RW,
NI,KN,
NI,LC,
NI,WS,
NI,SM,
NI,ST,
NI,SA,
NI,SN,
NI,RS,
NI,SC,
NI,SL,
NI,SG,
NI,SK,
NI,SI,
NI,SB,
NI,SO,
NI,ZA,
NI,KR,
NI,SS,
NI,ES,
NI,LK,
NI,VC,
NI,SD,
NI,SR,
NI,SE,
NI,CH,
NI,SY,
NI,TW,
NI,TJ,
NI,TZ,
NI,TH,
NI,TL,
NI,TG,
NI,TO,
NI,TT,
NI,TN,
NI,TM,
NI,TV,
NI,TR,
NI,UG,
NI,UA,
NI,AE,
NI,GB,
NI,US,
NI,UY,
NI,UZ,
NI,VU,
NI,VA,
NI,VE,
NI,VN,
NI,YE,
NI,ZM,
NI,ZW,
NI,AF,
NE,AL,
NE,DZ,
NE,AD,
NE,AO,
NE,AG,
NE,AR,
NE,AM,
NE,AU,
NE,AT,
NE,AZ,
NE,BS,
NE,BH,
NE,BD,
NE,BB,
NE,BY,
NE,BE,
NE,BZ,
NE,BJ,
NE,BT,
NE,BO,
NE,BA,
NE,BW,
NE,BR,
NE,BN,
NE,BG,
NE,BF,
NE,BI,
NE,KH,
NE,CM,
NE,CA,
NE,CV,
NE,CF,
NE,TD,
NE,CL,
NE,CN,
NE,CO,
NE,KM,
NE,CG,
NE,CD,
NE,CR,
NE,CI,
NE,HR,
NE,CU,
NE,CY,
NE,CZ,
NE,DK,
NE,DJ,
NE,DM,
NE,DO,
NE,EC,
NE,EG,
NE,SV,
NE,GQ,
NE,ER,
NE,EE,
NE,SZ,
NE,ET,
NE,FJ,
NE,FI,
NE,FR,
NE,GA,
NE,GM,
NE,GE,
NE,DE,
NE,GH,
NE,GR,
NE,GD,
NE,GT,
NE,GN,
NE,GW,
NE,GY,
NE,HT,
NE,HN,
NE,HK,
NE,HU,
NE,IS,
NE,IN,
NE,ID,
NE,IR,
NE,IQ,
NE,IE,
NE,IL,
NE,IT,
NE,JM,
NE,JP,
NE,JO,
NE,KZ,
NE,KE,
NE,KI,
NE,XK,
NE,KW,
NE,KG,
NE,LA,
NE,LV,
NE,LB,
NE,LS,
NE,LR,
NE,LY,
NE,LI,
NE,LT,
NE,LU,
NE,MO,
NE,MG,
NE,MW,
NE,MY,
NE,MV,
NE,ML,
NE,MT,
NE,MH,
NE,MR,
NE,MU,
NE,MX,
NE,FM,
NE,MD,
NE,MC,
NE,MN,
NE,ME,
NE,MA,
NE,MZ,
NE,MM,
NE,NA,
NE,NR,
NE,NP,
NE,NL,
NE,NZ,
NE,NI,
NE,NE,-1
NE,NG,
NE,KP,
NE,MK,
NE,NO,
NE,OM,
NE,PK,
NE,PW,
NE,PS,
NE,PA,
NE,PG,
NE,PY,
NE,PE,
NE,PH,
NE,PL,
NE,PT,
NE,QA,
NE,RO,
NE,RU,
NE,RW,
NE,KN,
NE,LC,
NE,WS,
NE,SM,
NE,ST,
NE,SA,
NE,SN,
NE,RS,
NE,SC,
NE,SL,
NE,SG,
NE,SK,
NE,SI,
NE,SB,
NE,SO,
NE,ZA,
NE,KR,
NE,SS,
NE,ES,
NE,LK,
NE,VC,
NE,SD,
NE,SR,
NE,SE,
NE,CH,
NE,SY,
NE,TW,
NE,TJ,
NE,TZ,
NE,TH,
NE,TL,
NE,TG,
NE,TO,
NE,TT,
NE,TN,
NE,TM,
NE,TV,
NE,TR,
NE,UG,
NE,UA,
NE,AE,
NE,GB,
NE,US,
NE,UY,
NE,UZ,
NE,VU,
NE,VA,
NE,VE,
NE,VN,
NE,YE,
NE,ZM,
NE,ZW,
NE,AF,
NG,AL,
NG,DZ,
NG,AD,
NG,AO,
NG,AG,
NG,AR,
NG,AM,
NG,AU,
NG,AT,
NG,AZ,
NG,BS,
NG,BH,
NG,BD,
NG,BB,
NG,BY,
NG,BE,
NG,BZ,
NG,BJ,
NG,BT,
NG,BO,
NG,BA,
NG,BW,
NG,BR,
NG,BN,
NG,BG,
NG,BF,
NG,BI,
NG,KH,
NG,CM,
NG,CA,
NG,CV,
NG,CF,
NG,TD,
NG,CL,
NG,CN,
NG,CO,
NG,KM,
NG,CG,
NG,CD,
NG,CR,
NG,CI,
NG,HR,
NG,CU,
NG,CY,
NG,CZ,
NG,DK,
NG,DJ,
NG,DM,
NG,DO,
NG,EC,
NG,EG,
NG,SV,
NG,GQ,
NG,ER,
NG,EE,
NG,SZ,
NG,ET,
NG,FJ,
NG,FI,
NG,FR,
NG,GA,
NG,GM,
NG,GE,
NG,DE,
NG,GH,
NG,GR,
NG,GD,
NG,GT,
NG,GN,
NG,GW,
NG,GY,
NG,HT,
NG,HN,
NG,HK,
NG,HU,
NG,IS,
NG,IN,
NG,ID,
NG,IR,
NG,IQ,
NG,IE,
NG,IL,
NG,IT,
NG,JM,
NG,JP,
NG,JO,
NG,KZ,
NG,KE,
NG,KI,
NG,XK,
NG,KW,
NG,KG,
NG,LA,
NG,LV,
NG,LB,
NG,LS,
NG,LR,
NG,LY,
NG,LI,
NG,LT,
NG,LU,
NG,MO,
NG,MG,
NG,MW,
NG,MY,
NG,MV,
NG,ML,
NG,MT,
NG,MH,
NG,MR,
NG,MU,
NG,MX,
NG,FM,
NG,MD,
NG,MC,
NG,MN,
NG,ME,
NG,MA,
NG,MZ,
NG,MM,
NG,NA,
NG,NR,
NG,NP,
NG,NL,
NG,NZ,
NG,NI,
NG,NE,
NG,NG,-1
NG,KP,
NG,MK,
NG,NO,
NG,OM,
NG,PK,
NG,PW,
NG,PS,
NG,PA,
NG,PG,
NG,PY,
NG,PE,
NG,PH,
NG,PL,
NG,PT,
NG,QA,
NG,RO,
NG,RU,
NG,RW,
NG,KN,
NG,LC,
NG,WS,
NG,SM,
NG,ST,
NG,SA,
NG,SN,
NG,RS,
NG,SC,
NG,SL,
NG,SG,
NG,SK,
NG,SI,
NG,SB,
NG,SO,
NG,ZA,
NG,KR,
NG,SS,
NG,ES,
NG,LK,
NG,VC,
NG,SD,
NG,SR,
NG,SE,
NG,CH,
NG,SY,
NG,TW,
NG,TJ,
NG,TZ,
NG,TH,
NG,TL,
NG,TG,
NG,TO,
NG,TT,
NG,TN,
NG,TM,
NG,TV,
NG,TR,
NG,UG,
NG,UA,
NG,AE,
NG,GB,
NG,US,
NG,UY,
NG,UZ,
NG,VU,
NG,VA,
NG,VE,
NG,VN,
NG,YE,
NG,ZM,
NG,ZW,
NG,AF,
KP,AL,
KP,DZ,
KP,AD,
KP,AO,
KP,AG,
KP,AR,
KP,AM,
KP,AU,
KP,AT,
KP,AZ,
KP,BS,
KP,BH,
KP,BD,
KP,BB,
KP,BY,
KP,BE,
KP,BZ,
KP,BJ,
KP,BT,
KP,BO,
KP,BA,
KP,BW,
KP,BR,
KP,BN,
KP,BG,
KP,BF,
KP,BI,
KP,KH,
KP,CM,
KP,CA,
KP,CV,
KP,CF,
KP,TD,
KP,CL,
KP,CN,
KP,CO,
KP,KM,
KP,CG,
KP,CD,
KP,CR,
KP,CI,
KP,HR,
KP,CU,
KP,CY,
KP,CZ,
KP,DK,
KP,DJ,
KP,DM,
KP,DO,
KP,EC,
KP,EG,
KP,SV,
KP,GQ,
KP,ER,
KP,EE,
KP,SZ,
KP,ET,
KP,FJ,
KP,FI,
KP,FR,
KP,GA,
KP,GM,
KP,GE,
KP,DE,
KP,GH,
KP,GR,
KP,GD,
KP,GT,
KP,GN,
KP,GW,
KP,GY,
KP,HT,
KP,HN,
KP,HK,
KP,HU,
KP,IS,
KP,IN,
KP,ID,
KP,IR,
KP,IQ,
KP,IE,
KP,IL,
KP,IT,
KP,JM,
KP,JP,
KP,JO,
KP,KZ,
KP,KE,
KP,KI,
KP,XK,
KP,KW,
KP,KG,
KP,LA,
KP,LV,
KP,LB,
KP,LS,
KP,LR,
KP,LY,
KP,LI,
KP,LT,
KP,LU,
KP,MO,
KP,MG,
KP,MW,
KP,MY,
KP,MV,
KP,ML,
KP,MT,
KP,MH,
KP,MR,
KP,MU,
KP,MX,
KP,FM,
KP,MD,
KP,MC,
KP,MN,
KP,ME,
KP,MA,
KP,MZ,
KP,MM,
KP,NA,
KP,NR,
KP,NP,
KP,NL,
KP,NZ,
KP,NI,
KP,NE,
KP,NG,
KP,KP,-1
KP,MK,
KP,NO,
KP,OM,
KP,PK,
KP,PW,
KP,PS,
KP,PA,
KP,PG,
KP,PY,
KP,PE,
KP,PH,
KP,PL,
KP,PT,
KP,QA,
KP,RO,
KP,RU,
KP,RW,
KP,KN,
KP,LC,
KP,WS,
KP,SM,
KP,ST,
KP,SA,
KP,SN,
KP,RS,
KP,SC,
KP,SL,
KP,SG,
KP,SK,
KP,SI,
KP,SB,
KP,SO,
KP,ZA,
KP,KR,
KP,SS,
KP,ES,
KP,LK,
KP,VC,
KP,SD,
KP,SR,
KP,SE,
KP,CH,
KP,SY,
KP,TW,
KP,TJ,
KP,TZ,
KP,TH,
KP,TL,
KP,TG,
KP,TO,
KP,TT,
KP,TN,
KP,TM,
KP,TV,
KP,TR,
KP,UG,
KP,UA,
KP,AE,
KP,GB,
KP,US,
KP,UY,
KP,UZ,
KP,VU,
KP,VA,
KP,VE,
KP,VN,
KP,YE,
KP,ZM,
KP,ZW,
KP,AF,
MK,AL,
MK,DZ,
MK,AD,
MK,AO,
MK,AG,
MK,AR,
MK,AM,
MK,AU,
MK,AT,
MK,AZ,
MK,BS,
MK,BH,
MK,BD,
MK,BB,
MK,BY,
MK,BE,
MK,BZ,
MK,BJ,
MK,BT,
MK,BO,
MK,BA,
MK,BW,
MK,BR,
MK,BN,
MK,BG,
MK,BF,
MK,BI,
MK,KH,
MK,CM,
MK,CA,
MK,CV,
MK,CF,
MK,TD,
MK,CL,
MK,CN,
MK,CO,
MK,KM,
MK,CG,
MK,CD,
MK,CR,
MK,CI,
MK,HR,
MK,CU,
MK,CY,
MK,CZ,
MK,DK,
MK,DJ,
MK,DM,
MK,DO,
MK,EC,
MK,EG,
MK,SV,
MK,GQ,
MK,ER,
MK,EE,
MK,SZ,
MK,ET,
MK,FJ,
MK,FI,
MK,FR,
MK,GA,
MK,GM,
MK,GE,
MK,DE,
MK,GH,
MK,GR,
MK,GD,
MK,GT,
MK,GN,
MK,GW,
MK,GY,
MK,HT,
MK,HN,
MK,HK,
MK,HU,
MK,IS,
MK,IN,
MK,ID,
MK,IR,
MK,IQ,
MK,IE,
MK,IL,
MK,IT,
MK,JM,
MK,JP,
MK,JO,
MK,KZ,
MK,KE,
MK,KI,
MK,XK,
MK,KW,
MK,KG,
MK,LA,
MK,LV,
MK,LB,
MK,LS,
MK,LR,
MK,LY,
MK,LI,
MK,LT,
MK,LU,
MK,MO,
MK,MG,
MK,MW,
MK,MY,
MK,MV,
MK,ML,
MK,MT,
MK,MH,
MK,MR,
MK,MU,
MK,MX,
MK,FM,
MK,MD,
MK,MC,
MK,MN,
MK,ME,
MK,MA,
MK,MZ,
MK,MM,
MK,NA,
MK,NR,
MK,NP,
MK,NL,
MK,NZ,
MK,NI,
MK,NE,
MK,NG,
MK,KP,
MK,MK,-1
MK,NO,
MK,OM,
MK,PK,
MK,PW,
MK,PS,
MK,PA,
MK,PG,
MK,PY,
MK,PE,
MK,PH,
MK,PL,
MK,PT,
MK,QA,
MK,RO,
MK,RU,
MK,RW,
MK,KN,
MK,LC,
MK,WS,
MK,SM,
MK,ST,
MK,SA,
MK,SN,
MK,RS,
MK,SC,
MK,SL,
MK,SG,
MK,SK,
MK,SI,
MK,SB,
MK,SO,
MK,ZA,
MK,KR,
MK,SS,
MK,ES,
MK,LK,
MK,VC,
MK,SD,
MK,SR,
MK,SE,
MK,CH,
MK,SY,
MK,TW,
MK,TJ,
MK,TZ,
MK,TH,
MK,TL,
MK,TG,
MK,TO,
MK,TT,
MK,TN,
MK,TM,
MK,TV,
MK,TR,
MK,UG,
MK,UA,
MK,AE,
MK,GB,
MK,US,
MK,UY,
MK,UZ,
MK,VU,
MK,VA,
MK,VE,
MK,VN,
MK,YE,
MK,ZM,
MK,ZW,
MK,AF,
NO,AL,
NO,DZ,
NO,AD,
NO,AO,
NO,AG,
NO,AR,
NO,AM,
NO,AU,
NO,AT,
NO,AZ,
NO,BS,
NO,BH,
NO,BD,
NO,BB,
NO,BY,
NO,BE,
NO,BZ,
NO,BJ,
NO,BT,
NO,BO,
NO,BA,
NO,BW,
NO,BR,
NO,BN,
NO,BG,
NO,BF,
NO,BI,
NO,KH,
NO,CM,
NO,CA,
NO,CV,
NO,CF,
NO,TD,
NO,CL,
NO,CN,
NO,CO,
NO,KM,
NO,CG,
NO,CD,
NO,CR,
NO,CI,
NO,HR,
NO,CU,
NO,CY,
NO,CZ,
NO,DK,
NO,DJ,
NO,DM,
NO,DO,
NO,EC,
NO,EG,
NO,SV,
NO,GQ,
NO,ER,
NO,EE,
NO,SZ,
NO,ET,
NO,FJ,
NO,FI,
NO,FR,
NO,GA,
NO,GM,
NO,GE,
NO,DE,
NO,GH,
NO,GR,
NO,GD,
NO,GT,
NO,GN,
NO,GW,
NO,GY,
NO,HT,
NO,HN,
NO,HK,
NO,HU,
NO,IS,
NO,IN,
NO,ID,
NO,IR,
NO,IQ,
NO,IE,
NO,IL,
NO,IT,
NO,JM,
NO,JP,
NO,JO,
NO,KZ,
NO,KE,
NO,KI,
NO,XK,
NO,KW,
NO,KG,
NO,LA,
NO,LV,
NO,LB,
NO,LS,
NO,LR,
NO,LY,
NO,LI,
NO,LT,
NO,LU,
NO,MO,
NO,MG,
NO,MW,
NO,MY,
NO,MV,
NO,ML,
NO,MT,
NO,MH,
NO,MR,
NO,MU,
NO,MX,
NO,FM,
NO,MD,
NO,MC,
NO,MN,
NO,ME,
NO,MA,
NO,MZ,
NO,MM,
NO,NA,
NO,NR,
NO,NP,
NO,NL,
NO,NZ,
NO,NI,
NO,NE,
NO,NG,
NO,KP,
NO,MK,
NO,NO,-1
NO,OM,
NO,PK,
NO,PW,
NO,PS,
NO,PA,
NO,PG,
NO,PY,
NO,PE,
NO,PH,
NO,PL,
NO,PT,
NO,QA,
NO,RO,
NO,RU,
NO,RW,
NO,KN,
NO,LC,
NO,WS,
NO,SM,
NO,ST,
NO,SA,
NO,SN,
NO,RS,
NO,SC,
NO,SL,
NO,SG,
NO,SK,
NO,SI,
NO,SB,
NO,SO,
NO,ZA,
NO,KR,
NO,SS,
NO,ES,
NO,LK,
NO,VC,
NO,SD,
NO,SR,
NO,SE,
NO,CH,
NO,SY,
NO,TW,
NO,TJ,
NO,TZ,
NO,TH,
NO,TL,
NO,TG,
NO,TO,
NO,TT,
NO,TN,
NO,TM,
NO,TV,
NO,TR,
NO,UG,
NO,UA,
NO,AE,
NO,GB,
NO,US,
NO,UY,
NO,UZ,
NO,VU,
NO,VA,
NO,VE,
NO,VN,
NO,YE,
NO,ZM,
NO,ZW,
NO,AF,
OM,AL,
OM,DZ,
OM,AD,
OM,AO,
OM,AG,
OM,AR,
OM,AM,
OM,AU,
OM,AT,
OM,AZ,
OM,BS,
OM,BH,
OM,BD,
OM,BB,
OM,BY,
OM,BE,
OM,BZ,
OM,BJ,
OM,BT,
OM,BO,
OM,BA,
OM,BW,
OM,BR,
OM,BN,
OM,BG,
OM,BF,
OM,BI,
OM,KH,
OM,CM,
OM,CA,
OM,CV,
OM,CF,
OM,TD,
OM,CL,
OM,CN,
OM,CO,
OM,KM,
OM,CG,
OM,CD,
OM,CR,
OM,CI,
OM,HR,
OM,CU,
OM,CY,
OM,CZ,
OM,DK,
OM,DJ,
OM,DM,
OM,DO,
OM,EC,
OM,EG,
OM,SV,
OM,GQ,
OM,ER,
OM,EE,
OM,SZ,
OM,ET,
OM,FJ,
OM,FI,
OM,FR,
OM,GA,
OM,GM,
OM,GE,
OM,DE,
OM,GH,
OM,GR,
OM,GD,
OM,GT,
OM,GN,
OM,GW,
OM,GY,
OM,HT,
OM,HN,
OM,HK,
OM,HU,
OM,IS,
OM,IN,
OM,ID,
OM,IR,
OM,IQ,
OM,IE,
OM,IL,
OM,IT,
OM,JM,
OM,JP,
OM,JO,
OM,KZ,
OM,KE,
OM,KI,
OM,XK,
OM,KW,
OM,KG,
OM,LA,
OM,LV,
OM,LB,
OM,LS,
OM,LR,
OM,LY,
OM,LI,
OM,LT,
OM,LU,
OM,MO,
OM,MG,
OM,MW,
OM,MY,
OM,MV,
OM,ML,
OM,MT,
OM,MH,
OM,MR,
OM,MU,
OM,MX,
OM,FM,
OM,MD,
OM,MC,
OM,MN,
OM,ME,
OM,MA,
OM,MZ,
OM,MM,
OM,NA,
OM,NR,
OM,NP,
OM,NL,
OM,NZ,
OM,NI,
OM,NE,
OM,NG,
OM,KP,
OM,MK,
OM,NO,
OM,OM,-1
OM,PK,
OM,PW,
OM,PS,
OM,PA,
OM,PG,
OM,PY,
OM,PE,
OM,PH,
OM,PL,
OM,PT,
OM,QA,
OM,RO,
OM,RU,
OM,RW,
OM,KN,
OM,LC,
OM,WS,
OM,SM,
OM,ST,
OM,SA,
OM,SN,
OM,RS,
OM,SC,
OM,SL,
OM,SG,
OM,SK,
OM,SI,
OM,SB,
OM,SO,
OM,ZA,
OM,KR,
OM,SS,
OM,ES,
OM,LK,
OM,VC,
OM,SD,
OM,SR,
OM,SE,
OM,CH,
OM,SY,
OM,TW,
OM,TJ,
OM,TZ,
OM,TH,
OM,TL,
OM,TG,
OM,TO,
OM,TT,
OM,TN,
OM,TM,
OM,TV,
OM,TR,
OM,UG,
OM,UA,
OM,AE,
OM,GB,
OM,US,
OM,UY,
OM,UZ,
OM,VU,
OM,VA,
OM,VE,
OM,VN,
OM,YE,
OM,ZM,
OM,ZW,
OM,AF,
PK,AL,
PK,DZ,
PK,AD,
PK,AO,
PK,AG,
PK,AR,
PK,AM,
PK,AU,
PK,AT,
PK,AZ,
PK,BS,
PK,BH,
PK,BD,
PK,BB,
PK,BY,
PK,BE,
PK,BZ,
PK,BJ,
PK,BT,
PK,BO,
PK,BA,
PK,BW,
PK,BR,
PK,BN,
PK,BG,
PK,BF,
PK,BI,
PK,KH,
PK,CM,
PK,CA,
PK,CV,
PK,CF,
PK,TD,
PK,CL,
PK,CN,
PK,CO,
PK,KM,
PK,CG,
PK,CD,
PK,CR,
PK,CI,
PK,HR,
PK,CU,
PK,CY,
PK,CZ,
PK,DK,
PK,DJ,
PK,DM,
PK,DO,
PK,EC,
PK,EG,
PK,SV,
PK,GQ,
PK,ER,
PK,EE,
PK,SZ,
PK,ET,
PK,FJ,
PK,FI,
PK,FR,
PK,GA,
PK,GM,
PK,GE,
PK,DE,
PK,GH,
PK,GR,
PK,GD,
PK,GT,
PK,GN,
PK,GW,
PK,GY,
PK,HT,
PK,HN,
PK,HK,
PK,HU,
PK,IS,
PK,IN,
PK,ID,
PK,IR,
PK,IQ,
PK,IE,
PK,IL,
PK,IT,
PK,JM,
PK,JP,
PK,JO,
PK,KZ,
PK,KE,
PK,KI,
PK,XK,
PK,KW,
PK,KG,
PK,LA,
PK,LV,
PK,LB,
PK,LS,
PK,LR,
PK,LY,
PK,LI,
PK,LT,
PK,LU,
PK,MO,
PK,MG,
PK,MW,
PK,MY,
PK,MV,
PK,ML,
PK,MT,
PK,MH,
PK,MR,
PK,MU,
PK,MX,
PK,FM,
PK,MD,
PK,MC,
PK,MN,
PK,ME,
PK,MA,
PK,MZ,
PK,MM,
PK,NA,
PK,NR,
PK,NP,
PK,NL,
PK,NZ,
PK,NI,
PK,NE,
PK,NG,
PK,KP,
PK,MK,
PK,NO,
PK,OM,
PK,PK,-1
PK,PW,
PK,PS,
PK,PA,
PK,PG,
PK,PY,
PK,PE,
PK,PH,
PK,PL,
PK,PT,
PK,QA,
PK,RO,
PK,RU,
PK,RW,
PK,KN,
PK,LC,
PK,WS,
PK,SM,
PK,ST,
PK,SA,
PK,SN,
PK,RS,
PK,SC,
PK,SL,
PK,SG,
PK,SK,
PK,SI,
PK,SB,
PK,SO,
PK,ZA,
PK,KR,
PK,SS,
PK,ES,
PK,LK,
PK,VC,
PK,SD,
PK,SR,
PK,SE,
PK,CH,
PK,SY,
PK,TW,
PK,TJ,
PK,TZ,
PK,TH,
PK,TL,
PK,TG,
PK,TO,
PK,TT,
PK,TN,
PK,TM,
PK,TV,
PK,TR,
PK,UG,
PK,UA,
PK,AE,
PK,GB,
PK,US,
PK,UY,
PK,UZ,
PK,VU,
PK,VA,
PK,VE,
PK,VN,
PK,YE,
PK,ZM,
PK,ZW,
PK,AF,
PW,AL,
PW,DZ,
PW,AD,
PW,AO,
PW,AG,
PW,AR,
PW,AM,
PW,AU,
PW,AT,
PW,AZ,
PW,BS,
PW,BH,
PW,BD,
PW,BB,
PW,BY,
PW,BE,
PW,BZ,
PW,BJ,
PW,BT,
PW,BO,
PW,BA,
PW,BW,
PW,BR,
PW,BN,
PW,BG,
PW,BF,
PW,BI,
PW,KH,
PW,CM,
PW,CA,
PW,CV,
PW,CF,
PW,TD,
PW,CL,
PW,CN,
PW,CO,
PW,KM,
PW,CG,
PW,CD,
PW,CR,
PW,CI,
PW,HR,
PW,CU,
PW,CY,
PW,CZ,
PW,DK,
PW,DJ,
PW,DM,
PW,DO,
PW,EC,
PW,EG,
PW,SV,
PW,GQ,
PW,ER,
PW,EE,
PW,SZ,
PW,ET,
PW,FJ,
PW,FI,
PW,FR,
PW,GA,
PW,GM,
PW,GE,
PW,DE,
PW,GH,
PW,GR,
PW,GD,
PW,GT,
PW,GN,
PW,GW,
PW,GY,
PW,HT,
PW,HN,
PW,HK,
PW,HU,
PW,IS,
PW,IN,
PW,ID,
PW,IR,
PW,IQ,
PW,IE,
PW,IL,
PW,IT,
PW,JM,
PW,JP,
PW,JO,
PW,KZ,
PW,KE,
PW,KI,
PW,XK,
PW,KW,
PW,KG,
PW,LA,
PW,LV,
PW,LB,
PW,LS,
PW,LR,
PW,LY,
PW,LI,
PW,LT,
PW,LU,
PW,MO,
PW,MG,
PW,MW,
PW,MY,
PW,MV,
PW,ML,
PW,MT,
PW,MH,
PW,MR,
PW,MU,
PW,MX,
PW,FM,
PW,MD,
PW,MC,
PW,MN,
PW,ME,
PW,MA,
PW,MZ,
PW,MM,
PW,NA,
PW,NR,
PW,NP,
PW,NL,
PW,NZ,
PW,NI,
PW,NE,
PW,NG,
PW,KP,
PW,MK,
PW,NO,
PW,OM,
PW,PK,
PW,PW,-1
PW,PS,
PW,PA,
PW,PG,
PW,PY,
PW,PE,
PW,PH,
PW,PL,
PW,PT,
PW,QA,
PW,RO,
PW,RU,
PW,RW,
PW,KN,
PW,LC,
PW,WS,
PW,SM,
PW,ST,
PW,SA,
PW,SN,
PW,RS,
PW,SC,
PW,SL,
PW,SG,
PW,SK,
PW,SI,
PW,SB,
PW,SO,
PW,ZA,
PW,KR,
PW,SS,
PW,ES,
PW,LK,
PW,VC,
PW,SD,
PW,SR,
PW,SE,
PW,CH,
PW,SY,
PW,TW,
PW,TJ,
PW,TZ,
PW,TH,
PW,TL,
PW,TG,
PW,TO,
PW,TT,
PW,TN,
PW,TM,
PW,TV,
PW,TR,
PW,UG,
PW,UA,
PW,AE,
PW,GB,
PW,US,
PW,UY,
PW,UZ,
PW,VU,
PW,VA,
PW,VE,
PW,VN,
PW,YE,
PW,ZM,
PW,ZW,
PW,AF,
PS,AL,
PS,DZ,
PS,AD,
PS,AO,
PS,AG,
PS,AR,
PS,AM,
PS,AU,
PS,AT,
PS,AZ,
PS,BS,
PS,BH,
PS,BD,
PS,BB,
PS,BY,
PS,BE,
PS,BZ,
PS,BJ,
PS,BT,
PS,BO,
PS,BA,
PS,BW,
PS,BR,
PS,BN,
PS,BG,
PS,BF,
PS,BI,
PS,KH,
PS,CM,
PS,CA,
PS,CV,
PS,CF,
PS,TD,
PS,CL,
PS,CN,
PS,CO,
PS,KM,
PS,CG,
PS,CD,
PS,CR,
PS,CI,
PS,HR,
PS,CU,
PS,CY,
PS,CZ,
PS,DK,
PS,DJ,
PS,DM,
PS,DO,
PS,EC,
PS,EG,
PS,SV,
PS,GQ,
PS,ER,
PS,EE,
PS,SZ,
PS,ET,
PS,FJ,
PS,FI,
PS,FR,
PS,GA,
PS,GM,
PS,GE,
PS,DE,
PS,GH,
PS,GR,
PS,GD,
PS,GT,
PS,GN,
PS,GW,
PS,GY,
PS,HT,
PS,HN,
PS,HK,
PS,HU,
PS,IS,
PS,IN,
PS,ID,
PS,IR,
PS,IQ,
PS,IE,
PS,IL,
PS,IT,
PS,JM,
PS,JP,
PS,JO,
PS,KZ,
PS,KE,
PS,KI,
PS,XK,
PS,KW,
PS,KG,
PS,LA,
PS,LV,
PS,LB,
PS,LS,
PS,LR,
PS,LY,
PS,LI,
PS,LT,
PS,LU,
PS,MO,
PS,MG,
PS,MW,
PS,MY,
PS,MV,
PS,ML,
PS,MT,
PS,MH,
PS,MR,
PS,MU,
PS,MX,
PS,FM,
PS,MD,
PS,MC,
PS,MN,
PS,ME,
PS,MA,
PS,MZ,
PS,MM,
PS,NA,
PS,NR,
PS,NP,
PS,NL,
PS,NZ,
PS,NI,
PS,NE,
PS,NG,
PS,KP,
PS,MK,
PS,NO,
PS,OM,
PS,PK,
PS,PW,
PS,PS,-1
PS,PA,
PS,PG,
PS,PY,
PS,PE,
PS,PH,
PS,PL,
PS,PT,
PS,QA,
PS,RO,
PS,RU,
PS,RW,
PS,KN,
PS,LC,
PS,WS,
PS,SM,
PS,ST,
PS,SA,
PS,SN,
PS,RS,
PS,SC,
PS,SL,
PS,SG,
PS,SK,
PS,SI,
PS,SB,
PS,SO,
PS,ZA,
PS,KR,
PS,SS,
PS,ES,
PS,LK,
PS,VC,
PS,SD,
PS,SR,
PS,SE,
PS,CH,
PS,SY,
PS,TW,
PS,TJ,
PS,TZ,
PS,TH,
PS,TL,
PS,TG,
PS,TO,
PS,TT,
PS,TN,
PS,TM,
PS,TV,
PS,TR,
PS,UG,
PS,UA,
PS,AE,
PS,GB,
PS,US,
PS,UY,
PS,UZ,
PS,VU,
PS,VA,
PS,VE,
PS,VN,
PS,YE,
PS,ZM,
PS,ZW,
PS,AF,
PA,AL,
PA,DZ,
PA,AD,
PA,AO,
PA,AG,
PA,AR,
PA,AM,
PA,AU,
PA,AT,
PA,AZ,
PA,BS,
PA,BH,
PA,BD,
PA,BB,
PA,BY,
PA,BE,
PA,BZ,
PA,BJ,
PA,BT,
PA,BO,
PA,BA,
PA,BW,
PA,BR,
PA,BN,
PA,BG,
PA,BF,
PA,BI,
PA,KH,
PA,CM,
PA,CA,
PA,CV,
PA,CF,
PA,TD,
PA,CL,
PA,CN,
PA,CO,
PA,KM,
PA,CG,
PA,CD,
PA,CR,
PA,CI,
PA,HR,
PA,CU,
PA,CY,
PA,CZ,
PA,DK,
PA,DJ,
PA,DM,
PA,DO,
PA,EC,
PA,EG,
PA,SV,
PA,GQ,
PA,ER,
PA,EE,
PA,SZ,
PA,ET,
PA,FJ,
PA,FI,
PA,FR,
PA,GA,
PA,GM,
PA,GE,
PA,DE,
PA,GH,
PA,GR,
PA,GD,
PA,GT,
PA,GN,
PA,GW,
PA,GY,
PA,HT,
PA,HN,
PA,HK,
PA,HU,
PA,IS,
PA,IN,
PA,ID,
PA,IR,
PA,IQ,
PA,IE,
PA,IL,
PA,IT,
PA,JM,
PA,JP,
PA,JO,
PA,KZ,
PA,KE,
PA,KI,
PA,XK,
PA,KW,
PA,KG,
PA,LA,
PA,LV,
PA,LB,
PA,LS,
PA,LR,
PA,LY,
PA,LI,
PA,LT,
PA,LU,
PA,MO,
PA,MG,
PA,MW,
PA,MY,
PA,MV,
PA,ML,
PA,MT,
PA,MH,
PA,MR,
PA,MU,
PA,MX,
PA,FM,
PA,MD,
PA,MC,
PA,MN,
PA,ME,
PA,MA,
PA,MZ,
PA,MM,
PA,NA,
PA,NR,
PA,NP,
PA,NL,
PA,NZ,
PA,NI,
PA,NE,
PA,NG,
PA,KP,
PA,MK,
PA,NO,
PA,OM,
PA,PK,
PA,PW,
PA,PS,
PA,PA,-1
PA,PG,
PA,PY,
PA,PE,
PA,PH,
PA,PL,
PA,PT,
PA,QA,
PA,RO,
PA,RU,
PA,RW,
PA,KN,
PA,LC,
PA,WS,
PA,SM,
PA,ST,
PA,SA,
PA,SN,
PA,RS,
PA,SC,
PA,SL,
PA,SG,
PA,SK,
PA,SI,
PA,SB,
PA,SO,
PA,ZA,
PA,KR,
PA,SS,
PA,ES,
PA,LK,
PA,VC,
PA,SD,
PA,SR,
PA,SE,
PA,CH,
PA,SY,
PA,TW,
PA,TJ,
PA,TZ,
PA,TH,
PA,TL,
PA,TG,
PA,TO,
PA,TT,
PA,TN,
PA,TM,
PA,TV,
PA,TR,
PA,UG,
PA,UA,
PA,AE,
PA,GB,
PA,US,
PA,UY,
PA,UZ,
PA,VU,
PA,VA,
PA,VE,
PA,VN,
PA,YE,
PA,ZM,
PA,ZW,
PA,AF,
PG,AL,
PG,DZ,
PG,AD,
PG,AO,
PG,AG,
PG,AR,
PG,AM,
PG,AU,
PG,AT,
PG,AZ,
PG,BS,
PG,BH,
PG,BD,
PG,BB,
PG,BY,
PG,BE,
PG,BZ,
PG,BJ,
PG,BT,
PG,BO,
PG,BA,
PG,BW,
PG,BR,
PG,BN,
PG,BG,
PG,BF,
PG,BI,
PG,KH,
PG,CM,
PG,CA,
PG,CV,
PG,CF,
PG,TD,
PG,CL,
PG,CN,
PG,CO,
PG,KM,
PG,CG,
PG,CD,
PG,CR,
PG,CI,
PG,HR,
PG,CU,
PG,CY,
PG,CZ,
PG,DK,
PG,DJ,
PG,DM,
PG,DO,
PG,EC,
PG,EG,
PG,SV,
PG,GQ,
PG,ER,
PG,EE,
PG,SZ,
PG,ET,
PG,FJ,
PG,FI,
PG,FR,
PG,GA,
PG,GM,
PG,GE,
PG,DE,
PG,GH,
PG,GR,
PG,GD,
PG,GT,
PG,GN,
PG,GW,
PG,GY,
PG,HT,
PG,HN,
PG,HK,
PG,HU,
PG,IS,
PG,IN,
PG,ID,
PG,IR,
PG,IQ,
PG,IE,
PG,IL,
PG,IT,
PG,JM,
PG,JP,
PG,JO,
PG,KZ,
PG,KE,
PG,KI,
PG,XK,
PG,KW,
PG,KG,
PG,LA,
PG,LV,
PG,LB,
PG,LS,
PG,LR,
PG,LY,
PG,LI,
PG,LT,
PG,LU,
PG,MO,
PG,MG,
PG,MW,
PG,MY,
PG,MV,
PG,ML,
PG,MT,
PG,MH,
PG,MR,
PG,MU,
PG,MX,
PG,FM,
PG,MD,
PG,MC,
PG,MN,
PG,ME,
PG,MA,
PG,MZ,
PG,MM,
PG,NA,
PG,NR,
PG,NP,
PG,NL,
PG,NZ,
PG,NI,
PG,NE,
PG,NG,
PG,KP,
PG,MK,
PG,NO,
PG,OM,
PG,PK,
PG,PW,
PG,PS,
PG,PA,
PG,PG,-1
PG,PY,
PG,PE,
PG,PH,
PG,PL,
PG,PT,
PG,QA,
PG,RO,
PG,RU,
PG,RW,
PG,KN,
PG,LC,
PG,WS,
PG,SM,
PG,ST,
PG,SA,
PG,SN,
PG,RS,
PG,SC,
PG,SL,
PG,SG,
PG,SK,
PG,SI,
PG,SB,
PG,SO,
PG,ZA,
PG,KR,
PG,SS,
PG,ES,
PG,LK,
PG,VC,
PG,SD,
PG,SR,
PG,SE,
PG,CH,
PG,SY,
PG,TW,
PG,TJ,
PG,TZ,
PG,TH,
PG,TL,
PG,TG,
PG,TO,
PG,TT,
PG,TN,
PG,TM,
PG,TV,
PG,TR,
PG,UG,
PG,UA,
PG,AE,
PG,GB,
PG,US,
PG,UY,
PG,UZ,
PG,VU,
PG,VA,
PG,VE,
PG,VN,
PG,YE,
PG,ZM,
PG,ZW,
PG,AF,
PY,AL,
PY,DZ,
PY,AD,
PY,AO,
PY,AG,
PY,AR,
PY,AM,
PY,AU,
PY,AT,
PY,AZ,
PY,BS,
PY,BH,
PY,BD,
PY,BB,
PY,BY,
PY,BE,
PY,BZ,
PY,BJ,
PY,BT,
PY,BO,
PY,BA,
PY,BW,
PY,BR,
PY,BN,
PY,BG,
PY,BF,
PY,BI,
PY,KH,
PY,CM,
PY,CA,
PY,CV,
PY,CF,
PY,TD,
PY,CL,
PY,CN,
PY,CO,
PY,KM,
PY,CG,
PY,CD,
PY,CR,
PY,CI,
PY,HR,
PY,CU,
PY,CY,
PY,CZ,
PY,DK,
PY,DJ,
PY,DM,
PY,DO,
PY,EC,
PY,EG,
PY,SV,
PY,GQ,
PY,ER,
PY,EE,
PY,SZ,
PY,ET,
PY,FJ,
PY,FI,
PY,FR,
PY,GA,
PY,GM,
PY,GE,
PY,DE,
PY,GH,
PY,GR,
PY,GD,
PY,GT,
PY,GN,
PY,GW,
PY,GY,
PY,HT,
PY,HN,
PY,HK,
PY,HU,
PY,IS,
PY,IN,
PY,ID,
PY,IR,
PY,IQ,
PY,IE,
PY,IL,
PY,IT,
PY,JM,
PY,JP,
PY,JO,
PY,KZ,
PY,KE,
PY,KI,
PY,XK,
PY,KW,
PY,KG,
PY,LA,
PY,LV,
PY,LB,
PY,LS,
PY,LR,
PY,LY,
PY,LI,
PY,LT,
PY,LU,
PY,MO,
PY,MG,
PY,MW,
PY,MY,
PY,MV,
PY,ML,
PY,MT,
PY,MH,
PY,MR,
PY,MU,
PY,MX,
PY,FM,
PY,MD,
PY,MC,
PY,MN,
PY,ME,
PY,MA,
PY,MZ,
PY,MM,
PY,NA,
PY,NR,
PY,NP,
PY,NL,
PY,NZ,
PY,NI,
PY,NE,
PY,NG,
PY,KP,
PY,MK,
PY,NO,
PY,OM,
PY,PK,
PY,PW,
PY,PS,
PY,PA,
PY,PG,
PY,PY,-1
PY,PE,
PY,PH,
PY,PL,
PY,PT,
PY,QA,
PY,RO,
PY,RU,
PY,RW,
PY,KN,
PY,LC,
PY,WS,
PY,SM,
PY,ST,
PY,SA,
PY,SN,
PY,RS,
PY,SC,
PY,SL,
PY,SG,
PY,SK,
PY,SI,
PY,SB,
PY,SO,
PY,ZA,
PY,KR,
PY,SS,
PY,ES,
PY,LK,
PY,VC,
PY,SD,
PY,SR,
PY,SE,
PY,CH,
PY,SY,
PY,TW,
PY,TJ,
PY,TZ,
PY,TH,
PY,TL,
PY,TG,
PY,TO,
PY,TT,
PY,TN,
PY,TM,
PY,TV,
PY,TR,
PY,UG,
PY,UA,
PY,AE,
PY,GB,
PY,US,
PY,UY,
PY,UZ,
PY,VU,
PY,VA,
PY,VE,
PY,VN,
PY,YE,
PY,ZM,
PY,ZW,
PY,AF,
PE,AL,
PE,DZ,
PE,AD,
PE,AO,
PE,AG,
PE,AR,
PE,AM,
PE,AU,
PE,AT,
PE,AZ,
PE,BS,
PE,BH,
PE,BD,
PE,BB,
PE,BY,
PE,BE,
PE,BZ,
PE,BJ,
PE,BT,
PE,BO,
PE,BA,
PE,BW,
PE,BR,
PE,BN,
PE,BG,
PE,BF,
PE,BI,
PE,KH,
PE,CM,
PE,CA,
PE,CV,
PE,CF,
PE,TD,
PE,CL,
PE,CN,
PE,CO,
PE,KM,
PE,CG,
PE,CD,
PE,CR,
PE,CI,
PE,HR,
PE,CU,
PE,CY,
PE,CZ,
PE,DK,
PE,DJ,
PE,DM,
PE,DO,
PE,EC,
PE,EG,
PE,SV,
PE,GQ,
PE,ER,
PE,EE,
PE,SZ,
PE,ET,
PE,FJ,
PE,FI,
PE,FR,
PE,GA,
PE,GM,
PE,GE,
PE,DE,
PE,GH,
PE,GR,
PE,GD,
PE,GT,
PE,GN,
PE,GW,
PE,GY,
PE,HT,
PE,HN,
PE,HK,
PE,HU,
PE,IS,
PE,IN,
PE,ID,
PE,IR,
PE,IQ,
PE,IE,
PE,IL,
PE,IT,
PE,JM,
PE,JP,
PE,JO,
PE,KZ,
PE,KE,
PE,KI,
PE,XK,
PE,KW,
PE,KG,
PE,LA,
PE,LV,
PE,LB,
PE,LS,
PE,LR,
PE,LY,
PE,LI,
PE,LT,
PE,LU,
PE,MO,
PE,MG,
PE,MW,
PE,MY,
PE,MV,
PE,ML,
PE,MT,
PE,MH,
PE,MR,
PE,MU,
PE,MX,
PE,FM,
PE,MD,
PE,MC,
PE,MN,
PE,ME,
PE,MA,
PE,MZ,
PE,MM,
PE,NA,
PE,NR,
PE,NP,
PE,NL,
PE,NZ,
PE,NI,
PE,NE,
PE,NG,
PE,KP,
PE,MK,
PE,NO,
PE,OM,
PE,PK,
PE,PW,
PE,PS,
PE,PA,
PE,PG,
PE,PY,
PE,PE,-1
PE,PH,
PE,PL,
PE,PT,
PE,QA,
PE,RO,
PE,RU,
PE,RW,
PE,KN,
PE,LC,
PE,WS,
PE,SM,
PE,ST,
PE,SA,
PE,SN,
PE,RS,
PE,SC,
PE,SL,
PE,SG,
PE,SK,
PE,SI,
PE,SB,
PE,SO,
PE,ZA,
PE,KR,
PE,SS,
PE,ES,
PE,LK,
PE,VC,
PE,SD,
PE,SR,
PE,SE,
PE,CH,
PE,SY,
PE,TW,
PE,TJ,
PE,TZ,
PE,TH,
PE,TL,
PE,TG,
PE,TO,
PE,TT,
PE,TN,
PE,TM,
PE,TV,
PE,TR,
PE,UG,
PE,UA,
PE,AE,
PE,GB,
PE,US,
PE,UY,
PE,UZ,
PE,VU,
PE,VA,
PE,VE,
PE,VN,
PE,YE,
PE,ZM,
PE,ZW,
PE,AF,
PH,AL,
PH,DZ,
PH,AD,
PH,AO,
PH,AG,
PH,AR,
PH,AM,
PH,AU,
PH,AT,
PH,AZ,
PH,BS,
PH,BH,
PH,BD,
PH,BB,
PH,BY,
PH,BE,
PH,BZ,
PH,BJ,
PH,BT,
PH,BO,
PH,BA,
PH,BW,
PH,BR,
PH,BN,
PH,BG,
PH,BF,
PH,BI,
PH,KH,
PH,CM,
PH,CA,
PH,CV,
PH,CF,
PH,TD,
PH,CL,
PH,CN,
PH,CO,
PH,KM,
PH,CG,
PH,CD,
PH,CR,
PH,CI,
PH,HR,
PH,CU,
PH,CY,
PH,CZ,
PH,DK,
PH,DJ,
PH,DM,
PH,DO,
PH,EC,
PH,EG,
PH,SV,
PH,GQ,
PH,ER,
PH,EE,
PH,SZ,
PH,ET,
PH,FJ,
PH,FI,
PH,FR,
PH,GA,
PH,GM,
PH,GE,
PH,DE,
PH,GH,
PH,GR,
PH,GD,
PH,GT,
PH,GN,
PH,GW,
PH,GY,
PH,HT,
PH,HN,
PH,HK,
PH,HU,
PH,IS,
PH,IN,
PH,ID,
PH,IR,
PH,IQ,
PH,IE,
PH,IL,
PH,IT,
PH,JM,
PH,JP,
PH,JO,
PH,KZ,
PH,KE,
PH,KI,
PH,XK,
PH,KW,
PH,KG,
PH,LA,
PH,LV,
PH,LB,
PH,LS,
PH,LR,
PH,LY,
PH,LI,
PH,LT,
PH,LU,
PH,MO,
PH,MG,
PH,MW,
PH,MY,
PH,MV,
PH,ML,
PH,MT,
PH,MH,
PH,MR,
PH,MU,
PH,MX,
PH,FM,
PH,MD,
PH,MC,
PH,MN,
PH,ME,
PH,MA,
PH,MZ,
PH,MM,
PH,NA,
PH,NR,
PH,NP,
PH,NL,
PH,NZ,
PH,NI,
PH,NE,
PH,NG,
PH,KP,
PH,MK,
PH,NO,
PH,OM,
PH,PK,
PH,PW,
PH,PS,
PH,PA,
PH,PG,
PH,PY,
PH,PE,
PH,PH,-1
PH,PL,
PH,PT,
PH,QA,
PH,RO,
PH,RU,
PH,RW,
PH,KN,
PH,LC,
PH,WS,
PH,SM,
PH,ST,
PH,SA,
PH,SN,
PH,RS,
PH,SC,
PH,SL,
PH,SG,
PH,SK,
PH,SI,
PH,SB,
PH,SO,
PH,ZA,
PH,KR,
PH,SS,
PH,ES,
PH,LK,
PH,VC,
PH,SD,
PH,SR,
PH,SE,
PH,CH,
PH,SY,
PH,TW,
PH,TJ,
PH,TZ,
PH,TH,
PH,TL,
PH,TG,
PH,TO,
PH,TT,
PH,TN,
PH,TM,
PH,TV,
PH,TR,
PH,UG,
PH,UA,
PH,AE,
PH,GB,
PH,US,
PH,UY,
PH,UZ,
PH,VU,
PH,VA,
PH,VE,
PH,VN,
PH,YE,
PH,ZM,
PH,ZW,
PH,AF,
PL,AL,
PL,DZ,
PL,AD,
PL,AO,
PL,AG,
PL,AR,
PL,AM,
PL,AU,
PL,AT,
PL,AZ,
PL,BS,
PL,BH,
PL,BD,
PL,BB,
PL,BY,
PL,BE,
PL,BZ,
PL,BJ,
PL,BT,
PL,BO,
PL,BA,
PL,BW,
PL,BR,
PL,BN,
PL,BG,
PL,BF,
PL,BI,
PL,KH,
PL,CM,
PL,CA,
PL,CV,
PL,CF,
PL,TD,
PL,CL,
PL,CN,
PL,CO,
PL,KM,
PL,CG,
PL,CD,
PL,CR,
PL,CI,
PL,HR,
PL,CU,
PL,CY,
PL,CZ,
PL,DK,
PL,DJ,
PL,DM,
PL,DO,
PL,EC,
PL,EG,
PL,SV,
PL,GQ,
PL,ER,
PL,EE,
PL,SZ,
PL,ET,
PL,FJ,
PL,FI,
PL,FR,
PL,GA,
PL,GM,
PL,GE,
PL,DE,
PL,GH,
PL,GR,
PL,GD,
PL,GT,
PL,GN,
PL,GW,
PL,GY,
PL,HT,
PL,HN,
PL,HK,
PL,HU,
PL,IS,
PL,IN,
PL,ID,
PL,IR,
PL,IQ,
PL,IE,
PL,IL,
PL,IT,
PL,JM,
PL,JP,
PL,JO,
PL,KZ,
PL,KE,
PL,KI,
PL,XK,
PL,KW,
PL,KG,
PL,LA,
PL,LV,
PL,LB,
PL,LS,
PL,LR,
PL,LY,
PL,LI,
PL,LT,
PL,LU,
PL,MO,
PL,MG,
PL,MW,
PL,MY,
PL,MV,
PL,ML,
PL,MT,
PL,MH,
PL,MR,
PL,MU,
PL,MX,
PL,FM,
PL,MD,
PL,MC,
PL,MN,
PL,ME,
PL,MA,
PL,MZ,
PL,MM,
PL,NA,
PL,NR,
PL,NP,
PL,NL,
PL,NZ,
PL,NI,
PL,NE,
PL,NG,
PL,KP,
PL,MK,
PL,NO,
PL,OM,
PL,PK,
PL,PW,
PL,PS,
PL,PA,
PL,PG,
PL,PY,
PL,PE,
PL,PH,
PL,PL,-1
PL,PT,
PL,QA,
PL,RO,
PL,RU,
PL,RW,
PL,KN,
PL,LC,
PL,WS,
PL,SM,
PL,ST,
PL,SA,
PL,SN,
PL,RS,
PL,SC,
PL,SL,
PL,SG,
PL,SK,
PL,SI,
PL,SB,
PL,SO,
PL,ZA,
PL,KR,
PL,SS,
PL,ES,
PL,LK,
PL,VC,
PL,SD,
PL,SR,
PL,SE,
PL,CH,
PL,SY,
PL,TW,
PL,TJ,
PL,TZ,
PL,TH,
PL,TL,
PL,TG,
PL,TO,
PL,TT,
PL,TN,
PL,TM,
PL,TV,
PL,TR,
PL,UG,
PL,UA,
PL,AE,
PL,GB,
PL,US,
PL,UY,
PL,UZ,
PL,VU,
PL,VA,
PL,VE,
PL,VN,
PL,YE,
PL,ZM,
PL,ZW,
PL,AF,
PT,AL,
PT,DZ,
PT,AD,
PT,AO,
PT,AG,
PT,AR,
PT,AM,
PT,AU,
PT,AT,
PT,AZ,
PT,BS,
PT,BH,
PT,BD,
PT,BB,
PT,BY,
PT,BE,
PT,BZ,
PT,BJ,
PT,BT,
PT,BO,
PT,BA,
PT,BW,
PT,BR,
PT,BN,
PT,BG,
PT,BF,
PT,BI,
PT,KH,
PT,CM,
PT,CA,
PT,CV,
PT,CF,
PT,TD,
PT,CL,
PT,CN,
PT,CO,
PT,KM,
PT,CG,
PT,CD,
PT,CR,
PT,CI,
PT,HR,
PT,CU,
PT,CY,
PT,CZ,
PT,DK,
PT,DJ,
PT,DM,
PT,DO,
PT,EC,
PT,EG,
PT,SV,
PT,GQ,
PT,ER,
PT,EE,
PT,SZ,
PT,ET,
PT,FJ,
PT,FI,
PT,FR,
PT,GA,
PT,GM,
PT,GE,
PT,DE,
PT,GH,
PT,GR,
PT,GD,
PT,GT,
PT,GN,
PT,GW,
PT,GY,
PT,HT,
PT,HN,
PT,HK,
PT,HU,
PT,IS,
PT,IN,
PT,ID,
PT,IR,
PT,IQ,
PT,IE,
PT,IL,
PT,IT,
PT,JM,
PT,JP,
PT,JO,
PT,KZ,
PT,KE,
PT,KI,
PT,XK,
PT,KW,
PT,KG,
PT,LA,
PT,LV,
PT,LB,
PT,LS,
PT,LR,
PT,LY,
PT,LI,
PT,LT,
PT,LU,
PT,MO,
PT,MG,
PT,MW,
PT,MY,
PT,MV,
PT,ML,
PT,MT,
PT,MH,
PT,MR,
PT,MU,
PT,MX,
PT,FM,
PT,MD,
PT,MC,
PT,MN,
PT,ME,
PT,MA,
PT,MZ,
PT,MM,
PT,NA,
PT,NR,
PT,NP,
PT,NL,
PT,NZ,
PT,NI,
PT,NE,
PT,NG,
PT,KP,
PT,MK,
PT,NO,
PT,OM,
PT,PK,
PT,PW,
PT,PS,
PT,PA,
PT,PG,
PT,PY,
PT,PE,
PT,PH,
PT,PL,
PT,PT,-1
PT,QA,
PT,RO,
PT,RU,
PT,RW,
PT,KN,
PT,LC,
PT,WS,
PT,SM,
PT,ST,
PT,SA,
PT,SN,
PT,RS,
PT,SC,
PT,SL,
PT,SG,
PT,SK,
PT,SI,
PT,SB,
PT,SO,
PT,ZA,
PT,KR,
PT,SS,
PT,ES,
PT,LK,
PT,VC,
PT,SD,
PT,SR,
PT,SE,
PT,CH,
PT,SY,
PT,TW,
PT,TJ,
PT,TZ,
PT,TH,
PT,TL,
PT,TG,
PT,TO,
PT,TT,
PT,TN,
PT,TM,
PT,TV,
PT,TR,
PT,UG,
PT,UA,
PT,AE,
PT,GB,
PT,US,
PT,UY,
PT,UZ,
PT,VU,
PT,VA,
PT,VE,
PT,VN,
PT,YE,
PT,ZM,
PT,ZW,
PT,AF,
QA,AL,
QA,DZ,
QA,AD,
QA,AO,
QA,AG,
QA,AR,
QA,AM,
QA,AU,
QA,AT,
QA,AZ,
QA,BS,
QA,BH,
QA,BD,
QA,BB,
QA,BY,
QA,BE,
QA,BZ,
QA,BJ,
QA,BT,
QA,BO,
QA,BA,
QA,BW,
QA,BR,
QA,BN,
QA,BG,
QA,BF,
QA,BI,
QA,KH,
QA,CM,
QA,CA,
QA,CV,
QA,CF,
QA,TD,
QA,CL,
QA,CN,
QA,CO,
QA,KM,
QA,CG,
QA,CD,
QA,CR,
QA,CI,
QA,HR,
QA,CU,
QA,CY,
QA,CZ,
QA,DK,
QA,DJ,
QA,DM,
QA,DO,
QA,EC,
QA,EG,
QA,SV,
QA,GQ,
QA,ER,
QA,EE,
QA,SZ,
QA,ET,
QA,FJ,
QA,FI,
QA,FR,
QA,GA,
QA,GM,
QA,GE,
QA,DE,
QA,GH,
QA,GR,
QA,GD,
QA,GT,
QA,GN,
QA,GW,
QA,GY,
QA,HT,
QA,HN,
QA,HK,
QA,HU,
QA,IS,
QA,IN,
QA,ID,
QA,IR,
QA,IQ,
QA,IE,
QA,IL,
QA,IT,
QA,JM,
QA,JP,
QA,JO,
QA,KZ,
QA,KE,
QA,KI,
QA,XK,
QA,KW,
QA,KG,
QA,LA,
QA,LV,
QA,LB,
QA,LS,
QA,LR,
QA,LY,
QA,LI,
QA,LT,
QA,LU,
QA,MO,
QA,MG,
QA,MW,
QA,MY,
QA,MV,
QA,ML,
QA,MT,
QA,MH,
QA,MR,
QA,MU,
QA,MX,
QA,FM,
QA,MD,
QA,MC,
QA,MN,
QA,ME,
QA,MA,
QA,MZ,
QA,MM,
QA,NA,
QA,NR,
QA,NP,
QA,NL,
QA,NZ,
QA,NI,
QA,NE,
QA,NG,
QA,KP,
QA,MK,
QA,NO,
QA,OM,
QA,PK,
QA,PW,
QA,PS,
QA,PA,
QA,PG,
QA,PY,
QA,PE,
QA,PH,
QA,PL,
QA,PT,
QA,QA,-1
QA,RO,
QA,RU,
QA,RW,
QA,KN,
QA,LC,
QA,WS,
QA,SM,
QA,ST,
QA,SA,
QA,SN,
QA,RS,
QA,SC,
QA,SL,
QA,SG,
QA,SK,
QA,SI,
QA,SB,
QA,SO,
QA,ZA,
QA,KR,
QA,SS,
QA,ES,
QA,LK,
QA,VC,
QA,SD,
QA,SR,
QA,SE,
QA,CH,
QA,SY,
QA,TW,
QA,TJ,
QA,TZ,
QA,TH,
QA,TL,
QA,TG,
QA,TO,
QA,TT,
QA,TN,
QA,TM,
QA,TV,
QA,TR,
QA,UG,
QA,UA,
QA,AE,
QA,GB,
QA,US,
QA,UY,
QA,UZ,
QA,VU,
QA,VA,
QA,VE,
QA,VN,
QA,YE,
QA,ZM,
QA,ZW,
QA,AF,
RO,AL,
RO,DZ,
RO,AD,
RO,AO,
RO,AG,
RO,AR,
RO,AM,
RO,AU,
RO,AT,
RO,AZ,
RO,BS,
RO,BH,
RO,BD,
RO,BB,
RO,BY,
RO,BE,
RO,BZ,
RO,BJ,
RO,BT,
RO,BO,
RO,BA,
RO,BW,
RO,BR,
RO,BN,
RO,BG,
RO,BF,
RO,BI,
RO,KH,
RO,CM,
RO,CA,
RO,CV,
RO,CF,
RO,TD,
RO,CL,
RO,CN,
RO,CO,
RO,KM,
RO,CG,
RO,CD,
RO,CR,
RO,CI,
RO,HR,
RO,CU,
RO,CY,
RO,CZ,
RO,DK,
RO,DJ,
RO,DM,
RO,DO,
RO,EC,
RO,EG,
RO,SV,
RO,GQ,
RO,ER,
RO,EE,
RO,SZ,
RO,ET,
RO,FJ,
RO,FI,
RO,FR,
RO,GA,
RO,GM,
RO,GE,
RO,DE,
RO,GH,
RO,GR,
RO,GD,
RO,GT,
RO,GN,
RO,GW,
RO,GY,
RO,HT,
RO,HN,
RO,HK,
RO,HU,
RO,IS,
RO,IN,
RO,ID,
RO,IR,
RO,IQ,
RO,IE,
RO,IL,
RO,IT,
RO,JM,
RO,JP,
RO,JO,
RO,KZ,
RO,KE,
RO,KI,
RO,XK,
RO,KW,
RO,KG,
RO,LA,
RO,LV,
RO,LB,
RO,LS,
RO,LR,
RO,LY,
RO,LI,
RO,LT,
RO,LU,
RO,MO,
RO,MG,
RO,MW,
RO,MY,
RO,MV,
RO,ML,
RO,MT,
RO,MH,
RO,MR,
RO,MU,
RO,MX,
RO,FM,
RO,MD,
RO,MC,
RO,MN,
RO,ME,
RO,MA,
RO,MZ,
RO,MM,
RO,NA,
RO,NR,
RO,NP,
RO,NL,
RO,NZ,
RO,NI,
RO,NE,
RO,NG,
RO,KP,
RO,MK,
RO,NO,
RO,OM,
RO,PK,
RO,PW,
RO,PS,
RO,PA,
RO,PG,
RO,PY,
RO,PE,
RO,PH,
RO,PL,
RO,PT,
RO,QA,
RO,RO,-1
RO,RU,
RO,RW,
RO,KN,
RO,LC,
RO,WS,
RO,SM,
RO,ST,
RO,SA,
RO,SN,
RO,RS,
RO,SC,
RO,SL,
RO,SG,
RO,SK,
RO,SI,
RO,SB,
RO,SO,
RO,ZA,
RO,KR,
RO,SS,
RO,ES,
RO,LK,
RO,VC,
RO,SD,
RO,SR,
RO,SE,
RO,CH,
RO,SY,
RO,TW,
RO,TJ,
RO,TZ,
RO,TH,
RO,TL,
RO,TG,
RO,TO,
RO,TT,
RO,TN,
RO,TM,
RO,TV,
RO,TR,
RO,UG,
RO,UA,
RO,AE,
RO,GB,
RO,US,
RO,UY,
RO,UZ,
RO,VU,
RO,VA,
RO,VE,
RO,VN,
RO,YE,
RO,ZM,
RO,ZW,
RO,AF,
RU,AL,
RU,DZ,
RU,AD,
RU,AO,
RU,AG,
RU,AR,
RU,AM,
RU,AU,
RU,AT,
RU,AZ,
RU,BS,
RU,BH,
RU,BD,
RU,BB,
RU,BY,
RU,BE,
RU,BZ,
RU,BJ,
RU,BT,
RU,BO,
RU,BA,
RU,BW,
RU,BR,
RU,BN,
RU,BG,
RU,BF,
RU,BI,
RU,KH,
RU,CM,
RU,CA,
RU,CV,
RU,CF,
RU,TD,
RU,CL,
RU,CN,
RU,CO,
RU,KM,
RU,CG,
RU,CD,
RU,CR,
RU,CI,
RU,HR,
RU,CU,
RU,CY,
RU,CZ,
RU,DK,
RU,DJ,
RU,DM,
RU,DO,
RU,EC,
RU,EG,
RU,SV,
RU,GQ,
RU,ER,
RU,EE,
RU,SZ,
RU,ET,
RU,FJ,
RU,FI,
RU,FR,
RU,GA,
RU,GM,
RU,GE,
RU,DE,
RU,GH,
RU,GR,
RU,GD,
RU,GT,
RU,GN,
RU,GW,
RU,GY,
RU,HT,
RU,HN,
RU,HK,
RU,HU,
RU,IS,
RU,IN,
RU,ID,
RU,IR,
RU,IQ,
RU,IE,
RU,IL,
RU,IT,
RU,JM,
RU,JP,
RU,JO,
RU,KZ,
RU,KE,
RU,KI,
RU,XK,
RU,KW,
RU,KG,
RU,LA,
RU,LV,
RU,LB,
RU,LS,
RU,LR,
RU,LY,
RU,LI,
RU,LT,
RU,LU,
RU,MO,
RU,MG,
RU,MW,
RU,MY,
RU,MV,
RU,ML,
RU,MT,
RU,MH,
RU,MR,
RU,MU,
RU,MX,
RU,FM,
RU,MD,
RU,MC,
RU,MN,
RU,ME,
RU,MA,
RU,MZ,
RU,MM,
RU,NA,
RU,NR,
RU,NP,
RU,NL,
RU,NZ,
RU,NI,
RU,NE,
RU,NG,
RU,KP,
RU,MK,
RU,NO,
RU,OM,
RU,PK,
RU,PW,
RU,PS,
RU,PA,
RU,PG,
RU,PY,
RU,PE,
RU,PH,
RU,PL,
RU,PT,
RU,QA,
RU,RO,
RU,RU,-1
RU,RW,
RU,KN,
RU,LC,
RU,WS,
RU,SM,
RU,ST,
RU,SA,
RU,SN,
RU,RS,
RU,SC,
RU,SL,
RU,SG,
RU,SK,
RU,SI,
RU,SB,
RU,SO,
RU,ZA,
RU,KR,
RU,SS,
RU,ES,
RU,LK,
RU,VC,
RU,SD,
RU,SR,
RU,SE,
RU,CH,
RU,SY,
RU,TW,
RU,TJ,
RU,TZ,
RU,TH,
RU,TL,
RU,TG,
RU,TO,
RU,TT,
RU,TN,
RU,TM,
RU,TV,
RU,TR,
RU,UG,
RU,UA,
RU,AE,
RU,GB,
RU,US,
RU,UY,
RU,UZ,
RU,VU,
RU,VA,
RU,VE,
RU,VN,
RU,YE,
RU,ZM,
RU,ZW,
RU,AF,
RW,AL,
RW,DZ,
RW,AD,
RW,AO,
RW,AG,
RW,AR,
RW,AM,
RW,AU,
RW,AT,
RW,AZ,
RW,BS,
RW,BH,
RW,BD,
RW,BB,
RW,BY,
RW,BE,
RW,BZ,
RW,BJ,
RW,BT,
RW,BO,
RW,BA,
RW,BW,
RW,BR,
RW,BN,
RW,BG,
RW,BF,
RW,BI,
RW,KH,
RW,CM,
RW,CA,
RW,CV,
RW,CF,
RW,TD,
RW,CL,
RW,CN,
RW,CO,
RW,KM,
RW,CG,
RW,CD,
RW,CR,
RW,CI,
RW,HR,
RW,CU,
RW,CY,
RW,CZ,
RW,DK,
RW,DJ,
RW,DM,
RW,DO,
RW,EC,
RW,EG,
RW,SV,
RW,GQ,
RW,ER,
RW,EE,
RW,SZ,
RW,ET,
RW,FJ,
RW,FI,
RW,FR,
RW,GA,
RW,GM,
RW,GE,
RW,DE,
RW,GH,
RW,GR,
RW,GD,
RW,GT,
RW,GN,
RW,GW,
RW,GY,
RW,HT,
RW,HN,
RW,HK,
RW,HU,
RW,IS,
RW,IN,
RW,ID,
RW,IR,
RW,IQ,
RW,IE,
RW,IL,
RW,IT,
RW,JM,
RW,JP,
RW,JO,
RW,KZ,
RW,KE,
RW,KI,
RW,XK,
RW,KW,
RW,KG,
RW,LA,
RW,LV,
RW,LB,
RW,LS,
RW,LR,
RW,LY,
RW,LI,
RW,LT,
RW,LU,
RW,MO,
RW,MG,
RW,MW,
RW,MY,
RW,MV,
RW,ML,
RW,MT,
RW,MH,
RW,MR,
RW,MU,
RW,MX,
RW,FM,
RW,MD,
RW,MC,
RW,MN,
RW,ME,
RW,MA,
RW,MZ,
RW,MM,
RW,NA,
RW,NR,
RW,NP,
RW,NL,
RW,NZ,
RW,NI,
RW,NE,
RW,NG,
RW,KP,
RW,MK,
RW,NO,
RW,OM,
RW,PK,
RW,PW,
RW,PS,
RW,PA,
RW,PG,
RW,PY,
RW,PE,
RW,PH,
RW,PL,
RW,PT,
RW,QA,
RW,RO,
RW,RU,
RW,RW,-1
RW,KN,
RW,LC,
RW,WS,
RW,SM,
RW,ST,
RW,SA,
RW,SN,
RW,RS,
RW,SC,
RW,SL,
RW,SG,
RW,SK,
RW,SI,
RW,SB,
RW,SO,
RW,ZA,
RW,KR,
RW,SS,
RW,ES,
RW,LK,
RW,VC,
RW,SD,
RW,SR,
RW,SE,
RW,CH,
RW,SY,
RW,TW,
RW,TJ,
RW,TZ,
RW,TH,
RW,TL,
RW,TG,
RW,TO,
RW,TT,
RW,TN,
RW,TM,
RW,TV,
RW,TR,
RW,UG,
RW,UA,
RW,AE,
RW,GB,
RW,US,
RW,UY,
RW,UZ,
RW,VU,
RW,VA,
RW,VE,
RW,VN,
RW,YE,
RW,ZM,
RW,ZW,
RW,AF,
KN,AL,
KN,DZ,
KN,AD,
KN,AO,
KN,AG,
KN,AR,
KN,AM,
KN,AU,
KN,AT,
KN,AZ,
KN,BS,
KN,BH,
KN,BD,
KN,BB,
KN,BY,
KN,BE,
KN,BZ,
KN,BJ,
KN,BT,
KN,BO,
KN,BA,
KN,BW,
KN,BR,
KN,BN,
KN,BG,
KN,BF,
KN,BI,
KN,KH,
KN,CM,
KN,CA,
KN,CV,
KN,CF,
KN,TD,
KN,CL,
KN,CN,
KN,CO,
KN,KM,
KN,CG,
KN,CD,
KN,CR,
KN,CI,
KN,HR,
KN,CU,
KN,CY,
KN,CZ,
KN,DK,
KN,DJ,
KN,DM,
KN,DO,
KN,EC,
KN,EG,
KN,SV,
KN,GQ,
KN,ER,
KN,EE,
KN,SZ,
KN,ET,
KN,FJ,
KN,FI,
KN,FR,
KN,GA,
KN,GM,
KN,GE,
KN,DE,
KN,GH,
KN,GR,
KN,GD,
KN,GT,
KN,GN,
KN,GW,
KN,GY,
KN,HT,
KN,HN,
KN,HK,
KN,HU,
KN,IS,
KN,IN,
KN,ID,
KN,IR,
KN,IQ,
KN,IE,
KN,IL,
KN,IT,
KN,JM,
KN,JP,
KN,JO,
KN,KZ,
KN,KE,
KN,KI,
KN,XK,
KN,KW,
KN,KG,
KN,LA,
KN,LV,
KN,LB,
KN,LS,
KN,LR,
KN,LY,
KN,LI,
KN,LT,
KN,LU,
KN,MO,
KN,MG,
KN,MW,
KN,MY,
KN,MV,
KN,ML,
KN,MT,
KN,MH,
KN,MR,
KN,MU,
KN,MX,
KN,FM,
KN,MD,
KN,MC,
KN,MN,
KN,ME,
KN,MA,
KN,MZ,
KN,MM,
KN,NA,
KN,NR,
KN,NP,
KN,NL,
KN,NZ,
KN,NI,
KN,NE,
KN,NG,
KN,KP,
KN,MK,
KN,NO,
KN,OM,
KN,PK,
KN,PW,
KN,PS,
KN,PA,
KN,PG,
KN,PY,
KN,PE,
KN,PH,
KN,PL,
KN,PT,
KN,QA,
KN,RO,
KN,RU,
KN,RW,
KN,KN,-1
KN,LC,
KN,WS,
KN,SM,
KN,ST,
KN,SA,
KN,SN,
KN,RS,
KN,SC,
KN,SL,
KN,SG,
KN,SK,
KN,SI,
KN,SB,
KN,SO,
KN,ZA,
KN,KR,
KN,SS,
KN,ES,
KN,LK,
KN,VC,
KN,SD,
KN,SR,
KN,SE,
KN,CH,
KN,SY,
KN,TW,
KN,TJ,
KN,TZ,
KN,TH,
KN,TL,
KN,TG,
KN,TO,
KN,TT,
KN,TN,
KN,TM,
KN,TV,
KN,TR,
KN,UG,
KN,UA,
KN,AE,
KN,GB,
KN,US,
KN,UY,
KN,UZ,
KN,VU,
KN,VA,
KN,VE,
KN,VN,
KN,YE,
KN,ZM,
KN,ZW,
KN,AF,
LC,AL,
LC,DZ,
LC,AD,
LC,AO,
LC,AG,
LC,AR,
LC,AM,
LC,AU,
LC,AT,
LC,AZ,
LC,BS,
LC,BH,
LC,BD,
LC,BB,
LC,BY,
LC,BE,
LC,BZ,
LC,BJ,
LC,BT,
LC,BO,
LC,BA,
LC,BW,
LC,BR,
LC,BN,
LC,BG,
LC,BF,
LC,BI,
LC,KH,
LC,CM,
LC,CA,
LC,CV,
LC,CF,
LC,TD,
LC,CL,
LC,CN,
LC,CO,
LC,KM,
LC,CG,
LC,CD,
LC,CR,
LC,CI,
LC,HR,
LC,CU,
LC,CY,
LC,CZ,
LC,DK,
LC,DJ,
LC,DM,
LC,DO,
LC,EC,
LC,EG,
LC,SV,
LC,GQ,
LC,ER,
LC,EE,
LC,SZ,
LC,ET,
LC,FJ,
LC,FI,
LC,FR,
LC,GA,
LC,GM,
LC,GE,
LC,DE,
LC,GH,
LC,GR,
LC,GD,
LC,GT,
LC,GN,
LC,GW,
LC,GY,
LC,HT,
LC,HN,
LC,HK,
LC,HU,
LC,IS,
LC,IN,
LC,ID,
LC,IR,
LC,IQ,
LC,IE,
LC,IL,
LC,IT,
LC,JM,
LC,JP,
LC,JO,
LC,KZ,
LC,KE,
LC,KI,
LC,XK,
LC,KW,
LC,KG,
LC,LA,
LC,LV,
LC,LB,
LC,LS,
LC,LR,
LC,LY,
LC,LI,
LC,LT,
LC,LU,
LC,MO,
LC,MG,
LC,MW,
LC,MY,
LC,MV,
LC,ML,
LC,MT,
LC,MH,
LC,MR,
LC,MU,
LC,MX,
LC,FM,
LC,MD,
LC,MC,
LC,MN,
LC,ME,
LC,MA,
LC,MZ,
LC,MM,
LC,NA,
LC,NR,
LC,NP,
LC,NL,
LC,NZ,
LC,NI,
LC,NE,
LC,NG,
LC,KP,
LC,MK,
LC,NO,
LC,OM,
LC,PK,
LC,PW,
LC,PS,
LC,PA,
LC,PG,
LC,PY,
LC,PE,
LC,PH,
LC,PL,
LC,PT,
LC,QA,
LC,RO,
LC,RU,
LC,RW,
LC,KN,
LC,LC,-1
LC,WS,
LC,SM,
LC,ST,
LC,SA,
LC,SN,
LC,RS,
LC,SC,
LC,SL,
LC,SG,
LC,SK,
LC,SI,
LC,SB,
LC,SO,
LC,ZA,
LC,KR,
LC,SS,
LC,ES,
LC,LK,
LC,VC,
LC,SD,
LC,SR,
LC,SE,
LC,CH,
LC,SY,
LC,TW,
LC,TJ,
LC,TZ,
LC,TH,
LC,TL,
LC,TG,
LC,TO,
LC,TT,
LC,TN,
LC,TM,
LC,TV,
LC,TR,
LC,UG,
LC,UA,
LC,AE,
LC,GB,
LC,US,
LC,UY,
LC,UZ,
LC,VU,
LC,VA,
LC,VE,
LC,VN,
LC,YE,
LC,ZM,
LC,ZW,
LC,AF,
WS,AL,
WS,DZ,
WS,AD,
WS,AO,
WS,AG,
WS,AR,
WS,AM,
WS,AU,
WS,AT,
WS,AZ,
WS,BS,
WS,BH,
WS,BD,
WS,BB,
WS,BY,
WS,BE,
WS,BZ,
WS,BJ,
WS,BT,
WS,BO,
WS,BA,
WS,BW,
WS,BR,
WS,BN,
WS,BG,
WS,BF,
WS,BI,
WS,KH,
WS,CM,
WS,CA,
WS,CV,
WS,CF,
WS,TD,
WS,CL,
WS,CN,
WS,CO,
WS,KM,
WS,CG,
WS,CD,
WS,CR,
WS,CI,
WS,HR,
WS,CU,
WS,CY,
WS,CZ,
WS,DK,
WS,DJ,
WS,DM,
WS,DO,
WS,EC,
WS,EG,
WS,SV,
WS,GQ,
WS,ER,
WS,EE,
WS,SZ,
WS,ET,
WS,FJ,
WS,FI,
WS,FR,
WS,GA,
WS,GM,
WS,GE,
WS,DE,
WS,GH,
WS,GR,
WS,GD,
WS,GT,
WS,GN,
WS,GW,
WS,GY,
WS,HT,
WS,HN,
WS,HK,
WS,HU,
WS,IS,
WS,IN,
WS,ID,
WS,IR,
WS,IQ,
WS,IE,
WS,IL,
WS,IT,
WS,JM,
WS,JP,
WS,JO,
WS,KZ,
WS,KE,
WS,KI,
WS,XK,
WS,KW,
WS,KG,
WS,LA,
WS,LV,
WS,LB,
WS,LS,
WS,LR,
WS,LY,
WS,LI,
WS,LT,
WS,LU,
WS,MO,
WS,MG,
WS,MW,
WS,MY,
WS,MV,
WS,ML,
WS,MT,
WS,MH,
WS,MR,
WS,MU,
WS,MX,
WS,FM,
WS,MD,
WS,MC,
WS,MN,
WS,ME,
WS,MA,
WS,MZ,
WS,MM,
WS,NA,
WS,NR,
WS,NP,
WS,NL,
WS,NZ,
WS,NI,
WS,NE,
WS,NG,
WS,KP,
WS,MK,
WS,NO,
WS,OM,
WS,PK,
WS,PW,
WS,PS,
WS,PA,
WS,PG,
WS,PY,
WS,PE,
WS,PH,
WS,PL,
WS,PT,
WS,QA,
WS,RO,
WS,RU,
WS,RW,
WS,KN,
WS,LC,
WS,WS,-1
WS,SM,
WS,ST,
WS,SA,
WS,SN,
WS,RS,
WS,SC,
WS,SL,
WS,SG,
WS,SK,
WS,SI,
WS,SB,
WS,SO,
WS,ZA,
WS,KR,
WS,SS,
WS,ES,
WS,LK,
WS,VC,
WS,SD,
WS,SR,
WS,SE,
WS,CH,
WS,SY,
WS,TW,
WS,TJ,
WS,TZ,
WS,TH,
WS,TL,
WS,TG,
WS,TO,
WS,TT,
WS,TN,
WS,TM,
WS,TV,
WS,TR,
WS,UG,
WS,UA,
WS,AE,
WS,GB,
WS,US,
WS,UY,
WS,UZ,
WS,VU,
WS,VA,
WS,VE,
WS,VN,
WS,YE,
WS,ZM,
WS,ZW,
WS,AF,
SM,AL,
SM,DZ,
SM,AD,
SM,AO,
SM,AG,
SM,AR,
SM,AM,
SM,AU,
SM,AT,
SM,AZ,
SM,BS,
SM,BH,
SM,BD,
SM,BB,
SM,BY,
SM,BE,
SM,BZ,
SM,BJ,
SM,BT,
SM,BO,
SM,BA,
SM,BW,
SM,BR,
SM,BN,
SM,BG,
SM,BF,
SM,BI,
SM,KH,
SM,CM,
SM,CA,
SM,CV,
SM,CF,
SM,TD,
SM,CL,
SM,CN,
SM,CO,
SM,KM,
SM,CG,
SM,CD,
SM,CR,
SM,CI,
SM,HR,
SM,CU,
SM,CY,
SM,CZ,
SM,DK,
SM,DJ,
SM,DM,
SM,DO,
SM,EC,
SM,EG,
SM,SV,
SM,GQ,
SM,ER,
SM,EE,
SM,SZ,
SM,ET,
SM,FJ,
SM,FI,
SM,FR,
SM,GA,
SM,GM,
SM,GE,
SM,DE,
SM,GH,
SM,GR,
SM,GD,
SM,GT,
SM,GN,
SM,GW,
SM,GY,
SM,HT,
SM,HN,
SM,HK,
SM,HU,
SM,IS,
SM,IN,
SM,ID,
SM,IR,
SM,IQ,
SM,IE,
SM,IL,
SM,IT,
SM,JM,
SM,JP,
SM,JO,
SM,KZ,
SM,KE,
SM,KI,
SM,XK,
SM,KW,
SM,KG,
SM,LA,
SM,LV,
SM,LB,
SM,LS,
SM,LR,
SM,LY,
SM,LI,
SM,LT,
SM,LU,
SM,MO,
SM,MG,
SM,MW,
SM,MY,
SM,MV,
SM,ML,
SM,MT,
SM,MH,
SM,MR,
SM,MU,
SM,MX,
SM,FM,
SM,MD,
SM,MC,
SM,MN,
SM,ME,
SM,MA,
SM,MZ,
SM,MM,
SM,NA,
SM,NR,
SM,NP,
SM,NL,
SM,NZ,
SM,NI,
SM,NE,
SM,NG,
SM,KP,
SM,MK,
SM,NO,
SM,OM,
SM,PK,
SM,PW,
SM,PS,
SM,PA,
SM,PG,
SM,PY,
SM,PE,
SM,PH,
SM,PL,
SM,PT,
SM,QA,
SM,RO,
SM,RU,
SM,RW,
SM,KN,
SM,LC,
SM,WS,
SM,SM,-1
SM,ST,
SM,SA,
SM,SN,
SM,RS,
SM,SC,
SM,SL,
SM,SG,
SM,SK,
SM,SI,
SM,SB,
SM,SO,
SM,ZA,
SM,KR,
SM,SS,
SM,ES,
SM,LK,
SM,VC,
SM,SD,
SM,SR,
SM,SE,
SM,CH,
SM,SY,
SM,TW,
SM,TJ,
SM,TZ,
SM,TH,
SM,TL,
SM,TG,
SM,TO,
SM,TT,
SM,TN,
SM,TM,
SM,TV,
SM,TR,
SM,UG,
SM,UA,
SM,AE,
SM,GB,
SM,US,
SM,UY,
SM,UZ,
SM,VU,
SM,VA,
SM,VE,
SM,VN,
SM,YE,
SM,ZM,
SM,ZW,
SM,AF,
ST,AL,
ST,DZ,
ST,AD,
ST,AO,
ST,AG,
ST,AR,
ST,AM,
ST,AU,
ST,AT,
ST,AZ,
ST,BS,
ST,BH,
ST,BD,
ST,BB,
ST,BY,
ST,BE,
ST,BZ,
ST,BJ,
ST,BT,
ST,BO,
ST,BA,
ST,BW,
ST,BR,
ST,BN,
ST,BG,
ST,BF,
ST,BI,
ST,KH,
ST,CM,
ST,CA,
ST,CV,
ST,CF,
ST,TD,
ST,CL,
ST,CN,
ST,CO,
ST,KM,
ST,CG,
ST,CD,
ST,CR,
ST,CI,
ST,HR,
ST,CU,
ST,CY,
ST,CZ,
ST,DK,
ST,DJ,
ST,DM,
ST,DO,
ST,EC,
ST,EG,
ST,SV,
ST,GQ,
ST,ER,
ST,EE,
ST,SZ,
ST,ET,
ST,FJ,
ST,FI,
ST,FR,
ST,GA,
ST,GM,
ST,GE,
ST,DE,
ST,GH,
ST,GR,
ST,GD,
ST,GT,
ST,GN,
ST,GW,
ST,GY,
ST,HT,
ST,HN,
ST,HK,
ST,HU,
ST,IS,
ST,IN,
ST,ID,
ST,IR,
ST,IQ,
ST,IE,
ST,IL,
ST,IT,
ST,JM,
ST,JP,
ST,JO,
ST,KZ,
ST,KE,
ST,KI,
ST,XK,
ST,KW,
ST,KG,
ST,LA,
ST,LV,
ST,LB,
ST,LS,
ST,LR,
ST,LY,
ST,LI,
ST,LT,
ST,LU,
ST,MO,
ST,MG,
ST,MW,
ST,MY,
ST,MV,
ST,ML,
ST,MT,
ST,MH,
ST,MR,
ST,MU,
ST,MX,
ST,FM,
ST,MD,
ST,MC,
ST,MN,
ST,ME,
ST,MA,
ST,MZ,
ST,MM,
ST,NA,
ST,NR,
ST,NP,
ST,NL,
ST,NZ,
ST,NI,
ST,NE,
ST,NG,
ST,KP,
ST,MK,
ST,NO,
ST,OM,
ST,PK,
ST,PW,
ST,PS,
ST,PA,
ST,PG,
ST,PY,
ST,PE,
ST,PH,
ST,PL,
ST,PT,
ST,QA,
ST,RO,
ST,RU,
ST,RW,
ST,KN,
ST,LC,
ST,WS,
ST,SM,
ST,ST,-1
ST,SA,
ST,SN,
ST,RS,
ST,SC,
ST,SL,
ST,SG,
ST,SK,
ST,SI,
ST,SB,
ST,SO,
ST,ZA,
ST,KR,
ST,SS,
ST,ES,
ST,LK,
ST,VC,
ST,SD,
ST,SR,
ST,SE,
ST,CH,
ST,SY,
ST,TW,
ST,TJ,
ST,TZ,
ST,TH,
ST,TL,
ST,TG,
ST,TO,
ST,TT,
ST,TN,
ST,TM,
ST,TV,
ST,TR,
ST,UG,
ST,UA,
ST,AE,
ST,GB,
ST,US,
ST,UY,
ST,UZ,
ST,VU,
ST,VA,
ST,VE,
ST,VN,
ST,YE,
ST,ZM,
ST,ZW,
ST,AF,
SA,AL,
SA,DZ,
SA,AD,
SA,AO,
SA,AG,
SA,AR,
SA,AM,
SA,AU,
SA,AT,
SA,AZ,
SA,BS,
SA,BH,
SA,BD,
SA,BB,
SA,BY,
SA,BE,
SA,BZ,
SA,BJ,
SA,BT,
SA,BO,
SA,BA,
SA,BW,
SA,BR,
SA,BN,
SA,BG,
SA,BF,
SA,BI,
SA,KH,
SA,CM,
SA,CA,
SA,CV,
SA,CF,
SA,TD,
SA,CL,
SA,CN,
SA,CO,
SA,KM,
SA,CG,
SA,CD,
SA,CR,
SA,CI,
SA,HR,
SA,CU,
SA,CY,
SA,CZ,
SA,DK,
SA,DJ,
SA,DM,
SA,DO,
SA,EC,
SA,EG,
SA,SV,
SA,GQ,
SA,ER,
SA,EE,
SA,SZ,
SA,ET,
SA,FJ,
SA,FI,
SA,FR,
SA,GA,
SA,GM,
SA,GE,
SA,DE,
SA,GH,
SA,GR,
SA,GD,
SA,GT,
SA,GN,
SA,GW,
SA,GY,
SA,HT,
SA,HN,
SA,HK,
SA,HU,
SA,IS,
SA,IN,
SA,ID,
SA,IR,
SA,IQ,
SA,IE,
SA,IL,
SA,IT,
SA,JM,
SA,JP,
SA,JO,
SA,KZ,
SA,KE,
SA,KI,
SA,XK,
SA,KW,
SA,KG,
SA,LA,
SA,LV,
SA,LB,
SA,LS,
SA,LR,
SA,LY,
SA,LI,
SA,LT,
SA,LU,
SA,MO,
SA,MG,
SA,MW,
SA,MY,
SA,MV,
SA,ML,
SA,MT,
SA,MH,
SA,MR,
SA,MU,
SA,MX,
SA,FM,
SA,MD,
SA,MC,
SA,MN,
SA,ME,
SA,MA,
SA,MZ,
SA,MM,
SA,NA,
SA,NR,
SA,NP,
SA,NL,
SA,NZ,
SA,NI,
SA,NE,
SA,NG,
SA,KP,
SA,MK,
SA,NO,
SA,OM,
SA,PK,
SA,PW,
SA,PS,
SA,PA,
SA,PG,
SA,PY,
SA,PE,
SA,PH,
SA,PL,
SA,PT,
SA,QA,
SA,RO,
SA,RU,
SA,RW,
SA,KN,
SA,LC,
SA,WS,
SA,SM,
SA,ST,
SA,SA,-1
SA,SN,
SA,RS,
SA,SC,
SA,SL,
SA,SG,
SA,SK,
SA,SI,
SA,SB,
SA,SO,
SA,ZA,
SA,KR,
SA,SS,
SA,ES,
SA,LK,
SA,VC,
SA,SD,
SA,SR,
SA,SE,
SA,CH,
SA,SY,
SA,TW,
SA,TJ,
SA,TZ,
SA,TH,
SA,TL,
SA,TG,
SA,TO,
SA,TT,
SA,TN,
SA,TM,
SA,TV,
SA,TR,
SA,UG,
SA,UA,
SA,AE,
SA,GB,
SA,US,
SA,UY,
SA,UZ,
SA,VU,
SA,VA,
SA,VE,
SA,VN,
SA,YE,
SA,ZM,
SA,ZW,
SA,AF,
SN,AL,
SN,DZ,
SN,AD,
SN,AO,
SN,AG,
SN,AR,
SN,AM,
SN,AU,
SN,AT,
SN,AZ,
SN,BS,
SN,BH,
SN,BD,
SN,BB,
SN,BY,
SN,BE,
SN,BZ,
SN,BJ,
SN,BT,
SN,BO,
SN,BA,
SN,BW,
SN,BR,
SN,BN,
SN,BG,
SN,BF,
SN,BI,
SN,KH,
SN,CM,
SN,CA,
SN,CV,
SN,CF,
SN,TD,
SN,CL,
SN,CN,
SN,CO,
SN,KM,
SN,CG,
SN,CD,
SN,CR,
SN,CI,
SN,HR,
SN,CU,
SN,CY,
SN,CZ,
SN,DK,
SN,DJ,
SN,DM,
SN,DO,
SN,EC,
SN,EG,
SN,SV,
SN,GQ,
SN,ER,
SN,EE,
SN,SZ,
SN,ET,
SN,FJ,
SN,FI,
SN,FR,
SN,GA,
SN,GM,
SN,GE,
SN,DE,
SN,GH,
SN,GR,
SN,GD,
SN,GT,
SN,GN,
SN,GW,
SN,GY,
SN,HT,
SN,HN,
SN,HK,
SN,HU,
SN,IS,
SN,IN,
SN,ID,
SN,IR,
SN,IQ,
SN,IE,
SN,IL,
SN,IT,
SN,JM,
SN,JP,
SN,JO,
SN,KZ,
SN,KE,
SN,KI,
SN,XK,
SN,KW,
SN,KG,
SN,LA,
SN,LV,
SN,LB,
SN,LS,
SN,LR,
SN,LY,
SN,LI,
SN,LT,
SN,LU,
SN,MO,
SN,MG,
SN,MW,
SN,MY,
SN,MV,
SN,ML,
SN,MT,
SN,MH,
SN,MR,
SN,MU,
SN,MX,
SN,FM,
SN,MD,
SN,MC,
SN,MN,
SN,ME,
SN,MA,
SN,MZ,
SN,MM,
SN,NA,
SN,NR,
SN,NP,
SN,NL,
SN,NZ,
SN,NI,
SN,NE,
SN,NG,
SN,KP,
SN,MK,
SN,NO,
SN,OM,
SN,PK,
SN,PW,
SN,PS,
SN,PA,
SN,PG,
SN,PY,
SN,PE,
SN,PH,
SN,PL,
SN,PT,
SN,QA,
SN,RO,
SN,RU,
SN,RW,
SN,KN,
SN,LC,
SN,WS,
SN,SM,
SN,ST,
SN,SA,
SN,SN,-1
SN,RS,
SN,SC,
SN,SL,
SN,SG,
SN,SK,
SN,SI,
SN,SB,
SN,SO,
SN,ZA,
SN,KR,
SN,SS,
SN,ES,
SN,LK,
SN,VC,
SN,SD,
SN,SR,
SN,SE,
SN,CH,
SN,SY,
SN,TW,
SN,TJ,
SN,TZ,
SN,TH,
SN,TL,
SN,TG,
SN,TO,
SN,TT,
SN,TN,
SN,TM,
SN,TV,
SN,TR,
SN,UG,
SN,UA,
SN,AE,
SN,GB,
SN,US,
SN,UY,
SN,UZ,
SN,VU,
SN,VA,
SN,VE,
SN,VN,
SN,YE,
SN,ZM,
SN,ZW,
SN,AF,
RS,AL,
RS,DZ,
RS,AD,
RS,AO,
RS,AG,
RS,AR,
RS,AM,
RS,AU,
RS,AT,
RS,AZ,
RS,BS,
RS,BH,
RS,BD,
RS,BB,
RS,BY,
RS,BE,
RS,BZ,
RS,BJ,
RS,BT,
RS,BO,
RS,BA,
RS,BW,
RS,BR,
RS,BN,
RS,BG,
RS,BF,
RS,BI,
RS,KH,
RS,CM,
RS,CA,
RS,CV,
RS,CF,
RS,TD,
RS,CL,
RS,CN,
RS,CO,
RS,KM,
RS,CG,
RS,CD,
RS,CR,
RS,CI,
RS,HR,
RS,CU,
RS,CY,
RS,CZ,
RS,DK,
RS,DJ,
RS,DM,
RS,DO,
RS,EC,
RS,EG,
RS,SV,
RS,GQ,
RS,ER,
RS,EE,
RS,SZ,
RS,ET,
RS,FJ,
RS,FI,
RS,FR,
RS,GA,
RS,GM,
RS,GE,
RS,DE,
RS,GH,
RS,GR,
RS,GD,
RS,GT,
RS,GN,
RS,GW,
RS,GY,
RS,HT,
RS,HN,
RS,HK,
RS,HU,
RS,IS,
RS,IN,
RS,ID,
RS,IR,
RS,IQ,
RS,IE,
RS,IL,
RS,IT,
RS,JM,
RS,JP,
RS,JO,
RS,KZ,
RS,KE,
RS,KI,
RS,XK,
RS,KW,
RS,KG,
RS,LA,
RS,LV,
RS,LB,
RS,LS,
RS,LR,
RS,LY,
RS,LI,
RS,LT,
RS,LU,
RS,MO,
RS,MG,
RS,MW,
RS,MY,
RS,MV,
RS,ML,
RS,MT,
RS,MH,
RS,MR,
RS,MU,
RS,MX,
RS,FM,
RS,MD,
RS,MC,
RS,MN,
RS,ME,
RS,MA,
RS,MZ,
RS,MM,
RS,NA,
RS,NR,
RS,NP,
RS,NL,
RS,NZ,
RS,NI,
RS,NE,
RS,NG,
RS,KP,
RS,MK,
RS,NO,
RS,OM,
RS,PK,
RS,PW,
RS,PS,
RS,PA,
RS,PG,
RS,PY,
RS,PE,
RS,PH,
RS,PL,
RS,PT,
RS,QA,
RS,RO,
RS,RU,
RS,RW,
RS,KN,
RS,LC,
RS,WS,
RS,SM,
RS,ST,
RS,SA,
RS,SN,
RS,RS,-1
RS,SC,
RS,SL,
RS,SG,
RS,SK,
RS,SI,
RS,SB,
RS,SO,
RS,ZA,
RS,KR,
RS,SS,
RS,ES,
RS,LK,
RS,VC,
RS,SD,
RS,SR,
RS,SE,
RS,CH,
RS,SY,
RS,TW,
RS,TJ,
RS,TZ,
RS,TH,
RS,TL,
RS,TG,
RS,TO,
RS,TT,
RS,TN,
RS,TM,
RS,TV,
RS,TR,
RS,UG,
RS,UA,
RS,AE,
RS,GB,
RS,US,
RS,UY,
RS,UZ,
RS,VU,
RS,VA,
RS,VE,
RS,VN,
RS,YE,
RS,ZM,
RS,ZW,
RS,AF,
SC,AL,
SC,DZ,
SC,AD,
SC,AO,
SC,AG,
SC,AR,
SC,AM,
SC,AU,
SC,AT,
SC,AZ,
SC,BS,
SC,BH,
SC,BD,
SC,BB,
SC,BY,
SC,BE,
SC,BZ,
SC,BJ,
SC,BT,
SC,BO,
SC,BA,
SC,BW,
SC,BR,
SC,BN,
SC,BG,
SC,BF,
SC,BI,
SC,KH,
SC,CM,
SC,CA,
SC,CV,
SC,CF,
SC,TD,
SC,CL,
SC,CN,
SC,CO,
SC,KM,
SC,CG,
SC,CD,
SC,CR,
SC,CI,
SC,HR,
SC,CU,
SC,CY,
SC,CZ,
SC,DK,
SC,DJ,
SC,DM,
SC,DO,
SC,EC,
SC,EG,
SC,SV,
SC,GQ,
SC,ER,
SC,EE,
SC,SZ,
SC,ET,
SC,FJ,
SC,FI,
SC,FR,
SC,GA,
SC,GM,
SC,GE,
SC,DE,
SC,GH,
SC,GR,
SC,GD,
SC,GT,
SC,GN,
SC,GW,
SC,GY,
SC,HT,
SC,HN,
SC,HK,
SC,HU,
SC,IS,
SC,IN,
SC,ID,
SC,IR,
SC,IQ,
SC,IE,
SC,IL,
SC,IT,
SC,JM,
SC,JP,
SC,JO,
SC,KZ,
SC,KE,
SC,KI,
SC,XK,
SC,KW,
SC,KG,
SC,LA,
SC,LV,
SC,LB,
SC,LS,
SC,LR,
SC,LY,
SC,LI,
SC,LT,
SC,LU,
SC,MO,
SC,MG,
SC,MW,
SC,MY,
SC,MV,
SC,ML,
SC,MT,
SC,MH,
SC,MR,
SC,MU,
SC,MX,
SC,FM,
SC,MD,
SC,MC,
SC,MN,
SC,ME,
SC,MA,
SC,MZ,
SC,MM,
SC,NA,
SC,NR,
SC,NP,
SC,NL,
SC,NZ,
SC,NI,
SC,NE,
SC,NG,
SC,KP,
SC,MK,
SC,NO,
SC,OM,
SC,PK,
SC,PW,
SC,PS,
SC,PA,
SC,PG,
SC,PY,
SC,PE,
SC,PH,
SC,PL,
SC,PT,
SC,QA,
SC,RO,
SC,RU,
SC,RW,
SC,KN,
SC,LC,
SC,WS,
SC,SM,
SC,ST,
SC,SA,
SC,SN,
SC,RS,
SC,SC,-1
SC,SL,
SC,SG,
SC,SK,
SC,SI,
SC,SB,
SC,SO,
SC,ZA,
SC,KR,
SC,SS,
SC,ES,
SC,LK,
SC,VC,
SC,SD,
SC,SR,
SC,SE,
SC,CH,
SC,SY,
SC,TW,
SC,TJ,
SC,TZ,
SC,TH,
SC,TL,
SC,TG,
SC,TO,
SC,TT,
SC,TN,
SC,TM,
SC,TV,
SC,TR,
SC,UG,
SC,UA,
SC,AE,
SC,GB,
SC,US,
SC,UY,
SC,UZ,
SC,VU,
SC,VA,
SC,VE,
SC,VN,
SC,YE,
SC,ZM,
SC,ZW,
SC,AF,
SL,AL,
SL,DZ,
SL,AD,
SL,AO,
SL,AG,
SL,AR,
SL,AM,
SL,AU,
SL,AT,
SL,AZ,
SL,BS,
SL,BH,
SL,BD,
SL,BB,
SL,BY,
SL,BE,
SL,BZ,
SL,BJ,
SL,BT,
SL,BO,
SL,BA,
SL,BW,
SL,BR,
SL,BN,
SL,BG,
SL,BF,
SL,BI,
SL,KH,
SL,CM,
SL,CA,
SL,CV,
SL,CF,
SL,TD,
SL,CL,
SL,CN,
SL,CO,
SL,KM,
SL,CG,
SL,CD,
SL,CR,
SL,CI,
SL,HR,
SL,CU,
SL,CY,
SL,CZ,
SL,DK,
SL,DJ,
SL,DM,
SL,DO,
SL,EC,
SL,EG,
SL,SV,
SL,GQ,
SL,ER,
SL,EE,
SL,SZ,
SL,ET,
SL,FJ,
SL,FI,
SL,FR,
SL,GA,
SL,GM,
SL,GE,
SL,DE,
SL,GH,
SL,GR,
SL,GD,
SL,GT,
SL,GN,
SL,GW,
SL,GY,
SL,HT,
SL,HN,
SL,HK,
SL,HU,
SL,IS,
SL,IN,
SL,ID,
SL,IR,
SL,IQ,
SL,IE,
SL,IL,
SL,IT,
SL,JM,
SL,JP,
SL,JO,
SL,KZ,
SL,KE,
SL,KI,
SL,XK,
SL,KW,
SL,KG,
SL,LA,
SL,LV,
SL,LB,
SL,LS,
SL,LR,
SL,LY,
SL,LI,
SL,LT,
SL,LU,
SL,MO,
SL,MG,
SL,MW,
SL,MY,
SL,MV,
SL,ML,
SL,MT,
SL,MH,
SL,MR,
SL,MU,
SL,MX,
SL,FM,
SL,MD,
SL,MC,
SL,MN,
SL,ME,
SL,MA,
SL,MZ,
SL,MM,
SL,NA,
SL,NR,
SL,NP,
SL,NL,
SL,NZ,
SL,NI,
SL,NE,
SL,NG,
SL,KP,
SL,MK,
SL,NO,
SL,OM,
SL,PK,
SL,PW,
SL,PS,
SL,PA,
SL,PG,
SL,PY,
SL,PE,
SL,PH,
SL,PL,
SL,PT,
SL,QA,
SL,RO,
SL,RU,
SL,RW,
SL,KN,
SL,LC,
SL,WS,
SL,SM,
SL,ST,
SL,SA,
SL,SN,
SL,RS,
SL,SC,
SL,SL,-1
SL,SG,
SL,SK,
SL,SI,
SL,SB,
SL,SO,
SL,ZA,
SL,KR,
SL,SS,
SL,ES,
SL,LK,
SL,VC,
SL,SD,
SL,SR,
SL,SE,
SL,CH,
SL,SY,
SL,TW,
SL,TJ,
SL,TZ,
SL,TH,
SL,TL,
SL,TG,
SL,TO,
SL,TT,
SL,TN,
SL,TM,
SL,TV,
SL,TR,
SL,UG,
SL,UA,
SL,AE,
SL,GB,
SL,US,
SL,UY,
SL,UZ,
SL,VU,
SL,VA,
SL,VE,
SL,VN,
SL,YE,
SL,ZM,
SL,ZW,
SL,AF,
SG,AL,
SG,DZ,
SG,AD,
SG,AO,
SG,AG,
SG,AR,
SG,AM,
SG,AU,
SG,AT,
SG,AZ,
SG,BS,
SG,BH,
SG,BD,
SG,BB,
SG,BY,
SG,BE,
SG,BZ,
SG,BJ,
SG,BT,
SG,BO,
SG,BA,
SG,BW,
SG,BR,
SG,BN,
SG,BG,
SG,BF,
SG,BI,
SG,KH,
SG,CM,
SG,CA,
SG,CV,
SG,CF,
SG,TD,
SG,CL,
SG,CN,
SG,CO,
SG,KM,
SG,CG,
SG,CD,
SG,CR,
SG,CI,
SG,HR,
SG,CU,
SG,CY,
SG,CZ,
SG,DK,
SG,DJ,
SG,DM,
SG,DO,
SG,EC,
SG,EG,
SG,SV,
SG,GQ,
SG,ER,
SG,EE,
SG,SZ,
SG,ET,
SG,FJ,
SG,FI,
SG,FR,
SG,GA,
SG,GM,
SG,GE,
SG,DE,
SG,GH,
SG,GR,
SG,GD,
SG,GT,
SG,GN,
SG,GW,
SG,GY,
SG,HT,
SG,HN,
SG,HK,
SG,HU,
SG,IS,
SG,IN,
SG,ID,
SG,IR,
SG,IQ,
SG,IE,
SG,IL,
SG,IT,
SG,JM,
SG,JP,
SG,JO,
SG,KZ,
SG,KE,
SG,KI,
SG,XK,
SG,KW,
SG,KG,
SG,LA,
SG,LV,
SG,LB,
SG,LS,
SG,LR,
SG,LY,
SG,LI,
SG,LT,
SG,LU,
SG,MO,
SG,MG,
SG,MW,
SG,MY,
SG,MV,
SG,ML,
SG,MT,
SG,MH,
SG,MR,
SG,MU,
SG,MX,
SG,FM,
SG,MD,
SG,MC,
SG,MN,
SG,ME,
SG,MA,
SG,MZ,
SG,MM,
SG,NA,
SG,NR,
SG,NP,
SG,NL,
SG,NZ,
SG,NI,
SG,NE,
SG,NG,
SG,KP,
SG,MK,
SG,NO,
SG,OM,
SG,PK,
SG,PW,
SG,PS,
SG,PA,
SG,PG,
SG,PY,
SG,PE,
SG,PH,
SG,PL,
SG,PT,
SG,QA,
SG,RO,
SG,RU,
SG,RW,
SG,KN,
SG,LC,
SG,WS,
SG,SM,
SG,ST,
SG,SA,
SG,SN,
SG,RS,
SG,SC,
SG,SL,
SG,SG,-1
SG,SK,
SG,SI,
SG,SB,
SG,SO,
SG,ZA,
SG,KR,
SG,SS,
SG,ES,
SG,LK,
SG,VC,
SG,SD,
SG,SR,
SG,SE,
SG,CH,
SG,SY,
SG,TW,
SG,TJ,
SG,TZ,
SG,TH,
SG,TL,
SG,TG,
SG,TO,
SG,TT,
SG,TN,
SG,TM,
SG,TV,
SG,TR,
SG,UG,
SG,UA,
SG,AE,
SG,GB,
SG,US,
SG,UY,
SG,UZ,
SG,VU,
SG,VA,
SG,VE,
SG,VN,
SG,YE,
SG,ZM,
SG,ZW,
SG,AF,
SK,AL,
SK,DZ,
SK,AD,
SK,AO,
SK,AG,
SK,AR,
SK,AM,
SK,AU,
SK,AT,
SK,AZ,
SK,BS,
SK,BH,
SK,BD,
SK,BB,
SK,BY,
SK,BE,
SK,BZ,
SK,BJ,
SK,BT,
SK,BO,
SK,BA,
SK,BW,
SK,BR,
SK,BN,
SK,BG,
SK,BF,
SK,BI,
SK,KH,
SK,CM,
SK,CA,
SK,CV,
SK,CF,
SK,TD,
SK,CL,
SK,CN,
SK,CO,
SK,KM,
SK,CG,
SK,CD,
SK,CR,
SK,CI,
SK,HR,
SK,CU,
SK,CY,
SK,CZ,
SK,DK,
SK,DJ,
SK,DM,
SK,DO,
SK,EC,
SK,EG,
SK,SV,
SK,GQ,
SK,ER,
SK,EE,
SK,SZ,
SK,ET,
SK,FJ,
SK,FI,
SK,FR,
SK,GA,
SK,GM,
SK,GE,
SK,DE,
SK,GH,
SK,GR,
SK,GD,
SK,GT,
SK,GN,
SK,GW,
SK,GY,
SK,HT,
SK,HN,
SK,HK,
SK,HU,
SK,IS,
SK,IN,
SK,ID,
SK,IR,
SK,IQ,
SK,IE,
SK,IL,
SK,IT,
SK,JM,
SK,JP,
SK,JO,
SK,KZ,
SK,KE,
SK,KI,
SK,XK,
SK,KW,
SK,KG,
SK,LA,
SK,LV,
SK,LB,
SK,LS,
SK,LR,
SK,LY,
SK,LI,
SK,LT,
SK,LU,
SK,MO,
SK,MG,
SK,MW,
SK,MY,
SK,MV,
SK,ML,
SK,MT,
SK,MH,
SK,MR,
SK,MU,
SK,MX,
SK,FM,
SK,MD,
SK,MC,
SK,MN,
SK,ME,
SK,MA,
SK,MZ,
SK,MM,
SK,NA,
SK,NR,
SK,NP,
SK,NL,
SK,NZ,
SK,NI,
SK,NE,
SK,NG,
SK,KP,
SK,MK,
SK,NO,
SK,OM,
SK,PK,
SK,PW,
SK,PS,
SK,PA,
SK,PG,
SK,PY,
SK,PE,
SK,PH,
SK,PL,
SK,PT,
SK,QA,
SK,RO,
SK,RU,
SK,RW,
SK,KN,
SK,LC,
SK,WS,
SK,SM,
SK,ST,
SK,SA,
SK,SN,
SK,RS,
SK,SC,
SK,SL,
SK,SG,
SK,SK,-1
SK,SI,
SK,SB,
SK,SO,
SK,ZA,
SK,KR,
SK,SS,
SK,ES,
SK,LK,
SK,VC,
SK,SD,
SK,SR,
SK,SE,
SK,CH,
SK,SY,
SK,TW,
SK,TJ,
SK,TZ,
SK,TH,
SK,TL,
SK,TG,
SK,TO,
SK,TT,
SK,TN,
SK,TM,
SK,TV,
SK,TR,
SK,UG,
SK,UA,
SK,AE,
SK,GB,
SK,US,
SK,UY,
SK,UZ,
SK,VU,
SK,VA,
SK,VE,
SK,VN,
SK,YE,
SK,ZM,
SK,ZW,
SK,AF,
SI,AL,
SI,DZ,
SI,AD,
SI,AO,
SI,AG,
SI,AR,
SI,AM,
SI,AU,
SI,AT,
SI,AZ,
SI,BS,
SI,BH,
SI,BD,
SI,BB,
SI,BY,
SI,BE,
SI,BZ,
SI,BJ,
SI,BT,
SI,BO,
SI,BA,
SI,BW,
SI,BR,
SI,BN,
SI,BG,
SI,BF,
SI,BI,
SI,KH,
SI,CM,
SI,CA,
SI,CV,
SI,CF,
SI,TD,
SI,CL,
SI,CN,
SI,CO,
SI,KM,
SI,CG,
SI,CD,
SI,CR,
SI,CI,
SI,HR,
SI,CU,
SI,CY,
SI,CZ,
SI,DK,
SI,DJ,
SI,DM,
SI,DO,
SI,EC,
SI,EG,
SI,SV,
SI,GQ,
SI,ER,
SI,EE,
SI,SZ,
SI,ET,
SI,FJ,
SI,FI,
SI,FR,
SI,GA,
SI,GM,
SI,GE,
SI,DE,
SI,GH,
SI,GR,
SI,GD,
SI,GT,
SI,GN,
SI,GW,
SI,GY,
SI,HT,
SI,HN,
SI,HK,
SI,HU,
SI,IS,
SI,IN,
SI,ID,
SI,IR,
SI,IQ,
SI,IE,
SI,IL,
SI,IT,
SI,JM,
SI,JP,
SI,JO,
SI,KZ,
SI,KE,
SI,KI,
SI,XK,
SI,KW,
SI,KG,
SI,LA,
SI,LV,
SI,LB,
SI,LS,
SI,LR,
SI,LY,
SI,LI,
SI,LT,
SI,LU,
SI,MO,
SI,MG,
SI,MW,
SI,MY,
SI,MV,
SI,ML,
SI,MT,
SI,MH,
SI,MR,
SI,MU,
SI,MX,
SI,FM,
SI,MD,
SI,MC,
SI,MN,
SI,ME,
SI,MA,
SI,MZ,
SI,MM,
SI,NA,
SI,NR,
SI,NP,
SI,NL,
SI,NZ,
SI,NI,
SI,NE,
SI,NG,
SI,KP,
SI,MK,
SI,NO,
SI,OM,
SI,PK,
SI,PW,
SI,PS,
SI,PA,
SI,PG,
SI,PY,
SI,PE,
SI,PH,
SI,PL,
SI,PT,
SI,QA,
SI,RO,
SI,RU,
SI,RW,
SI,KN,
SI,LC,
SI,WS,
SI,SM,
SI,ST,
SI,SA,
SI,SN,
SI,RS,
SI,SC,
SI,SL,
SI,SG,
SI,SK,
SI,SI,-1
SI,SB,
SI,SO,
SI,ZA,
SI,KR,
SI,SS,
SI,ES,
SI,LK,
SI,VC,
SI,SD,
SI,SR,
SI,SE,
SI,CH,
SI,SY,
SI,TW,
SI,TJ,
SI,TZ,
SI,TH,
SI,TL,
SI,TG,
SI,TO,
SI,TT,
SI,TN,
SI,TM,
SI,TV,
SI,TR,
SI,UG,
SI,UA,
SI,AE,
SI,GB,
SI,US,
SI,UY,
SI,UZ,
SI,VU,
SI,VA,
SI,VE,
SI,VN,
SI,YE,
SI,ZM,
SI,ZW,
SI,AF,
SB,AL,
SB,DZ,
SB,AD,
SB,AO,
SB,AG,
SB,AR,
SB,AM,
SB,AU,
SB,AT,
SB,AZ,
SB,BS,
SB,BH,
SB,BD,
SB,BB,
SB,BY,
SB,BE,
SB,BZ,
SB,BJ,
SB,BT,
SB,BO,
SB,BA,
SB,BW,
SB,BR,
SB,BN,
SB,BG,
SB,BF,
SB,BI,
SB,KH,
SB,CM,
SB,CA,
SB,CV,
SB,CF,
SB,TD,
SB,CL,
SB,CN,
SB,CO,
SB,KM,
SB,CG,
SB,CD,
SB,CR,
SB,CI,
SB,HR,
SB,CU,
SB,CY,
SB,CZ,
SB,DK,
SB,DJ,
SB,DM,
SB,DO,
SB,EC,
SB,EG,
SB,SV,
SB,GQ,
SB,ER,
SB,EE,
SB,SZ,
SB,ET,
SB,FJ,
SB,FI,
SB,FR,
SB,GA,
SB,GM,
SB,GE,
SB,DE,
SB,GH,
SB,GR,
SB,GD,
SB,GT,
SB,GN,
SB,GW,
SB,GY,
SB,HT,
SB,HN,
SB,HK,
SB,HU,
SB,IS,
SB,IN,
SB,ID,
SB,IR,
SB,IQ,
SB,IE,
SB,IL,
SB,IT,
SB,JM,
SB,JP,
SB,JO,
SB,KZ,
SB,KE,
SB,KI,
SB,XK,
SB,KW,
SB,KG,
SB,LA,
SB,LV,
SB,LB,
SB,LS,
SB,LR,
SB,LY,
SB,LI,
SB,LT,
SB,LU,
SB,MO,
SB,MG,
SB,MW,
SB,MY,
SB,MV,
SB,ML,
SB,MT,
SB,MH,
SB,MR,
SB,MU,
SB,MX,
SB,FM,
SB,MD,
SB,MC,
SB,MN,
SB,ME,
SB,MA,
SB,MZ,
SB,MM,
SB,NA,
SB,NR,
SB,NP,
SB,NL,
SB,NZ,
SB,NI,
SB,NE,
SB,NG,
SB,KP,
SB,MK,
SB,NO,
SB,OM,
SB,PK,
SB,PW,
SB,PS,
SB,PA,
SB,PG,
SB,PY,
SB,PE,
SB,PH,
SB,PL,
SB,PT,
SB,QA,
SB,RO,
SB,RU,
SB,RW,
SB,KN,
SB,LC,
SB,WS,
SB,SM,
SB,ST,
SB,SA,
SB,SN,
SB,RS,
SB,SC,
SB,SL,
SB,SG,
SB,SK,
SB,SI,
SB,SB,-1
SB,SO,
SB,ZA,
SB,KR,
SB,SS,
SB,ES,
SB,LK,
SB,VC,
SB,SD,
SB,SR,
SB,SE,
SB,CH,
SB,SY,
SB,TW,
SB,TJ,
SB,TZ,
SB,TH,
SB,TL,
SB,TG,
SB,TO,
SB,TT,
SB,TN,
SB,TM,
SB,TV,
SB,TR,
SB,UG,
SB,UA,
SB,AE,
SB,GB,
SB,US,
SB,UY,
SB,UZ,
SB,VU,
SB,VA,
SB,VE,
SB,VN,
SB,YE,
SB,ZM,
SB,ZW,
SB,AF,
SO,AL,
SO,DZ,
SO,AD,
SO,AO,
SO,AG,
SO,AR,
SO,AM,
SO,AU,
SO,AT,
SO,AZ,
SO,BS,
SO,BH,
SO,BD,
SO,BB,
SO,BY,
SO,BE,
SO,BZ,
SO,BJ,
SO,BT,
SO,BO,
SO,BA,
SO,BW,
SO,BR,
SO,BN,
SO,BG,
SO,BF,
SO,BI,
SO,KH,
SO,CM,
SO,CA,
SO,CV,
SO,CF,
SO,TD,
SO,CL,
SO,CN,
SO,CO,
SO,KM,
SO,CG,
SO,CD,
SO,CR,
SO,CI,
SO,HR,
SO,CU,
SO,CY,
SO,CZ,
SO,DK,
SO,DJ,
SO,DM,
SO,DO,
SO,EC,
SO,EG,
SO,SV,
SO,GQ,
SO,ER,
SO,EE,
SO,SZ,
SO,ET,
SO,FJ,
SO,FI,
SO,FR,
SO,GA,
SO,GM,
SO,GE,
SO,DE,
SO,GH,
SO,GR,
SO,GD,
SO,GT,
SO,GN,
SO,GW,
SO,GY,
SO,HT,
SO,HN,
SO,HK,
SO,HU,
SO,IS,
SO,IN,
SO,ID,
SO,IR,
SO,IQ,
SO,IE,
SO,IL,
SO,IT,
SO,JM,
SO,JP,
SO,JO,
SO,KZ,
SO,KE,
SO,KI,
SO,XK,
SO,KW,
SO,KG,
SO,LA,
SO,LV,
SO,LB,
SO,LS,
SO,LR,
SO,LY,
SO,LI,
SO,LT,
SO,LU,
SO,MO,
SO,MG,
SO,MW,
SO,MY,
SO,MV,
SO,ML,
SO,MT,
SO,MH,
SO,MR,
SO,MU,
SO,MX,
SO,FM,
SO,MD,
SO,MC,
SO,MN,
SO,ME,
SO,MA,
SO,MZ,
SO,MM,
SO,NA,
SO,NR,
SO,NP,
SO,NL,
SO,NZ,
SO,NI,
SO,NE,
SO,NG,
SO,KP,
SO,MK,
SO,NO,
SO,OM,
SO,PK,
SO,PW,
SO,PS,
SO,PA,
SO,PG,
SO,PY,
SO,PE,
SO,PH,
SO,PL,
SO,PT,
SO,QA,
SO,RO,
SO,RU,
SO,RW,
SO,KN,
SO,LC,
SO,WS,
SO,SM,
SO,ST,
SO,SA,
SO,SN,
SO,RS,
SO,SC,
SO,SL,
SO,SG,
SO,SK,
SO,SI,
SO,SB,
SO,SO,-1
SO,ZA,
SO,KR,
SO,SS,
SO,ES,
SO,LK,
SO,VC,
SO,SD,
SO,SR,
SO,SE,
SO,CH,
SO,SY,
SO,TW,
SO,TJ,
SO,TZ,
SO,TH,
SO,TL,
SO,TG,
SO,TO,
SO,TT,
SO,TN,
SO,TM,
SO,TV,
SO,TR,
SO,UG,
SO,UA,
SO,AE,
SO,GB,
SO,US,
SO,UY,
SO,UZ,
SO,VU,
SO,VA,
SO,VE,
SO,VN,
SO,YE,
SO,ZM,
SO,ZW,
SO,AF,
ZA,AL,
ZA,DZ,
ZA,AD,
ZA,AO,
ZA,AG,
ZA,AR,
ZA,AM,
ZA,AU,
ZA,AT,
ZA,AZ,
ZA,BS,
ZA,BH,
ZA,BD,
ZA,BB,
ZA,BY,
ZA,BE,
ZA,BZ,
ZA,BJ,
ZA,BT,
ZA,BO,
ZA,BA,
ZA,BW,
ZA,BR,
ZA,BN,
ZA,BG,
ZA,BF,
ZA,BI,
ZA,KH,
ZA,CM,
ZA,CA,
ZA,CV,
ZA,CF,
ZA,TD,
ZA,CL,
ZA,CN,
ZA,CO,
ZA,KM,
ZA,CG,
ZA,CD,
ZA,CR,
ZA,CI,
ZA,HR,
ZA,CU,
ZA,CY,
ZA,CZ,
ZA,DK,
ZA,DJ,
ZA,DM,
ZA,DO,
ZA,EC,
ZA,EG,
ZA,SV,
ZA,GQ,
ZA,ER,
ZA,EE,
ZA,SZ,
ZA,ET,
ZA,FJ,
ZA,FI,
ZA,FR,
ZA,GA,
ZA,GM,
ZA,GE,
ZA,DE,
ZA,GH,
ZA,GR,
ZA,GD,
ZA,GT,
ZA,GN,
ZA,GW,
ZA,GY,
ZA,HT,
ZA,HN,
ZA,HK,
ZA,HU,
ZA,IS,
ZA,IN,
ZA,ID,
ZA,IR,
ZA,IQ,
ZA,IE,
ZA,IL,
ZA,IT,
ZA,JM,
ZA,JP,
ZA,JO,
ZA,KZ,
ZA,KE,
ZA,KI,
ZA,XK,
ZA,KW,
ZA,KG,
ZA,LA,
ZA,LV,
ZA,LB,
ZA,LS,
ZA,LR,
ZA,LY,
ZA,LI,
ZA,LT,
ZA,LU,
ZA,MO,
ZA,MG,
ZA,MW,
ZA,MY,
ZA,MV,
ZA,ML,
ZA,MT,
ZA,MH,
ZA,MR,
ZA,MU,
ZA,MX,
ZA,FM,
ZA,MD,
ZA,MC,
ZA,MN,
ZA,ME,
ZA,MA,
ZA,MZ,
ZA,MM,
ZA,NA,
ZA,NR,
ZA,NP,
ZA,NL,
ZA,NZ,
ZA,NI,
ZA,NE,
ZA,NG,
ZA,KP,
ZA,MK,
ZA,NO,
ZA,OM,
ZA,PK,
ZA,PW,
ZA,PS,
ZA,PA,
ZA,PG,
ZA,PY,
ZA,PE,
ZA,PH,
ZA,PL,
ZA,PT,
ZA,QA,
ZA,RO,
ZA,RU,
ZA,RW,
ZA,KN,
ZA,LC,
ZA,WS,
ZA,SM,
ZA,ST,
ZA,SA,
ZA,SN,
ZA,RS,
ZA,SC,
ZA,SL,
ZA,SG,
ZA,SK,
ZA,SI,
ZA,SB,
ZA,SO,
ZA,ZA,-1
ZA,KR,
ZA,SS,
ZA,ES,
ZA,LK,
ZA,VC,
ZA,SD,
ZA,SR,
ZA,SE,
ZA,CH,
ZA,SY,
ZA,TW,
ZA,TJ,
ZA,TZ,
ZA,TH,
ZA,TL,
ZA,TG,
ZA,TO,
ZA,TT,
ZA,TN,
ZA,TM,
ZA,TV,
ZA,TR,
ZA,UG,
ZA,UA,
ZA,AE,
ZA,GB,
ZA,US,
ZA,UY,
ZA,UZ,
ZA,VU,
ZA,VA,
ZA,VE,
ZA,VN,
ZA,YE,
ZA,ZM,
ZA,ZW,
ZA,AF,
KR,AL,
KR,DZ,
KR,AD,
KR,AO,
KR,AG,
KR,AR,
KR,AM,
KR,AU,
KR,AT,
KR,AZ,
KR,BS,
KR,BH,
KR,BD,
KR,BB,
KR,BY,
KR,BE,
KR,BZ,
KR,BJ,
KR,BT,
KR,BO,
KR,BA,
KR,BW,
KR,BR,
KR,BN,
KR,BG,
KR,BF,
KR,BI,
KR,KH,
KR,CM,
KR,CA,
KR,CV,
KR,CF,
KR,TD,
KR,CL,
KR,CN,
KR,CO,
KR,KM,
KR,CG,
KR,CD,
KR,CR,
KR,CI,
KR,HR,
KR,CU,
KR,CY,
KR,CZ,
KR,DK,
KR,DJ,
KR,DM,
KR,DO,
KR,EC,
KR,EG,
KR,SV,
KR,GQ,
KR,ER,
KR,EE,
KR,SZ,
KR,ET,
KR,FJ,
KR,FI,
KR,FR,
KR,GA,
KR,GM,
KR,GE,
KR,DE,
KR,GH,
KR,GR,
KR,GD,
KR,GT,
KR,GN,
KR,GW,
KR,GY,
KR,HT,
KR,HN,
KR,HK,
KR,HU,
KR,IS,
KR,IN,
KR,ID,
KR,IR,
KR,IQ,
KR,IE,
KR,IL,
KR,IT,
KR,JM,
KR,JP,
KR,JO,
KR,KZ,
KR,KE,
KR,KI,
KR,XK,
KR,KW,
KR,KG,
KR,LA,
KR,LV,
KR,LB,
KR,LS,
KR,LR,
KR,LY,
KR,LI,
KR,LT,
KR,LU,
KR,MO,
KR,MG,
KR,MW,
KR,MY,
KR,MV,
KR,ML,
KR,MT,
KR,MH,
KR,MR,
KR,MU,
KR,MX,
KR,FM,
KR,MD,
KR,MC,
KR,MN,
KR,ME,
KR,MA,
KR,MZ,
KR,MM,
KR,NA,
KR,NR,
KR,NP,
KR,NL,
KR,NZ,
KR,NI,
KR,NE,
KR,NG,
KR,KP,
KR,MK,
KR,NO,
KR,OM,
KR,PK,
KR,PW,
KR,PS,
KR,PA,
KR,PG,
KR,PY,
KR,PE,
KR,PH,
KR,PL,
KR,PT,
KR,QA,
KR,RO,
KR,RU,
KR,RW,
KR,KN,
KR,LC,
KR,WS,
KR,SM,
KR,ST,
KR,SA,
KR,SN,
KR,RS,
KR,SC,
KR,SL,
KR,SG,
KR,SK,
KR,SI,
KR,SB,
KR,SO,
KR,ZA,
KR,KR,-1
KR,SS,
KR,ES,
KR,LK,
KR,VC,
KR,SD,
KR,SR,
KR,SE,
KR,CH,
KR,SY,
KR,TW,
KR,TJ,
KR,TZ,
KR,TH,
KR,TL,
KR,TG,
KR,TO,
KR,TT,
KR,TN,
KR,TM,
KR,TV,
KR,TR,
KR,UG,
KR,UA,
KR,AE,
KR,GB,
KR,US,
KR,UY,
KR,UZ,
KR,VU,
KR,VA,
KR,VE,
KR,VN,
KR,YE,
KR,ZM,
KR,ZW,
KR,AF,
SS,AL,
SS,DZ,
SS,AD,
SS,AO,
SS,AG,
SS,AR,
SS,AM,
SS,AU,
SS,AT,
SS,AZ,
SS,BS,
SS,BH,
SS,BD,
SS,BB,
SS,BY,
SS,BE,
SS,BZ,
SS,BJ,
SS,BT,
SS,BO,
SS,BA,
SS,BW,
SS,BR,
SS,BN,
SS,BG,
SS,BF,
SS,BI,
SS,KH,
SS,CM,
SS,CA,
SS,CV,
SS,CF,
SS,TD,
SS,CL,
SS,CN,
SS,CO,
SS,KM,
SS,CG,
SS,CD,
SS,CR,
SS,CI,
SS,HR,
SS,CU,
SS,CY,
SS,CZ,
SS,DK,
SS,DJ,
SS,DM,
SS,DO,
SS,EC,
SS,EG,
SS,SV,
SS,GQ,
SS,ER,
SS,EE,
SS,SZ,
SS,ET,
SS,FJ,
SS,FI,
SS,FR,
SS,GA,
SS,GM,
SS,GE,
SS,DE,
SS,GH,
SS,GR,
SS,GD,
SS,GT,
SS,GN,
SS,GW,
SS,GY,
SS,HT,
SS,HN,
SS,HK,
SS,HU,
SS,IS,
SS,IN,
SS,ID,
SS,IR,
SS,IQ,
SS,IE,
SS,IL,
SS,IT,
SS,JM,
SS,JP,
SS,JO,
SS,KZ,
SS,KE,
SS,KI,
SS,XK,
SS,KW,
SS,KG,
SS,LA,
SS,LV,
SS,LB,
SS,LS,
SS,LR,
SS,LY,
SS,LI,
SS,LT,
SS,LU,
SS,MO,
SS,MG,
SS,MW,
SS,MY,
SS,MV,
SS,ML,
SS,MT,
SS,MH,
SS,MR,
SS,MU,
SS,MX,
SS,FM,
SS,MD,
SS,MC,
SS,MN,
SS,ME,
SS,MA,
SS,MZ,
SS,MM,
SS,NA,
SS,NR,
SS,NP,
SS,NL,
SS,NZ,
SS,NI,
SS,NE,
SS,NG,
SS,KP,
SS,MK,
SS,NO,
SS,OM,
SS,PK,
SS,PW,
SS,PS,
SS,PA,
SS,PG,
SS,PY,
SS,PE,
SS,PH,
SS,PL,
SS,PT,
SS,QA,
SS,RO,
SS,RU,
SS,RW,
SS,KN,
SS,LC,
SS,WS,
SS,SM,
SS,ST,
SS,SA,
SS,SN,
SS,RS,
SS,SC,
SS,SL,
SS,SG,
SS,SK,
SS,SI,
SS,SB,
SS,SO,
SS,ZA,
SS,KR,
SS,SS,-1
SS,ES,
SS,LK,
SS,VC,
SS,SD,
SS,SR,
SS,SE,
SS,CH,
SS,SY,
SS,TW,
SS,TJ,
SS,TZ,
SS,TH,
SS,TL,
SS,TG,
SS,TO,
SS,TT,
SS,TN,
SS,TM,
SS,TV,
SS,TR,
SS,UG,
SS,UA,
SS,AE,
SS,GB,
SS,US,
SS,UY,
SS,UZ,
SS,VU,
SS,VA,
SS,VE,
SS,VN,
SS,YE,
SS,ZM,
SS,ZW,
SS,AF,
ES,AL,
ES,DZ,
ES,AD,
ES,AO,
ES,AG,
ES,AR,
ES,AM,
ES,AU,
ES,AT,
ES,AZ,
ES,BS,
ES,BH,
ES,BD,
ES,BB,
ES,BY,
ES,BE,
ES,BZ,
ES,BJ,
ES,BT,
ES,BO,
ES,BA,
ES,BW,
ES,BR,
ES,BN,
ES,BG,
ES,BF,
ES,BI,
ES,KH,
ES,CM,
ES,CA,
ES,CV,
ES,CF,
ES,TD,
ES,CL,
ES,CN,
ES,CO,
ES,KM,
ES,CG,
ES,CD,
ES,CR,
ES,CI,
ES,HR,
ES,CU,
ES,CY,
ES,CZ,
ES,DK,
ES,DJ,
ES,DM,
ES,DO,
ES,EC,
ES,EG,
ES,SV,
ES,GQ,
ES,ER,
ES,EE,
ES,SZ,
ES,ET,
ES,FJ,
ES,FI,
ES,FR,
ES,GA,
ES,GM,
ES,GE,
ES,DE,
ES,GH,
ES,GR,
ES,GD,
ES,GT,
ES,GN,
ES,GW,
ES,GY,
ES,HT,
ES,HN,
ES,HK,
ES,HU,
ES,IS,
ES,IN,
ES,ID,
ES,IR,
ES,IQ,
ES,IE,
ES,IL,
ES,IT,
ES,JM,
ES,JP,
ES,JO,
ES,KZ,
ES,KE,
ES,KI,
ES,XK,
ES,KW,
ES,KG,
ES,LA,
ES,LV,
ES,LB,
ES,LS,
ES,LR,
ES,LY,
ES,LI,
ES,LT,
ES,LU,
ES,MO,
ES,MG,
ES,MW,
ES,MY,
ES,MV,
ES,ML,
ES,MT,
ES,MH,
ES,MR,
ES,MU,
ES,MX,
ES,FM,
ES,MD,
ES,MC,
ES,MN,
ES,ME,
ES,MA,
ES,MZ,
ES,MM,
ES,NA,
ES,NR,
ES,NP,
ES,NL,
ES,NZ,
ES,NI,
ES,NE,
ES,NG,
ES,KP,
ES,MK,
ES,NO,
ES,OM,
ES,PK,
ES,PW,
ES,PS,
ES,PA,
ES,PG,
ES,PY,
ES,PE,
ES,PH,
ES,PL,
ES,PT,
ES,QA,
ES,RO,
ES,RU,
ES,RW,
ES,KN,
ES,LC,
ES,WS,
ES,SM,
ES,ST,
ES,SA,
ES,SN,
ES,RS,
ES,SC,
ES,SL,
ES,SG,
ES,SK,
ES,SI,
ES,SB,
ES,SO,
ES,ZA,
ES,KR,
ES,SS,
ES,ES,-1
ES,LK,
ES,VC,
ES,SD,
ES,SR,
ES,SE,
ES,CH,
ES,SY,
ES,TW,
ES,TJ,
ES,TZ,
ES,TH,
ES,TL,
ES,TG,
ES,TO,
ES,TT,
ES,TN,
ES,TM,
ES,TV,
ES,TR,
ES,UG,
ES,UA,
ES,AE,
ES,GB,
ES,US,
ES,UY,
ES,UZ,
ES,VU,
ES,VA,
ES,VE,
ES,VN,
ES,YE,
ES,ZM,
ES,ZW,
ES,AF,
LK,AL,
LK,DZ,
LK,AD,
LK,AO,
LK,AG,
LK,AR,
LK,AM,
LK,AU,
LK,AT,
LK,AZ,
LK,BS,
LK,BH,
LK,BD,
LK,BB,
LK,BY,
LK,BE,
LK,BZ,
LK,BJ,
LK,BT,
LK,BO,
LK,BA,
LK,BW,
LK,BR,
LK,BN,
LK,BG,
LK,BF,
LK,BI,
LK,KH,
LK,CM,
LK,CA,
LK,CV,
LK,CF,
LK,TD,
LK,CL,
LK,CN,
LK,CO,
LK,KM,
LK,CG,
LK,CD,
LK,CR,
LK,CI,
LK,HR,
LK,CU,
LK,CY,
LK,CZ,
LK,DK,
LK,DJ,
LK,DM,
LK,DO,
LK,EC,
LK,EG,
LK,SV,
LK,GQ,
LK,ER,
LK,EE,
LK,SZ,
LK,ET,
LK,FJ,
LK,FI,
LK,FR,
LK,GA,
LK,GM,
LK,GE,
LK,DE,
LK,GH,
LK,GR,
LK,GD,
LK,GT,
LK,GN,
LK,GW,
LK,GY,
LK,HT,
LK,HN,
LK,HK,
LK,HU,
LK,IS,
LK,IN,
LK,ID,
LK,IR,
LK,IQ,
LK,IE,
LK,IL,
LK,IT,
LK,JM,
LK,JP,
LK,JO,
LK,KZ,
LK,KE,
LK,KI,
LK,XK,
LK,KW,
LK,KG,
LK,LA,
LK,LV,
LK,LB,
LK,LS,
LK,LR,
LK,LY,
LK,LI,
LK,LT,
LK,LU,
LK,MO,
LK,MG,
LK,MW,
LK,MY,
LK,MV,
LK,ML,
LK,MT,
LK,MH,
LK,MR,
LK,MU,
LK,MX,
LK,FM,
LK,MD,
LK,MC,
LK,MN,
LK,ME,
LK,MA,
LK,MZ,
LK,MM,
LK,NA,
LK,NR,
LK,NP,
LK,NL,
LK,NZ,
LK,NI,
LK,NE,
LK,NG,
LK,KP,
LK,MK,
LK,NO,
LK,OM,
LK,PK,
LK,PW,
LK,PS,
LK,PA,
LK,PG,
LK,PY,
LK,PE,
LK,PH,
LK,PL,
LK,PT,
LK,QA,
LK,RO,
LK,RU,
LK,RW,
LK,KN,
LK,LC,
LK,WS,
LK,SM,
LK,ST,
LK,SA,
LK,SN,
LK,RS,
LK,SC,
LK,SL,
LK,SG,
LK,SK,
LK,SI,
LK,SB,
LK,SO,
LK,ZA,
LK,KR,
LK,SS,
LK,ES,
LK,LK,-1
LK,VC,
LK,SD,
LK,SR,
LK,SE,
LK,CH,
LK,SY,
LK,TW,
LK,TJ,
LK,TZ,
LK,TH,
LK,TL,
LK,TG,
LK,TO,
LK,TT,
LK,TN,
LK,TM,
LK,TV,
LK,TR,
LK,UG,
LK,UA,
LK,AE,
LK,GB,
LK,US,
LK,UY,
LK,UZ,
LK,VU,
LK,VA,
LK,VE,
LK,VN,
LK,YE,
LK,ZM,
LK,ZW,
LK,AF,
VC,AL,
VC,DZ,
VC,AD,
VC,AO,
VC,AG,
VC,AR,
VC,AM,
VC,AU,
VC,AT,
VC,AZ,
VC,BS,
VC,BH,
VC,BD,
VC,BB,
VC,BY,
VC,BE,
VC,BZ,
VC,BJ,
VC,BT,
VC,BO,
VC,BA,
VC,BW,
VC,BR,
VC,BN,
VC,BG,
VC,BF,
VC,BI,
VC,KH,
VC,CM,
VC,CA,
VC,CV,
VC,CF,
VC,TD,
VC,CL,
VC,CN,
VC,CO,
VC,KM,
VC,CG,
VC,CD,
VC,CR,
VC,CI,
VC,HR,
VC,CU,
VC,CY,
VC,CZ,
VC,DK,
VC,DJ,
VC,DM,
VC,DO,
VC,EC,
VC,EG,
VC,SV,
VC,GQ,
VC,ER,
VC,EE,
VC,SZ,
VC,ET,
VC,FJ,
VC,FI,
VC,FR,
VC,GA,
VC,GM,
VC,GE,
VC,DE,
VC,GH,
VC,GR,
VC,GD,
VC,GT,
VC,GN,
VC,GW,
VC,GY,
VC,HT,
VC,HN,
VC,HK,
VC,HU,
VC,IS,
VC,IN,
VC,ID,
VC,IR,
VC,IQ,
VC,IE,
VC,IL,
VC,IT,
VC,JM,
VC,JP,
VC,JO,
VC,KZ,
VC,KE,
VC,KI,
VC,XK,
VC,KW,
VC,KG,
VC,LA,
VC,LV,
VC,LB,
VC,LS,
VC,LR,
VC,LY,
VC,LI,
VC,LT,
VC,LU,
VC,MO,
VC,MG,
VC,MW,
VC,MY,
VC,MV,
VC,ML,
VC,MT,
VC,MH,
VC,MR,
VC,MU,
VC,MX,
VC,FM,
VC,MD,
VC,MC,
VC,MN,
VC,ME,
VC,MA,
VC,MZ,
VC,MM,
VC,NA,
VC,NR,
VC,NP,
VC,NL,
VC,NZ,
VC,NI,
VC,NE,
VC,NG,
VC,KP,
VC,MK,
VC,NO,
VC,OM,
VC,PK,
VC,PW,
VC,PS,
VC,PA,
VC,PG,
VC,PY,
VC,PE,
VC,PH,
VC,PL,
VC,PT,
VC,QA,
VC,RO,
VC,RU,
VC,RW,
VC,KN,
VC,LC,
VC,WS,
VC,SM,
VC,ST,
VC,SA,
VC,SN,
VC,RS,
VC,SC,
VC,SL,
VC,SG,
VC,SK,
VC,SI,
VC,SB,
VC,SO,
VC,ZA,
VC,KR,
VC,SS,
VC,ES,
VC,LK,
VC,VC,-1
VC,SD,
VC,SR,
VC,SE,
VC,CH,
VC,SY,
VC,TW,
VC,TJ,
VC,TZ,
VC,TH,
VC,TL,
VC,TG,
VC,TO,
VC,TT,
VC,TN,
VC,TM,
VC,TV,
VC,TR,
VC,UG,
VC,UA,
VC,AE,
VC,GB,
VC,US,
VC,UY,
VC,UZ,
VC,VU,
VC,VA,
VC,VE,
VC,VN,
VC,YE,
VC,ZM,
VC,ZW,
VC,AF,
SD,AL,
SD,DZ,
SD,AD,
SD,AO,
SD,AG,
SD,AR,
SD,AM,
SD,AU,
SD,AT,
SD,AZ,
SD,BS,
SD,BH,
SD,BD,
SD,BB,
SD,BY,
SD,BE,
SD,BZ,
SD,BJ,
SD,BT,
SD,BO,
SD,BA,
SD,BW,
SD,BR,
SD,BN,
SD,BG,
SD,BF,
SD,BI,
SD,KH,
SD,CM,
SD,CA,
SD,CV,
SD,CF,
SD,TD,
SD,CL,
SD,CN,
SD,CO,
SD,KM,
SD,CG,
SD,CD,
SD,CR,
SD,CI,
SD,HR,
SD,CU,
SD,CY,
SD,CZ,
SD,DK,
SD,DJ,
SD,DM,
SD,DO,
SD,EC,
SD,EG,
SD,SV,
SD,GQ,
SD,ER,
SD,EE,
SD,SZ,
SD,ET,
SD,FJ,
SD,FI,
SD,FR,
SD,GA,
SD,GM,
SD,GE,
SD,DE,
SD,GH,
SD,GR,
SD,GD,
SD,GT,
SD,GN,
SD,GW,
SD,GY,
SD,HT,
SD,HN,
SD,HK,
SD,HU,
SD,IS,
SD,IN,
SD,ID,
SD,IR,
SD,IQ,
SD,IE,
SD,IL,
SD,IT,
SD,JM,
SD,JP,
SD,JO,
SD,KZ,
SD,KE,
SD,KI,
SD,XK,
SD,KW,
SD,KG,
SD,LA,
SD,LV,
SD,LB,
SD,LS,
SD,LR,
SD,LY,
SD,LI,
SD,LT,
SD,LU,
SD,MO,
SD,MG,
SD,MW,
SD,MY,
SD,MV,
SD,ML,
SD,MT,
SD,MH,
SD,MR,
SD,MU,
SD,MX,
SD,FM,
SD,MD,
SD,MC,
SD,MN,
SD,ME,
SD,MA,
SD,MZ,
SD,MM,
SD,NA,
SD,NR,
SD,NP,
SD,NL,
SD,NZ,
SD,NI,
SD,NE,
SD,NG,
SD,KP,
SD,MK,
SD,NO,
SD,OM,
SD,PK,
SD,PW,
SD,PS,
SD,PA,
SD,PG,
SD,PY,
SD,PE,
SD,PH,
SD,PL,
SD,PT,
SD,QA,
SD,RO,
SD,RU,
SD,RW,
SD,KN,
SD,LC,
SD,WS,
SD,SM,
SD,ST,
SD,SA,
SD,SN,
SD,RS,
SD,SC,
SD,SL,
SD,SG,
SD,SK,
SD,SI,
SD,SB,
SD,SO,
SD,ZA,
SD,KR,
SD,SS,
SD,ES,
SD,LK,
SD,VC,
SD,SD,-1
SD,SR,
SD,SE,
SD,CH,
SD,SY,
SD,TW,
SD,TJ,
SD,TZ,
SD,TH,
SD,TL,
SD,TG,
SD,TO,
SD,TT,
SD,TN,
SD,TM,
SD,TV,
SD,TR,
SD,UG,
SD,UA,
SD,AE,
SD,GB,
SD,US,
SD,UY,
SD,UZ,
SD,VU,
SD,VA,
SD,VE,
SD,VN,
SD,YE,
SD,ZM,
SD,ZW,
SD,AF,
SR,AL,
SR,DZ,
SR,AD,
SR,AO,
SR,AG,
SR,AR,
SR,AM,
SR,AU,
SR,AT,
SR,AZ,
SR,BS,
SR,BH,
SR,BD,
SR,BB,
SR,BY,
SR,BE,
SR,BZ,
SR,BJ,
SR,BT,
SR,BO,
SR,BA,
SR,BW,
SR,BR,
SR,BN,
SR,BG,
SR,BF,
SR,BI,
SR,KH,
SR,CM,
SR,CA,
SR,CV,
SR,CF,
SR,TD,
SR,CL,
SR,CN,
SR,CO,
SR,KM,
SR,CG,
SR,CD,
SR,CR,
SR,CI,
SR,HR,
SR,CU,
SR,CY,
SR,CZ,
SR,DK,
SR,DJ,
SR,DM,
SR,DO,
SR,EC,
SR,EG,
SR,SV,
SR,GQ,
SR,ER,
SR,EE,
SR,SZ,
SR,ET,
SR,FJ,
SR,FI,
SR,FR,
SR,GA,
SR,GM,
SR,GE,
SR,DE,
SR,GH,
SR,GR,
SR,GD,
SR,GT,
SR,GN,
SR,GW,
SR,GY,
SR,HT,
SR,HN,
SR,HK,
SR,HU,
SR,IS,
SR,IN,
SR,ID,
SR,IR,
SR,IQ,
SR,IE,
SR,IL,
SR,IT,
SR,JM,
SR,JP,
SR,JO,
SR,KZ,
SR,KE,
SR,KI,
SR,XK,
SR,KW,
SR,KG,
SR,LA,
SR,LV,
SR,LB,
SR,LS,
SR,LR,
SR,LY,
SR,LI,
SR,LT,
SR,LU,
SR,MO,
SR,MG,
SR,MW,
SR,MY,
SR,MV,
SR,ML,
SR,MT,
SR,MH,
SR,MR,
SR,MU,
SR,MX,
SR,FM,
SR,MD,
SR,MC,
SR,MN,
SR,ME,
SR,MA,
SR,MZ,
SR,MM,
SR,NA,
SR,NR,
SR,NP,
SR,NL,
SR,NZ,
SR,NI,
SR,NE,
SR,NG,
SR,KP,
SR,MK,
SR,NO,
SR,OM,
SR,PK,
SR,PW,
SR,PS,
SR,PA,
SR,PG,
SR,PY,
SR,PE,
SR,PH,
SR,PL,
SR,PT,
SR,QA,
SR,RO,
SR,RU,
SR,RW,
SR,KN,
SR,LC,
SR,WS,
SR,SM,
SR,ST,
SR,SA,
SR,SN,
SR,RS,
SR,SC,
SR,SL,
SR,SG,
SR,SK,
SR,SI,
SR,SB,
SR,SO,
SR,ZA,
SR,KR,
SR,SS,
SR,ES,
SR,LK,
SR,VC,
SR,SD,
SR,SR,-1
SR,SE,
SR,CH,
SR,SY,
SR,TW,
SR,TJ,
SR,TZ,
SR,TH,
SR,TL,
SR,TG,
SR,TO,
SR,TT,
SR,TN,
SR,TM,
SR,TV,
SR,TR,
SR,UG,
SR,UA,
SR,AE,
SR,GB,
SR,US,
SR,UY,
SR,UZ,
SR,VU,
SR,VA,
SR,VE,
SR,VN,
SR,YE,
SR,ZM,
SR,ZW,
SR,AF,
SE,AL,
SE,DZ,
SE,AD,
SE,AO,
SE,AG,
SE,AR,
SE,AM,
SE,AU,
SE,AT,
SE,AZ,
SE,BS,
SE,BH,
SE,BD,
SE,BB,
SE,BY,
SE,BE,
SE,BZ,
SE,BJ,
SE,BT,
SE,BO,
SE,BA,
SE,BW,
SE,BR,
SE,BN,
SE,BG,
SE,BF,
SE,BI,
SE,KH,
SE,CM,
SE,CA,
SE,CV,
SE,CF,
SE,TD,
SE,CL,
SE,CN,
SE,CO,
SE,KM,
SE,CG,
SE,CD,
SE,CR,
SE,CI,
SE,HR,
SE,CU,
SE,CY,
SE,CZ,
SE,DK,
SE,DJ,
SE,DM,
SE,DO,
SE,EC,
SE,EG,
SE,SV,
SE,GQ,
SE,ER,
SE,EE,
SE,SZ,
SE,ET,
SE,FJ,
SE,FI,
SE,FR,
SE,GA,
SE,GM,
SE,GE,
SE,DE,
SE,GH,
SE,GR,
SE,GD,
SE,GT,
SE,GN,
SE,GW,
SE,GY,
SE,HT,
SE,HN,
SE,HK,
SE,HU,
SE,IS,
SE,IN,
SE,ID,
SE,IR,
SE,IQ,
SE,IE,
SE,IL,
SE,IT,
SE,JM,
SE,JP,
SE,JO,
SE,KZ,
SE,KE,
SE,KI,
SE,XK,
SE,KW,
SE,KG,
SE,LA,
SE,LV,
SE,LB,
SE,LS,
SE,LR,
SE,LY,
SE,LI,
SE,LT,
SE,LU,
SE,MO,
SE,MG,
SE,MW,
SE,MY,
SE,MV,
SE,ML,
SE,MT,
SE,MH,
SE,MR,
SE,MU,
SE,MX,
SE,FM,
SE,MD,
SE,MC,
SE,MN,
SE,ME,
SE,MA,
SE,MZ,
SE,MM,
SE,NA,
SE,NR,
SE,NP,
SE,NL,
SE,NZ,
SE,NI,
SE,NE,
SE,NG,
SE,KP,
SE,MK,
SE,NO,
SE,OM,
SE,PK,
SE,PW,
SE,PS,
SE,PA,
SE,PG,
SE,PY,
SE,PE,
SE,PH,
SE,PL,
SE,PT,
SE,QA,
SE,RO,
SE,RU,
SE,RW,
SE,KN,
SE,LC,
SE,WS,
SE,SM,
SE,ST,
SE,SA,
SE,SN,
SE,RS,
SE,SC,
SE,SL,
SE,SG,
SE,SK,
SE,SI,
SE,SB,
SE,SO,
SE,ZA,
SE,KR,
SE,SS,
SE,ES,
SE,LK,
SE,VC,
SE,SD,
SE,SR,
SE,SE,-1
SE,CH,
SE,SY,
SE,TW,
SE,TJ,
SE,TZ,
SE,TH,
SE,TL,
SE,TG,
SE,TO,
SE,TT,
SE,TN,
SE,TM,
SE,TV,
SE,TR,
SE,UG,
SE,UA,
SE,AE,
SE,GB,
SE,US,
SE,UY,
SE,UZ,
SE,VU,
SE,VA,
SE,VE,
SE,VN,
SE,YE,
SE,ZM,
SE,ZW,
SE,AF,
CH,AL,
CH,DZ,
CH,AD,
CH,AO,
CH,AG,
CH,AR,
CH,AM,
CH,AU,
CH,AT,
CH,AZ,
CH,BS,
CH,BH,
CH,BD,
CH,BB,
CH,BY,
CH,BE,
CH,BZ,
CH,BJ,
CH,BT,
CH,BO,
CH,BA,
CH,BW,
CH,BR,
CH,BN,
CH,BG,
CH,BF,
CH,BI,
CH,KH,
CH,CM,
CH,CA,
CH,CV,
CH,CF,
CH,TD,
CH,CL,
CH,CN,
CH,CO,
CH,KM,
CH,CG,
CH,CD,
CH,CR,
CH,CI,
CH,HR,
CH,CU,
CH,CY,
CH,CZ,
CH,DK,
CH,DJ,
CH,DM,
CH,DO,
CH,EC,
CH,EG,
CH,SV,
CH,GQ,
CH,ER,
CH,EE,
CH,SZ,
CH,ET,
CH,FJ,
CH,FI,
CH,FR,
CH,GA,
CH,GM,
CH,GE,
CH,DE,
CH,GH,
CH,GR,
CH,GD,
CH,GT,
CH,GN,
CH,GW,
CH,GY,
CH,HT,
CH,HN,
CH,HK,
CH,HU,
CH,IS,
CH,IN,
CH,ID,
CH,IR,
CH,IQ,
CH,IE,
CH,IL,
CH,IT,
CH,JM,
CH,JP,
CH,JO,
CH,KZ,
CH,KE,
CH,KI,
CH,XK,
CH,KW,
CH,KG,
CH,LA,
CH,LV,
CH,LB,
CH,LS,
CH,LR,
CH,LY,
CH,LI,
CH,LT,
CH,LU,
CH,MO,
CH,MG,
CH,MW,
CH,MY,
CH,MV,
CH,ML,
CH,MT,
CH,MH,
CH,MR,
CH,MU,
CH,MX,
CH,FM,
CH,MD,
CH,MC,
CH,MN,
CH,ME,
CH,MA,
CH,MZ,
CH,MM,
CH,NA,
CH,NR,
CH,NP,
CH,NL,
CH,NZ,
CH,NI,
CH,NE,
CH,NG,
CH,KP,
CH,MK,
CH,NO,
CH,OM,
CH,PK,
CH,PW,
CH,PS,
CH,PA,
CH,PG,
CH,PY,
CH,PE,
CH,PH,
CH,PL,
CH,PT,
CH,QA,
CH,RO,
CH,RU,
CH,RW,
CH,KN,
CH,LC,
CH,WS,
CH,SM,
CH,ST,
CH,SA,
CH,SN,
CH,RS,
CH,SC,
CH,SL,
CH,SG,
CH,SK,
CH,SI,
CH,SB,
CH,SO,
CH,ZA,
CH,KR,
CH,SS,
CH,ES,
CH,LK,
CH,VC,
CH,SD,
CH,SR,
CH,SE,
CH,CH,-1
CH,SY,
CH,TW,
CH,TJ,
CH,TZ,
CH,TH,
CH,TL,
CH,TG,
CH,TO,
CH,TT,
CH,TN,
CH,TM,
CH,TV,
CH,TR,
CH,UG,
CH,UA,
CH,AE,
CH,GB,
CH,US,
CH,UY,
CH,UZ,
CH,VU,
CH,VA,
CH,VE,
CH,VN,
CH,YE,
CH,ZM,
CH,ZW,
CH,AF,
SY,AL,
SY,DZ,
SY,AD,
SY,AO,
SY,AG,
SY,AR,
SY,AM,
SY,AU,
SY,AT,
SY,AZ,
SY,BS,
SY,BH,
SY,BD,
SY,BB,
SY,BY,
SY,BE,
SY,BZ,
SY,BJ,
SY,BT,
SY,BO,
SY,BA,
SY,BW,
SY,BR,
SY,BN,
SY,BG,
SY,BF,
SY,BI,
SY,KH,
SY,CM,
SY,CA,
SY,CV,
SY,CF,
SY,TD,
SY,CL,
SY,CN,
SY,CO,
SY,KM,
SY,CG,
SY,CD,
SY,CR,
SY,CI,
SY,HR,
SY,CU,
SY,CY,
SY,CZ,
SY,DK,
SY,DJ,
SY,DM,
SY,DO,
SY,EC,
SY,EG,
SY,SV,
SY,GQ,
SY,ER,
SY,EE,
SY,SZ,
SY,ET,
SY,FJ,
SY,FI,
SY,FR,
SY,GA,
SY,GM,
SY,GE,
SY,DE,
SY,GH,
SY,GR,
SY,GD,
SY,GT,
SY,GN,
SY,GW,
SY,GY,
SY,HT,
SY,HN,
SY,HK,
SY,HU,
SY,IS,
SY,IN,
SY,ID,
SY,IR,
SY,IQ,
SY,IE,
SY,IL,
SY,IT,
SY,JM,
SY,JP,
SY,JO,
SY,KZ,
SY,KE,
SY,KI,
SY,XK,
SY,KW,
SY,KG,
SY,LA,
SY,LV,
SY,LB,
SY,LS,
SY,LR,
SY,LY,
SY,LI,
SY,LT,
SY,LU,
SY,MO,
SY,MG,
SY,MW,
SY,MY,
SY,MV,
SY,ML,
SY,MT,
SY,MH,
SY,MR,
SY,MU,
SY,MX,
SY,FM,
SY,MD,
SY,MC,
SY,MN,
SY,ME,
SY,MA,
SY,MZ,
SY,MM,
SY,NA,
SY,NR,
SY,NP,
SY,NL,
SY,NZ,
SY,NI,
SY,NE,
SY,NG,
SY,KP,
SY,MK,
SY,NO,
SY,OM,
SY,PK,
SY,PW,
SY,PS,
SY,PA,
SY,PG,
SY,PY,
SY,PE,
SY,PH,
SY,PL,
SY,PT,
SY,QA,
SY,RO,
SY,RU,
SY,RW,
SY,KN,
SY,LC,
SY,WS,
SY,SM,
SY,ST,
SY,SA,
SY,SN,
SY,RS,
SY,SC,
SY,SL,
SY,SG,
SY,SK,
SY,SI,
SY,SB,
SY,SO,
SY,ZA,
SY,KR,
SY,SS,
SY,ES,
SY,LK,
SY,VC,
SY,SD,
SY,SR,
SY,SE,
SY,CH,
SY,SY,-1
SY,TW,
SY,TJ,
SY,TZ,
SY,TH,
SY,TL,
SY,TG,
SY,TO,
SY,TT,
SY,TN,
SY,TM,
SY,TV,
SY,TR,
SY,UG,
SY,UA,
SY,AE,
SY,GB,
SY,US,
SY,UY,
SY,UZ,
SY,VU,
SY,VA,
SY,VE,
SY,VN,
SY,YE,
SY,ZM,
SY,ZW,
SY,AF,
TW,AL,
TW,DZ,
TW,AD,
TW,AO,
TW,AG,
TW,AR,
TW,AM,
TW,AU,
TW,AT,
TW,AZ,
TW,BS,
TW,BH,
TW,BD,
TW,BB,
TW,BY,
TW,BE,
TW,BZ,
TW,BJ,
TW,BT,
TW,BO,
TW,BA,
TW,BW,
TW,BR,
TW,BN,
TW,BG,
TW,BF,
TW,BI,
TW,KH,
TW,CM,
TW,CA,
TW,CV,
TW,CF,
TW,TD,
TW,CL,
TW,CN,
TW,CO,
TW,KM,
TW,CG,
TW,CD,
TW,CR,
TW,CI,
TW,HR,
TW,CU,
TW,CY,
TW,CZ,
TW,DK,
TW,DJ,
TW,DM,
TW,DO,
TW,EC,
TW,EG,
TW,SV,
TW,GQ,
TW,ER,
TW,EE,
TW,SZ,
TW,ET,
TW,FJ,
TW,FI,
TW,FR,
TW,GA,
TW,GM,
TW,GE,
TW,DE,
TW,GH,
TW,GR,
TW,GD,
TW,GT,
TW,GN,
TW,GW,
TW,GY,
TW,HT,
TW,HN,
TW,HK,
TW,HU,
TW,IS,
TW,IN,
TW,ID,
TW,IR,
TW,IQ,
TW,IE,
TW,IL,
TW,IT,
TW,JM,
TW,JP,
TW,JO,
TW,KZ,
TW,KE,
TW,KI,
TW,XK,
TW,KW,
TW,KG,
TW,LA,
TW,LV,
TW,LB,
TW,LS,
TW,LR,
TW,LY,
TW,LI,
TW,LT,
TW,LU,
TW,MO,
TW,MG,
TW,MW,
TW,MY,
TW,MV,
TW,ML,
TW,MT,
TW,MH,
TW,MR,
TW,MU,
TW,MX,
TW,FM,
TW,MD,
TW,MC,
TW,MN,
TW,ME,
TW,MA,
TW,MZ,
TW,MM,
TW,NA,
TW,NR,
TW,NP,
TW,NL,
TW,NZ,
TW,NI,
TW,NE,
TW,NG,
TW,KP,
TW,MK,
TW,NO,
TW,OM,
TW,PK,
TW,PW,
TW,PS,
TW,PA,
TW,PG,
TW,PY,
TW,PE,
TW,PH,
TW,PL,
TW,PT,
TW,QA,
TW,RO,
TW,RU,
TW,RW,
TW,KN,
TW,LC,
TW,WS,
TW,SM,
TW,ST,
TW,SA,
TW,SN,
TW,RS,
TW,SC,
TW,SL,
TW,SG,
TW,SK,
TW,SI,
TW,SB,
TW,SO,
TW,ZA,
TW,KR,
TW,SS,
TW,ES,
TW,LK,
TW,VC,
TW,SD,
TW,SR,
TW,SE,
TW,CH,
TW,SY,
TW,TW,-1
TW,TJ,
TW,TZ,
TW,TH,
TW,TL,
TW,TG,
TW,TO,
TW,TT,
TW,TN,
TW,TM,
TW,TV,
TW,TR,
TW,UG,
TW,UA,
TW,AE,
TW,GB,
TW,US,
TW,UY,
TW,UZ,
TW,VU,
TW,VA,
TW,VE,
TW,VN,
TW,YE,
TW,ZM,
TW,ZW,
TW,AF,
TJ,AL,
TJ,DZ,
TJ,AD,
TJ,AO,
TJ,AG,
TJ,AR,
TJ,AM,
TJ,AU,
TJ,AT,
TJ,AZ,
TJ,BS,
TJ,BH,
TJ,BD,
TJ,BB,
TJ,BY,
TJ,BE,
TJ,BZ,
TJ,BJ,
TJ,BT,
TJ,BO,
TJ,BA,
TJ,BW,
TJ,BR,
TJ,BN,
TJ,BG,
TJ,BF,
TJ,BI,
TJ,KH,
TJ,CM,
TJ,CA,
TJ,CV,
TJ,CF,
TJ,TD,
TJ,CL,
TJ,CN,
TJ,CO,
TJ,KM,
TJ,CG,
TJ,CD,
TJ,CR,
TJ,CI,
TJ,HR,
TJ,CU,
TJ,CY,
TJ,CZ,
TJ,DK,
TJ,DJ,
TJ,DM,
TJ,DO,
TJ,EC,
TJ,EG,
TJ,SV,
TJ,GQ,
TJ,ER,
TJ,EE,
TJ,SZ,
TJ,ET,
TJ,FJ,
TJ,FI,
TJ,FR,
TJ,GA,
TJ,GM,
TJ,GE,
TJ,DE,
TJ,GH,
TJ,GR,
TJ,GD,
TJ,GT,
TJ,GN,
TJ,GW,
TJ,GY,
TJ,HT,
TJ,HN,
TJ,HK,
TJ,HU,
TJ,IS,
TJ,IN,
TJ,ID,
TJ,IR,
TJ,IQ,
TJ,IE,
TJ,IL,
TJ,IT,
TJ,JM,
TJ,JP,
TJ,JO,
TJ,KZ,
TJ,KE,
TJ,KI,
TJ,XK,
TJ,KW,
TJ,KG,
TJ,LA,
TJ,LV,
TJ,LB,
TJ,LS,
TJ,LR,
TJ,LY,
TJ,LI,
TJ,LT,
TJ,LU,
TJ,MO,
TJ,MG,
TJ,MW,
TJ,MY,
TJ,MV,
TJ,ML,
TJ,MT,
TJ,MH,
TJ,MR,
TJ,MU,
TJ,MX,
TJ,FM,
TJ,MD,
TJ,MC,
TJ,MN,
TJ,ME,
TJ,MA,
TJ,MZ,
TJ,MM,
TJ,NA,
TJ,NR,
TJ,NP,
TJ,NL,
TJ,NZ,
TJ,NI,
TJ,NE,
TJ,NG,
TJ,KP,
TJ,MK,
TJ,NO,
TJ,OM,
TJ,PK,
TJ,PW,
TJ,PS,
TJ,PA,
TJ,PG,
TJ,PY,
TJ,PE,
TJ,PH,
TJ,PL,
TJ,PT,
TJ,QA,
TJ,RO,
TJ,RU,
TJ,RW,
TJ,KN,
TJ,LC,
TJ,WS,
TJ,SM,
TJ,ST,
TJ,SA,
TJ,SN,
TJ,RS,
TJ,SC,
TJ,SL,
TJ,SG,
TJ,SK,
TJ,SI,
TJ,SB,
TJ,SO,
TJ,ZA,
TJ,KR,
TJ,SS,
TJ,ES,
TJ,LK,
TJ,VC,
TJ,SD,
TJ,SR,
TJ,SE,
TJ,CH,
TJ,SY,
TJ,TW,
TJ,TJ,-1
TJ,TZ,
TJ,TH,
TJ,TL,
TJ,TG,
TJ,TO,
TJ,TT,
TJ,TN,
TJ,TM,
TJ,TV,
TJ,TR,
TJ,UG,
TJ,UA,
TJ,AE,
TJ,GB,
TJ,US,
TJ,UY,
TJ,UZ,
TJ,VU,
TJ,VA,
TJ,VE,
TJ,VN,
TJ,YE,
TJ,ZM,
TJ,ZW,
TJ,AF,
TZ,AL,
TZ,DZ,
TZ,AD,
TZ,AO,
TZ,AG,
TZ,AR,
TZ,AM,
TZ,AU,
TZ,AT,
TZ,AZ,
TZ,BS,
TZ,BH,
TZ,BD,
TZ,BB,
TZ,BY,
TZ,BE,
TZ,BZ,
TZ,BJ,
TZ,BT,
TZ,BO,
TZ,BA,
TZ,BW,
TZ,BR,
TZ,BN,
TZ,BG,
TZ,BF,
TZ,BI,
TZ,KH,
TZ,CM,
TZ,CA,
TZ,CV,
TZ,CF,
TZ,TD,
TZ,CL,
TZ,CN,
TZ,CO,
TZ,KM,
TZ,CG,
TZ,CD,
TZ,CR,
TZ,CI,
TZ,HR,
TZ,CU,
TZ,CY,
TZ,CZ,
TZ,DK,
TZ,DJ,
TZ,DM,
TZ,DO,
TZ,EC,
TZ,EG,
TZ,SV,
TZ,GQ,
TZ,ER,
TZ,EE,
TZ,SZ,
TZ,ET,
TZ,FJ,
TZ,FI,
TZ,FR,
TZ,GA,
TZ,GM,
TZ,GE,
TZ,DE,
TZ,GH,
TZ,GR,
TZ,GD,
TZ,GT,
TZ,GN,
TZ,GW,
TZ,GY,
TZ,HT,
TZ,HN,
TZ,HK,
TZ,HU,
TZ,IS,
TZ,IN,
TZ,ID,
TZ,IR,
TZ,IQ,
TZ,IE,
TZ,IL,
TZ,IT,
TZ,JM,
TZ,JP,
TZ,JO,
TZ,KZ,
TZ,KE,
TZ,KI,
TZ,XK,
TZ,KW,
TZ,KG,
TZ,LA,
TZ,LV,
TZ,LB,
TZ,LS,
TZ,LR,
TZ,LY,
TZ,LI,
TZ,LT,
TZ,LU,
TZ,MO,
TZ,MG,
TZ,MW,
TZ,MY,
TZ,MV,
TZ,ML,
TZ,MT,
TZ,MH,
TZ,MR,
TZ,MU,
TZ,MX,
TZ,FM,
TZ,MD,
TZ,MC,
TZ,MN,
TZ,ME,
TZ,MA,
TZ,MZ,
TZ,MM,
TZ,NA,
TZ,NR,
TZ,NP,
TZ,NL,
TZ,NZ,
TZ,NI,
TZ,NE,
TZ,NG,
TZ,KP,
TZ,MK,
TZ,NO,
TZ,OM,
TZ,PK,
TZ,PW,
TZ,PS,
TZ,PA,
TZ,PG,
TZ,PY,
TZ,PE,
TZ,PH,
TZ,PL,
TZ,PT,
TZ,QA,
TZ,RO,
TZ,RU,
TZ,RW,
TZ,KN,
TZ,LC,
TZ,WS,
TZ,SM,
TZ,ST,
TZ,SA,
TZ,SN,
TZ,RS,
TZ,SC,
TZ,SL,
TZ,SG,
TZ,SK,
TZ,SI,
TZ,SB,
TZ,SO,
TZ,ZA,
TZ,KR,
TZ,SS,
TZ,ES,
TZ,LK,
TZ,VC,
TZ,SD,
TZ,SR,
TZ,SE,
TZ,CH,
TZ,SY,
TZ,TW,
TZ,TJ,
TZ,TZ,-1
TZ,TH,
TZ,TL,
TZ,TG,
TZ,TO,
TZ,TT,
TZ,TN,
TZ,TM,
TZ,TV,
TZ,TR,
TZ,UG,
TZ,UA,
TZ,AE,
TZ,GB,
TZ,US,
TZ,UY,
TZ,UZ,
TZ,VU,
TZ,VA,
TZ,VE,
TZ,VN,
TZ,YE,
TZ,ZM,
TZ,ZW,
TZ,AF,
TH,AL,
TH,DZ,
TH,AD,
TH,AO,
TH,AG,
TH,AR,
TH,AM,
TH,AU,
TH,AT,
TH,AZ,
TH,BS,
TH,BH,
TH,BD,
TH,BB,
TH,BY,
TH,BE,
TH,BZ,
TH,BJ,
TH,BT,
TH,BO,
TH,BA,
TH,BW,
TH,BR,
TH,BN,
TH,BG,
TH,BF,
TH,BI,
TH,KH,
TH,CM,
TH,CA,
TH,CV,
TH,CF,
TH,TD,
TH,CL,
TH,CN,
TH,CO,
TH,KM,
TH,CG,
TH,CD,
TH,CR,
TH,CI,
TH,HR,
TH,CU,
TH,CY,
TH,CZ,
TH,DK,
TH,DJ,
TH,DM,
TH,DO,
TH,EC,
TH,EG,
TH,SV,
TH,GQ,
TH,ER,
TH,EE,
TH,SZ,
TH,ET,
TH,FJ,
TH,FI,
TH,FR,
TH,GA,
TH,GM,
TH,GE,
TH,DE,
TH,GH,
TH,GR,
TH,GD,
TH,GT,
TH,GN,
TH,GW,
TH,GY,
TH,HT,
TH,HN,
TH,HK,
TH,HU,
TH,IS,
TH,IN,
TH,ID,
TH,IR,
TH,IQ,
TH,IE,
TH,IL,
TH,IT,
TH,JM,
TH,JP,
TH,JO,
TH,KZ,
TH,KE,
TH,KI,
TH,XK,
TH,KW,
TH,KG,
TH,LA,
TH,LV,
TH,LB,
TH,LS,
TH,LR,
TH,LY,
TH,LI,
TH,LT,
TH,LU,
TH,MO,
TH,MG,
TH,MW,
TH,MY,
TH,MV,
TH,ML,
TH,MT,
TH,MH,
TH,MR,
TH,MU,
TH,MX,
TH,FM,
TH,MD,
TH,MC,
TH,MN,
TH,ME,
TH,MA,
TH,MZ,
TH,MM,
TH,NA,
TH,NR,
TH,NP,
TH,NL,
TH,NZ,
TH,NI,
TH,NE,
TH,NG,
TH,KP,
TH,MK,
TH,NO,
TH,OM,
TH,PK,
TH,PW,
TH,PS,
TH,PA,
TH,PG,
TH,PY,
TH,PE,
TH,PH,
TH,PL,
TH,PT,
TH,QA,
TH,RO,
TH,RU,
TH,RW,
TH,KN,
TH,LC,
TH,WS,
TH,SM,
TH,ST,
TH,SA,
TH,SN,
TH,RS,
TH,SC,
TH,SL,
TH,SG,
TH,SK,
TH,SI,
TH,SB,
TH,SO,
TH,ZA,
TH,KR,
TH,SS,
TH,ES,
TH,LK,
TH,VC,
TH,SD,
TH,SR,
TH,SE,
TH,CH,
TH,SY,
TH,TW,
TH,TJ,
TH,TZ,
TH,TH,-1
TH,TL,
TH,TG,
TH,TO,
TH,TT,
TH,TN,
TH,TM,
TH,TV,
TH,TR,
TH,UG,
TH,UA,
TH,AE,
TH,GB,
TH,US,
TH,UY,
TH,UZ,
TH,VU,
TH,VA,
TH,VE,
TH,VN,
TH,YE,
TH,ZM,
TH,ZW,
TH,AF,
TL,AL,
TL,DZ,
TL,AD,
TL,AO,
TL,AG,
TL,AR,
TL,AM,
TL,AU,
TL,AT,
TL,AZ,
TL,BS,
TL,BH,
TL,BD,
TL,BB,
TL,BY,
TL,BE,
TL,BZ,
TL,BJ,
TL,BT,
TL,BO,
TL,BA,
TL,BW,
TL,BR,
TL,BN,
TL,BG,
TL,BF,
TL,BI,
TL,KH,
TL,CM,
TL,CA,
TL,CV,
TL,CF,
TL,TD,
TL,CL,
TL,CN,
TL,CO,
TL,KM,
TL,CG,
TL,CD,
TL,CR,
TL,CI,
TL,HR,
TL,CU,
TL,CY,
TL,CZ,
TL,DK,
TL,DJ,
TL,DM,
TL,DO,
TL,EC,
TL,EG,
TL,SV,
TL,GQ,
TL,ER,
TL,EE,
TL,SZ,
TL,ET,
TL,FJ,
TL,FI,
TL,FR,
TL,GA,
TL,GM,
TL,GE,
TL,DE,
TL,GH,
TL,GR,
TL,GD,
TL,GT,
TL,GN,
TL,GW,
TL,GY,
TL,HT,
TL,HN,
TL,HK,
TL,HU,
TL,IS,
TL,IN,
TL,ID,
TL,IR,
TL,IQ,
TL,IE,
TL,IL,
TL,IT,
TL,JM,
TL,JP,
TL,JO,
TL,KZ,
TL,KE,
TL,KI,
TL,XK,
TL,KW,
TL,KG,
TL,LA,
TL,LV,
TL,LB,
TL,LS,
TL,LR,
TL,LY,
TL,LI,
TL,LT,
TL,LU,
TL,MO,
TL,MG,
TL,MW,
TL,MY,
TL,MV,
TL,ML,
TL,MT,
TL,MH,
TL,MR,
TL,MU,
TL,MX,
TL,FM,
TL,MD,
TL,MC,
TL,MN,
TL,ME,
TL,MA,
TL,MZ,
TL,MM,
TL,NA,
TL,NR,
TL,NP,
TL,NL,
TL,NZ,
TL,NI,
TL,NE,
TL,NG,
TL,KP,
TL,MK,
TL,NO,
TL,OM,
TL,PK,
TL,PW,
TL,PS,
TL,PA,
TL,PG,
TL,PY,
TL,PE,
TL,PH,
TL,PL,
TL,PT,
TL,QA,
TL,RO,
TL,RU,
TL,RW,
TL,KN,
TL,LC,
TL,WS,
TL,SM,
TL,ST,
TL,SA,
TL,SN,
TL,RS,
TL,SC,
TL,SL,
TL,SG,
TL,SK,
TL,SI,
TL,SB,
TL,SO,
TL,ZA,
TL,KR,
TL,SS,
TL,ES,
TL,LK,
TL,VC,
TL,SD,
TL,SR,
TL,SE,
TL,CH,
TL,SY,
TL,TW,
TL,TJ,
TL,TZ,
TL,TH,
TL,TL,-1
TL,TG,
TL,TO,
TL,TT,
TL,TN,
TL,TM,
TL,TV,
TL,TR,
TL,UG,
TL,UA,
TL,AE,
TL,GB,
TL,US,
TL,UY,
TL,UZ,
TL,VU,
TL,VA,
TL,VE,
TL,VN,
TL,YE,
TL,ZM,
TL,ZW,
TL,AF,
TG,AL,
TG,DZ,
TG,AD,
TG,AO,
TG,AG,
TG,AR,
TG,AM,
TG,AU,
TG,AT,
TG,AZ,
TG,BS,
TG,BH,
TG,BD,
TG,BB,
TG,BY,
TG,BE,
TG,BZ,
TG,BJ,
TG,BT,
TG,BO,
TG,BA,
TG,BW,
TG,BR,
TG,BN,
TG,BG,
TG,BF,
TG,BI,
TG,KH,
TG,CM,
TG,CA,
TG,CV,
TG,CF,
TG,TD,
TG,CL,
TG,CN,
TG,CO,
TG,KM,
TG,CG,
TG,CD,
TG,CR,
TG,CI,
TG,HR,
TG,CU,
TG,CY,
TG,CZ,
TG,DK,
TG,DJ,
TG,DM,
TG,DO,
TG,EC,
TG,EG,
TG,SV,
TG,GQ,
TG,ER,
TG,EE,
TG,SZ,
TG,ET,
TG,FJ,
TG,FI,
TG,FR,
TG,GA,
TG,GM,
TG,GE,
TG,DE,
TG,GH,
TG,GR,
TG,GD,
TG,GT,
TG,GN,
TG,GW,
TG,GY,
TG,HT,
TG,HN,
TG,HK,
TG,HU,
TG,IS,
TG,IN,
TG,ID,
TG,IR,
TG,IQ,
TG,IE,
TG,IL,
TG,IT,
TG,JM,
TG,JP,
TG,JO,
TG,KZ,
TG,KE,
TG,KI,
TG,XK,
TG,KW,
TG,KG,
TG,LA,
TG,LV,
TG,LB,
TG,LS,
TG,LR,
TG,LY,
TG,LI,
TG,LT,
TG,LU,
TG,MO,
TG,MG,
TG,MW,
TG,MY,
TG,MV,
TG,ML,
TG,MT,
TG,MH,
TG,MR,
TG,MU,
TG,MX,
TG,FM,
TG,MD,
TG,MC,
TG,MN,
TG,ME,
TG,MA,
TG,MZ,
TG,MM,
TG,NA,
TG,NR,
TG,NP,
TG,NL,
TG,NZ,
TG,NI,
TG,NE,
TG,NG,
TG,KP,
TG,MK,
TG,NO,
TG,OM,
TG,PK,
TG,PW,
TG,PS,
TG,PA,
TG,PG,
TG,PY,
TG,PE,
TG,PH,
TG,PL,
TG,PT,
TG,QA,
TG,RO,
TG,RU,
TG,RW,
TG,KN,
TG,LC,
TG,WS,
TG,SM,
TG,ST,
TG,SA,
TG,SN,
TG,RS,
TG,SC,
TG,SL,
TG,SG,
TG,SK,
TG,SI,
TG,SB,
TG,SO,
TG,ZA,
TG,KR,
TG,SS,
TG,ES,
TG,LK,
TG,VC,
TG,SD,
TG,SR,
TG,SE,
TG,CH,
TG,SY,
TG,TW,
TG,TJ,
TG,TZ,
TG,TH,
TG,TL,
TG,TG,-1
TG,TO,
TG,TT,
TG,TN,
TG,TM,
TG,TV,
TG,TR,
TG,UG,
TG,UA,
TG,AE,
TG,GB,
TG,US,
TG,UY,
TG,UZ,
TG,VU,
TG,VA,
TG,VE,
TG,VN,
TG,YE,
TG,ZM,
TG,ZW,
TG,AF,
TO,AL,
TO,DZ,
TO,AD,
TO,AO,
TO,AG,
TO,AR,
TO,AM,
TO,AU,
TO,AT,
TO,AZ,
TO,BS,
TO,BH,
TO,BD,
TO,BB,
TO,BY,
TO,BE,
TO,BZ,
TO,BJ,
TO,BT,
TO,BO,
TO,BA,
TO,BW,
TO,BR,
TO,BN,
TO,BG,
TO,BF,
TO,BI,
TO,KH,
TO,CM,
TO,CA,
TO,CV,
TO,CF,
TO,TD,
TO,CL,
TO,CN,
TO,CO,
TO,KM,
TO,CG,
TO,CD,
TO,CR,
TO,CI,
TO,HR,
TO,CU,
TO,CY,
TO,CZ,
TO,DK,
TO,DJ,
TO,DM,
TO,DO,
TO,EC,
TO,EG,
TO,SV,
TO,GQ,
TO,ER,
TO,EE,
TO,SZ,
TO,ET,
TO,FJ,
TO,FI,
TO,FR,
TO,GA,
TO,GM,
TO,GE,
TO,DE,
TO,GH,
TO,GR,
TO,GD,
TO,GT,
TO,GN,
TO,GW,
TO,GY,
TO,HT,
TO,HN,
TO,HK,
TO,HU,
TO,IS,
TO,IN,
TO,ID,
TO,IR,
TO,IQ,
TO,IE,
TO,IL,
TO,IT,
TO,JM,
TO,JP,
TO,JO,
TO,KZ,
TO,KE,
TO,KI,
TO,XK,
TO,KW,
TO,KG,
TO,LA,
TO,LV,
TO,LB,
TO,LS,
TO,LR,
TO,LY,
TO,LI,
TO,LT,
TO,LU,
TO,MO,
TO,MG,
TO,MW,
TO,MY,
TO,MV,
TO,ML,
TO,MT,
TO,MH,
TO,MR,
TO,MU,
TO,MX,
TO,FM,
TO,MD,
TO,MC,
TO,MN,
TO,ME,
TO,MA,
TO,MZ,
TO,MM,
TO,NA,
TO,NR,
TO,NP,
TO,NL,
TO,NZ,
TO,NI,
TO,NE,
TO,NG,
TO,KP,
TO,MK,
TO,NO,
TO,OM,
TO,PK,
TO,PW,
TO,PS,
TO,PA,
TO,PG,
TO,PY,
TO,PE,
TO,PH,
TO,PL,
TO,PT,
TO,QA,
TO,RO,
TO,RU,
TO,RW,
TO,KN,
TO,LC,
TO,WS,
TO,SM,
TO,ST,
TO,SA,
TO,SN,
TO,RS,
TO,SC,
TO,SL,
TO,SG,
TO,SK,
TO,SI,
TO,SB,
TO,SO,
TO,ZA,
TO,KR,
TO,SS,
TO,ES,
TO,LK,
TO,VC,
TO,SD,
TO,SR,
TO,SE,
TO,CH,
TO,SY,
TO,TW,
TO,TJ,
TO,TZ,
TO,TH,
TO,TL,
TO,TG,
TO,TO,-1
TO,TT,
TO,TN,
TO,TM,
TO,TV,
TO,TR,
TO,UG,
TO,UA,
TO,AE,
TO,GB,
TO,US,
TO,UY,
TO,UZ,
TO,VU,
TO,VA,
TO,VE,
TO,VN,
TO,YE,
TO,ZM,
TO,ZW,
TO,AF,
TT,AL,
TT,DZ,
TT,AD,
TT,AO,
TT,AG,
TT,AR,
TT,AM,
TT,AU,
TT,AT,
TT,AZ,
TT,BS,
TT,BH,
TT,BD,
TT,BB,
TT,BY,
TT,BE,
TT,BZ,
TT,BJ,
TT,BT,
TT,BO,
TT,BA,
TT,BW,
TT,BR,
TT,BN,
TT,BG,
TT,BF,
TT,BI,
TT,KH,
TT,CM,
TT,CA,
TT,CV,
TT,CF,
TT,TD,
TT,CL,
TT,CN,
TT,CO,
TT,KM,
TT,CG,
TT,CD,
TT,CR,
TT,CI,
TT,HR,
TT,CU,
TT,CY,
TT,CZ,
TT,DK,
TT,DJ,
TT,DM,
TT,DO,
TT,EC,
TT,EG,
TT,SV,
TT,GQ,
TT,ER,
TT,EE,
TT,SZ,
TT,ET,
TT,FJ,
TT,FI,
TT,FR,
TT,GA,
TT,GM,
TT,GE,
TT,DE,
TT,GH,
TT,GR,
TT,GD,
TT,GT,
TT,GN,
TT,GW,
TT,GY,
TT,HT,
TT,HN,
TT,HK,
TT,HU,
TT,IS,
TT,IN,
TT,ID,
TT,IR,
TT,IQ,
TT,IE,
TT,IL,
TT,IT,
TT,JM,
TT,JP,
TT,JO,
TT,KZ,
TT,KE,
TT,KI,
TT,XK,
TT,KW,
TT,KG,
TT,LA,
TT,LV,
TT,LB,
TT,LS,
TT,LR,
TT,LY,
TT,LI,
TT,LT,
TT,LU,
TT,MO,
TT,MG,
TT,MW,
TT,MY,
TT,MV,
TT,ML,
TT,MT,
TT,MH,
TT,MR,
TT,MU,
TT,MX,
TT,FM,
TT,MD,
TT,MC,
TT,MN,
TT,ME,
TT,MA,
TT,MZ,
TT,MM,
TT,NA,
TT,NR,
TT,NP,
TT,NL,
TT,NZ,
TT,NI,
TT,NE,
TT,NG,
TT,KP,
TT,MK,
TT,NO,
TT,OM,
TT,PK,
TT,PW,
TT,PS,
TT,PA,
TT,PG,
TT,PY,
TT,PE,
TT,PH,
TT,PL,
TT,PT,
TT,QA,
TT,RO,
TT,RU,
TT,RW,
TT,KN,
TT,LC,
TT,WS,
TT,SM,
TT,ST,
TT,SA,
TT,SN,
TT,RS,
TT,SC,
TT,SL,
TT,SG,
TT,SK,
TT,SI,
TT,SB,
TT,SO,
TT,ZA,
TT,KR,
TT,SS,
TT,ES,
TT,LK,
TT,VC,
TT,SD,
TT,SR,
TT,SE,
TT,CH,
TT,SY,
TT,TW,
TT,TJ,
TT,TZ,
TT,TH,
TT,TL,
TT,TG,
TT,TO,
TT,TT,-1
TT,TN,
TT,TM,
TT,TV,
TT,TR,
TT,UG,
TT,UA,
TT,AE,
TT,GB,
TT,US,
TT,UY,
TT,UZ,
TT,VU,
TT,VA,
TT,VE,
TT,VN,
TT,YE,
TT,ZM,
TT,ZW,
TT,AF,
TN,AL,
TN,DZ,
TN,AD,
TN,AO,
TN,AG,
TN,AR,
TN,AM,
TN,AU,
TN,AT,
TN,AZ,
TN,BS,
TN,BH,
TN,BD,
TN,BB,
TN,BY,
TN,BE,
TN,BZ,
TN,BJ,
TN,BT,
TN,BO,
TN,BA,
TN,BW,
TN,BR,
TN,BN,
TN,BG,
TN,BF,
TN,BI,
TN,KH,
TN,CM,
TN,CA,
TN,CV,
TN,CF,
TN,TD,
TN,CL,
TN,CN,
TN,CO,
TN,KM,
TN,CG,
TN,CD,
TN,CR,
TN,CI,
TN,HR,
TN,CU,
TN,CY,
TN,CZ,
TN,DK,
TN,DJ,
TN,DM,
TN,DO,
TN,EC,
TN,EG,
TN,SV,
TN,GQ,
TN,ER,
TN,EE,
TN,SZ,
TN,ET,
TN,FJ,
TN,FI,
TN,FR,
TN,GA,
TN,GM,
TN,GE,
TN,DE,
TN,GH,
TN,GR,
TN,GD,
TN,GT,
TN,GN,
TN,GW,
TN,GY,
TN,HT,
TN,HN,
TN,HK,
TN,HU,
TN,IS,
TN,IN,
TN,ID,
TN,IR,
TN,IQ,
TN,IE,
TN,IL,
TN,IT,
TN,JM,
TN,JP,
TN,JO,
TN,KZ,
TN,KE,
TN,KI,
TN,XK,
TN,KW,
TN,KG,
TN,LA,
TN,LV,
TN,LB,
TN,LS,
TN,LR,
TN,LY,
TN,LI,
TN,LT,
TN,LU,
TN,MO,
TN,MG,
TN,MW,
TN,MY,
TN,MV,
TN,ML,
TN,MT,
TN,MH,
TN,MR,
TN,MU,
TN,MX,
TN,FM,
TN,MD,
TN,MC,
TN,MN,
TN,ME,
TN,MA,
TN,MZ,
TN,MM,
TN,NA,
TN,NR,
TN,NP,
TN,NL,
TN,NZ,
TN,NI,
TN,NE,
TN,NG,
TN,KP,
TN,MK,
TN,NO,
TN,OM,
TN,PK,
TN,PW,
TN,PS,
TN,PA,
TN,PG,
TN,PY,
TN,PE,
TN,PH,
TN,PL,
TN,PT,
TN,QA,
TN,RO,
TN,RU,
TN,RW,
TN,KN,
TN,LC,
TN,WS,
TN,SM,
TN,ST,
TN,SA,
TN,SN,
TN,RS,
TN,SC,
TN,SL,
TN,SG,
TN,SK,
TN,SI,
TN,SB,
TN,SO,
TN,ZA,
TN,KR,
TN,SS,
TN,ES,
TN,LK,
TN,VC,
TN,SD,
TN,SR,
TN,SE,
TN,CH,
TN,SY,
TN,TW,
TN,TJ,
TN,TZ,
TN,TH,
TN,TL,
TN,TG,
TN,TO,
TN,TT,
TN,TN,-1
TN,TM,
TN,TV,
TN,TR,
TN,UG,
TN,UA,
TN,AE,
TN,GB,
TN,US,
TN,UY,
TN,UZ,
TN,VU,
TN,VA,
TN,VE,
TN,VN,
TN,YE,
TN,ZM,
TN,ZW,
TN,AF,
TR,AL,
TR,DZ,
TR,AD,
TR,AO,
TR,AG,
TR,AR,
TR,AM,
TR,AU,
TR,AT,
TR,AZ,
TR,BS,
TR,BH,
TR,BD,
TR,BB,
TR,BY,
TR,BE,
TR,BZ,
TR,BJ,
TR,BT,
TR,BO,
TR,BA,
TR,BW,
TR,BR,
TR,BN,
TR,BG,
TR,BF,
TR,BI,
TR,KH,
TR,CM,
TR,CA,
TR,CV,
TR,CF,
TR,TD,
TR,CL,
TR,CN,
TR,CO,
TR,KM,
TR,CG,
TR,CD,
TR,CR,
TR,CI,
TR,HR,
TR,CU,
TR,CY,
TR,CZ,
TR,DK,
TR,DJ,
TR,DM,
TR,DO,
TR,EC,
TR,EG,
TR,SV,
TR,GQ,
TR,ER,
TR,EE,
TR,SZ,
TR,ET,
TR,FJ,
TR,FI,
TR,FR,
TR,GA,
TR,GM,
TR,GE,
TR,DE,
TR,GH,
TR,GR,
TR,GD,
TR,GT,
TR,GN,
TR,GW,
TR,GY,
TR,HT,
TR,HN,
TR,HK,
TR,HU,
TR,IS,
TR,IN,
TR,ID,
TR,IR,
TR,IQ,
TR,IE,
TR,IL,
TR,IT,
TR,JM,
TR,JP,
TR,JO,
TR,KZ,
TR,KE,
TR,KI,
TR,XK,
TR,KW,
TR,KG,
TR,LA,
TR,LV,
TR,LB,
TR,LS,
TR,LR,
TR,LY,
TR,LI,
TR,LT,
TR,LU,
TR,MO,
TR,MG,
TR,MW,
TR,MY,
TR,MV,
TR,ML,
TR,MT,
TR,MH,
TR,MR,
TR,MU,
TR,MX,
TR,FM,
TR,MD,
TR,MC,
TR,MN,
TR,ME,
TR,MA,
TR,MZ,
TR,MM,
TR,NA,
TR,NR,
TR,NP,
TR,NL,
TR,NZ,
TR,NI,
TR,NE,
TR,NG,
TR,KP,
TR,MK,
TR,NO,
TR,OM,
TR,PK,
TR,PW,
TR,PS,
TR,PA,
TR,PG,
TR,PY,
TR,PE,
TR,PH,
TR,PL,
TR,PT,
TR,QA,
TR,RO,
TR,RU,
TR,RW,
TR,KN,
TR,LC,
TR,WS,
TR,SM,
TR,ST,
TR,SA,
TR,SN,
TR,RS,
TR,SC,
TR,SL,
TR,SG,
TR,SK,
TR,SI,
TR,SB,
TR,SO,
TR,ZA,
TR,KR,
TR,SS,
TR,ES,
TR,LK,
TR,VC,
TR,SD,
TR,SR,
TR,SE,
TR,CH,
TR,SY,
TR,TW,
TR,TJ,
TR,TZ,
TR,TH,
TR,TL,
TR,TG,
TR,TO,
TR,TT,
TR,TN,
TR,TM,
TR,TV,
TR,TR,-1
TR,UG,
TR,UA,
TR,AE,
TR,GB,
TR,US,
TR,UY,
TR,UZ,
TR,VU,
TR,VA,
TR,VE,
TR,VN,
TR,YE,
TR,ZM,
TR,ZW,
TR,AF,
TM,AL,
TM,DZ,
TM,AD,
TM,AO,
TM,AG,
TM,AR,
TM,AM,
TM,AU,
TM,AT,
TM,AZ,
TM,BS,
TM,BH,
TM,BD,
TM,BB,
TM,BY,
TM,BE,
TM,BZ,
TM,BJ,
TM,BT,
TM,BO,
TM,BA,
TM,BW,
TM,BR,
TM,BN,
TM,BG,
TM,BF,
TM,BI,
TM,KH,
TM,CM,
TM,CA,
TM,CV,
TM,CF,
TM,TD,
TM,CL,
TM,CN,
TM,CO,
TM,KM,
TM,CG,
TM,CD,
TM,CR,
TM,CI,
TM,HR,
TM,CU,
TM,CY,
TM,CZ,
TM,DK,
TM,DJ,
TM,DM,
TM,DO,
TM,EC,
TM,EG,
TM,SV,
TM,GQ,
TM,ER,
TM,EE,
TM,SZ,
TM,ET,
TM,FJ,
TM,FI,
TM,FR,
TM,GA,
TM,GM,
TM,GE,
TM,DE,
TM,GH,
TM,GR,
TM,GD,
TM,GT,
TM,GN,
TM,GW,
TM,GY,
TM,HT,
TM,HN,
TM,HK,
TM,HU,
TM,IS,
TM,IN,
TM,ID,
TM,IR,
TM,IQ,
TM,IE,
TM,IL,
TM,IT,
TM,JM,
TM,JP,
TM,JO,
TM,KZ,
TM,KE,
TM,KI,
TM,XK,
TM,KW,
TM,KG,
TM,LA,
TM,LV,
TM,LB,
TM,LS,
TM,LR,
TM,LY,
TM,LI,
TM,LT,
TM,LU,
TM,MO,
TM,MG,
TM,MW,
TM,MY,
TM,MV,
TM,ML,
TM,MT,
TM,MH,
TM,MR,
TM,MU,
TM,MX,
TM,FM,
TM,MD,
TM,MC,
TM,MN,
TM,ME,
TM,MA,
TM,MZ,
TM,MM,
TM,NA,
TM,NR,
TM,NP,
TM,NL,
TM,NZ,
TM,NI,
TM,NE,
TM,NG,
TM,KP,
TM,MK,
TM,NO,
TM,OM,
TM,PK,
TM,PW,
TM,PS,
TM,PA,
TM,PG,
TM,PY,
TM,PE,
TM,PH,
TM,PL,
TM,PT,
TM,QA,
TM,RO,
TM,RU,
TM,RW,
TM,KN,
TM,LC,
TM,WS,
TM,SM,
TM,ST,
TM,SA,
TM,SN,
TM,RS,
TM,SC,
TM,SL,
TM,SG,
TM,SK,
TM,SI,
TM,SB,
TM,SO,
TM,ZA,
TM,KR,
TM,SS,
TM,ES,
TM,LK,
TM,VC,
TM,SD,
TM,SR,
TM,SE,
TM,CH,
TM,SY,
TM,TW,
TM,TJ,
TM,TZ,
TM,TH,
TM,TL,
TM,TG,
TM,TO,
TM,TT,
TM,TN,
TM,TM,-1
TM,TV,
TM,TR,
TM,UG,
TM,UA,
TM,AE,
TM,GB,
TM,US,
TM,UY,
TM,UZ,
TM,VU,
TM,VA,
TM,VE,
TM,VN,
TM,YE,
TM,ZM,
TM,ZW,
TM,AF,
TV,AL,
TV,DZ,
TV,AD,
TV,AO,
TV,AG,
TV,AR,
TV,AM,
TV,AU,
TV,AT,
TV,AZ,
TV,BS,
TV,BH,
TV,BD,
TV,BB,
TV,BY,
TV,BE,
TV,BZ,
TV,BJ,
TV,BT,
TV,BO,
TV,BA,
TV,BW,
TV,BR,
TV,BN,
TV,BG,
TV,BF,
TV,BI,
TV,KH,
TV,CM,
TV,CA,
TV,CV,
TV,CF,
TV,TD,
TV,CL,
TV,CN,
TV,CO,
TV,KM,
TV,CG,
TV,CD,
TV,CR,
TV,CI,
TV,HR,
TV,CU,
TV,CY,
TV,CZ,
TV,DK,
TV,DJ,
TV,DM,
TV,DO,
TV,EC,
TV,EG,
TV,SV,
TV,GQ,
TV,ER,
TV,EE,
TV,SZ,
TV,ET,
TV,FJ,
TV,FI,
TV,FR,
TV,GA,
TV,GM,
TV,GE,
TV,DE,
TV,GH,
TV,GR,
TV,GD,
TV,GT,
TV,GN,
TV,GW,
TV,GY,
TV,HT,
TV,HN,
TV,HK,
TV,HU,
TV,IS,
TV,IN,
TV,ID,
TV,IR,
TV,IQ,
TV,IE,
TV,IL,
TV,IT,
TV,JM,
TV,JP,
TV,JO,
TV,KZ,
TV,KE,
TV,KI,
TV,XK,
TV,KW,
TV,KG,
TV,LA,
TV,LV,
TV,LB,
TV,LS,
TV,LR,
TV,LY,
TV,LI,
TV,LT,
TV,LU,
TV,MO,
TV,MG,
TV,MW,
TV,MY,
TV,MV,
TV,ML,
TV,MT,
TV,MH,
TV,MR,
TV,MU,
TV,MX,
TV,FM,
TV,MD,
TV,MC,
TV,MN,
TV,ME,
TV,MA,
TV,MZ,
TV,MM,
TV,NA,
TV,NR,
TV,NP,
TV,NL,
TV,NZ,
TV,NI,
TV,NE,
TV,NG,
TV,KP,
TV,MK,
TV,NO,
TV,OM,
TV,PK,
TV,PW,
TV,PS,
TV,PA,
TV,PG,
TV,PY,
TV,PE,
TV,PH,
TV,PL,
TV,PT,
TV,QA,
TV,RO,
TV,RU,
TV,RW,
TV,KN,
TV,LC,
TV,WS,
TV,SM,
TV,ST,
TV,SA,
TV,SN,
TV,RS,
TV,SC,
TV,SL,
TV,SG,
TV,SK,
TV,SI,
TV,SB,
TV,SO,
TV,ZA,
TV,KR,
TV,SS,
TV,ES,
TV,LK,
TV,VC,
TV,SD,
TV,SR,
TV,SE,
TV,CH,
TV,SY,
TV,TW,
TV,TJ,
TV,TZ,
TV,TH,
TV,TL,
TV,TG,
TV,TO,
TV,TT,
TV,TN,
TV,TM,
TV,TV,-1
TV,TR,
TV,UG,
TV,UA,
TV,AE,
TV,GB,
TV,US,
TV,UY,
TV,UZ,
TV,VU,
TV,VA,
TV,VE,
TV,VN,
TV,YE,
TV,ZM,
TV,ZW,
TV,AF,
UG,AL,
UG,DZ,
UG,AD,
UG,AO,
UG,AG,
UG,AR,
UG,AM,
UG,AU,
UG,AT,
UG,AZ,
UG,BS,
UG,BH,
UG,BD,
UG,BB,
UG,BY,
UG,BE,
UG,BZ,
UG,BJ,
UG,BT,
UG,BO,
UG,BA,
UG,BW,
UG,BR,
UG,BN,
UG,BG,
UG,BF,
UG,BI,
UG,KH,
UG,CM,
UG,CA,
UG,CV,
UG,CF,
UG,TD,
UG,CL,
UG,CN,
UG,CO,
UG,KM,
UG,CG,
UG,CD,
UG,CR,
UG,CI,
UG,HR,
UG,CU,
UG,CY,
UG,CZ,
UG,DK,
UG,DJ,
UG,DM,
UG,DO,
UG,EC,
UG,EG,
UG,SV,
UG,GQ,
UG,ER,
UG,EE,
UG,SZ,
UG,ET,
UG,FJ,
UG,FI,
UG,FR,
UG,GA,
UG,GM,
UG,GE,
UG,DE,
UG,GH,
UG,GR,
UG,GD,
UG,GT,
UG,GN,
UG,GW,
UG,GY,
UG,HT,
UG,HN,
UG,HK,
UG,HU,
UG,IS,
UG,IN,
UG,ID,
UG,IR,
UG,IQ,
UG,IE,
UG,IL,
UG,IT,
UG,JM,
UG,JP,
UG,JO,
UG,KZ,
UG,KE,
UG,KI,
UG,XK,
UG,KW,
UG,KG,
UG,LA,
UG,LV,
UG,LB,
UG,LS,
UG,LR,
UG,LY,
UG,LI,
UG,LT,
UG,LU,
UG,MO,
UG,MG,
UG,MW,
UG,MY,
UG,MV,
UG,ML,
UG,MT,
UG,MH,
UG,MR,
UG,MU,
UG,MX,
UG,FM,
UG,MD,
UG,MC,
UG,MN,
UG,ME,
UG,MA,
UG,MZ,
UG,MM,
UG,NA,
UG,NR,
UG,NP,
UG,NL,
UG,NZ,
UG,NI,
UG,NE,
UG,NG,
UG,KP,
UG,MK,
UG,NO,
UG,OM,
UG,PK,
UG,PW,
UG,PS,
UG,PA,
UG,PG,
UG,PY,
UG,PE,
UG,PH,
UG,PL,
UG,PT,
UG,QA,
UG,RO,
UG,RU,
UG,RW,
UG,KN,
UG,LC,
UG,WS,
UG,SM,
UG,ST,
UG,SA,
UG,SN,
UG,RS,
UG,SC,
UG,SL,
UG,SG,
UG,SK,
UG,SI,
UG,SB,
UG,SO,
UG,ZA,
UG,KR,
UG,SS,
UG,ES,
UG,LK,
UG,VC,
UG,SD,
UG,SR,
UG,SE,
UG,CH,
UG,SY,
UG,TW,
UG,TJ,
UG,TZ,
UG,TH,
UG,TL,
UG,TG,
UG,TO,
UG,TT,
UG,TN,
UG,TM,
UG,TV,
UG,TR,
UG,UG,-1
UG,UA,
UG,AE,
UG,GB,
UG,US,
UG,UY,
UG,UZ,
UG,VU,
UG,VA,
UG,VE,
UG,VN,
UG,YE,
UG,ZM,
UG,ZW,
UG,AF,
UA,AL,
UA,DZ,
UA,AD,
UA,AO,
UA,AG,
UA,AR,
UA,AM,
UA,AU,
UA,AT,
UA,AZ,
UA,BS,
UA,BH,
UA,BD,
UA,BB,
UA,BY,
UA,BE,
UA,BZ,
UA,BJ,
UA,BT,
UA,BO,
UA,BA,
UA,BW,
UA,BR,
UA,BN,
UA,BG,
UA,BF,
UA,BI,
UA,KH,
UA,CM,
UA,CA,
UA,CV,
UA,CF,
UA,TD,
UA,CL,
UA,CN,
UA,CO,
UA,KM,
UA,CG,
UA,CD,
UA,CR,
UA,CI,
UA,HR,
UA,CU,
UA,CY,
UA,CZ,
UA,DK,
UA,DJ,
UA,DM,
UA,DO,
UA,EC,
UA,EG,
UA,SV,
UA,GQ,
UA,ER,
UA,EE,
UA,SZ,
UA,ET,
UA,FJ,
UA,FI,
UA,FR,
UA,GA,
UA,GM,
UA,GE,
UA,DE,
UA,GH,
UA,GR,
UA,GD,
UA,GT,
UA,GN,
UA,GW,
UA,GY,
UA,HT,
UA,HN,
UA,HK,
UA,HU,
UA,IS,
UA,IN,
UA,ID,
UA,IR,
UA,IQ,
UA,IE,
UA,IL,
UA,IT,
UA,JM,
UA,JP,
UA,JO,
UA,KZ,
UA,KE,
UA,KI,
UA,XK,
UA,KW,
UA,KG,
UA,LA,
UA,LV,
UA,LB,
UA,LS,
UA,LR,
UA,LY,
UA,LI,
UA,LT,
UA,LU,
UA,MO,
UA,MG,
UA,MW,
UA,MY,
UA,MV,
UA,ML,
UA,MT,
UA,MH,
UA,MR,
UA,MU,
UA,MX,
UA,FM,
UA,MD,
UA,MC,
UA,MN,
UA,ME,
UA,MA,
UA,MZ,
UA,MM,
UA,NA,
UA,NR,
UA,NP,
UA,NL,
UA,NZ,
UA,NI,
UA,NE,
UA,NG,
UA,KP,
UA,MK,
UA,NO,
UA,OM,
UA,PK,
UA,PW,
UA,PS,
UA,PA,
UA,PG,
UA,PY,
UA,PE,
UA,PH,
UA,PL,
UA,PT,
UA,QA,
UA,RO,
UA,RU,
UA,RW,
UA,KN,
UA,LC,
UA,WS,
UA,SM,
UA,ST,
UA,SA,
UA,SN,
UA,RS,
UA,SC,
UA,SL,
UA,SG,
UA,SK,
UA,SI,
UA,SB,
UA,SO,
UA,ZA,
UA,KR,
UA,SS,
UA,ES,
UA,LK,
UA,VC,
UA,SD,
UA,SR,
UA,SE,
UA,CH,
UA,SY,
UA,TW,
UA,TJ,
UA,TZ,
UA,TH,
UA,TL,
UA,TG,
UA,TO,
UA,TT,
UA,TN,
UA,TM,
UA,TV,
UA,TR,
UA,UG,
UA,UA,-1
UA,AE,
UA,GB,
UA,US,
UA,UY,
UA,UZ,
UA,VU,
UA,VA,
UA,VE,
UA,VN,
UA,YE,
UA,ZM,
UA,ZW,
UA,AF,
AE,AL,
AE,DZ,
AE,AD,
AE,AO,
AE,AG,
AE,AR,
AE,AM,
AE,AU,
AE,AT,
AE,AZ,
AE,BS,
AE,BH,
AE,BD,
AE,BB,
AE,BY,
AE,BE,
AE,BZ,
AE,BJ,
AE,BT,
AE,BO,
AE,BA,
AE,BW,
AE,BR,
AE,BN,
AE,BG,
AE,BF,
AE,BI,
AE,KH,
AE,CM,
AE,CA,
AE,CV,
AE,CF,
AE,TD,
AE,CL,
AE,CN,
AE,CO,
AE,KM,
AE,CG,
AE,CD,
AE,CR,
AE,CI,
AE,HR,
AE,CU,
AE,CY,
AE,CZ,
AE,DK,
AE,DJ,
AE,DM,
AE,DO,
AE,EC,
AE,EG,
AE,SV,
AE,GQ,
AE,ER,
AE,EE,
AE,SZ,
AE,ET,
AE,FJ,
AE,FI,
AE,FR,
AE,GA,
AE,GM,
AE,GE,
AE,DE,
AE,GH,
AE,GR,
AE,GD,
AE,GT,
AE,GN,
AE,GW,
AE,GY,
AE,HT,
AE,HN,
AE,HK,
AE,HU,
AE,IS,
AE,IN,
AE,ID,
AE,IR,
AE,IQ,
AE,IE,
AE,IL,
AE,IT,
AE,JM,
AE,JP,
AE,JO,
AE,KZ,
AE,KE,
AE,KI,
AE,XK,
AE,KW,
AE,KG,
AE,LA,
AE,LV,
AE,LB,
AE,LS,
AE,LR,
AE,LY,
AE,LI,
AE,LT,
AE,LU,
AE,MO,
AE,MG,
AE,MW,
AE,MY,
AE,MV,
AE,ML,
AE,MT,
AE,MH,
AE,MR,
AE,MU,
AE,MX,
AE,FM,
AE,MD,
AE,MC,
AE,MN,
AE,ME,
AE,MA,
AE,MZ,
AE,MM,
AE,NA,
AE,NR,
AE,NP,
AE,NL,
AE,NZ,
AE,NI,
AE,NE,
AE,NG,
AE,KP,
AE,MK,
AE,NO,
AE,OM,
AE,PK,
AE,PW,
AE,PS,
AE,PA,
AE,PG,
AE,PY,
AE,PE,
AE,PH,
AE,PL,
AE,PT,
AE,QA,
AE,RO,
AE,RU,
AE,RW,
AE,KN,
AE,LC,
AE,WS,
AE,SM,
AE,ST,
AE,SA,
AE,SN,
AE,RS,
AE,SC,
AE,SL,
AE,SG,
AE,SK,
AE,SI,
AE,SB,
AE,SO,
AE,ZA,
AE,KR,
AE,SS,
AE,ES,
AE,LK,
AE,VC,
AE,SD,
AE,SR,
AE,SE,
AE,CH,
AE,SY,
AE,TW,
AE,TJ,
AE,TZ,
AE,TH,
AE,TL,
AE,TG,
AE,TO,
AE,TT,
AE,TN,
AE,TM,
AE,TV,
AE,TR,
AE,UG,
AE,UA,
AE,AE,-1
AE,GB,
AE,US,
AE,UY,
AE,UZ,
AE,VU,
AE,VA,
AE,VE,
AE,VN,
AE,YE,
AE,ZM,
AE,ZW,
AE,AF,
GB,AL,
GB,DZ,
GB,AD,
GB,AO,
GB,AG,
GB,AR,
GB,AM,
GB,AU,
GB,AT,
GB,AZ,
GB,BS,
GB,BH,
GB,BD,
GB,BB,
GB,BY,
GB,BE,
GB,BZ,
GB,BJ,
GB,BT,
GB,BO,
GB,BA,
GB,BW,
GB,BR,
GB,BN,
GB,BG,
GB,BF,
GB,BI,
GB,KH,
GB,CM,
GB,CA,
GB,CV,
GB,CF,
GB,TD,
GB,CL,
GB,CN,
GB,CO,
GB,KM,
GB,CG,
GB,CD,
GB,CR,
GB,CI,
GB,HR,
GB,CU,
GB,CY,
GB,CZ,
GB,DK,
GB,DJ,
GB,DM,
GB,DO,
GB,EC,
GB,EG,
GB,SV,
GB,GQ,
GB,ER,
GB,EE,
GB,SZ,
GB,ET,
GB,FJ,
GB,FI,
GB,FR,
GB,GA,
GB,GM,
GB,GE,
GB,DE,
GB,GH,
GB,GR,
GB,GD,
GB,GT,
GB,GN,
GB,GW,
GB,GY,
GB,HT,
GB,HN,
GB,HK,
GB,HU,
GB,IS,
GB,IN,
GB,ID,
GB,IR,
GB,IQ,
GB,IE,
GB,IL,
GB,IT,
GB,JM,
GB,JP,
GB,JO,
GB,KZ,
GB,KE,
GB,KI,
GB,XK,
GB,KW,
GB,KG,
GB,LA,
GB,LV,
GB,LB,
GB,LS,
GB,LR,
GB,LY,
GB,LI,
GB,LT,
GB,LU,
GB,MO,
GB,MG,
GB,MW,
GB,MY,
GB,MV,
GB,ML,
GB,MT,
GB,MH,
GB,MR,
GB,MU,
GB,MX,
GB,FM,
GB,MD,
GB,MC,
GB,MN,
GB,ME,
GB,MA,
GB,MZ,
GB,MM,
GB,NA,
GB,NR,
GB,NP,
GB,NL,
GB,NZ,
GB,NI,
GB,NE,
GB,NG,
GB,KP,
GB,MK,
GB,NO,
GB,OM,
GB,PK,
GB,PW,
GB,PS,
GB,PA,
GB,PG,
GB,PY,
GB,PE,
GB,PH,
GB,PL,
GB,PT,
GB,QA,
GB,RO,
GB,RU,
GB,RW,
GB,KN,
GB,LC,
GB,WS,
GB,SM,
GB,ST,
GB,SA,
GB,SN,
GB,RS,
GB,SC,
GB,SL,
GB,SG,
GB,SK,
GB,SI,
GB,SB,
GB,SO,
GB,ZA,
GB,KR,
GB,SS,
GB,ES,
GB,LK,
GB,VC,
GB,SD,
GB,SR,
GB,SE,
GB,CH,
GB,SY,
GB,TW,
GB,TJ,
GB,TZ,
GB,TH,
GB,TL,
GB,TG,
GB,TO,
GB,TT,
GB,TN,
GB,TM,
GB,TV,
GB,TR,
GB,UG,
GB,UA,
GB,AE,
GB,GB,-1
GB,US,
GB,UY,
GB,UZ,
GB,VU,
GB,VA,
GB,VE,
GB,VN,
GB,YE,
GB,ZM,
GB,ZW,
GB,AF,
US,AL,
US,DZ,
US,AD,
US,AO,
US,AG,
US,AR,
US,AM,
US,AU,
US,AT,
US,AZ,
US,BS,
US,BH,
US,BD,
US,BB,
US,BY,
US,BE,
US,BZ,
US,BJ,
US,BT,
US,BO,
US,BA,
US,BW,
US,BR,
US,BN,
US,BG,
US,BF,
US,BI,
US,KH,
US,CM,
US,CA,
US,CV,
US,CF,
US,TD,
US,CL,
US,CN,
US,CO,
US,KM,
US,CG,
US,CD,
US,CR,
US,CI,
US,HR,
US,CU,
US,CY,
US,CZ,
US,DK,
US,DJ,
US,DM,
US,DO,
US,EC,
US,EG,
US,SV,
US,GQ,
US,ER,
US,EE,
US,SZ,
US,ET,
US,FJ,
US,FI,
US,FR,
US,GA,
US,GM,
US,GE,
US,DE,
US,GH,
US,GR,
US,GD,
US,GT,
US,GN,
US,GW,
US,GY,
US,HT,
US,HN,
US,HK,
US,HU,
US,IS,
US,IN,
US,ID,
US,IR,
US,IQ,
US,IE,
US,IL,
US,IT,
US,JM,
US,JP,
US,JO,
US,KZ,
US,KE,
US,KI,
US,XK,
US,KW,
US,KG,
US,LA,
US,LV,
US,LB,
US,LS,
US,LR,
US,LY,
US,LI,
US,LT,
US,LU,
US,MO,
US,MG,
US,MW,
US,MY,
US,MV,
US,ML,
US,MT,
US,MH,
US,MR,
US,MU,
US,MX,
US,FM,
US,MD,
US,MC,
US,MN,
US,ME,
US,MA,
US,MZ,
US,MM,
US,NA,
US,NR,
US,NP,
US,NL,
US,NZ,
US,NI,
US,NE,
US,NG,
US,KP,
US,MK,
US,NO,
US,OM,
US,PK,
US,PW,
US,PS,
US,PA,
US,PG,
US,PY,
US,PE,
US,PH,
US,PL,
US,PT,
US,QA,
US,RO,
US,RU,
US,RW,
US,KN,
US,LC,
US,WS,
US,SM,
US,ST,
US,SA,
US,SN,
US,RS,
US,SC,
US,SL,
US,SG,
US,SK,
US,SI,
US,SB,
US,SO,
US,ZA,
US,KR,
US,SS,
US,ES,
US,LK,
US,VC,
US,SD,
US,SR,
US,SE,
US,CH,
US,SY,
US,TW,
US,TJ,
US,TZ,
US,TH,
US,TL,
US,TG,
US,TO,
US,TT,
US,TN,
US,TM,
US,TV,
US,TR,
US,UG,
US,UA,
US,AE,
US,GB,
US,US,-1
US,UY,
US,UZ,
US,VU,
US,VA,
US,VE,
US,VN,
US,YE,
US,ZM,
US,ZW,
US,AF,
UY,AL,
UY,DZ,
UY,AD,
UY,AO,
UY,AG,
UY,AR,
UY,AM,
UY,AU,
UY,AT,
UY,AZ,
UY,BS,
UY,BH,
UY,BD,
UY,BB,
UY,BY,
UY,BE,
UY,BZ,
UY,BJ,
UY,BT,
UY,BO,
UY,BA,
UY,BW,
UY,BR,
UY,BN,
UY,BG,
UY,BF,
UY,BI,
UY,KH,
UY,CM,
UY,CA,
UY,CV,
UY,CF,
UY,TD,
UY,CL,
UY,CN,
UY,CO,
UY,KM,
UY,CG,
UY,CD,
UY,CR,
UY,CI,
UY,HR,
UY,CU,
UY,CY,
UY,CZ,
UY,DK,
UY,DJ,
UY,DM,
UY,DO,
UY,EC,
UY,EG,
UY,SV,
UY,GQ,
UY,ER,
UY,EE,
UY,SZ,
UY,ET,
UY,FJ,
UY,FI,
UY,FR,
UY,GA,
UY,GM,
UY,GE,
UY,DE,
UY,GH,
UY,GR,
UY,GD,
UY,GT,
UY,GN,
UY,GW,
UY,GY,
UY,HT,
UY,HN,
UY,HK,
UY,HU,
UY,IS,
UY,IN,
UY,ID,
UY,IR,
UY,IQ,
UY,IE,
UY,IL,
UY,IT,
UY,JM,
UY,JP,
UY,JO,
UY,KZ,
UY,KE,
UY,KI,
UY,XK,
UY,KW,
UY,KG,
UY,LA,
UY,LV,
UY,LB,
UY,LS,
UY,LR,
UY,LY,
UY,LI,
UY,LT,
UY,LU,
UY,MO,
UY,MG,
UY,MW,
UY,MY,
UY,MV,
UY,ML,
UY,MT,
UY,MH,
UY,MR,
UY,MU,
UY,MX,
UY,FM,
UY,MD,
UY,MC,
UY,MN,
UY,ME,
UY,MA,
UY,MZ,
UY,MM,
UY,NA,
UY,NR,
UY,NP,
UY,NL,
UY,NZ,
UY,NI,
UY,NE,
UY,NG,
UY,KP,
UY,MK,
UY,NO,
UY,OM,
UY,PK,
UY,PW,
UY,PS,
UY,PA,
UY,PG,
UY,PY,
UY,PE,
UY,PH,
UY,PL,
UY,PT,
UY,QA,
UY,RO,
UY,RU,
UY,RW,
UY,KN,
UY,LC,
UY,WS,
UY,SM,
UY,ST,
UY,SA,
UY,SN,
UY,RS,
UY,SC,
UY,SL,
UY,SG,
UY,SK,
UY,SI,
UY,SB,
UY,SO,
UY,ZA,
UY,KR,
UY,SS,
UY,ES,
UY,LK,
UY,VC,
UY,SD,
UY,SR,
UY,SE,
UY,CH,
UY,SY,
UY,TW,
UY,TJ,
UY,TZ,
UY,TH,
UY,TL,
UY,TG,
UY,TO,
UY,TT,
UY,TN,
UY,TM,
UY,TV,
UY,TR,
UY,UG,
UY,UA,
UY,AE,
UY,GB,
UY,US,
UY,UY,-1
UY,UZ,
UY,VU,
UY,VA,
UY,VE,
UY,VN,
UY,YE,
UY,ZM,
UY,ZW,
UY,AF,
UZ,AL,
UZ,DZ,
UZ,AD,
UZ,AO,
UZ,AG,
UZ,AR,
UZ,AM,
UZ,AU,
UZ,AT,
UZ,AZ,
UZ,BS,
UZ,BH,
UZ,BD,
UZ,BB,
UZ,BY,
UZ,BE,
UZ,BZ,
UZ,BJ,
UZ,BT,
UZ,BO,
UZ,BA,
UZ,BW,
UZ,BR,
UZ,BN,
UZ,BG,
UZ,BF,
UZ,BI,
UZ,KH,
UZ,CM,
UZ,CA,
UZ,CV,
UZ,CF,
UZ,TD,
UZ,CL,
UZ,CN,
UZ,CO,
UZ,KM,
UZ,CG,
UZ,CD,
UZ,CR,
UZ,CI,
UZ,HR,
UZ,CU,
UZ,CY,
UZ,CZ,
UZ,DK,
UZ,DJ,
UZ,DM,
UZ,DO,
UZ,EC,
UZ,EG,
UZ,SV,
UZ,GQ,
UZ,ER,
UZ,EE,
UZ,SZ,
UZ,ET,
UZ,FJ,
UZ,FI,
UZ,FR,
UZ,GA,
UZ,GM,
UZ,GE,
UZ,DE,
UZ,GH,
UZ,GR,
UZ,GD,
UZ,GT,
UZ,GN,
UZ,GW,
UZ,GY,
UZ,HT,
UZ,HN,
UZ,HK,
UZ,HU,
UZ,IS,
UZ,IN,
UZ,ID,
UZ,IR,
UZ,IQ,
UZ,IE,
UZ,IL,
UZ,IT,
UZ,JM,
UZ,JP,
UZ,JO,
UZ,KZ,
UZ,KE,
UZ,KI,
UZ,XK,
UZ,KW,
UZ,KG,
UZ,LA,
UZ,LV,
UZ,LB,
UZ,LS,
UZ,LR,
UZ,LY,
UZ,LI,
UZ,LT,
UZ,LU,
UZ,MO,
UZ,MG,
UZ,MW,
UZ,MY,
UZ,MV,
UZ,ML,
UZ,MT,
UZ,MH,
UZ,MR,
UZ,MU,
UZ,MX,
UZ,FM,
UZ,MD,
UZ,MC,
UZ,MN,
UZ,ME,
UZ,MA,
UZ,MZ,
UZ,MM,
UZ,NA,
UZ,NR,
UZ,NP,
UZ,NL,
UZ,NZ,
UZ,NI,
UZ,NE,
UZ,NG,
UZ,KP,
UZ,MK,
UZ,NO,
UZ,OM,
UZ,PK,
UZ,PW,
UZ,PS,
UZ,PA,
UZ,PG,
UZ,PY,
UZ,PE,
UZ,PH,
UZ,PL,
UZ,PT,
UZ,QA,
UZ,RO,
UZ,RU,
UZ,RW,
UZ,KN,
UZ,LC,
UZ,WS,
UZ,SM,
UZ,ST,
UZ,SA,
UZ,SN,
UZ,RS,
UZ,SC,
UZ,SL,
UZ,SG,
UZ,SK,
UZ,SI,
UZ,SB,
UZ,SO,
UZ,ZA,
UZ,KR,
UZ,SS,
UZ,ES,
UZ,LK,
UZ,VC,
UZ,SD,
UZ,SR,
UZ,SE,
UZ,CH,
UZ,SY,
UZ,TW,
UZ,TJ,
UZ,TZ,
UZ,TH,
UZ,TL,
UZ,TG,
UZ,TO,
UZ,TT,
UZ,TN,
UZ,TM,
UZ,TV,
UZ,TR,
UZ,UG,
UZ,UA,
UZ,AE,
UZ,GB,
UZ,US,
UZ,UY,
UZ,UZ,-1
UZ,VU,
UZ,VA,
UZ,VE,
UZ,VN,
UZ,YE,
UZ,ZM,
UZ,ZW,
UZ,AF,
VU,AL,
VU,DZ,
VU,AD,
VU,AO,
VU,AG,
VU,AR,
VU,AM,
VU,AU,
VU,AT,
VU,AZ,
VU,BS,
VU,BH,
VU,BD,
VU,BB,
VU,BY,
VU,BE,
VU,BZ,
VU,BJ,
VU,BT,
VU,BO,
VU,BA,
VU,BW,
VU,BR,
VU,BN,
VU,BG,
VU,BF,
VU,BI,
VU,KH,
VU,CM,
VU,CA,
VU,CV,
VU,CF,
VU,TD,
VU,CL,
VU,CN,
VU,CO,
VU,KM,
VU,CG,
VU,CD,
VU,CR,
VU,CI,
VU,HR,
VU,CU,
VU,CY,
VU,CZ,
VU,DK,
VU,DJ,
VU,DM,
VU,DO,
VU,EC,
VU,EG,
VU,SV,
VU,GQ,
VU,ER,
VU,EE,
VU,SZ,
VU,ET,
VU,FJ,
VU,FI,
VU,FR,
VU,GA,
VU,GM,
VU,GE,
VU,DE,
VU,GH,
VU,GR,
VU,GD,
VU,GT,
VU,GN,
VU,GW,
VU,GY,
VU,HT,
VU,HN,
VU,HK,
VU,HU,
VU,IS,
VU,IN,
VU,ID,
VU,IR,
VU,IQ,
VU,IE,
VU,IL,
VU,IT,
VU,JM,
VU,JP,
VU,JO,
VU,KZ,
VU,KE,
VU,KI,
VU,XK,
VU,KW,
VU,KG,
VU,LA,
VU,LV,
VU,LB,
VU,LS,
VU,LR,
VU,LY,
VU,LI,
VU,LT,
VU,LU,
VU,MO,
VU,MG,
VU,MW,
VU,MY,
VU,MV,
VU,ML,
VU,MT,
VU,MH,
VU,MR,
VU,MU,
VU,MX,
VU,FM,
VU,MD,
VU,MC,
VU,MN,
VU,ME,
VU,MA,
VU,MZ,
VU,MM,
VU,NA,
VU,NR,
VU,NP,
VU,NL,
VU,NZ,
VU,NI,
VU,NE,
VU,NG,
VU,KP,
VU,MK,
VU,NO,
VU,OM,
VU,PK,
VU,PW,
VU,PS,
VU,PA,
VU,PG,
VU,PY,
VU,PE,
VU,PH,
VU,PL,
VU,PT,
VU,QA,
VU,RO,
VU,RU,
VU,RW,
VU,KN,
VU,LC,
VU,WS,
VU,SM,
VU,ST,
VU,SA,
VU,SN,
VU,RS,
VU,SC,
VU,SL,
VU,SG,
VU,SK,
VU,SI,
VU,SB,
VU,SO,
VU,ZA,
VU,KR,
VU,SS,
VU,ES,
VU,LK,
VU,VC,
VU,SD,
VU,SR,
VU,SE,
VU,CH,
VU,SY,
VU,TW,
VU,TJ,
VU,TZ,
VU,TH,
VU,TL,
VU,TG,
VU,TO,
VU,TT,
VU,TN,
VU,TM,
VU,TV,
VU,TR,
VU,UG,
VU,UA,
VU,AE,
VU,GB,
VU,US,
VU,UY,
VU,UZ,
VU,VU,-1
VU,VA,
VU,VE,
VU,VN,
VU,YE,
VU,ZM,
VU,ZW,
VU,AF,
VA,AL,
VA,DZ,
VA,AD,
VA,AO,
VA,AG,
VA,AR,
VA,AM,
VA,AU,
VA,AT,
VA,AZ,
VA,BS,
VA,BH,
VA,BD,
VA,BB,
VA,BY,
VA,BE,
VA,BZ,
VA,BJ,
VA,BT,
VA,BO,
VA,BA,
VA,BW,
VA,BR,
VA,BN,
VA,BG,
VA,BF,
VA,BI,
VA,KH,
VA,CM,
VA,CA,
VA,CV,
VA,CF,
VA,TD,
VA,CL,
VA,CN,
VA,CO,
VA,KM,
VA,CG,
VA,CD,
VA,CR,
VA,CI,
VA,HR,
VA,CU,
VA,CY,
VA,CZ,
VA,DK,
VA,DJ,
VA,DM,
VA,DO,
VA,EC,
VA,EG,
VA,SV,
VA,GQ,
VA,ER,
VA,EE,
VA,SZ,
VA,ET,
VA,FJ,
VA,FI,
VA,FR,
VA,GA,
VA,GM,
VA,GE,
VA,DE,
VA,GH,
VA,GR,
VA,GD,
VA,GT,
VA,GN,
VA,GW,
VA,GY,
VA,HT,
VA,HN,
VA,HK,
VA,HU,
VA,IS,
VA,IN,
VA,ID,
VA,IR,
VA,IQ,
VA,IE,
VA,IL,
VA,IT,
VA,JM,
VA,JP,
VA,JO,
VA,KZ,
VA,KE,
VA,KI,
VA,XK,
VA,KW,
VA,KG,
VA,LA,
VA,LV,
VA,LB,
VA,LS,
VA,LR,
VA,LY,
VA,LI,
VA,LT,
VA,LU,
VA,MO,
VA,MG,
VA,MW,
VA,MY,
VA,MV,
VA,ML,
VA,MT,
VA,MH,
VA,MR,
VA,MU,
VA,MX,
VA,FM,
VA,MD,
VA,MC,
VA,MN,
VA,ME,
VA,MA,
VA,MZ,
VA,MM,
VA,NA,
VA,NR,
VA,NP,
VA,NL,
VA,NZ,
VA,NI,
VA,NE,
VA,NG,
VA,KP,
VA,MK,
VA,NO,
VA,OM,
VA,PK,
VA,PW,
VA,PS,
VA,PA,
VA,PG,
VA,PY,
VA,PE,
VA,PH,
VA,PL,
VA,PT,
VA,QA,
VA,RO,
VA,RU,
VA,RW,
VA,KN,
VA,LC,
VA,WS,
VA,SM,
VA,ST,
VA,SA,
VA,SN,
VA,RS,
VA,SC,
VA,SL,
VA,SG,
VA,SK,
VA,SI,
VA,SB,
VA,SO,
VA,ZA,
VA,KR,
VA,SS,
VA,ES,
VA,LK,
VA,VC,
VA,SD,
VA,SR,
VA,SE,
VA,CH,
VA,SY,
VA,TW,
VA,TJ,
VA,TZ,
VA,TH,
VA,TL,
VA,TG,
VA,TO,
VA,TT,
VA,TN,
VA,TM,
VA,TV,
VA,TR,
VA,UG,
VA,UA,
VA,AE,
VA,GB,
VA,US,
VA,UY,
VA,UZ,
VA,VU,
VA,VA,-1
VA,VE,
VA,VN,
VA,YE,
VA,ZM,
VA,ZW,
VA,AF,
VE,AL,
VE,DZ,
VE,AD,
VE,AO,
VE,AG,
VE,AR,
VE,AM,
VE,AU,
VE,AT,
VE,AZ,
VE,BS,
VE,BH,
VE,BD,
VE,BB,
VE,BY,
VE,BE,
VE,BZ,
VE,BJ,
VE,BT,
VE,BO,
VE,BA,
VE,BW,
VE,BR,
VE,BN,
VE,BG,
VE,BF,
VE,BI,
VE,KH,
VE,CM,
VE,CA,
VE,CV,
VE,CF,
VE,TD,
VE,CL,
VE,CN,
VE,CO,
VE,KM,
VE,CG,
VE,CD,
VE,CR,
VE,CI,
VE,HR,
VE,CU,
VE,CY,
VE,CZ,
VE,DK,
VE,DJ,
VE,DM,
VE,DO,
VE,EC,
VE,EG,
VE,SV,
VE,GQ,
VE,ER,
VE,EE,
VE,SZ,
VE,ET,
VE,FJ,
VE,FI,
VE,FR,
VE,GA,
VE,GM,
VE,GE,
VE,DE,
VE,GH,
VE,GR,
VE,GD,
VE,GT,
VE,GN,
VE,GW,
VE,GY,
VE,HT,
VE,HN,
VE,HK,
VE,HU,
VE,IS,
VE,IN,
VE,ID,
VE,IR,
VE,IQ,
VE,IE,
VE,IL,
VE,IT,
VE,JM,
VE,JP,
VE,JO,
VE,KZ,
VE,KE,
VE,KI,
VE,XK,
VE,KW,
VE,KG,
VE,LA,
VE,LV,
VE,LB,
VE,LS,
VE,LR,
VE,LY,
VE,LI,
VE,LT,
VE,LU,
VE,MO,
VE,MG,
VE,MW,
VE,MY,
VE,MV,
VE,ML,
VE,MT,
VE,MH,
VE,MR,
VE,MU,
VE,MX,
VE,FM,
VE,MD,
VE,MC,
VE,MN,
VE,ME,
VE,MA,
VE,MZ,
VE,MM,
VE,NA,
VE,NR,
VE,NP,
VE,NL,
VE,NZ,
VE,NI,
VE,NE,
VE,NG,
VE,KP,
VE,MK,
VE,NO,
VE,OM,
VE,PK,
VE,PW,
VE,PS,
VE,PA,
VE,PG,
VE,PY,
VE,PE,
VE,PH,
VE,PL,
VE,PT,
VE,QA,
VE,RO,
VE,RU,
VE,RW,
VE,KN,
VE,LC,
VE,WS,
VE,SM,
VE,ST,
VE,SA,
VE,SN,
VE,RS,
VE,SC,
VE,SL,
VE,SG,
VE,SK,
VE,SI,
VE,SB,
VE,SO,
VE,ZA,
VE,KR,
VE,SS,
VE,ES,
VE,LK,
VE,VC,
VE,SD,
VE,SR,
VE,SE,
VE,CH,
VE,SY,
VE,TW,
VE,TJ,
VE,TZ,
VE,TH,
VE,TL,
VE,TG,
VE,TO,
VE,TT,
VE,TN,
VE,TM,
VE,TV,
VE,TR,
VE,UG,
VE,UA,
VE,AE,
VE,GB,
VE,US,
VE,UY,
VE,UZ,
VE,VU,
VE,VA,
VE,VE,-1
VE,VN,
VE,YE,
VE,ZM,
VE,ZW,
VE,AF,
VN,AL,
VN,DZ,
VN,AD,
VN,AO,
VN,AG,
VN,AR,
VN,AM,
VN,AU,
VN,AT,
VN,AZ,
VN,BS,
VN,BH,
VN,BD,
VN,BB,
VN,BY,
VN,BE,
VN,BZ,
VN,BJ,
VN,BT,
VN,BO,
VN,BA,
VN,BW,
VN,BR,
VN,BN,
VN,BG,
VN,BF,
VN,BI,
VN,KH,
VN,CM,
VN,CA,
VN,CV,
VN,CF,
VN,TD,
VN,CL,
VN,CN,
VN,CO,
VN,KM,
VN,CG,
VN,CD,
VN,CR,
VN,CI,
VN,HR,
VN,CU,
VN,CY,
VN,CZ,
VN,DK,
VN,DJ,
VN,DM,
VN,DO,
VN,EC,
VN,EG,
VN,SV,
VN,GQ,
VN,ER,
VN,EE,
VN,SZ,
VN,ET,
VN,FJ,
VN,FI,
VN,FR,
VN,GA,
VN,GM,
VN,GE,
VN,DE,
VN,GH,
VN,GR,
VN,GD,
VN,GT,
VN,GN,
VN,GW,
VN,GY,
VN,HT,
VN,HN,
VN,HK,
VN,HU,
VN,IS,
VN,IN,
VN,ID,
VN,IR,
VN,IQ,
VN,IE,
VN,IL,
VN,IT,
VN,JM,
VN,JP,
VN,JO,
VN,KZ,
VN,KE,
VN,KI,
VN,XK,
VN,KW,
VN,KG,
VN,LA,
VN,LV,
VN,LB,
VN,LS,
VN,LR,
VN,LY,
VN,LI,
VN,LT,
VN,LU,
VN,MO,
VN,MG,
VN,MW,
VN,MY,
VN,MV,
VN,ML,
VN,MT,
VN,MH,
VN,MR,
VN,MU,
VN,MX,
VN,FM,
VN,MD,
VN,MC,
VN,MN,
VN,ME,
VN,MA,
VN,MZ,
VN,MM,
VN,NA,
VN,NR,
VN,NP,
VN,NL,
VN,NZ,
VN,NI,
VN,NE,
VN,NG,
VN,KP,
VN,MK,
VN,NO,
VN,OM,
VN,PK,
VN,PW,
VN,PS,
VN,PA,
VN,PG,
VN,PY,
VN,PE,
VN,PH,
VN,PL,
VN,PT,
VN,QA,
VN,RO,
VN,RU,
VN,RW,
VN,KN,
VN,LC,
VN,WS,
VN,SM,
VN,ST,
VN,SA,
VN,SN,
VN,RS,
VN,SC,
VN,SL,
VN,SG,
VN,SK,
VN,SI,
VN,SB,
VN,SO,
VN,ZA,
VN,KR,
VN,SS,
VN,ES,
VN,LK,
VN,VC,
VN,SD,
VN,SR,
VN,SE,
VN,CH,
VN,SY,
VN,TW,
VN,TJ,
VN,TZ,
VN,TH,
VN,TL,
VN,TG,
VN,TO,
VN,TT,
VN,TN,
VN,TM,
VN,TV,
VN,TR,
VN,UG,
VN,UA,
VN,AE,
VN,GB,
VN,US,
VN,UY,
VN,UZ,
VN,VU,
VN,VA,
VN,VE,
VN,VN,-1
VN,YE,
VN,ZM,
VN,ZW,
VN,AF,
YE,AL,
YE,DZ,
YE,AD,
YE,AO,
YE,AG,
YE,AR,
YE,AM,
YE,AU,
YE,AT,
YE,AZ,
YE,BS,
YE,BH,
YE,BD,
YE,BB,
YE,BY,
YE,BE,
YE,BZ,
YE,BJ,
YE,BT,
YE,BO,
YE,BA,
YE,BW,
YE,BR,
YE,BN,
YE,BG,
YE,BF,
YE,BI,
YE,KH,
YE,CM,
YE,CA,
YE,CV,
YE,CF,
YE,TD,
YE,CL,
YE,CN,
YE,CO,
YE,KM,
YE,CG,
YE,CD,
YE,CR,
YE,CI,
YE,HR,
YE,CU,
YE,CY,
YE,CZ,
YE,DK,
YE,DJ,
YE,DM,
YE,DO,
YE,EC,
YE,EG,
YE,SV,
YE,GQ,
YE,ER,
YE,EE,
YE,SZ,
YE,ET,
YE,FJ,
YE,FI,
YE,FR,
YE,GA,
YE,GM,
YE,GE,
YE,DE,
YE,GH,
YE,GR,
YE,GD,
YE,GT,
YE,GN,
YE,GW,
YE,GY,
YE,HT,
YE,HN,
YE,HK,
YE,HU,
YE,IS,
YE,IN,
YE,ID,
YE,IR,
YE,IQ,
YE,IE,
YE,IL,
YE,IT,
YE,JM,
YE,JP,
YE,JO,
YE,KZ,
YE,KE,
YE,KI,
YE,XK,
YE,KW,
YE,KG,
YE,LA,
YE,LV,
YE,LB,
YE,LS,
YE,LR,
YE,LY,
YE,LI,
YE,LT,
YE,LU,
YE,MO,
YE,MG,
YE,MW,
YE,MY,
YE,MV,
YE,ML,
YE,MT,
YE,MH,
YE,MR,
YE,MU,
YE,MX,
YE,FM,
YE,MD,
YE,MC,
YE,MN,
YE,ME,
YE,MA,
YE,MZ,
YE,MM,
YE,NA,
YE,NR,
YE,NP,
YE,NL,
YE,NZ,
YE,NI,
YE,NE,
YE,NG,
YE,KP,
YE,MK,
YE,NO,
YE,OM,
YE,PK,
YE,PW,
YE,PS,
YE,PA,
YE,PG,
YE,PY,
YE,PE,
YE,PH,
YE,PL,
YE,PT,
YE,QA,
YE,RO,
YE,RU,
YE,RW,
YE,KN,
YE,LC,
YE,WS,
YE,SM,
YE,ST,
YE,SA,
YE,SN,
YE,RS,
YE,SC,
YE,SL,
YE,SG,
YE,SK,
YE,SI,
YE,SB,
YE,SO,
YE,ZA,
YE,KR,
YE,SS,
YE,ES,
YE,LK,
YE,VC,
YE,SD,
YE,SR,
YE,SE,
YE,CH,
YE,SY,
YE,TW,
YE,TJ,
YE,TZ,
YE,TH,
YE,TL,
YE,TG,
YE,TO,
YE,TT,
YE,TN,
YE,TM,
YE,TV,
YE,TR,
YE,UG,
YE,UA,
YE,AE,
YE,GB,
YE,US,
YE,UY,
YE,UZ,
YE,VU,
YE,VA,
YE,VE,
YE,VN,
YE,YE,-1
YE,ZM,
YE,ZW,
YE,AF,
ZM,AL,
ZM,DZ,
ZM,AD,
ZM,AO,
ZM,AG,
ZM,AR,
ZM,AM,
ZM,AU,
ZM,AT,
ZM,AZ,
ZM,BS,
ZM,BH,
ZM,BD,
ZM,BB,
ZM,BY,
ZM,BE,
ZM,BZ,
ZM,BJ,
ZM,BT,
ZM,BO,
ZM,BA,
ZM,BW,
ZM,BR,
ZM,BN,
ZM,BG,
ZM,BF,
ZM,BI,
ZM,KH,
ZM,CM,
ZM,CA,
ZM,CV,
ZM,CF,
ZM,TD,
ZM,CL,
ZM,CN,
ZM,CO,
ZM,KM,
ZM,CG,
ZM,CD,
ZM,CR,
ZM,CI,
ZM,HR,
ZM,CU,
ZM,CY,
ZM,CZ,
ZM,DK,
ZM,DJ,
ZM,DM,
ZM,DO,
ZM,EC,
ZM,EG,
ZM,SV,
ZM,GQ,
ZM,ER,
ZM,EE,
ZM,SZ,
ZM,ET,
ZM,FJ,
ZM,FI,
ZM,FR,
ZM,GA,
ZM,GM,
ZM,GE,
ZM,DE,
ZM,GH,
ZM,GR,
ZM,GD,
ZM,GT,
ZM,GN,
ZM,GW,
ZM,GY,
ZM,HT,
ZM,HN,
ZM,HK,
ZM,HU,
ZM,IS,
ZM,IN,
ZM,ID,
ZM,IR,
ZM,IQ,
ZM,IE,
ZM,IL,
ZM,IT,
ZM,JM,
ZM,JP,
ZM,JO,
ZM,KZ,
ZM,KE,
ZM,KI,
ZM,XK,
ZM,KW,
ZM,KG,
ZM,LA,
ZM,LV,
ZM,LB,
ZM,LS,
ZM,LR,
ZM,LY,
ZM,LI,
ZM,LT,
ZM,LU,
ZM,MO,
ZM,MG,
ZM,MW,
ZM,MY,
ZM,MV,
ZM,ML,
ZM,MT,
ZM,MH,
ZM,MR,
ZM,MU,
ZM,MX,
ZM,FM,
ZM,MD,
ZM,MC,
ZM,MN,
ZM,ME,
ZM,MA,
ZM,MZ,
ZM,MM,
ZM,NA,
ZM,NR,
ZM,NP,
ZM,NL,
ZM,NZ,
ZM,NI,
ZM,NE,
ZM,NG,
ZM,KP,
ZM,MK,
ZM,NO,
ZM,OM,
ZM,PK,
ZM,PW,
ZM,PS,
ZM,PA,
ZM,PG,
ZM,PY,
ZM,PE,
ZM,PH,
ZM,PL,
ZM,PT,
ZM,QA,
ZM,RO,
ZM,RU,
ZM,RW,
ZM,KN,
ZM,LC,
ZM,WS,
ZM,SM,
ZM,ST,
ZM,SA,
ZM,SN,
ZM,RS,
ZM,SC,
ZM,SL,
ZM,SG,
ZM,SK,
ZM,SI,
ZM,SB,
ZM,SO,
ZM,ZA,
ZM,KR,
ZM,SS,
ZM,ES,
ZM,LK,
ZM,VC,
ZM,SD,
ZM,SR,
ZM,SE,
ZM,CH,
ZM,SY,
ZM,TW,
ZM,TJ,
ZM,TZ,
ZM,TH,
ZM,TL,
ZM,TG,
ZM,TO,
ZM,TT,
ZM,TN,
ZM,TM,
ZM,TV,
ZM,TR,
ZM,UG,
ZM,UA,
ZM,AE,
ZM,GB,
ZM,US,
ZM,UY,
ZM,UZ,
ZM,VU,
ZM,VA,
ZM,VE,
ZM,VN,
ZM,YE,
ZM,ZM,-1
ZM,ZW,
ZM,AF,
ZW,AL,
ZW,DZ,
ZW,AD,
ZW,AO,
ZW,AG,
ZW,AR,
ZW,AM,
ZW,AU,
ZW,AT,
ZW,AZ,
ZW,BS,
ZW,BH,
ZW,BD,
ZW,BB,
ZW,BY,
ZW,BE,
ZW,BZ,
ZW,BJ,
ZW,BT,
ZW,BO,
ZW,BA,
ZW,BW,
ZW,BR,
ZW,BN,
ZW,BG,
ZW,BF,
ZW,BI,
ZW,KH,
ZW,CM,
ZW,CA,
ZW,CV,
ZW,CF,
ZW,TD,
ZW,CL,
ZW,CN,
ZW,CO,
ZW,KM,
ZW,CG,
ZW,CD,
ZW,CR,
ZW,CI,
ZW,HR,
ZW,CU,
ZW,CY,
ZW,CZ,
ZW,DK,
ZW,DJ,
ZW,DM,
ZW,DO,
ZW,EC,
ZW,EG,
ZW,SV,
ZW,GQ,
ZW,ER,
ZW,EE,
ZW,SZ,
ZW,ET,
ZW,FJ,
ZW,FI,
ZW,FR,
ZW,GA,
ZW,GM,
ZW,GE,
ZW,DE,
ZW,GH,
ZW,GR,
ZW,GD,
ZW,GT,
ZW,GN,
ZW,GW,
ZW,GY,
ZW,HT,
ZW,HN,
ZW,HK,
ZW,HU,
ZW,IS,
ZW,IN,
ZW,ID,
ZW,IR,
ZW,IQ,
ZW,IE,
ZW,IL,
ZW,IT,
ZW,JM,
ZW,JP,
ZW,JO,
ZW,KZ,
ZW,KE,
ZW,KI,
ZW,XK,
ZW,KW,
ZW,KG,
ZW,LA,
ZW,LV,
ZW,LB,
ZW,LS,
ZW,LR,
ZW,LY,
ZW,LI,
ZW,LT,
ZW,LU,
ZW,MO,
ZW,MG,
ZW,MW,
ZW,MY,
ZW,MV,
ZW,ML,
ZW,MT,
ZW,MH,
ZW,MR,
ZW,MU,
ZW,MX,
ZW,FM,
ZW,MD,
ZW,MC,
ZW,MN,
ZW,ME,
ZW,MA,
ZW,MZ,
ZW,MM,
ZW,NA,
ZW,NR,
ZW,NP,
ZW,NL,
ZW,NZ,
ZW,NI,
ZW,NE,
ZW,NG,
ZW,KP,
ZW,MK,
ZW,NO,
ZW,OM,
ZW,PK,
ZW,PW,
ZW,PS,
ZW,PA,
ZW,PG,
ZW,PY,
ZW,PE,
ZW,PH,
ZW,PL,
ZW,PT,
ZW,QA,
ZW,RO,
ZW,RU,
ZW,RW,
ZW,KN,
ZW,LC,
ZW,WS,
ZW,SM,
ZW,ST,
ZW,SA,
ZW,SN,
ZW,RS,
ZW,SC,
ZW,SL,
ZW,SG,
ZW,SK,
ZW,SI,
ZW,SB,
ZW,SO,
ZW,ZA,
ZW,KR,
ZW,SS,
ZW,ES,
ZW,LK,
ZW,VC,
ZW,SD,
ZW,SR,
ZW,SE,
ZW,CH,
ZW,SY,
ZW,TW,
ZW,TJ,
ZW,TZ,
ZW,TH,
ZW,TL,
ZW,TG,
ZW,TO,
ZW,TT,
ZW,TN,
ZW,TM,
ZW,TV,
ZW,TR,
ZW,UG,
ZW,UA,
ZW,AE,
ZW,GB,
ZW,US,
ZW,UY,
ZW,UZ,
ZW,VU,
ZW,VA,
ZW,VE,
ZW,VN,
ZW,YE,
ZW,ZM,
ZW,ZW,-1
ZW,AF,
