Passport,Destination,Requirement
AFG,ALB,
AFG,DZA,
AFG,AND,
AFG,AGO,
AFG,ATG,
AFG,ARG,
AFG,ARM,
AFG,AUS,
AFG,AUT,
AFG,AZE,
AFG,BHS,
AFG,BHR,
AFG,BGD,
AFG,BRB,
AFG,BLR,
AFG,BEL,
AFG,BLZ,
AFG,BEN,
AFG,BTN,
AFG,BOL,
AFG,BIH,
AFG,BWA,
AFG,BRA,
AFG,BRN,
AFG,BGR,
AFG,BFA,
AFG,BDI,
AFG,KHM,
AFG,CMR,
AFG,CAN,
AFG,CPV,
AFG,CAF,
AFG,TCD,
AFG,CHL,
AFG,CHN,
AFG,COL,
AFG,COM,
AFG,COG,
AFG,COD,
AFG,CRI,
AFG,CIV,
AFG,HRV,
AFG,CUB,
AFG,CYP,
AFG,CZE,
AFG,DNK,
AFG,DJI,
AFG,DMA,
AFG,DOM,
AFG,ECU,
AFG,EGY,
AFG,SLV,
AFG,GNQ,
AFG,ERI,
AFG,EST,
AFG,SWZ,
AFG,ETH,
AFG,FJI,
AFG,FIN,
AFG,FRA,
AFG,GAB,
AFG,GMB,
AFG,GEO,
AFG,DEU,
AFG,GHA,
AFG,GRC,
AFG,GRD,
AFG,GTM,
AFG,GIN,
AFG,GNB,
AFG,GUY,
AFG,HTI,
AFG,HND,
AFG,HKG,
AFG,HUN,
AFG,ISL,
AFG,IND,
AFG,IDN,
AFG,IRN,
AFG,IRQ,
AFG,IRL,
AFG,ISR,
AFG,ITA,
AFG,JAM,
AFG,JPN,
AFG,JOR,
AFG,KAZ,
AFG,KEN,
AFG,KIR,
AFG,XKX,
AFG,KWT,
AFG,KGZ,
AFG,LAO,
AFG,LVA,
AFG,LBN,
AFG,LSO,
AFG,LBR,
AFG,LBY,
AFG,LIE,
AFG,LTU,
AFG,LUX,
AFG,MAC,
AFG,MDG,
AFG,MWI,
AFG,MYS,
AFG,MDV,
AFG,MLI,
AFG,MLT,
AFG,MHL,
AFG,MRT,
AFG,MUS,
AFG,MEX,
AFG,FSM,
AFG,MDA,
AFG,MCO,
AFG,MNG,
AFG,MNE,
AFG,MAR,
AFG,MOZ,
AFG,MMR,
AFG,NAM,
AFG,NRU,
AFG,NPL,
AFG,NLD,
AFG,NZL,
AFG,NIC,
AFG,NER,
AFG,NGA,
AFG,PRK,
AFG,MKD,
AFG,NOR,
AFG,OMN,
AFG,PAK,
AFG,PLW,
AFG,PSE,
AFG,PAN,
AFG,PNG,
AFG,PRY,
AFG,PER,
AFG,PHL,
AFG,POL,
AFG,PRT,
AFG,QAT,
AFG,ROU,
AFG,RUS,
AFG,RWA,
AFG,KNA,
AFG,LCA,
AFG,WSM,
AFG,SMR,
AFG,STP,
AFG,SAU,
AFG,SEN,
AFG,SRB,
AFG,SYC,
AFG,SLE,
AFG,SGP,
AFG,SVK,
AFG,SVN,
AFG,SLB,
AFG,SOM,
AFG,ZAF,
AFG,KOR,
AFG,SSD,
AFG,ESP,
AFG,LKA,
AFG,VCT,
AFG,SDN,
AFG,SUR,
AFG,SWE,
AFG,CHE,
AFG,SYR,
AFG,TWN,
AFG,TJK,
AFG,TZA,
AFG,THA,
AFG,TLS,
AFG,TGO,
AFG,TON,
AFG,TTO,
AFG,TUN,
AFG,TKM,
AFG,TUV,
AFG,TUR,
AFG,UGA,
AFG,UKR,
AFG,ARE,
AFG,GBR,
AFG,USA,
AFG,URY,
AFG,UZB,
AFG,VUT,
AFG,VAT,
AFG,VEN,
AFG,VNM,
AFG,YEM,
AFG,ZMB,
AFG,ZWE,
AFG,AFG,-1
ALB,ALB,-1
ALB,DZA,
ALB,AND,
ALB,AGO,
ALB,ATG,
ALB,ARG,
ALB,ARM,
ALB,AUS,
ALB,AUT,
ALB,AZE,
ALB,BHS,
ALB,BHR,
ALB,BGD,
ALB,BRB,
ALB,BLR,
ALB,BEL,
ALB,BLZ,
ALB,BEN,
ALB,BTN,
ALB,BOL,
ALB,BIH,
ALB,BWA,
ALB,BRA,
ALB,BRN,
ALB,BGR,
ALB,BFA,
ALB,BDI,
ALB,KHM,
ALB,CMR,
ALB,CAN,
ALB,CPV,
ALB,CAF,
ALB,TCD,
ALB,CHL,
ALB,CHN,
ALB,COL,
ALB,COM,
ALB,COG,
ALB,COD,
ALB,CRI,
ALB,CIV,
ALB,HRV,
ALB,CUB,
ALB,CYP,
ALB,CZE,
ALB,DNK,
ALB,DJI,
ALB,DMA,
ALB,DOM,
ALB,ECU,
ALB,EGY,
ALB,SLV,
ALB,GNQ,
ALB,ERI,
ALB,EST,
ALB,SWZ,
ALB,ETH,
ALB,FJI,
ALB,FIN,
ALB,FRA,
ALB,GAB,
ALB,GMB,
ALB,GEO,
ALB,DEU,
ALB,GHA,
ALB,GRC,
ALB,GRD,
ALB,GTM,
ALB,GIN,
ALB,GNB,
ALB,GUY,
ALB,HTI,
ALB,HND,
ALB,HKG,
ALB,HUN,
ALB,ISL,
ALB,IND,
ALB,IDN,
ALB,IRN,
ALB,IRQ,
ALB,IRL,
ALB,ISR,
ALB,ITA,
ALB,JAM,
ALB,JPN,
ALB,JOR,
ALB,KAZ,
ALB,KEN,
ALB,KIR,
ALB,XKX,
ALB,KWT,
ALB,KGZ,
ALB,LAO,
ALB,LVA,
ALB,LBN,
ALB,LSO,
ALB,LBR,
ALB,LBY,
ALB,LIE,
ALB,LTU,
ALB,LUX,
ALB,MAC,
ALB,MDG,
ALB,MWI,
ALB,MYS,
ALB,MDV,
ALB,MLI,
ALB,MLT,
ALB,MHL,
ALB,MRT,
ALB,MUS,
ALB,MEX,
ALB,FSM,
ALB,MDA,
ALB,MCO,
ALB,MNG,
ALB,MNE,
ALB,MAR,
ALB,MOZ,
ALB,MMR,
ALB,NAM,
ALB,NRU,
ALB,NPL,
ALB,NLD,
ALB,NZL,
ALB,NIC,
ALB,NER,
ALB,NGA,
ALB,PRK,
ALB,MKD,
ALB,NOR,
ALB,OMN,
ALB,PAK,
ALB,PLW,
ALB,PSE,
ALB,PAN,
ALB,PNG,
ALB,PRY,
ALB,PER,
ALB,PHL,
ALB,POL,
ALB,PRT,
ALB,QAT,
ALB,ROU,
ALB,RUS,
ALB,RWA,
ALB,KNA,
ALB,LCA,
ALB,WSM,
ALB,SMR,
ALB,STP,
ALB,SAU,
ALB,SEN,
ALB,SRB,
ALB,SYC,
ALB,SLE,
ALB,SGP,
ALB,SVK,
ALB,SVN,
ALB,SLB,
ALB,SOM,
ALB,ZAF,
ALB,KOR,
ALB,SSD,
ALB,ESP,
ALB,LKA,
ALB,VCT,
ALB,SDN,
ALB,SUR,
ALB,SWE,
ALB,CHE,
ALB,SYR,
ALB,TWN,
ALB,TJK,
ALB,TZA,
ALB,THA,
ALB,TLS,
ALB,TGO,
ALB,TON,
ALB,TTO,
ALB,TUN,
ALB,TKM,
ALB,TUV,
ALB,TUR,
ALB,UGA,
ALB,UKR,
ALB,ARE,
ALB,GBR,
ALB,USA,
ALB,URY,
ALB,UZB,
ALB,VUT,
ALB,VAT,
ALB,VEN,
ALB,VNM,
ALB,YEM,
ALB,ZMB,
ALB,ZWE,
ALB,AFG,
DZA,ALB,
DZA,DZA,-1
DZA,AND,
DZA,AGO,
DZA,ATG,
DZA,ARG,
DZA,ARM,
DZA,AUS,
DZA,AUT,
DZA,AZE,
DZA,BHS,
DZA,BHR,
DZA,BGD,
DZA,BRB,
DZA,BLR,
DZA,BEL,
DZA,BLZ,
DZA,BEN,
DZA,BTN,
DZA,BOL,
DZA,BIH,
DZA,BWA,
DZA,BRA,
DZA,BRN,
DZA,BGR,
DZA,BFA,
DZA,BDI,
DZA,KHM,
DZA,CMR,
DZA,CAN,
DZA,CPV,
DZA,CAF,
DZA,TCD,
DZA,CHL,
DZA,CHN,
DZA,COL,
DZA,COM,
DZA,COG,
DZA,COD,
DZA,CRI,
DZA,CIV,
DZA,HRV,
DZA,CUB,
DZA,CYP,
DZA,CZE,
DZA,DNK,
DZA,DJI,
DZA,DMA,
DZA,DOM,
DZA,ECU,
DZA,EGY,
DZA,SLV,
DZA,GNQ,
DZA,ERI,
DZA,EST,
DZA,SWZ,
DZA,ETH,
DZA,FJI,
DZA,FIN,
DZA,FRA,
DZA,GAB,
DZA,GMB,
DZA,GEO,
DZA,DEU,
DZA,GHA,
DZA,GRC,
DZA,GRD,
DZA,GTM,
DZA,GIN,
DZA,GNB,
DZA,GUY,
DZA,HTI,
DZA,HND,
DZA,HKG,
DZA,HUN,
DZA,ISL,
DZA,IND,
DZA,IDN,
DZA,IRN,
DZA,IRQ,
DZA,IRL,
DZA,ISR,
DZA,ITA,
DZA,JAM,
DZA,JPN,
DZA,JOR,
DZA,KAZ,
DZA,KEN,
DZA,KIR,
DZA,XKX,
DZA,KWT,
DZA,KGZ,
DZA,LAO,
DZA,LVA,
DZA,LBN,
DZA,LSO,
DZA,LBR,
DZA,LBY,
DZA,LIE,
DZA,LTU,
DZA,LUX,
DZA,MAC,
DZA,MDG,
DZA,MWI,
DZA,MYS,
DZA,MDV,
DZA,MLI,
DZA,MLT,
DZA,MHL,
DZA,MRT,
DZA,MUS,
DZA,MEX,
DZA,FSM,
DZA,MDA,
DZA,MCO,
DZA,MNG,
DZA,MNE,
DZA,MAR,
DZA,MOZ,
DZA,MMR,
DZA,NAM,
DZA,NRU,
DZA,NPL,
DZA,NLD,
DZA,NZL,
DZA,NIC,
DZA,NER,
DZA,NGA,
DZA,PRK,
DZA,MKD,
DZA,NOR,
DZA,OMN,
DZA,PAK,
DZA,PLW,
DZA,PSE,
DZA,PAN,
DZA,PNG,
DZA,PRY,
DZA,PER,
DZA,PHL,
DZA,POL,
DZA,PRT,
DZA,QAT,
DZA,ROU,
DZA,RUS,
DZA,RWA,
DZA,KNA,
DZA,LCA,
DZA,WSM,
DZA,SMR,
DZA,STP,
DZA,SAU,
DZA,SEN,
DZA,SRB,
DZA,SYC,
DZA,SLE,
DZA,SGP,
DZA,SVK,
DZA,SVN,
DZA,SLB,
DZA,SOM,
DZA,ZAF,
DZA,KOR,
DZA,SSD,
DZA,ESP,
DZA,LKA,
DZA,VCT,
DZA,SDN,
DZA,SUR,
DZA,SWE,
DZA,CHE,
DZA,SYR,
DZA,TWN,
DZA,TJK,
DZA,TZA,
DZA,THA,
DZA,TLS,
DZA,TGO,
DZA,TON,
DZA,TTO,
DZA,TUN,
DZA,TKM,
DZA,TUV,
DZA,TUR,
DZA,UGA,
DZA,UKR,
DZA,ARE,
DZA,GBR,
DZA,USA,
DZA,URY,
DZA,UZB,
DZA,VUT,
DZA,VAT,
DZA,VEN,
DZA,VNM,
DZA,YEM,
DZA,ZMB,
DZA,ZWE,
DZA,AFG,
AND,ALB,
AND,DZA,
AND,AND,-1
AND,AGO,
AND,ATG,
AND,ARG,
AND,ARM,
AND,AUS,
AND,AUT,
AND,AZE,
AND,BHS,
AND,BHR,
AND,BGD,
AND,BRB,
AND,BLR,
AND,BEL,
AND,BLZ,
AND,BEN,
AND,BTN,
AND,BOL,
AND,BIH,
AND,BWA,
AND,BRA,
AND,BRN,
AND,BGR,
AND,BFA,
AND,BDI,
AND,KHM,
AND,CMR,
AND,CAN,
AND,CPV,
AND,CAF,
AND,TCD,
AND,CHL,
AND,CHN,
AND,COL,
AND,COM,
AND,COG,
AND,COD,
AND,CRI,
AND,CIV,
AND,HRV,
AND,CUB,
AND,CYP,
AND,CZE,
AND,DNK,
AND,DJI,
AND,DMA,
AND,DOM,
AND,ECU,
AND,EGY,
AND,SLV,
AND,GNQ,
AND,ERI,
AND,EST,
AND,SWZ,
AND,ETH,
AND,FJI,
AND,FIN,
AND,FRA,
AND,GAB,
AND,GMB,
AND,GEO,
AND,DEU,
AND,GHA,
AND,GRC,
AND,GRD,
AND,GTM,
AND,GIN,
AND,GNB,
AND,GUY,
AND,HTI,
AND,HND,
AND,HKG,
AND,HUN,
AND,ISL,
AND,IND,
AND,IDN,
AND,IRN,
AND,IRQ,
AND,IRL,
AND,ISR,
AND,ITA,
AND,JAM,
AND,JPN,
AND,JOR,
AND,KAZ,
AND,KEN,
AND,KIR,
AND,XKX,
AND,KWT,
AND,KGZ,
AND,LAO,
AND,LVA,
AND,LBN,
AND,LSO,
AND,LBR,
AND,LBY,
AND,LIE,
AND,LTU,
AND,LUX,
AND,MAC,
AND,MDG,
AND,MWI,
AND,MYS,
AND,MDV,
AND,MLI,
AND,MLT,
AND,MHL,
AND,MRT,
AND,MUS,
AND,MEX,
AND,FSM,
AND,MDA,
AND,MCO,
AND,MNG,
AND,MNE,
AND,MAR,
AND,MOZ,
AND,MMR,
AND,NAM,
AND,NRU,
AND,NPL,
AND,NLD,
AND,NZL,
AND,NIC,
AND,NER,
AND,NGA,
AND,PRK,
AND,MKD,
AND,NOR,
AND,OMN,
AND,PAK,
AND,PLW,
AND,PSE,
AND,PAN,
AND,PNG,
AND,PRY,
AND,PER,
AND,PHL,
AND,POL,
AND,PRT,
AND,QAT,
AND,ROU,
AND,RUS,
AND,RWA,
AND,KNA,
AND,LCA,
AND,WSM,
AND,SMR,
AND,STP,
AND,SAU,
AND,SEN,
AND,SRB,
AND,SYC,
AND,SLE,
AND,SGP,
AND,SVK,
AND,SVN,
AND,SLB,
AND,SOM,
AND,ZAF,
AND,KOR,
AND,SSD,
AND,ESP,
AND,LKA,
AND,VCT,
AND,SDN,
AND,SUR,
AND,SWE,
AND,CHE,
AND,SYR,
AND,TWN,
AND,TJK,
AND,TZA,
AND,THA,
AND,TLS,
AND,TGO,
AND,TON,
AND,TTO,
AND,TUN,
AND,TKM,
AND,TUV,
AND,TUR,
AND,UGA,
AND,UKR,
AND,ARE,
AND,GBR,
AND,USA,
AND,URY,
AND,UZB,
AND,VUT,
AND,VAT,
AND,VEN,
AND,VNM,
AND,YEM,
AND,ZMB,
AND,ZWE,
AND,AFG,
AGO,ALB,
AGO,DZA,
AGO,AND,
AGO,AGO,-1
AGO,ATG,
AGO,ARG,
AGO,ARM,
AGO,AUS,
AGO,AUT,
AGO,AZE,
AGO,BHS,
AGO,BHR,
AGO,BGD,
AGO,BRB,
AGO,BLR,
AGO,BEL,
AGO,BLZ,
AGO,BEN,
AGO,BTN,
AGO,BOL,
AGO,BIH,
AGO,BWA,
AGO,BRA,
AGO,BRN,
AGO,BGR,
AGO,BFA,
AGO,BDI,
AGO,KHM,
AGO,CMR,
AGO,CAN,
AGO,CPV,
AGO,CAF,
AGO,TCD,
AGO,CHL,
AGO,CHN,
AGO,COL,
AGO,COM,
AGO,COG,
AGO,COD,
AGO,CRI,
AGO,CIV,
AGO,HRV,
AGO,CUB,
AGO,CYP,
AGO,CZE,
AGO,DNK,
AGO,DJI,
AGO,DMA,
AGO,DOM,
AGO,ECU,
AGO,EGY,
AGO,SLV,
AGO,GNQ,
AGO,ERI,
AGO,EST,
AGO,SWZ,
AGO,ETH,
AGO,FJI,
AGO,FIN,
AGO,FRA,
AGO,GAB,
AGO,GMB,
AGO,GEO,
AGO,DEU,
AGO,GHA,
AGO,GRC,
AGO,GRD,
AGO,GTM,
AGO,GIN,
AGO,GNB,
AGO,GUY,
AGO,HTI,
AGO,HND,
AGO,HKG,
AGO,HUN,
AGO,ISL,
AGO,IND,
AGO,IDN,
AGO,IRN,
AGO,IRQ,
AGO,IRL,
AGO,ISR,
AGO,ITA,
AGO,JAM,
AGO,JPN,
AGO,JOR,
AGO,KAZ,
AGO,KEN,
AGO,KIR,
AGO,XKX,
AGO,KWT,
AGO,KGZ,
AGO,LAO,
AGO,LVA,
AGO,LBN,
AGO,LSO,
AGO,LBR,
AGO,LBY,
AGO,LIE,
AGO,LTU,
AGO,LUX,
AGO,MAC,
AGO,MDG,
AGO,MWI,
AGO,MYS,
AGO,MDV,
AGO,MLI,
AGO,MLT,
AGO,MHL,
AGO,MRT,
AGO,MUS,
AGO,MEX,
AGO,FSM,
AGO,MDA,
AGO,MCO,
AGO,MNG,
AGO,MNE,
AGO,MAR,
AGO,MOZ,
AGO,MMR,
AGO,NAM,
AGO,NRU,
AGO,NPL,
AGO,NLD,
AGO,NZL,
AGO,NIC,
AGO,NER,
AGO,NGA,
AGO,PRK,
AGO,MKD,
AGO,NOR,
AGO,OMN,
AGO,PAK,
AGO,PLW,
AGO,PSE,
AGO,PAN,
AGO,PNG,
AGO,PRY,
AGO,PER,
AGO,PHL,
AGO,POL,
AGO,PRT,
AGO,QAT,
AGO,ROU,
AGO,RUS,
AGO,RWA,
AGO,KNA,
AGO,LCA,
AGO,WSM,
AGO,SMR,
AGO,STP,
AGO,SAU,
AGO,SEN,
AGO,SRB,
AGO,SYC,
AGO,SLE,
AGO,SGP,
AGO,SVK,
AGO,SVN,
AGO,SLB,
AGO,SOM,
AGO,ZAF,
AGO,KOR,
AGO,SSD,
AGO,ESP,
AGO,LKA,
AGO,VCT,
AGO,SDN,
AGO,SUR,
AGO,SWE,
AGO,CHE,
AGO,SYR,
AGO,TWN,
AGO,TJK,
AGO,TZA,
AGO,THA,
AGO,TLS,
AGO,TGO,
AGO,TON,
AGO,TTO,
AGO,TUN,
AGO,TKM,
AGO,TUV,
AGO,TUR,
AGO,UGA,
AGO,UKR,
AGO,ARE,
AGO,GBR,
AGO,USA,
AGO,URY,
AGO,UZB,
AGO,VUT,
AGO,VAT,
AGO,VEN,
AGO,VNM,
AGO,YEM,
AGO,ZMB,
AGO,ZWE,
AGO,AFG,
ATG,ALB,
ATG,DZA,
ATG,AND,
ATG,AGO,
ATG,ATG,-1
ATG,ARG,
ATG,ARM,
ATG,AUS,
ATG,AUT,
ATG,AZE,
ATG,BHS,
ATG,BHR,
ATG,BGD,
ATG,BRB,
ATG,BLR,
ATG,BEL,
ATG,BLZ,
ATG,BEN,
ATG,BTN,
ATG,BOL,
ATG,BIH,
ATG,BWA,
ATG,BRA,
ATG,BRN,
ATG,BGR,
ATG,BFA,
ATG,BDI,
ATG,KHM,
ATG,CMR,
ATG,CAN,
ATG,CPV,
ATG,CAF,
ATG,TCD,
ATG,CHL,
ATG,CHN,
ATG,COL,
ATG,COM,
ATG,COG,
ATG,COD,
ATG,CRI,
ATG,CIV,
ATG,HRV,
ATG,CUB,
ATG,CYP,
ATG,CZE,
ATG,DNK,
ATG,DJI,
ATG,DMA,
ATG,DOM,
ATG,ECU,
ATG,EGY,
ATG,SLV,
ATG,GNQ,
ATG,ERI,
ATG,EST,
ATG,SWZ,
ATG,ETH,
ATG,FJI,
ATG,FIN,
ATG,FRA,
ATG,GAB,
ATG,GMB,
ATG,GEO,
ATG,DEU,
ATG,GHA,
ATG,GRC,
ATG,GRD,
ATG,GTM,
ATG,GIN,
ATG,GNB,
ATG,GUY,
ATG,HTI,
ATG,HND,
ATG,HKG,
ATG,HUN,
ATG,ISL,
ATG,IND,
ATG,IDN,
ATG,IRN,
ATG,IRQ,
ATG,IRL,
ATG,ISR,
ATG,ITA,
ATG,JAM,
ATG,JPN,
ATG,JOR,
ATG,KAZ,
ATG,KEN,
ATG,KIR,
ATG,XKX,
ATG,KWT,
ATG,KGZ,
ATG,LAO,
ATG,LVA,
ATG,LBN,
ATG,LSO,
ATG,LBR,
ATG,LBY,
ATG,LIE,
ATG,LTU,
ATG,LUX,
ATG,MAC,
ATG,MDG,
ATG,MWI,
ATG,MYS,
ATG,MDV,
ATG,MLI,
ATG,MLT,
ATG,MHL,
ATG,MRT,
ATG,MUS,
ATG,MEX,
ATG,FSM,
ATG,MDA,
ATG,MCO,
ATG,MNG,
ATG,MNE,
ATG,MAR,
ATG,MOZ,
ATG,MMR,
ATG,NAM,
ATG,NRU,
ATG,NPL,
ATG,NLD,
ATG,NZL,
ATG,NIC,
ATG,NER,
ATG,NGA,
ATG,PRK,
ATG,MKD,
ATG,NOR,
ATG,OMN,
ATG,PAK,
ATG,PLW,
ATG,PSE,
ATG,PAN,
ATG,PNG,
ATG,PRY,
ATG,PER,
ATG,PHL,
ATG,POL,
ATG,PRT,
ATG,QAT,
ATG,ROU,
ATG,RUS,
ATG,RWA,
ATG,KNA,
ATG,LCA,
ATG,WSM,
ATG,SMR,
ATG,STP,
ATG,SAU,
ATG,SEN,
ATG,SRB,
ATG,SYC,
ATG,SLE,
ATG,SGP,
ATG,SVK,
ATG,SVN,
ATG,SLB,
ATG,SOM,
ATG,ZAF,
ATG,KOR,
ATG,SSD,
ATG,ESP,
ATG,LKA,
ATG,VCT,
ATG,SDN,
ATG,SUR,
ATG,SWE,
ATG,CHE,
ATG,SYR,
ATG,TWN,
ATG,TJK,
ATG,TZA,
ATG,THA,
ATG,TLS,
ATG,TGO,
ATG,TON,
ATG,TTO,
ATG,TUN,
ATG,TKM,
ATG,TUV,
ATG,TUR,
ATG,UGA,
ATG,UKR,
ATG,ARE,
ATG,GBR,
ATG,USA,
ATG,URY,
ATG,UZB,
ATG,VUT,
ATG,VAT,
ATG,VEN,
ATG,VNM,
ATG,YEM,
ATG,ZMB,
ATG,ZWE,
ATG,AFG,
ARG,ALB,
ARG,DZA,
ARG,AND,
ARG,AGO,
ARG,ATG,
ARG,ARG,-1
ARG,ARM,
ARG,AUS,
ARG,AUT,
ARG,AZE,
ARG,BHS,
ARG,BHR,
ARG,BGD,
ARG,BRB,
ARG,BLR,
ARG,BEL,
ARG,BLZ,
ARG,BEN,
ARG,BTN,
ARG,BOL,
ARG,BIH,
ARG,BWA,
ARG,BRA,
ARG,BRN,
ARG,BGR,
ARG,BFA,
ARG,BDI,
ARG,KHM,
ARG,CMR,
ARG,CAN,
ARG,CPV,
ARG,CAF,
ARG,TCD,
ARG,CHL,
ARG,CHN,
ARG,COL,
ARG,COM,
ARG,COG,
ARG,COD,
ARG,CRI,
ARG,CIV,
ARG,HRV,
ARG,CUB,
ARG,CYP,
ARG,CZE,
ARG,DNK,
ARG,DJI,
ARG,DMA,
ARG,DOM,
ARG,ECU,
ARG,EGY,
ARG,SLV,
ARG,GNQ,
ARG,ERI,
ARG,EST,
ARG,SWZ,
ARG,ETH,
ARG,FJI,
ARG,FIN,
ARG,FRA,
ARG,GAB,
ARG,GMB,
ARG,GEO,
ARG,DEU,
ARG,GHA,
ARG,GRC,
ARG,GRD,
ARG,GTM,
ARG,GIN,
ARG,GNB,
ARG,GUY,
ARG,HTI,
ARG,HND,
ARG,HKG,
ARG,HUN,
ARG,ISL,
ARG,IND,
ARG,IDN,
ARG,IRN,
ARG,IRQ,
ARG,IRL,
ARG,ISR,
ARG,ITA,
ARG,JAM,
ARG,JPN,
ARG,JOR,
ARG,KAZ,
ARG,KEN,
ARG,KIR,
ARG,XKX,
ARG,KWT,
ARG,KGZ,
ARG,LAO,
ARG,LVA,
ARG,LBN,
ARG,LSO,
ARG,LBR,
ARG,LBY,
ARG,LIE,
ARG,LTU,
ARG,LUX,
ARG,MAC,
ARG,MDG,
ARG,MWI,
ARG,MYS,
ARG,MDV,
ARG,MLI,
ARG,MLT,
ARG,MHL,
ARG,MRT,
ARG,MUS,
ARG,MEX,
ARG,FSM,
ARG,MDA,
ARG,MCO,
ARG,MNG,
ARG,MNE,
ARG,MAR,
ARG,MOZ,
ARG,MMR,
ARG,NAM,
ARG,NRU,
ARG,NPL,
ARG,NLD,
ARG,NZL,
ARG,NIC,
ARG,NER,
ARG,NGA,
ARG,PRK,
ARG,MKD,
ARG,NOR,
ARG,OMN,
ARG,PAK,
ARG,PLW,
ARG,PSE,
ARG,PAN,
ARG,PNG,
ARG,PRY,
ARG,PER,
ARG,PHL,
ARG,POL,
ARG,PRT,
ARG,QAT,
ARG,ROU,
ARG,RUS,
ARG,RWA,
ARG,KNA,
ARG,LCA,
ARG,WSM,
ARG,SMR,
ARG,STP,
ARG,SAU,
ARG,SEN,
ARG,SRB,
ARG,SYC,
ARG,SLE,
ARG,SGP,
ARG,SVK,
ARG,SVN,
ARG,SLB,
ARG,SOM,
ARG,ZAF,
ARG,KOR,
ARG,SSD,
ARG,ESP,
ARG,LKA,
ARG,VCT,
ARG,SDN,
ARG,SUR,
ARG,SWE,
ARG,CHE,
ARG,SYR,
ARG,TWN,
ARG,TJK,
ARG,TZA,
ARG,THA,
ARG,TLS,
ARG,TGO,
ARG,TON,
ARG,TTO,
ARG,TUN,
ARG,TKM,
ARG,TUV,
ARG,TUR,
ARG,UGA,
ARG,UKR,
ARG,ARE,
ARG,GBR,
ARG,USA,
ARG,URY,
ARG,UZB,
ARG,VUT,
ARG,VAT,
ARG,VEN,
ARG,VNM,
ARG,YEM,
ARG,ZMB,
ARG,ZWE,
ARG,AFG,
ARM,ALB,
ARM,DZA,
ARM,AND,
ARM,AGO,
ARM,ATG,
ARM,ARG,
ARM,ARM,-1
ARM,AUS,
ARM,AUT,
ARM,AZE,
ARM,BHS,
ARM,BHR,
ARM,BGD,
ARM,BRB,
ARM,BLR,
ARM,BEL,
ARM,BLZ,
ARM,BEN,
ARM,BTN,
ARM,BOL,
ARM,BIH,
ARM,BWA,
ARM,BRA,
ARM,BRN,
ARM,BGR,
ARM,BFA,
ARM,BDI,
ARM,KHM,
ARM,CMR,
ARM,CAN,
ARM,CPV,
ARM,CAF,
ARM,TCD,
ARM,CHL,
ARM,CHN,
ARM,COL,
ARM,COM,
ARM,COG,
ARM,COD,
ARM,CRI,
ARM,CIV,
ARM,HRV,
ARM,CUB,
ARM,CYP,
ARM,CZE,
ARM,DNK,
ARM,DJI,
ARM,DMA,
ARM,DOM,
ARM,ECU,
ARM,EGY,
ARM,SLV,
ARM,GNQ,
ARM,ERI,
ARM,EST,
ARM,SWZ,
ARM,ETH,
ARM,FJI,
ARM,FIN,
ARM,FRA,
ARM,GAB,
ARM,GMB,
ARM,GEO,
ARM,DEU,
ARM,GHA,
ARM,GRC,
ARM,GRD,
ARM,GTM,
ARM,GIN,
ARM,GNB,
ARM,GUY,
ARM,HTI,
ARM,HND,
ARM,HKG,
ARM,HUN,
ARM,ISL,
ARM,IND,
ARM,IDN,
ARM,IRN,
ARM,IRQ,
ARM,IRL,
ARM,ISR,
ARM,ITA,
ARM,JAM,
ARM,JPN,
ARM,JOR,
ARM,KAZ,
ARM,KEN,
ARM,KIR,
ARM,XKX,
ARM,KWT,
ARM,KGZ,
ARM,LAO,
ARM,LVA,
ARM,LBN,
ARM,LSO,
ARM,LBR,
ARM,LBY,
ARM,LIE,
ARM,LTU,
ARM,LUX,
ARM,MAC,
ARM,MDG,
ARM,MWI,
ARM,MYS,
ARM,MDV,
ARM,MLI,
ARM,MLT,
ARM,MHL,
ARM,MRT,
ARM,MUS,
ARM,MEX,
ARM,FSM,
ARM,MDA,
ARM,MCO,
ARM,MNG,
ARM,MNE,
ARM,MAR,
ARM,MOZ,
ARM,MMR,
ARM,NAM,
ARM,NRU,
ARM,NPL,
ARM,NLD,
ARM,NZL,
ARM,NIC,
ARM,NER,
ARM,NGA,
ARM,PRK,
ARM,MKD,
ARM,NOR,
ARM,OMN,
ARM,PAK,
ARM,PLW,
ARM,PSE,
ARM,PAN,
ARM,PNG,
ARM,PRY,
ARM,PER,
ARM,PHL,
ARM,POL,
ARM,PRT,
ARM,QAT,
ARM,ROU,
ARM,RUS,
ARM,RWA,
ARM,KNA,
ARM,LCA,
ARM,WSM,
ARM,SMR,
ARM,STP,
ARM,SAU,
ARM,SEN,
ARM,SRB,
ARM,SYC,
ARM,SLE,
ARM,SGP,
ARM,SVK,
ARM,SVN,
ARM,SLB,
ARM,SOM,
ARM,ZAF,
ARM,KOR,
ARM,SSD,
ARM,ESP,
ARM,LKA,
ARM,VCT,
ARM,SDN,
ARM,SUR,
ARM,SWE,
ARM,CHE,
ARM,SYR,
ARM,TWN,
ARM,TJK,
ARM,TZA,
ARM,THA,
ARM,TLS,
ARM,TGO,
ARM,TON,
ARM,TTO,
ARM,TUN,
ARM,TKM,
ARM,TUV,
ARM,TUR,
ARM,UGA,
ARM,UKR,
ARM,ARE,
ARM,GBR,
ARM,USA,
ARM,URY,
ARM,UZB,
ARM,VUT,
ARM,VAT,
ARM,VEN,
ARM,VNM,
ARM,YEM,
ARM,ZMB,
ARM,ZWE,
ARM,AFG,
AUS,ALB,
AUS,DZA,
AUS,AND,
AUS,AGO,
AUS,ATG,
AUS,ARG,
AUS,ARM,
AUS,AUS,-1
AUS,AUT,
AUS,AZE,
AUS,BHS,
AUS,BHR,
AUS,BGD,
AUS,BRB,
AUS,BLR,
AUS,BEL,
AUS,BLZ,
AUS,BEN,
AUS,BTN,
AUS,BOL,
AUS,BIH,
AUS,BWA,
AUS,BRA,
AUS,BRN,
AUS,BGR,
AUS,BFA,
AUS,BDI,
AUS,KHM,
AUS,CMR,
AUS,CAN,
AUS,CPV,
AUS,CAF,
AUS,TCD,
AUS,CHL,
AUS,CHN,
AUS,COL,
AUS,COM,
AUS,COG,
AUS,COD,
AUS,CRI,
AUS,CIV,
AUS,HRV,
AUS,CUB,
AUS,CYP,
AUS,CZE,
AUS,DNK,
AUS,DJI,
AUS,DMA,
AUS,DOM,
AUS,ECU,
AUS,EGY,
AUS,SLV,
AUS,GNQ,
AUS,ERI,
AUS,EST,
AUS,SWZ,
AUS,ETH,
AUS,FJI,
AUS,FIN,
AUS,FRA,
AUS,GAB,
AUS,GMB,
AUS,GEO,
AUS,DEU,
AUS,GHA,
AUS,GRC,
AUS,GRD,
AUS,GTM,
AUS,GIN,
AUS,GNB,
AUS,GUY,
AUS,HTI,
AUS,HND,
AUS,HKG,
AUS,HUN,
AUS,ISL,
AUS,IND,
AUS,IDN,
AUS,IRN,
AUS,IRQ,
AUS,IRL,
AUS,ISR,
AUS,ITA,
AUS,JAM,
AUS,JPN,
AUS,JOR,
AUS,KAZ,
AUS,KEN,
AUS,KIR,
AUS,XKX,
AUS,KWT,
AUS,KGZ,
AUS,LAO,
AUS,LVA,
AUS,LBN,
AUS,LSO,
AUS,LBR,
AUS,LBY,
AUS,LIE,
AUS,LTU,
AUS,LUX,
AUS,MAC,
AUS,MDG,
AUS,MWI,
AUS,MYS,
AUS,MDV,
AUS,MLI,
AUS,MLT,
AUS,MHL,
AUS,MRT,
AUS,MUS,
AUS,MEX,
AUS,FSM,
AUS,MDA,
AUS,MCO,
AUS,MNG,
AUS,MNE,
AUS,MAR,
AUS,MOZ,
AUS,MMR,
AUS,NAM,
AUS,NRU,
AUS,NPL,
AUS,NLD,
AUS,NZL,
AUS,NIC,
AUS,NER,
AUS,NGA,
AUS,PRK,
AUS,MKD,
AUS,NOR,
AUS,OMN,
AUS,PAK,
AUS,PLW,
AUS,PSE,
AUS,PAN,
AUS,PNG,
AUS,PRY,
AUS,PER,
AUS,PHL,
AUS,POL,
AUS,PRT,
AUS,QAT,
AUS,ROU,
AUS,RUS,
AUS,RWA,
AUS,KNA,
AUS,LCA,
AUS,WSM,
AUS,SMR,
AUS,STP,
AUS,SAU,
AUS,SEN,
AUS,SRB,
AUS,SYC,
AUS,SLE,
AUS,SGP,
AUS,SVK,
AUS,SVN,
AUS,SLB,
AUS,SOM,
AUS,ZAF,
AUS,KOR,
AUS,SSD,
AUS,ESP,
AUS,LKA,
AUS,VCT,
AUS,SDN,
AUS,SUR,
AUS,SWE,
AUS,CHE,
AUS,SYR,
AUS,TWN,
AUS,TJK,
AUS,TZA,
AUS,THA,
AUS,TLS,
AUS,TGO,
AUS,TON,
AUS,TTO,
AUS,TUN,
AUS,TKM,
AUS,TUV,
AUS,TUR,
AUS,UGA,
AUS,UKR,
AUS,ARE,
AUS,GBR,
AUS,USA,
AUS,URY,
AUS,UZB,
AUS,VUT,
AUS,VAT,
AUS,VEN,
AUS,VNM,
AUS,YEM,
AUS,ZMB,
AUS,ZWE,
AUS,AFG,
AUT,ALB,
AUT,DZA,
AUT,AND,
AUT,AGO,
AUT,ATG,
AUT,ARG,
AUT,ARM,
AUT,AUS,
AUT,AUT,-1
AUT,AZE,
AUT,BHS,
AUT,BHR,
AUT,BGD,
AUT,BRB,
AUT,BLR,
AUT,BEL,
AUT,BLZ,
AUT,BEN,
AUT,BTN,
AUT,BOL,
AUT,BIH,
AUT,BWA,
AUT,BRA,
AUT,BRN,
AUT,BGR,
AUT,BFA,
AUT,BDI,
AUT,KHM,
AUT,CMR,
AUT,CAN,
AUT,CPV,
AUT,CAF,
AUT,TCD,
AUT,CHL,
AUT,CHN,
AUT,COL,
AUT,COM,
AUT,COG,
AUT,COD,
AUT,CRI,
AUT,CIV,
AUT,HRV,
AUT,CUB,
AUT,CYP,
AUT,CZE,
AUT,DNK,
AUT,DJI,
AUT,DMA,
AUT,DOM,
AUT,ECU,
AUT,EGY,
AUT,SLV,
AUT,GNQ,
AUT,ERI,
AUT,EST,
AUT,SWZ,
AUT,ETH,
AUT,FJI,
AUT,FIN,
AUT,FRA,
AUT,GAB,
AUT,GMB,
AUT,GEO,
AUT,DEU,
AUT,GHA,
AUT,GRC,
AUT,GRD,
AUT,GTM,
AUT,GIN,
AUT,GNB,
AUT,GUY,
AUT,HTI,
AUT,HND,
AUT,HKG,
AUT,HUN,
AUT,ISL,
AUT,IND,
AUT,IDN,
AUT,IRN,
AUT,IRQ,
AUT,IRL,
AUT,ISR,
AUT,ITA,
AUT,JAM,
AUT,JPN,
AUT,JOR,
AUT,KAZ,
AUT,KEN,
AUT,KIR,
AUT,XKX,
AUT,KWT,
AUT,KGZ,
AUT,LAO,
AUT,LVA,
AUT,LBN,
AUT,LSO,
AUT,LBR,
AUT,LBY,
AUT,LIE,
AUT,LTU,
AUT,LUX,
AUT,MAC,
AUT,MDG,
AUT,MWI,
AUT,MYS,
AUT,MDV,
AUT,MLI,
AUT,MLT,
AUT,MHL,
AUT,MRT,
AUT,MUS,
AUT,MEX,
AUT,FSM,
AUT,MDA,
AUT,MCO,
AUT,MNG,
AUT,MNE,
AUT,MAR,
AUT,MOZ,
AUT,MMR,
AUT,NAM,
AUT,NRU,
AUT,NPL,
AUT,NLD,
AUT,NZL,
AUT,NIC,
AUT,NER,
AUT,NGA,
AUT,PRK,
AUT,MKD,
AUT,NOR,
AUT,OMN,
AUT,PAK,
AUT,PLW,
AUT,PSE,
AUT,PAN,
AUT,PNG,
AUT,PRY,
AUT,PER,
AUT,PHL,
AUT,POL,
AUT,PRT,
AUT,QAT,
AUT,ROU,
AUT,RUS,
AUT,RWA,
AUT,KNA,
AUT,LCA,
AUT,WSM,
AUT,SMR,
AUT,STP,
AUT,SAU,
AUT,SEN,
AUT,SRB,
AUT,SYC,
AUT,SLE,
AUT,SGP,
AUT,SVK,
AUT,SVN,
AUT,SLB,
AUT,SOM,
AUT,ZAF,
AUT,KOR,
AUT,SSD,
AUT,ESP,
AUT,LKA,
AUT,VCT,
AUT,SDN,
AUT,SUR,
AUT,SWE,
AUT,CHE,
AUT,SYR,
AUT,TWN,
AUT,TJK,
AUT,TZA,
AUT,THA,
AUT,TLS,
AUT,TGO,
AUT,TON,
AUT,TTO,
AUT,TUN,
AUT,TKM,
AUT,TUV,
AUT,TUR,
AUT,UGA,
AUT,UKR,
AUT,ARE,
AUT,GBR,
AUT,USA,
AUT,URY,
AUT,UZB,
AUT,VUT,
AUT,VAT,
AUT,VEN,
AUT,VNM,
AUT,YEM,
AUT,ZMB,
AUT,ZWE,
AUT,AFG,
AZE,ALB,
AZE,DZA,
AZE,AND,
AZE,AGO,
AZE,ATG,
AZE,ARG,
AZE,ARM,
AZE,AUS,
AZE,AUT,
AZE,AZE,-1
AZE,BHS,
AZE,BHR,
AZE,BGD,
AZE,BRB,
AZE,BLR,
AZE,BEL,
AZE,BLZ,
AZE,BEN,
AZE,BTN,
AZE,BOL,
AZE,BIH,
AZE,BWA,
AZE,BRA,
AZE,BRN,
AZE,BGR,
AZE,BFA,
AZE,BDI,
AZE,KHM,
AZE,CMR,
AZE,CAN,
AZE,CPV,
AZE,CAF,
AZE,TCD,
AZE,CHL,
AZE,CHN,
AZE,COL,
AZE,COM,
AZE,COG,
AZE,COD,
AZE,CRI,
AZE,CIV,
AZE,HRV,
AZE,CUB,
AZE,CYP,
AZE,CZE,
AZE,DNK,
AZE,DJI,
AZE,DMA,
AZE,DOM,
AZE,ECU,
AZE,EGY,
AZE,SLV,
AZE,GNQ,
AZE,ERI,
AZE,EST,
AZE,SWZ,
AZE,ETH,
AZE,FJI,
AZE,FIN,
AZE,FRA,
AZE,GAB,
AZE,GMB,
AZE,GEO,
AZE,DEU,
AZE,GHA,
AZE,GRC,
AZE,GRD,
AZE,GTM,
AZE,GIN,
AZE,GNB,
AZE,GUY,
AZE,HTI,
AZE,HND,
AZE,HKG,
AZE,HUN,
AZE,ISL,
AZE,IND,
AZE,IDN,
AZE,IRN,
AZE,IRQ,
AZE,IRL,
AZE,ISR,
AZE,ITA,
AZE,JAM,
AZE,JPN,
AZE,JOR,
AZE,KAZ,
AZE,KEN,
AZE,KIR,
AZE,XKX,
AZE,KWT,
AZE,KGZ,
AZE,LAO,
AZE,LVA,
AZE,LBN,
AZE,LSO,
AZE,LBR,
AZE,LBY,
AZE,LIE,
AZE,LTU,
AZE,LUX,
AZE,MAC,
AZE,MDG,
AZE,MWI,
AZE,MYS,
AZE,MDV,
AZE,MLI,
AZE,MLT,
AZE,MHL,
AZE,MRT,
AZE,MUS,
AZE,MEX,
AZE,FSM,
AZE,MDA,
AZE,MCO,
AZE,MNG,
AZE,MNE,
AZE,MAR,
AZE,MOZ,
AZE,MMR,
AZE,NAM,
AZE,NRU,
AZE,NPL,
AZE,NLD,
AZE,NZL,
AZE,NIC,
AZE,NER,
AZE,NGA,
AZE,PRK,
AZE,MKD,
AZE,NOR,
AZE,OMN,
AZE,PAK,
AZE,PLW,
AZE,PSE,
AZE,PAN,
AZE,PNG,
AZE,PRY,
AZE,PER,
AZE,PHL,
AZE,POL,
AZE,PRT,
AZE,QAT,
AZE,ROU,
AZE,RUS,
AZE,RWA,
AZE,KNA,
AZE,LCA,
AZE,WSM,
AZE,SMR,
AZE,STP,
AZE,SAU,
AZE,SEN,
AZE,SRB,
AZE,SYC,
AZE,SLE,
AZE,SGP,
AZE,SVK,
AZE,SVN,
AZE,SLB,
AZE,SOM,
AZE,ZAF,
AZE,KOR,
AZE,SSD,
AZE,ESP,
AZE,LKA,
AZE,VCT,
AZE,SDN,
AZE,SUR,
AZE,SWE,
AZE,CHE,
AZE,SYR,
AZE,TWN,
AZE,TJK,
AZE,TZA,
AZE,THA,
AZE,TLS,
AZE,TGO,
AZE,TON,
AZE,TTO,
AZE,TUN,
AZE,TKM,
AZE,TUV,
AZE,TUR,
AZE,UGA,
AZE,UKR,
AZE,ARE,
AZE,GBR,
AZE,USA,
AZE,URY,
AZE,UZB,
AZE,VUT,
AZE,VAT,
AZE,VEN,
AZE,VNM,
AZE,YEM,
AZE,ZMB,
AZE,ZWE,
AZE,AFG,
BHS,ALB,
BHS,DZA,
BHS,AND,
BHS,AGO,
BHS,ATG,
BHS,ARG,
BHS,ARM,
BHS,AUS,
BHS,AUT,
BHS,AZE,
BHS,BHS,-1
BHS,BHR,
BHS,BGD,
BHS,BRB,
BHS,BLR,
BHS,BEL,
BHS,BLZ,
BHS,BEN,
BHS,BTN,
BHS,BOL,
BHS,BIH,
BHS,BWA,
BHS,BRA,
BHS,BRN,
BHS,BGR,
BHS,BFA,
BHS,BDI,
BHS,KHM,
BHS,CMR,
BHS,CAN,
BHS,CPV,
BHS,CAF,
BHS,TCD,
BHS,CHL,
BHS,CHN,
BHS,COL,
BHS,COM,
BHS,COG,
BHS,COD,
BHS,CRI,
BHS,CIV,
BHS,HRV,
BHS,CUB,
BHS,CYP,
BHS,CZE,
BHS,DNK,
BHS,DJI,
BHS,DMA,
BHS,DOM,
BHS,ECU,
BHS,EGY,
BHS,SLV,
BHS,GNQ,
BHS,ERI,
BHS,EST,
BHS,SWZ,
BHS,ETH,
BHS,FJI,
BHS,FIN,
BHS,FRA,
BHS,GAB,
BHS,GMB,
BHS,GEO,
BHS,DEU,
BHS,GHA,
BHS,GRC,
BHS,GRD,
BHS,GTM,
BHS,GIN,
BHS,GNB,
BHS,GUY,
BHS,HTI,
BHS,HND,
BHS,HKG,
BHS,HUN,
BHS,ISL,
BHS,IND,
BHS,IDN,
BHS,IRN,
BHS,IRQ,
BHS,IRL,
BHS,ISR,
BHS,ITA,
BHS,JAM,
BHS,JPN,
BHS,JOR,
BHS,KAZ,
BHS,KEN,
BHS,KIR,
BHS,XKX,
BHS,KWT,
BHS,KGZ,
BHS,LAO,
BHS,LVA,
BHS,LBN,
BHS,LSO,
BHS,LBR,
BHS,LBY,
BHS,LIE,
BHS,LTU,
BHS,LUX,
BHS,MAC,
BHS,MDG,
BHS,MWI,
BHS,MYS,
BHS,MDV,
BHS,MLI,
BHS,MLT,
BHS,MHL,
BHS,MRT,
BHS,MUS,
BHS,MEX,
BHS,FSM,
BHS,MDA,
BHS,MCO,
BHS,MNG,
BHS,MNE,
BHS,MAR,
BHS,MOZ,
BHS,MMR,
BHS,NAM,
BHS,NRU,
BHS,NPL,
BHS,NLD,
BHS,NZL,
BHS,NIC,
BHS,NER,
BHS,NGA,
BHS,PRK,
BHS,MKD,
BHS,NOR,
BHS,OMN,
BHS,PAK,
BHS,PLW,
BHS,PSE,
BHS,PAN,
BHS,PNG,
BHS,PRY,
BHS,PER,
BHS,PHL,
BHS,POL,
BHS,PRT,
BHS,QAT,
BHS,ROU,
BHS,RUS,
BHS,RWA,
BHS,KNA,
BHS,LCA,
BHS,WSM,
BHS,SMR,
BHS,STP,
BHS,SAU,
BHS,SEN,
BHS,SRB,
BHS,SYC,
BHS,SLE,
BHS,SGP,
BHS,SVK,
BHS,SVN,
BHS,SLB,
BHS,SOM,
BHS,ZAF,
BHS,KOR,
BHS,SSD,
BHS,ESP,
BHS,LKA,
BHS,VCT,
BHS,SDN,
BHS,SUR,
BHS,SWE,
BHS,CHE,
BHS,SYR,
BHS,TWN,
BHS,TJK,
BHS,TZA,
BHS,THA,
BHS,TLS,
BHS,TGO,
BHS,TON,
BHS,TTO,
BHS,TUN,
BHS,TKM,
BHS,TUV,
BHS,TUR,
BHS,UGA,
BHS,UKR,
BHS,ARE,
BHS,GBR,
BHS,USA,
BHS,URY,
BHS,UZB,
BHS,VUT,
BHS,VAT,
BHS,VEN,
BHS,VNM,
BHS,YEM,
BHS,ZMB,
BHS,ZWE,
BHS,AFG,
BHR,ALB,
BHR,DZA,
BHR,AND,
BHR,AGO,
BHR,ATG,
BHR,ARG,
BHR,ARM,
BHR,AUS,
BHR,AUT,
BHR,AZE,
BHR,BHS,
BHR,BHR,-1
BHR,BGD,
BHR,BRB,
BHR,BLR,
BHR,BEL,
BHR,BLZ,
BHR,BEN,
BHR,BTN,
BHR,BOL,
BHR,BIH,
BHR,BWA,
BHR,BRA,
BHR,BRN,
BHR,BGR,
BHR,BFA,
BHR,BDI,
BHR,KHM,
BHR,CMR,
BHR,CAN,
BHR,CPV,
BHR,CAF,
BHR,TCD,
BHR,CHL,
BHR,CHN,
BHR,COL,
BHR,COM,
BHR,COG,
BHR,COD,
BHR,CRI,
BHR,CIV,
BHR,HRV,
BHR,CUB,
BHR,CYP,
BHR,CZE,
BHR,DNK,
BHR,DJI,
BHR,DMA,
BHR,DOM,
BHR,ECU,
BHR,EGY,
BHR,SLV,
BHR,GNQ,
BHR,ERI,
BHR,EST,
BHR,SWZ,
BHR,ETH,
BHR,FJI,
BHR,FIN,
BHR,FRA,
BHR,GAB,
BHR,GMB,
BHR,GEO,
BHR,DEU,
BHR,GHA,
BHR,GRC,
BHR,GRD,
BHR,GTM,
BHR,GIN,
BHR,GNB,
BHR,GUY,
BHR,HTI,
BHR,HND,
BHR,HKG,
BHR,HUN,
BHR,ISL,
BHR,IND,
BHR,IDN,
BHR,IRN,
BHR,IRQ,
BHR,IRL,
BHR,ISR,
BHR,ITA,
BHR,JAM,
BHR,JPN,
BHR,JOR,
BHR,KAZ,
BHR,KEN,
BHR,KIR,
BHR,XKX,
BHR,KWT,
BHR,KGZ,
BHR,LAO,
BHR,LVA,
BHR,LBN,
BHR,LSO,
BHR,LBR,
BHR,LBY,
BHR,LIE,
BHR,LTU,
BHR,LUX,
BHR,MAC,
BHR,MDG,
BHR,MWI,
BHR,MYS,
BHR,MDV,
BHR,MLI,
BHR,MLT,
BHR,MHL,
BHR,MRT,
BHR,MUS,
BHR,MEX,
BHR,FSM,
BHR,MDA,
BHR,MCO,
BHR,MNG,
BHR,MNE,
BHR,MAR,
BHR,MOZ,
BHR,MMR,
BHR,NAM,
BHR,NRU,
BHR,NPL,
BHR,NLD,
BHR,NZL,
BHR,NIC,
BHR,NER,
BHR,NGA,
BHR,PRK,
BHR,MKD,
BHR,NOR,
BHR,OMN,
BHR,PAK,
BHR,PLW,
BHR,PSE,
BHR,PAN,
BHR,PNG,
BHR,PRY,
BHR,PER,
BHR,PHL,
BHR,POL,
BHR,PRT,
BHR,QAT,
BHR,ROU,
BHR,RUS,
BHR,RWA,
BHR,KNA,
BHR,LCA,
BHR,WSM,
BHR,SMR,
BHR,STP,
BHR,SAU,
BHR,SEN,
BHR,SRB,
BHR,SYC,
BHR,SLE,
BHR,SGP,
BHR,SVK,
BHR,SVN,
BHR,SLB,
BHR,SOM,
BHR,ZAF,
BHR,KOR,
BHR,SSD,
BHR,ESP,
BHR,LKA,
BHR,VCT,
BHR,SDN,
BHR,SUR,
BHR,SWE,
BHR,CHE,
BHR,SYR,
BHR,TWN,
BHR,TJK,
BHR,TZA,
BHR,THA,
BHR,TLS,
BHR,TGO,
BHR,TON,
BHR,TTO,
BHR,TUN,
BHR,TKM,
BHR,TUV,
BHR,TUR,
BHR,UGA,
BHR,UKR,
BHR,ARE,
BHR,GBR,
BHR,USA,
BHR,URY,
BHR,UZB,
BHR,VUT,
BHR,VAT,
BHR,VEN,
BHR,VNM,
BHR,YEM,
BHR,ZMB,
BHR,ZWE,
BHR,AFG,
BGD,ALB,
BGD,DZA,
BGD,AND,
BGD,AGO,
BGD,ATG,
BGD,ARG,
BGD,ARM,
BGD,AUS,
BGD,AUT,
BGD,AZE,
BGD,BHS,
BGD,BHR,
BGD,BGD,-1
BGD,BRB,
BGD,BLR,
BGD,BEL,
BGD,BLZ,
BGD,BEN,
BGD,BTN,
BGD,BOL,
BGD,BIH,
BGD,BWA,
BGD,BRA,
BGD,BRN,
BGD,BGR,
BGD,BFA,
BGD,BDI,
BGD,KHM,
BGD,CMR,
BGD,CAN,
BGD,CPV,
BGD,CAF,
BGD,TCD,
BGD,CHL,
BGD,CHN,
BGD,COL,
BGD,COM,
BGD,COG,
BGD,COD,
BGD,CRI,
BGD,CIV,
BGD,HRV,
BGD,CUB,
BGD,CYP,
BGD,CZE,
BGD,DNK,
BGD,DJI,
BGD,DMA,
BGD,DOM,
BGD,ECU,
BGD,EGY,
BGD,SLV,
BGD,GNQ,
BGD,ERI,
BGD,EST,
BGD,SWZ,
BGD,ETH,
BGD,FJI,
BGD,FIN,
BGD,FRA,
BGD,GAB,
BGD,GMB,
BGD,GEO,
BGD,DEU,
BGD,GHA,
BGD,GRC,
BGD,GRD,
BGD,GTM,
BGD,GIN,
BGD,GNB,
BGD,GUY,
BGD,HTI,
BGD,HND,
BGD,HKG,
BGD,HUN,
BGD,ISL,
BGD,IND,
BGD,IDN,
BGD,IRN,
BGD,IRQ,
BGD,IRL,
BGD,ISR,
BGD,ITA,
BGD,JAM,
BGD,JPN,
BGD,JOR,
BGD,KAZ,
BGD,KEN,
BGD,KIR,
BGD,XKX,
BGD,KWT,
BGD,KGZ,
BGD,LAO,
BGD,LVA,
BGD,LBN,
BGD,LSO,
BGD,LBR,
BGD,LBY,
BGD,LIE,
BGD,LTU,
BGD,LUX,
BGD,MAC,
BGD,MDG,
BGD,MWI,
BGD,MYS,
BGD,MDV,
BGD,MLI,
BGD,MLT,
BGD,MHL,
BGD,MRT,
BGD,MUS,
BGD,MEX,
BGD,FSM,
BGD,MDA,
BGD,MCO,
BGD,MNG,
BGD,MNE,
BGD,MAR,
BGD,MOZ,
BGD,MMR,
BGD,NAM,
BGD,NRU,
BGD,NPL,
BGD,NLD,
BGD,NZL,
BGD,NIC,
BGD,NER,
BGD,NGA,
BGD,PRK,
BGD,MKD,
BGD,NOR,
BGD,OMN,
BGD,PAK,
BGD,PLW,
BGD,PSE,
BGD,PAN,
BGD,PNG,
BGD,PRY,
BGD,PER,
BGD,PHL,
BGD,POL,
BGD,PRT,
BGD,QAT,
BGD,ROU,
BGD,RUS,
BGD,RWA,
BGD,KNA,
BGD,LCA,
BGD,WSM,
BGD,SMR,
BGD,STP,
BGD,SAU,
BGD,SEN,
BGD,SRB,
BGD,SYC,
BGD,SLE,
BGD,SGP,
BGD,SVK,
BGD,SVN,
BGD,SLB,
BGD,SOM,
BGD,ZAF,
BGD,KOR,
BGD,SSD,
BGD,ESP,
BGD,LKA,
BGD,VCT,
BGD,SDN,
BGD,SUR,
BGD,SWE,
BGD,CHE,
BGD,SYR,
BGD,TWN,
BGD,TJK,
BGD,TZA,
BGD,THA,
BGD,TLS,
BGD,TGO,
BGD,TON,
BGD,TTO,
BGD,TUN,
BGD,TKM,
BGD,TUV,
BGD,TUR,
BGD,UGA,
BGD,UKR,
BGD,ARE,
BGD,GBR,
BGD,USA,
BGD,URY,
BGD,UZB,
BGD,VUT,
BGD,VAT,
BGD,VEN,
BGD,VNM,
BGD,YEM,
BGD,ZMB,
BGD,ZWE,
BGD,AFG,
BRB,ALB,
BRB,DZA,
BRB,AND,
BRB,AGO,
BRB,ATG,
BRB,ARG,
BRB,ARM,
BRB,AUS,
BRB,AUT,
BRB,AZE,
BRB,BHS,
BRB,BHR,
BRB,BGD,
BRB,BRB,-1
BRB,BLR,
BRB,BEL,
BRB,BLZ,
BRB,BEN,
BRB,BTN,
BRB,BOL,
BRB,BIH,
BRB,BWA,
BRB,BRA,
BRB,BRN,
BRB,BGR,
BRB,BFA,
BRB,BDI,
BRB,KHM,
BRB,CMR,
BRB,CAN,
BRB,CPV,
BRB,CAF,
BRB,TCD,
BRB,CHL,
BRB,CHN,
BRB,COL,
BRB,COM,
BRB,COG,
BRB,COD,
BRB,CRI,
BRB,CIV,
BRB,HRV,
BRB,CUB,
BRB,CYP,
BRB,CZE,
BRB,DNK,
BRB,DJI,
BRB,DMA,
BRB,DOM,
BRB,ECU,
BRB,EGY,
BRB,SLV,
BRB,GNQ,
BRB,ERI,
BRB,EST,
BRB,SWZ,
BRB,ETH,
BRB,FJI,
BRB,FIN,
BRB,FRA,
BRB,GAB,
BRB,GMB,
BRB,GEO,
BRB,DEU,
BRB,GHA,
BRB,GRC,
BRB,GRD,
BRB,GTM,
BRB,GIN,
BRB,GNB,
BRB,GUY,
BRB,HTI,
BRB,HND,
BRB,HKG,
BRB,HUN,
BRB,ISL,
BRB,IND,
BRB,IDN,
BRB,IRN,
BRB,IRQ,
BRB,IRL,
BRB,ISR,
BRB,ITA,
BRB,JAM,
BRB,JPN,
BRB,JOR,
BRB,KAZ,
BRB,KEN,
BRB,KIR,
BRB,XKX,
BRB,KWT,
BRB,KGZ,
BRB,LAO,
BRB,LVA,
BRB,LBN,
BRB,LSO,
BRB,LBR,
BRB,LBY,
BRB,LIE,
BRB,LTU,
BRB,LUX,
BRB,MAC,
BRB,MDG,
BRB,MWI,
BRB,MYS,
BRB,MDV,
BRB,MLI,
BRB,MLT,
BRB,MHL,
BRB,MRT,
BRB,MUS,
BRB,MEX,
BRB,FSM,
BRB,MDA,
BRB,MCO,
BRB,MNG,
BRB,MNE,
BRB,MAR,
BRB,MOZ,
BRB,MMR,
BRB,NAM,
BRB,NRU,
BRB,NPL,
BRB,NLD,
BRB,NZL,
BRB,NIC,
BRB,NER,
BRB,NGA,
BRB,PRK,
BRB,MKD,
BRB,NOR,
BRB,OMN,
BRB,PAK,
BRB,PLW,
BRB,PSE,
BRB,PAN,
BRB,PNG,
BRB,PRY,
BRB,PER,
BRB,PHL,
BRB,POL,
BRB,PRT,
BRB,QAT,
BRB,ROU,
BRB,RUS,
BRB,RWA,
BRB,KNA,
BRB,LCA,
BRB,WSM,
BRB,SMR,
BRB,STP,
BRB,SAU,
BRB,SEN,
BRB,SRB,
BRB,SYC,
BRB,SLE,
BRB,SGP,
BRB,SVK,
BRB,SVN,
BRB,SLB,
BRB,SOM,
BRB,ZAF,
BRB,KOR,
BRB,SSD,
BRB,ESP,
BRB,LKA,
BRB,VCT,
BRB,SDN,
BRB,SUR,
BRB,SWE,
BRB,CHE,
BRB,SYR,
BRB,TWN,
BRB,TJK,
BRB,TZA,
BRB,THA,
BRB,TLS,
BRB,TGO,
BRB,TON,
BRB,TTO,
BRB,TUN,
BRB,TKM,
BRB,TUV,
BRB,TUR,
BRB,UGA,
BRB,UKR,
BRB,ARE,
BRB,GBR,
BRB,USA,
BRB,URY,
BRB,UZB,
BRB,VUT,
BRB,VAT,
BRB,VEN,
BRB,VNM,
BRB,YEM,
BRB,ZMB,
BRB,ZWE,
BRB,AFG,
BLR,ALB,
BLR,DZA,
BLR,AND,
BLR,AGO,
BLR,ATG,
BLR,ARG,
BLR,ARM,
BLR,AUS,
BLR,AUT,
BLR,AZE,
BLR,BHS,
BLR,BHR,
BLR,BGD,
BLR,BRB,
BLR,BLR,-1
BLR,BEL,
BLR,BLZ,
BLR,BEN,
BLR,BTN,
BLR,BOL,
BLR,BIH,
BLR,BWA,
BLR,BRA,
BLR,BRN,
BLR,BGR,
BLR,BFA,
BLR,BDI,
BLR,KHM,
BLR,CMR,
BLR,CAN,
BLR,CPV,
BLR,CAF,
BLR,TCD,
BLR,CHL,
BLR,CHN,
BLR,COL,
BLR,COM,
BLR,COG,
BLR,COD,
BLR,CRI,
BLR,CIV,
BLR,HRV,
BLR,CUB,
BLR,CYP,
BLR,CZE,
BLR,DNK,
BLR,DJI,
BLR,DMA,
BLR,DOM,
BLR,ECU,
BLR,EGY,
BLR,SLV,
BLR,GNQ,
BLR,ERI,
BLR,EST,
BLR,SWZ,
BLR,ETH,
BLR,FJI,
BLR,FIN,
BLR,FRA,
BLR,GAB,
BLR,GMB,
BLR,GEO,
BLR,DEU,
BLR,GHA,
BLR,GRC,
BLR,GRD,
BLR,GTM,
BLR,GIN,
BLR,GNB,
BLR,GUY,
BLR,HTI,
BLR,HND,
BLR,HKG,
BLR,HUN,
BLR,ISL,
BLR,IND,
BLR,IDN,
BLR,IRN,
BLR,IRQ,
BLR,IRL,
BLR,ISR,
BLR,ITA,
BLR,JAM,
BLR,JPN,
BLR,JOR,
BLR,KAZ,
BLR,KEN,
BLR,KIR,
BLR,XKX,
BLR,KWT,
BLR,KGZ,
BLR,LAO,
BLR,LVA,
BLR,LBN,
BLR,LSO,
BLR,LBR,
BLR,LBY,
BLR,LIE,
BLR,LTU,
BLR,LUX,
BLR,MAC,
BLR,MDG,
BLR,MWI,
BLR,MYS,
BLR,MDV,
BLR,MLI,
BLR,MLT,
BLR,MHL,
BLR,MRT,
BLR,MUS,
BLR,MEX,
BLR,FSM,
BLR,MDA,
BLR,MCO,
BLR,MNG,
BLR,MNE,
BLR,MAR,
BLR,MOZ,
BLR,MMR,
BLR,NAM,
BLR,NRU,
BLR,NPL,
BLR,NLD,
BLR,NZL,
BLR,NIC,
BLR,NER,
BLR,NGA,
BLR,PRK,
BLR,MKD,
BLR,NOR,
BLR,OMN,
BLR,PAK,
BLR,PLW,
BLR,PSE,
BLR,PAN,
BLR,PNG,
BLR,PRY,
BLR,PER,
BLR,PHL,
BLR,POL,
BLR,PRT,
BLR,QAT,
BLR,ROU,
BLR,RUS,
BLR,RWA,
BLR,KNA,
BLR,LCA,
BLR,WSM,
BLR,SMR,
BLR,STP,
BLR,SAU,
BLR,SEN,
BLR,SRB,
BLR,SYC,
BLR,SLE,
BLR,SGP,
BLR,SVK,
BLR,SVN,
BLR,SLB,
BLR,SOM,
BLR,ZAF,
BLR,KOR,
BLR,SSD,
BLR,ESP,
BLR,LKA,
BLR,VCT,
BLR,SDN,
BLR,SUR,
BLR,SWE,
BLR,CHE,
BLR,SYR,
BLR,TWN,
BLR,TJK,
BLR,TZA,
BLR,THA,
BLR,TLS,
BLR,TGO,
BLR,TON,
BLR,TTO,
BLR,TUN,
BLR,TKM,
BLR,TUV,
BLR,TUR,
BLR,UGA,
BLR,UKR,
BLR,ARE,
BLR,GBR,
BLR,USA,
BLR,URY,
BLR,UZB,
BLR,VUT,
BLR,VAT,
BLR,VEN,
BLR,VNM,
BLR,YEM,
BLR,ZMB,
BLR,ZWE,
BLR,AFG,
BEL,ALB,
BEL,DZA,
BEL,AND,
BEL,AGO,
BEL,ATG,
BEL,ARG,
BEL,ARM,
BEL,AUS,
BEL,AUT,
BEL,AZE,
BEL,BHS,
BEL,BHR,
BEL,BGD,
BEL,BRB,
BEL,BLR,
BEL,BEL,-1
BEL,BLZ,
BEL,BEN,
BEL,BTN,
BEL,BOL,
BEL,BIH,
BEL,BWA,
BEL,BRA,
BEL,BRN,
BEL,BGR,
BEL,BFA,
BEL,BDI,
BEL,KHM,
BEL,CMR,
BEL,CAN,
BEL,CPV,
BEL,CAF,
BEL,TCD,
BEL,CHL,
BEL,CHN,
BEL,COL,
BEL,COM,
BEL,COG,
BEL,COD,
BEL,CRI,
BEL,CIV,
BEL,HRV,
BEL,CUB,
BEL,CYP,
BEL,CZE,
BEL,DNK,
BEL,DJI,
BEL,DMA,
BEL,DOM,
BEL,ECU,
BEL,EGY,
BEL,SLV,
BEL,GNQ,
BEL,ERI,
BEL,EST,
BEL,SWZ,
BEL,ETH,
BEL,FJI,
BEL,FIN,
BEL,FRA,
BEL,GAB,
BEL,GMB,
BEL,GEO,
BEL,DEU,
BEL,GHA,
BEL,GRC,
BEL,GRD,
BEL,GTM,
BEL,GIN,
BEL,GNB,
BEL,GUY,
BEL,HTI,
BEL,HND,
BEL,HKG,
BEL,HUN,
BEL,ISL,
BEL,IND,
BEL,IDN,
BEL,IRN,
BEL,IRQ,
BEL,IRL,
BEL,ISR,
BEL,ITA,
BEL,JAM,
BEL,JPN,
BEL,JOR,
BEL,KAZ,
BEL,KEN,
BEL,KIR,
BEL,XKX,
BEL,KWT,
BEL,KGZ,
BEL,LAO,
BEL,LVA,
BEL,LBN,
BEL,LSO,
BEL,LBR,
BEL,LBY,
BEL,LIE,
BEL,LTU,
BEL,LUX,
BEL,MAC,
BEL,MDG,
BEL,MWI,
BEL,MYS,
BEL,MDV,
BEL,MLI,
BEL,MLT,
BEL,MHL,
BEL,MRT,
BEL,MUS,
BEL,MEX,
BEL,FSM,
BEL,MDA,
BEL,MCO,
BEL,MNG,
BEL,MNE,
BEL,MAR,
BEL,MOZ,
BEL,MMR,
BEL,NAM,
BEL,NRU,
BEL,NPL,
BEL,NLD,
BEL,NZL,
BEL,NIC,
BEL,NER,
BEL,NGA,
BEL,PRK,
BEL,MKD,
BEL,NOR,
BEL,OMN,
BEL,PAK,
BEL,PLW,
BEL,PSE,
BEL,PAN,
BEL,PNG,
BEL,PRY,
BEL,PER,
BEL,PHL,
BEL,POL,
BEL,PRT,
BEL,QAT,
BEL,ROU,
BEL,RUS,
BEL,RWA,
BEL,KNA,
BEL,LCA,
BEL,WSM,
BEL,SMR,
BEL,STP,
BEL,SAU,
BEL,SEN,
BEL,SRB,
BEL,SYC,
BEL,SLE,
BEL,SGP,
BEL,SVK,
BEL,SVN,
BEL,SLB,
BEL,SOM,
BEL,ZAF,
BEL,KOR,
BEL,SSD,
BEL,ESP,
BEL,LKA,
BEL,VCT,
BEL,SDN,
BEL,SUR,
BEL,SWE,
BEL,CHE,
BEL,SYR,
BEL,TWN,
BEL,TJK,
BEL,TZA,
BEL,THA,
BEL,TLS,
BEL,TGO,
BEL,TON,
BEL,TTO,
BEL,TUN,
BEL,TKM,
BEL,TUV,
BEL,TUR,
BEL,UGA,
BEL,UKR,
BEL,ARE,
BEL,GBR,
BEL,USA,
BEL,URY,
BEL,UZB,
BEL,VUT,
BEL,VAT,
BEL,VEN,
BEL,VNM,
BEL,YEM,
BEL,ZMB,
BEL,ZWE,
BEL,AFG,
BLZ,ALB,
BLZ,DZA,
BLZ,AND,
BLZ,AGO,
BLZ,ATG,
BLZ,ARG,
BLZ,ARM,
BLZ,AUS,
BLZ,AUT,
BLZ,AZE,
BLZ,BHS,
BLZ,BHR,
BLZ,BGD,
BLZ,BRB,
BLZ,BLR,
BLZ,BEL,
BLZ,BLZ,-1
BLZ,BEN,
BLZ,BTN,
BLZ,BOL,
BLZ,BIH,
BLZ,BWA,
BLZ,BRA,
BLZ,BRN,
BLZ,BGR,
BLZ,BFA,
BLZ,BDI,
BLZ,KHM,
BLZ,CMR,
BLZ,CAN,
BLZ,CPV,
BLZ,CAF,
BLZ,TCD,
BLZ,CHL,
BLZ,CHN,
BLZ,COL,
BLZ,COM,
BLZ,COG,
BLZ,COD,
BLZ,CRI,
BLZ,CIV,
BLZ,HRV,
BLZ,CUB,
BLZ,CYP,
BLZ,CZE,
BLZ,DNK,
BLZ,DJI,
BLZ,DMA,
BLZ,DOM,
BLZ,ECU,
BLZ,EGY,
BLZ,SLV,
BLZ,GNQ,
BLZ,ERI,
BLZ,EST,
BLZ,SWZ,
BLZ,ETH,
BLZ,FJI,
BLZ,FIN,
BLZ,FRA,
BLZ,GAB,
BLZ,GMB,
BLZ,GEO,
BLZ,DEU,
BLZ,GHA,
BLZ,GRC,
BLZ,GRD,
BLZ,GTM,
BLZ,GIN,
BLZ,GNB,
BLZ,GUY,
BLZ,HTI,
BLZ,HND,
BLZ,HKG,
BLZ,HUN,
BLZ,ISL,
BLZ,IND,
BLZ,IDN,
BLZ,IRN,
BLZ,IRQ,
BLZ,IRL,
BLZ,ISR,
BLZ,ITA,
BLZ,JAM,
BLZ,JPN,
BLZ,JOR,
BLZ,KAZ,
BLZ,KEN,
BLZ,KIR,
BLZ,XKX,
BLZ,KWT,
BLZ,KGZ,
BLZ,LAO,
BLZ,LVA,
BLZ,LBN,
BLZ,LSO,
BLZ,LBR,
BLZ,LBY,
BLZ,LIE,
BLZ,LTU,
BLZ,LUX,
BLZ,MAC,
BLZ,MDG,
BLZ,MWI,
BLZ,MYS,
BLZ,MDV,
BLZ,MLI,
BLZ,MLT,
BLZ,MHL,
BLZ,MRT,
BLZ,MUS,
BLZ,MEX,
BLZ,FSM,
BLZ,MDA,
BLZ,MCO,
BLZ,MNG,
BLZ,MNE,
BLZ,MAR,
BLZ,MOZ,
BLZ,MMR,
BLZ,NAM,
BLZ,NRU,
BLZ,NPL,
BLZ,NLD,
BLZ,NZL,
BLZ,NIC,
BLZ,NER,
BLZ,NGA,
BLZ,PRK,
BLZ,MKD,
BLZ,NOR,
BLZ,OMN,
BLZ,PAK,
BLZ,PLW,
BLZ,PSE,
BLZ,PAN,
BLZ,PNG,
BLZ,PRY,
BLZ,PER,
BLZ,PHL,
BLZ,POL,
BLZ,PRT,
BLZ,QAT,
BLZ,ROU,
BLZ,RUS,
BLZ,RWA,
BLZ,KNA,
BLZ,LCA,
BLZ,WSM,
BLZ,SMR,
BLZ,STP,
BLZ,SAU,
BLZ,SEN,
BLZ,SRB,
BLZ,SYC,
BLZ,SLE,
BLZ,SGP,
BLZ,SVK,
BLZ,SVN,
BLZ,SLB,
BLZ,SOM,
BLZ,ZAF,
BLZ,KOR,
BLZ,SSD,
BLZ,ESP,
BLZ,LKA,
BLZ,VCT,
BLZ,SDN,
BLZ,SUR,
BLZ,SWE,
BLZ,CHE,
BLZ,SYR,
BLZ,TWN,
BLZ,TJK,
BLZ,TZA,
BLZ,THA,
BLZ,TLS,
BLZ,TGO,
BLZ,TON,
BLZ,TTO,
BLZ,TUN,
BLZ,TKM,
BLZ,TUV,
BLZ,TUR,
BLZ,UGA,
BLZ,UKR,
BLZ,ARE,
BLZ,GBR,
BLZ,USA,
BLZ,URY,
BLZ,UZB,
BLZ,VUT,
BLZ,VAT,
BLZ,VEN,
BLZ,VNM,
BLZ,YEM,
BLZ,ZMB,
BLZ,ZWE,
BLZ,AFG,
BEN,ALB,
BEN,DZA,
BEN,AND,
BEN,AGO,
BEN,ATG,
BEN,ARG,
BEN,ARM,
BEN,AUS,
BEN,AUT,
BEN,AZE,
BEN,BHS,
BEN,BHR,
BEN,BGD,
BEN,BRB,
BEN,BLR,
BEN,BEL,
BEN,BLZ,
BEN,BEN,-1
BEN,BTN,
BEN,BOL,
BEN,BIH,
BEN,BWA,
BEN,BRA,
BEN,BRN,
BEN,BGR,
BEN,BFA,
BEN,BDI,
BEN,KHM,
BEN,CMR,
BEN,CAN,
BEN,CPV,
BEN,CAF,
BEN,TCD,
BEN,CHL,
BEN,CHN,
BEN,COL,
BEN,COM,
BEN,COG,
BEN,COD,
BEN,CRI,
BEN,CIV,
BEN,HRV,
BEN,CUB,
BEN,CYP,
BEN,CZE,
BEN,DNK,
BEN,DJI,
BEN,DMA,
BEN,DOM,
BEN,ECU,
BEN,EGY,
BEN,SLV,
BEN,GNQ,
BEN,ERI,
BEN,EST,
BEN,SWZ,
BEN,ETH,
BEN,FJI,
BEN,FIN,
BEN,FRA,
BEN,GAB,
BEN,GMB,
BEN,GEO,
BEN,DEU,
BEN,GHA,
BEN,GRC,
BEN,GRD,
BEN,GTM,
BEN,GIN,
BEN,GNB,
BEN,GUY,
BEN,HTI,
BEN,HND,
BEN,HKG,
BEN,HUN,
BEN,ISL,
BEN,IND,
BEN,IDN,
BEN,IRN,
BEN,IRQ,
BEN,IRL,
BEN,ISR,
BEN,ITA,
BEN,JAM,
BEN,JPN,
BEN,JOR,
BEN,KAZ,
BEN,KEN,
BEN,KIR,
BEN,XKX,
BEN,KWT,
BEN,KGZ,
BEN,LAO,
BEN,LVA,
BEN,LBN,
BEN,LSO,
BEN,LBR,
BEN,LBY,
BEN,LIE,
BEN,LTU,
BEN,LUX,
BEN,MAC,
BEN,MDG,
BEN,MWI,
BEN,MYS,
BEN,MDV,
BEN,MLI,
BEN,MLT,
BEN,MHL,
BEN,MRT,
BEN,MUS,
BEN,MEX,
BEN,FSM,
BEN,MDA,
BEN,MCO,
BEN,MNG,
BEN,MNE,
BEN,MAR,
BEN,MOZ,
BEN,MMR,
BEN,NAM,
BEN,NRU,
BEN,NPL,
BEN,NLD,
BEN,NZL,
BEN,NIC,
BEN,NER,
BEN,NGA,
BEN,PRK,
BEN,MKD,
BEN,NOR,
BEN,OMN,
BEN,PAK,
BEN,PLW,
BEN,PSE,
BEN,PAN,
BEN,PNG,
BEN,PRY,
BEN,PER,
BEN,PHL,
BEN,POL,
BEN,PRT,
BEN,QAT,
BEN,ROU,
BEN,RUS,
BEN,RWA,
BEN,KNA,
BEN,LCA,
BEN,WSM,
BEN,SMR,
BEN,STP,
BEN,SAU,
BEN,SEN,
BEN,SRB,
BEN,SYC,
BEN,SLE,
BEN,SGP,
BEN,SVK,
BEN,SVN,
BEN,SLB,
BEN,SOM,
BEN,ZAF,
BEN,KOR,
BEN,SSD,
BEN,ESP,
BEN,LKA,
BEN,VCT,
BEN,SDN,
BEN,SUR,
BEN,SWE,
BEN,CHE,
BEN,SYR,
BEN,TWN,
BEN,TJK,
BEN,TZA,
BEN,THA,
BEN,TLS,
BEN,TGO,
BEN,TON,
BEN,TTO,
BEN,TUN,
BEN,TKM,
BEN,TUV,
BEN,TUR,
BEN,UGA,
BEN,UKR,
BEN,ARE,
BEN,GBR,
BEN,USA,
BEN,URY,
BEN,UZB,
BEN,VUT,
BEN,VAT,
BEN,VEN,
BEN,VNM,
BEN,YEM,
BEN,ZMB,
BEN,ZWE,
BEN,AFG,
BTN,ALB,
BTN,DZA,
BTN,AND,
BTN,AGO,
BTN,ATG,
BTN,ARG,
BTN,ARM,
BTN,AUS,
BTN,AUT,
BTN,AZE,
BTN,BHS,
BTN,BHR,
BTN,BGD,
BTN,BRB,
BTN,BLR,
BTN,BEL,
BTN,BLZ,
BTN,BEN,
BTN,BTN,-1
BTN,BOL,
BTN,BIH,
BTN,BWA,
BTN,BRA,
BTN,BRN,
BTN,BGR,
BTN,BFA,
BTN,BDI,
BTN,KHM,
BTN,CMR,
BTN,CAN,
BTN,CPV,
BTN,CAF,
BTN,TCD,
BTN,CHL,
BTN,CHN,
BTN,COL,
BTN,COM,
BTN,COG,
BTN,COD,
BTN,CRI,
BTN,CIV,
BTN,HRV,
BTN,CUB,
BTN,CYP,
BTN,CZE,
BTN,DNK,
BTN,DJI,
BTN,DMA,
BTN,DOM,
BTN,ECU,
BTN,EGY,
BTN,SLV,
BTN,GNQ,
BTN,ERI,
BTN,EST,
BTN,SWZ,
BTN,ETH,
BTN,FJI,
BTN,FIN,
BTN,FRA,
BTN,GAB,
BTN,GMB,
BTN,GEO,
BTN,DEU,
BTN,GHA,
BTN,GRC,
BTN,GRD,
BTN,GTM,
BTN,GIN,
BTN,GNB,
BTN,GUY,
BTN,HTI,
BTN,HND,
BTN,HKG,
BTN,HUN,
BTN,ISL,
BTN,IND,
BTN,IDN,
BTN,IRN,
BTN,IRQ,
BTN,IRL,
BTN,ISR,
BTN,ITA,
BTN,JAM,
BTN,JPN,
BTN,JOR,
BTN,KAZ,
BTN,KEN,
BTN,KIR,
BTN,XKX,
BTN,KWT,
BTN,KGZ,
BTN,LAO,
BTN,LVA,
BTN,LBN,
BTN,LSO,
BTN,LBR,
BTN,LBY,
BTN,LIE,
BTN,LTU,
BTN,LUX,
BTN,MAC,
BTN,MDG,
BTN,MWI,
BTN,MYS,
BTN,MDV,
BTN,MLI,
BTN,MLT,
BTN,MHL,
BTN,MRT,
BTN,MUS,
BTN,MEX,
BTN,FSM,
BTN,MDA,
BTN,MCO,
BTN,MNG,
BTN,MNE,
BTN,MAR,
BTN,MOZ,
BTN,MMR,
BTN,NAM,
BTN,NRU,
BTN,NPL,
BTN,NLD,
BTN,NZL,
BTN,NIC,
BTN,NER,
BTN,NGA,
BTN,PRK,
BTN,MKD,
BTN,NOR,
BTN,OMN,
BTN,PAK,
BTN,PLW,
BTN,PSE,
BTN,PAN,
BTN,PNG,
BTN,PRY,
BTN,PER,
BTN,PHL,
BTN,POL,
BTN,PRT,
BTN,QAT,
BTN,ROU,
BTN,RUS,
BTN,RWA,
BTN,KNA,
BTN,LCA,
BTN,WSM,
BTN,SMR,
BTN,STP,
BTN,SAU,
BTN,SEN,
BTN,SRB,
BTN,SYC,
BTN,SLE,
BTN,SGP,
BTN,SVK,
BTN,SVN,
BTN,SLB,
BTN,SOM,
BTN,ZAF,
BTN,KOR,
BTN,SSD,
BTN,ESP,
BTN,LKA,
BTN,VCT,
BTN,SDN,
BTN,SUR,
BTN,SWE,
BTN,CHE,
BTN,SYR,
BTN,TWN,
BTN,TJK,
BTN,TZA,
BTN,THA,
BTN,TLS,
BTN,TGO,
BTN,TON,
BTN,TTO,
BTN,TUN,
BTN,TKM,
BTN,TUV,
BTN,TUR,
BTN,UGA,
BTN,UKR,
BTN,ARE,
BTN,GBR,
BTN,USA,
BTN,URY,
BTN,UZB,
BTN,VUT,
BTN,VAT,
BTN,VEN,
BTN,VNM,
BTN,YEM,
BTN,ZMB,
BTN,ZWE,
BTN,AFG,
BOL,ALB,
BOL,DZA,
BOL,AND,
BOL,AGO,
BOL,ATG,
BOL,ARG,
BOL,ARM,
BOL,AUS,
BOL,AUT,
BOL,AZE,
BOL,BHS,
BOL,BHR,
BOL,BGD,
BOL,BRB,
BOL,BLR,
BOL,BEL,
BOL,BLZ,
BOL,BEN,
BOL,BTN,
BOL,BOL,-1
BOL,BIH,
BOL,BWA,
BOL,BRA,
BOL,BRN,
BOL,BGR,
BOL,BFA,
BOL,BDI,
BOL,KHM,
BOL,CMR,
BOL,CAN,
BOL,CPV,
BOL,CAF,
BOL,TCD,
BOL,CHL,
BOL,CHN,
BOL,COL,
BOL,COM,
BOL,COG,
BOL,COD,
BOL,CRI,
BOL,CIV,
BOL,HRV,
BOL,CUB,
BOL,CYP,
BOL,CZE,
BOL,DNK,
BOL,DJI,
BOL,DMA,
BOL,DOM,
BOL,ECU,
BOL,EGY,
BOL,SLV,
BOL,GNQ,
BOL,ERI,
BOL,EST,
BOL,SWZ,
BOL,ETH,
BOL,FJI,
BOL,FIN,
BOL,FRA,
BOL,GAB,
BOL,GMB,
BOL,GEO,
BOL,DEU,
BOL,GHA,
BOL,GRC,
BOL,GRD,
BOL,GTM,
BOL,GIN,
BOL,GNB,
BOL,GUY,
BOL,HTI,
BOL,HND,
BOL,HKG,
BOL,HUN,
BOL,ISL,
BOL,IND,
BOL,IDN,
BOL,IRN,
BOL,IRQ,
BOL,IRL,
BOL,ISR,
BOL,ITA,
BOL,JAM,
BOL,JPN,
BOL,JOR,
BOL,KAZ,
BOL,KEN,
BOL,KIR,
BOL,XKX,
BOL,KWT,
BOL,KGZ,
BOL,LAO,
BOL,LVA,
BOL,LBN,
BOL,LSO,
BOL,LBR,
BOL,LBY,
BOL,LIE,
BOL,LTU,
BOL,LUX,
BOL,MAC,
BOL,MDG,
BOL,MWI,
BOL,MYS,
BOL,MDV,
BOL,MLI,
BOL,MLT,
BOL,MHL,
BOL,MRT,
BOL,MUS,
BOL,MEX,
BOL,FSM,
BOL,MDA,
BOL,MCO,
BOL,MNG,
BOL,MNE,
BOL,MAR,
BOL,MOZ,
BOL,MMR,
BOL,NAM,
BOL,NRU,
BOL,NPL,
BOL,NLD,
BOL,NZL,
BOL,NIC,
BOL,NER,
BOL,NGA,
BOL,PRK,
BOL,MKD,
BOL,NOR,
BOL,OMN,
BOL,PAK,
BOL,PLW,
BOL,PSE,
BOL,PAN,
BOL,PNG,
BOL,PRY,
BOL,PER,
BOL,PHL,
BOL,POL,
BOL,PRT,
BOL,QAT,
BOL,ROU,
BOL,RUS,
BOL,RWA,
BOL,KNA,
BOL,LCA,
BOL,WSM,
BOL,SMR,
BOL,STP,
BOL,SAU,
BOL,SEN,
BOL,SRB,
BOL,SYC,
BOL,SLE,
BOL,SGP,
BOL,SVK,
BOL,SVN,
BOL,SLB,
BOL,SOM,
BOL,ZAF,
BOL,KOR,
BOL,SSD,
BOL,ESP,
BOL,LKA,
BOL,VCT,
BOL,SDN,
BOL,SUR,
BOL,SWE,
BOL,CHE,
BOL,SYR,
BOL,TWN,
BOL,TJK,
BOL,TZA,
BOL,THA,
BOL,TLS,
BOL,TGO,
BOL,TON,
BOL,TTO,
BOL,TUN,
BOL,TKM,
BOL,TUV,
BOL,TUR,
BOL,UGA,
BOL,UKR,
BOL,ARE,
BOL,GBR,
BOL,USA,
BOL,URY,
BOL,UZB,
BOL,VUT,
BOL,VAT,
BOL,VEN,
BOL,VNM,
BOL,YEM,
BOL,ZMB,
BOL,ZWE,
BOL,AFG,
BIH,ALB,
BIH,DZA,
BIH,AND,
BIH,AGO,
BIH,ATG,
BIH,ARG,
BIH,ARM,
BIH,AUS,
BIH,AUT,
BIH,AZE,
BIH,BHS,
BIH,BHR,
BIH,BGD,
BIH,BRB,
BIH,BLR,
BIH,BEL,
BIH,BLZ,
BIH,BEN,
BIH,BTN,
BIH,BOL,
BIH,BIH,-1
BIH,BWA,
BIH,BRA,
BIH,BRN,
BIH,BGR,
BIH,BFA,
BIH,BDI,
BIH,KHM,
BIH,CMR,
BIH,CAN,
BIH,CPV,
BIH,CAF,
BIH,TCD,
BIH,CHL,
BIH,CHN,
BIH,COL,
BIH,COM,
BIH,COG,
BIH,COD,
BIH,CRI,
BIH,CIV,
BIH,HRV,
BIH,CUB,
BIH,CYP,
BIH,CZE,
BIH,DNK,
BIH,DJI,
BIH,DMA,
BIH,DOM,
BIH,ECU,
BIH,EGY,
BIH,SLV,
BIH,GNQ,
BIH,ERI,
BIH,EST,
BIH,SWZ,
BIH,ETH,
BIH,FJI,
BIH,FIN,
BIH,FRA,
BIH,GAB,
BIH,GMB,
BIH,GEO,
BIH,DEU,
BIH,GHA,
BIH,GRC,
BIH,GRD,
BIH,GTM,
BIH,GIN,
BIH,GNB,
BIH,GUY,
BIH,HTI,
BIH,HND,
BIH,HKG,
BIH,HUN,
BIH,ISL,
BIH,IND,
BIH,IDN,
BIH,IRN,
BIH,IRQ,
BIH,IRL,
BIH,ISR,
BIH,ITA,
BIH,JAM,
BIH,JPN,
BIH,JOR,
BIH,KAZ,
BIH,KEN,
BIH,KIR,
BIH,XKX,
BIH,KWT,
BIH,KGZ,
BIH,LAO,
BIH,LVA,
BIH,LBN,
BIH,LSO,
BIH,LBR,
BIH,LBY,
BIH,LIE,
BIH,LTU,
BIH,LUX,
BIH,MAC,
BIH,MDG,
BIH,MWI,
BIH,MYS,
BIH,MDV,
BIH,MLI,
BIH,MLT,
BIH,MHL,
BIH,MRT,
BIH,MUS,
BIH,MEX,
BIH,FSM,
BIH,MDA,
BIH,MCO,
BIH,MNG,
BIH,MNE,
BIH,MAR,
BIH,MOZ,
BIH,MMR,
BIH,NAM,
BIH,NRU,
BIH,NPL,
BIH,NLD,
BIH,NZL,
BIH,NIC,
BIH,NER,
BIH,NGA,
BIH,PRK,
BIH,MKD,
BIH,NOR,
BIH,OMN,
BIH,PAK,
BIH,PLW,
BIH,PSE,
BIH,PAN,
BIH,PNG,
BIH,PRY,
BIH,PER,
BIH,PHL,
BIH,POL,
BIH,PRT,
BIH,QAT,
BIH,ROU,
BIH,RUS,
BIH,RWA,
BIH,KNA,
BIH,LCA,
BIH,WSM,
BIH,SMR,
BIH,STP,
BIH,SAU,
BIH,SEN,
BIH,SRB,
BIH,SYC,
BIH,SLE,
BIH,SGP,
BIH,SVK,
BIH,SVN,
BIH,SLB,
BIH,SOM,
BIH,ZAF,
BIH,KOR,
BIH,SSD,
BIH,ESP,
BIH,LKA,
BIH,VCT,
BIH,SDN,
BIH,SUR,
BIH,SWE,
BIH,CHE,
BIH,SYR,
BIH,TWN,
BIH,TJK,
BIH,TZA,
BIH,THA,
BIH,TLS,
BIH,TGO,
BIH,TON,
BIH,TTO,
BIH,TUN,
BIH,TKM,
BIH,TUV,
BIH,TUR,
BIH,UGA,
BIH,UKR,
BIH,ARE,
BIH,GBR,
BIH,USA,
BIH,URY,
BIH,UZB,
BIH,VUT,
BIH,VAT,
BIH,VEN,
BIH,VNM,
BIH,YEM,
BIH,ZMB,
BIH,ZWE,
BIH,AFG,
BWA,ALB,
BWA,DZA,
BWA,AND,
BWA,AGO,
BWA,ATG,
BWA,ARG,
BWA,ARM,
BWA,AUS,
BWA,AUT,
BWA,AZE,
BWA,BHS,
BWA,BHR,
BWA,BGD,
BWA,BRB,
BWA,BLR,
BWA,BEL,
BWA,BLZ,
BWA,BEN,
BWA,BTN,
BWA,BOL,
BWA,BIH,
BWA,BWA,-1
BWA,BRA,
BWA,BRN,
BWA,BGR,
BWA,BFA,
BWA,BDI,
BWA,KHM,
BWA,CMR,
BWA,CAN,
BWA,CPV,
BWA,CAF,
BWA,TCD,
BWA,CHL,
BWA,CHN,
BWA,COL,
BWA,COM,
BWA,COG,
BWA,COD,
BWA,CRI,
BWA,CIV,
BWA,HRV,
BWA,CUB,
BWA,CYP,
BWA,CZE,
BWA,DNK,
BWA,DJI,
BWA,DMA,
BWA,DOM,
BWA,ECU,
BWA,EGY,
BWA,SLV,
BWA,GNQ,
BWA,ERI,
BWA,EST,
BWA,SWZ,
BWA,ETH,
BWA,FJI,
BWA,FIN,
BWA,FRA,
BWA,GAB,
BWA,GMB,
BWA,GEO,
BWA,DEU,
BWA,GHA,
BWA,GRC,
BWA,GRD,
BWA,GTM,
BWA,GIN,
BWA,GNB,
BWA,GUY,
BWA,HTI,
BWA,HND,
BWA,HKG,
BWA,HUN,
BWA,ISL,
BWA,IND,
BWA,IDN,
BWA,IRN,
BWA,IRQ,
BWA,IRL,
BWA,ISR,
BWA,ITA,
BWA,JAM,
BWA,JPN,
BWA,JOR,
BWA,KAZ,
BWA,KEN,
BWA,KIR,
BWA,XKX,
BWA,KWT,
BWA,KGZ,
BWA,LAO,
BWA,LVA,
BWA,LBN,
BWA,LSO,
BWA,LBR,
BWA,LBY,
BWA,LIE,
BWA,LTU,
BWA,LUX,
BWA,MAC,
BWA,MDG,
BWA,MWI,
BWA,MYS,
BWA,MDV,
BWA,MLI,
BWA,MLT,
BWA,MHL,
BWA,MRT,
BWA,MUS,
BWA,MEX,
BWA,FSM,
BWA,MDA,
BWA,MCO,
BWA,MNG,
BWA,MNE,
BWA,MAR,
BWA,MOZ,
BWA,MMR,
BWA,NAM,
BWA,NRU,
BWA,NPL,
BWA,NLD,
BWA,NZL,
BWA,NIC,
BWA,NER,
BWA,NGA,
BWA,PRK,
BWA,MKD,
BWA,NOR,
BWA,OMN,
BWA,PAK,
BWA,PLW,
BWA,PSE,
BWA,PAN,
BWA,PNG,
BWA,PRY,
BWA,PER,
BWA,PHL,
BWA,POL,
BWA,PRT,
BWA,QAT,
BWA,ROU,
BWA,RUS,
BWA,RWA,
BWA,KNA,
BWA,LCA,
BWA,WSM,
BWA,SMR,
BWA,STP,
BWA,SAU,
BWA,SEN,
BWA,SRB,
BWA,SYC,
BWA,SLE,
BWA,SGP,
BWA,SVK,
BWA,SVN,
BWA,SLB,
BWA,SOM,
BWA,ZAF,
BWA,KOR,
BWA,SSD,
BWA,ESP,
BWA,LKA,
BWA,VCT,
BWA,SDN,
BWA,SUR,
BWA,SWE,
BWA,CHE,
BWA,SYR,
BWA,TWN,
BWA,TJK,
BWA,TZA,
BWA,THA,
BWA,TLS,
BWA,TGO,
BWA,TON,
BWA,TTO,
BWA,TUN,
BWA,TKM,
BWA,TUV,
BWA,TUR,
BWA,UGA,
BWA,UKR,
BWA,ARE,
BWA,GBR,
BWA,USA,
BWA,URY,
BWA,UZB,
BWA,VUT,
BWA,VAT,
BWA,VEN,
BWA,VNM,
BWA,YEM,
BWA,ZMB,
BWA,ZWE,
BWA,AFG,
BRA,ALB,
BRA,DZA,
BRA,AND,
BRA,AGO,
BRA,ATG,
BRA,ARG,
BRA,ARM,
BRA,AUS,
BRA,AUT,
BRA,AZE,
BRA,BHS,
BRA,BHR,
BRA,BGD,
BRA,BRB,
BRA,BLR,
BRA,BEL,
BRA,BLZ,
BRA,BEN,
BRA,BTN,
BRA,BOL,
BRA,BIH,
BRA,BWA,
BRA,BRA,-1
BRA,BRN,
BRA,BGR,
BRA,BFA,
BRA,BDI,
BRA,KHM,
BRA,CMR,
BRA,CAN,
BRA,CPV,
BRA,CAF,
BRA,TCD,
BRA,CHL,
BRA,CHN,
BRA,COL,
BRA,COM,
BRA,COG,
BRA,COD,
BRA,CRI,
BRA,CIV,
BRA,HRV,
BRA,CUB,
BRA,CYP,
BRA,CZE,
BRA,DNK,
BRA,DJI,
BRA,DMA,
BRA,DOM,
BRA,ECU,
BRA,EGY,
BRA,SLV,
BRA,GNQ,
BRA,ERI,
BRA,EST,
BRA,SWZ,
BRA,ETH,
BRA,FJI,
BRA,FIN,
BRA,FRA,
BRA,GAB,
BRA,GMB,
BRA,GEO,
BRA,DEU,
BRA,GHA,
BRA,GRC,
BRA,GRD,
BRA,GTM,
BRA,GIN,
BRA,GNB,
BRA,GUY,
BRA,HTI,
BRA,HND,
BRA,HKG,
BRA,HUN,
BRA,ISL,
BRA,IND,
BRA,IDN,
BRA,IRN,
BRA,IRQ,
BRA,IRL,
BRA,ISR,
BRA,ITA,
BRA,JAM,
BRA,JPN,
BRA,JOR,
BRA,KAZ,
BRA,KEN,
BRA,KIR,
BRA,XKX,
BRA,KWT,
BRA,KGZ,
BRA,LAO,
BRA,LVA,
BRA,LBN,
BRA,LSO,
BRA,LBR,
BRA,LBY,
BRA,LIE,
BRA,LTU,
BRA,LUX,
BRA,MAC,
BRA,MDG,
BRA,MWI,
BRA,MYS,
BRA,MDV,
BRA,MLI,
BRA,MLT,
BRA,MHL,
BRA,MRT,
BRA,MUS,
BRA,MEX,
BRA,FSM,
BRA,MDA,
BRA,MCO,
BRA,MNG,
BRA,MNE,
BRA,MAR,
BRA,MOZ,
BRA,MMR,
BRA,NAM,
BRA,NRU,
BRA,NPL,
BRA,NLD,
BRA,NZL,
BRA,NIC,
BRA,NER,
BRA,NGA,
BRA,PRK,
BRA,MKD,
BRA,NOR,
BRA,OMN,
BRA,PAK,
BRA,PLW,
BRA,PSE,
BRA,PAN,
BRA,PNG,
BRA,PRY,
BRA,PER,
BRA,PHL,
BRA,POL,
BRA,PRT,
BRA,QAT,
BRA,ROU,
BRA,RUS,
BRA,RWA,
BRA,KNA,
BRA,LCA,
BRA,WSM,
BRA,SMR,
BRA,STP,
BRA,SAU,
BRA,SEN,
BRA,SRB,
BRA,SYC,
BRA,SLE,
BRA,SGP,
BRA,SVK,
BRA,SVN,
BRA,SLB,
BRA,SOM,
BRA,ZAF,
BRA,KOR,
BRA,SSD,
BRA,ESP,
BRA,LKA,
BRA,VCT,
BRA,SDN,
BRA,SUR,
BRA,SWE,
BRA,CHE,
BRA,SYR,
BRA,TWN,
BRA,TJK,
BRA,TZA,
BRA,THA,
BRA,TLS,
BRA,TGO,
BRA,TON,
BRA,TTO,
BRA,TUN,
BRA,TKM,
BRA,TUV,
BRA,TUR,
BRA,UGA,
BRA,UKR,
BRA,ARE,
BRA,GBR,
BRA,USA,
BRA,URY,
BRA,UZB,
BRA,VUT,
BRA,VAT,
BRA,VEN,
BRA,VNM,
BRA,YEM,
BRA,ZMB,
BRA,ZWE,
BRA,AFG,
BRN,ALB,
BRN,DZA,
BRN,AND,
BRN,AGO,
BRN,ATG,
BRN,ARG,
BRN,ARM,
BRN,AUS,
BRN,AUT,
BRN,AZE,
BRN,BHS,
BRN,BHR,
BRN,BGD,
BRN,BRB,
BRN,BLR,
BRN,BEL,
BRN,BLZ,
BRN,BEN,
BRN,BTN,
BRN,BOL,
BRN,BIH,
BRN,BWA,
BRN,BRA,
BRN,BRN,-1
BRN,BGR,
BRN,BFA,
BRN,BDI,
BRN,KHM,
BRN,CMR,
BRN,CAN,
BRN,CPV,
BRN,CAF,
BRN,TCD,
BRN,CHL,
BRN,CHN,
BRN,COL,
BRN,COM,
BRN,COG,
BRN,COD,
BRN,CRI,
BRN,CIV,
BRN,HRV,
BRN,CUB,
BRN,CYP,
BRN,CZE,
BRN,DNK,
BRN,DJI,
BRN,DMA,
BRN,DOM,
BRN,ECU,
BRN,EGY,
BRN,SLV,
BRN,GNQ,
BRN,ERI,
BRN,EST,
BRN,SWZ,
BRN,ETH,
BRN,FJI,
BRN,FIN,
BRN,FRA,
BRN,GAB,
BRN,GMB,
BRN,GEO,
BRN,DEU,
BRN,GHA,
BRN,GRC,
BRN,GRD,
BRN,GTM,
BRN,GIN,
BRN,GNB,
BRN,GUY,
BRN,HTI,
BRN,HND,
BRN,HKG,
BRN,HUN,
BRN,ISL,
BRN,IND,
BRN,IDN,
BRN,IRN,
BRN,IRQ,
BRN,IRL,
BRN,ISR,
BRN,ITA,
BRN,JAM,
BRN,JPN,
BRN,JOR,
BRN,KAZ,
BRN,KEN,
BRN,KIR,
BRN,XKX,
BRN,KWT,
BRN,KGZ,
BRN,LAO,
BRN,LVA,
BRN,LBN,
BRN,LSO,
BRN,LBR,
BRN,LBY,
BRN,LIE,
BRN,LTU,
BRN,LUX,
BRN,MAC,
BRN,MDG,
BRN,MWI,
BRN,MYS,
BRN,MDV,
BRN,MLI,
BRN,MLT,
BRN,MHL,
BRN,MRT,
BRN,MUS,
BRN,MEX,
BRN,FSM,
BRN,MDA,
BRN,MCO,
BRN,MNG,
BRN,MNE,
BRN,MAR,
BRN,MOZ,
BRN,MMR,
BRN,NAM,
BRN,NRU,
BRN,NPL,
BRN,NLD,
BRN,NZL,
BRN,NIC,
BRN,NER,
BRN,NGA,
BRN,PRK,
BRN,MKD,
BRN,NOR,
BRN,OMN,
BRN,PAK,
BRN,PLW,
BRN,PSE,
BRN,PAN,
BRN,PNG,
BRN,PRY,
BRN,PER,
BRN,PHL,
BRN,POL,
BRN,PRT,
BRN,QAT,
BRN,ROU,
BRN,RUS,
BRN,RWA,
BRN,KNA,
BRN,LCA,
BRN,WSM,
BRN,SMR,
BRN,STP,
BRN,SAU,
BRN,SEN,
BRN,SRB,
BRN,SYC,
BRN,SLE,
BRN,SGP,
BRN,SVK,
BRN,SVN,
BRN,SLB,
BRN,SOM,
BRN,ZAF,
BRN,KOR,
BRN,SSD,
BRN,ESP,
BRN,LKA,
BRN,VCT,
BRN,SDN,
BRN,SUR,
BRN,SWE,
BRN,CHE,
BRN,SYR,
BRN,TWN,
BRN,TJK,
BRN,TZA,
BRN,THA,
BRN,TLS,
BRN,TGO,
BRN,TON,
BRN,TTO,
BRN,TUN,
BRN,TKM,
BRN,TUV,
BRN,TUR,
BRN,UGA,
BRN,UKR,
BRN,ARE,
BRN,GBR,
BRN,USA,
BRN,URY,
BRN,UZB,
BRN,VUT,
BRN,VAT,
BRN,VEN,
BRN,VNM,
BRN,YEM,
BRN,ZMB,
BRN,ZWE,
BRN,AFG,
BGR,ALB,
BGR,DZA,
BGR,AND,
BGR,AGO,
BGR,ATG,
BGR,ARG,
BGR,ARM,
BGR,AUS,
BGR,AUT,
BGR,AZE,
BGR,BHS,
BGR,BHR,
BGR,BGD,
BGR,BRB,
BGR,BLR,
BGR,BEL,
BGR,BLZ,
BGR,BEN,
BGR,BTN,
BGR,BOL,
BGR,BIH,
BGR,BWA,
BGR,BRA,
BGR,BRN,
BGR,BGR,-1
BGR,BFA,
BGR,BDI,
BGR,KHM,
BGR,CMR,
BGR,CAN,
BGR,CPV,
BGR,CAF,
BGR,TCD,
BGR,CHL,
BGR,CHN,
BGR,COL,
BGR,COM,
BGR,COG,
BGR,COD,
BGR,CRI,
BGR,CIV,
BGR,HRV,
BGR,CUB,
BGR,CYP,
BGR,CZE,
BGR,DNK,
BGR,DJI,
BGR,DMA,
BGR,DOM,
BGR,ECU,
BGR,EGY,
BGR,SLV,
BGR,GNQ,
BGR,ERI,
BGR,EST,
BGR,SWZ,
BGR,ETH,
BGR,FJI,
BGR,FIN,
BGR,FRA,
BGR,GAB,
BGR,GMB,
BGR,GEO,
BGR,DEU,
BGR,GHA,
BGR,GRC,
BGR,GRD,
BGR,GTM,
BGR,GIN,
BGR,GNB,
BGR,GUY,
BGR,HTI,
BGR,HND,
BGR,HKG,
BGR,HUN,
BGR,ISL,
BGR,IND,
BGR,IDN,
BGR,IRN,
BGR,IRQ,
BGR,IRL,
BGR,ISR,
BGR,ITA,
BGR,JAM,
BGR,JPN,
BGR,JOR,
BGR,KAZ,
BGR,KEN,
BGR,KIR,
BGR,XKX,
BGR,KWT,
BGR,KGZ,
BGR,LAO,
BGR,LVA,
BGR,LBN,
BGR,LSO,
BGR,LBR,
BGR,LBY,
BGR,LIE,
BGR,LTU,
BGR,LUX,
BGR,MAC,
BGR,MDG,
BGR,MWI,
BGR,MYS,
BGR,MDV,
BGR,MLI,
BGR,MLT,
BGR,MHL,
BGR,MRT,
BGR,MUS,
BGR,MEX,
BGR,FSM,
BGR,MDA,
BGR,MCO,
BGR,MNG,
BGR,MNE,
BGR,MAR,
BGR,MOZ,
BGR,MMR,
BGR,NAM,
BGR,NRU,
BGR,NPL,
BGR,NLD,
BGR,NZL,
BGR,NIC,
BGR,NER,
BGR,NGA,
BGR,PRK,
BGR,MKD,
BGR,NOR,
BGR,OMN,
BGR,PAK,
BGR,PLW,
BGR,PSE,
BGR,PAN,
BGR,PNG,
BGR,PRY,
BGR,PER,
BGR,PHL,
BGR,POL,
BGR,PRT,
BGR,QAT,
BGR,ROU,
BGR,RUS,
BGR,RWA,
BGR,KNA,
BGR,LCA,
BGR,WSM,
BGR,SMR,
BGR,STP,
BGR,SAU,
BGR,SEN,
BGR,SRB,
BGR,SYC,
BGR,SLE,
BGR,SGP,
BGR,SVK,
BGR,SVN,
BGR,SLB,
BGR,SOM,
BGR,ZAF,
BGR,KOR,
BGR,SSD,
BGR,ESP,
BGR,LKA,
BGR,VCT,
BGR,SDN,
BGR,SUR,
BGR,SWE,
BGR,CHE,
BGR,SYR,
BGR,TWN,
BGR,TJK,
BGR,TZA,
BGR,THA,
BGR,TLS,
BGR,TGO,
BGR,TON,
BGR,TTO,
BGR,TUN,
BGR,TKM,
BGR,TUV,
BGR,TUR,
BGR,UGA,
BGR,UKR,
BGR,ARE,
BGR,GBR,
BGR,USA,
BGR,URY,
BGR,UZB,
BGR,VUT,
BGR,VAT,
BGR,VEN,
BGR,VNM,
BGR,YEM,
BGR,ZMB,
BGR,ZWE,
BGR,AFG,
BFA,ALB,
BFA,DZA,
BFA,AND,
BFA,AGO,
BFA,ATG,
BFA,ARG,
BFA,ARM,
BFA,AUS,
BFA,AUT,
BFA,AZE,
BFA,BHS,
BFA,BHR,
BFA,BGD,
BFA,BRB,
BFA,BLR,
BFA,BEL,
BFA,BLZ,
BFA,BEN,
BFA,BTN,
BFA,BOL,
BFA,BIH,
BFA,BWA,
BFA,BRA,
BFA,BRN,
BFA,BGR,
BFA,BFA,-1
BFA,BDI,
BFA,KHM,
BFA,CMR,
BFA,CAN,
BFA,CPV,
BFA,CAF,
BFA,TCD,
BFA,CHL,
BFA,CHN,
BFA,COL,
BFA,COM,
BFA,COG,
BFA,COD,
BFA,CRI,
BFA,CIV,
BFA,HRV,
BFA,CUB,
BFA,CYP,
BFA,CZE,
BFA,DNK,
BFA,DJI,
BFA,DMA,
BFA,DOM,
BFA,ECU,
BFA,EGY,
BFA,SLV,
BFA,GNQ,
BFA,ERI,
BFA,EST,
BFA,SWZ,
BFA,ETH,
BFA,FJI,
BFA,FIN,
BFA,FRA,
BFA,GAB,
BFA,GMB,
BFA,GEO,
BFA,DEU,
BFA,GHA,
BFA,GRC,
BFA,GRD,
BFA,GTM,
BFA,GIN,
BFA,GNB,
BFA,GUY,
BFA,HTI,
BFA,HND,
BFA,HKG,
BFA,HUN,
BFA,ISL,
BFA,IND,
BFA,IDN,
BFA,IRN,
BFA,IRQ,
BFA,IRL,
BFA,ISR,
BFA,ITA,
BFA,JAM,
BFA,JPN,
BFA,JOR,
BFA,KAZ,
BFA,KEN,
BFA,KIR,
BFA,XKX,
BFA,KWT,
BFA,KGZ,
BFA,LAO,
BFA,LVA,
BFA,LBN,
BFA,LSO,
BFA,LBR,
BFA,LBY,
BFA,LIE,
BFA,LTU,
BFA,LUX,
BFA,MAC,
BFA,MDG,
BFA,MWI,
BFA,MYS,
BFA,MDV,
BFA,MLI,
BFA,MLT,
BFA,MHL,
BFA,MRT,
BFA,MUS,
BFA,MEX,
BFA,FSM,
BFA,MDA,
BFA,MCO,
BFA,MNG,
BFA,MNE,
BFA,MAR,
BFA,MOZ,
BFA,MMR,
BFA,NAM,
BFA,NRU,
BFA,NPL,
BFA,NLD,
BFA,NZL,
BFA,NIC,
BFA,NER,
BFA,NGA,
BFA,PRK,
BFA,MKD,
BFA,NOR,
BFA,OMN,
BFA,PAK,
BFA,PLW,
BFA,PSE,
BFA,PAN,
BFA,PNG,
BFA,PRY,
BFA,PER,
BFA,PHL,
BFA,POL,
BFA,PRT,
BFA,QAT,
BFA,ROU,
BFA,RUS,
BFA,RWA,
BFA,KNA,
BFA,LCA,
BFA,WSM,
BFA,SMR,
BFA,STP,
BFA,SAU,
BFA,SEN,
BFA,SRB,
BFA,SYC,
BFA,SLE,
BFA,SGP,
BFA,SVK,
BFA,SVN,
BFA,SLB,
BFA,SOM,
BFA,ZAF,
BFA,KOR,
BFA,SSD,
BFA,ESP,
BFA,LKA,
BFA,VCT,
BFA,SDN,
BFA,SUR,
BFA,SWE,
BFA,CHE,
BFA,SYR,
BFA,TWN,
BFA,TJK,
BFA,TZA,
BFA,THA,
BFA,TLS,
BFA,TGO,
BFA,TON,
BFA,TTO,
BFA,TUN,
BFA,TKM,
BFA,TUV,
BFA,TUR,
BFA,UGA,
BFA,UKR,
BFA,ARE,
BFA,GBR,
BFA,USA,
BFA,URY,
BFA,UZB,
BFA,VUT,
BFA,VAT,
BFA,VEN,
BFA,VNM,
BFA,YEM,
BFA,ZMB,
BFA,ZWE,
BFA,AFG,
BDI,ALB,
BDI,DZA,
BDI,AND,
BDI,AGO,
BDI,ATG,
BDI,ARG,
BDI,ARM,
BDI,AUS,
BDI,AUT,
BDI,AZE,
BDI,BHS,
BDI,BHR,
BDI,BGD,
BDI,BRB,
BDI,BLR,
BDI,BEL,
BDI,BLZ,
BDI,BEN,
BDI,BTN,
BDI,BOL,
BDI,BIH,
BDI,BWA,
BDI,BRA,
BDI,BRN,
BDI,BGR,
BDI,BFA,
BDI,BDI,-1
BDI,KHM,
BDI,CMR,
BDI,CAN,
BDI,CPV,
BDI,CAF,
BDI,TCD,
BDI,CHL,
BDI,CHN,
BDI,COL,
BDI,COM,
BDI,COG,
BDI,COD,
BDI,CRI,
BDI,CIV,
BDI,HRV,
BDI,CUB,
BDI,CYP,
BDI,CZE,
BDI,DNK,
BDI,DJI,
BDI,DMA,
BDI,DOM,
BDI,ECU,
BDI,EGY,
BDI,SLV,
BDI,GNQ,
BDI,ERI,
BDI,EST,
BDI,SWZ,
BDI,ETH,
BDI,FJI,
BDI,FIN,
BDI,FRA,
BDI,GAB,
BDI,GMB,
BDI,GEO,
BDI,DEU,
BDI,GHA,
BDI,GRC,
BDI,GRD,
BDI,GTM,
BDI,GIN,
BDI,GNB,
BDI,GUY,
BDI,HTI,
BDI,HND,
BDI,HKG,
BDI,HUN,
BDI,ISL,
BDI,IND,
BDI,IDN,
BDI,IRN,
BDI,IRQ,
BDI,IRL,
BDI,ISR,
BDI,ITA,
BDI,JAM,
BDI,JPN,
BDI,JOR,
BDI,KAZ,
BDI,KEN,
BDI,KIR,
BDI,XKX,
BDI,KWT,
BDI,KGZ,
BDI,LAO,
BDI,LVA,
BDI,LBN,
BDI,LSO,
BDI,LBR,
BDI,LBY,
BDI,LIE,
BDI,LTU,
BDI,LUX,
BDI,MAC,
BDI,MDG,
BDI,MWI,
BDI,MYS,
BDI,MDV,
BDI,MLI,
BDI,MLT,
BDI,MHL,
BDI,MRT,
BDI,MUS,
BDI,MEX,
BDI,FSM,
BDI,MDA,
BDI,MCO,
BDI,MNG,
BDI,MNE,
BDI,MAR,
BDI,MOZ,
BDI,MMR,
BDI,NAM,
BDI,NRU,
BDI,NPL,
BDI,NLD,
BDI,NZL,
BDI,NIC,
BDI,NER,
BDI,NGA,
BDI,PRK,
BDI,MKD,
BDI,NOR,
BDI,OMN,
BDI,PAK,
BDI,PLW,
BDI,PSE,
BDI,PAN,
BDI,PNG,
BDI,PRY,
BDI,PER,
BDI,PHL,
BDI,POL,
BDI,PRT,
BDI,QAT,
BDI,ROU,
BDI,RUS,
BDI,RWA,
BDI,KNA,
BDI,LCA,
BDI,WSM,
BDI,SMR,
BDI,STP,
BDI,SAU,
BDI,SEN,
BDI,SRB,
BDI,SYC,
BDI,SLE,
BDI,SGP,
BDI,SVK,
BDI,SVN,
BDI,SLB,
BDI,SOM,
BDI,ZAF,
BDI,KOR,
BDI,SSD,
BDI,ESP,
BDI,LKA,
BDI,VCT,
BDI,SDN,
BDI,SUR,
BDI,SWE,
BDI,CHE,
BDI,SYR,
BDI,TWN,
BDI,TJK,
BDI,TZA,
BDI,THA,
BDI,TLS,
BDI,TGO,
BDI,TON,
BDI,TTO,
BDI,TUN,
BDI,TKM,
BDI,TUV,
BDI,TUR,
BDI,UGA,
BDI,UKR,
BDI,ARE,
BDI,GBR,
BDI,USA,
BDI,URY,
BDI,UZB,
BDI,VUT,
BDI,VAT,
BDI,VEN,
BDI,VNM,
BDI,YEM,
BDI,ZMB,
BDI,ZWE,
BDI,AFG,
KHM,ALB,
KHM,DZA,
KHM,AND,
KHM,AGO,
KHM,ATG,
KHM,ARG,
KHM,ARM,
KHM,AUS,
KHM,AUT,
KHM,AZE,
KHM,BHS,
KHM,BHR,
KHM,BGD,
KHM,BRB,
KHM,BLR,
KHM,BEL,
KHM,BLZ,
KHM,BEN,
KHM,BTN,
KHM,BOL,
KHM,BIH,
KHM,BWA,
KHM,BRA,
KHM,BRN,
KHM,BGR,
KHM,BFA,
KHM,BDI,
KHM,KHM,-1
KHM,CMR,
KHM,CAN,
KHM,CPV,
KHM,CAF,
KHM,TCD,
KHM,CHL,
KHM,CHN,
KHM,COL,
KHM,COM,
KHM,COG,
KHM,COD,
KHM,CRI,
KHM,CIV,
KHM,HRV,
KHM,CUB,
KHM,CYP,
KHM,CZE,
KHM,DNK,
KHM,DJI,
KHM,DMA,
KHM,DOM,
KHM,ECU,
KHM,EGY,
KHM,SLV,
KHM,GNQ,
KHM,ERI,
KHM,EST,
KHM,SWZ,
KHM,ETH,
KHM,FJI,
KHM,FIN,
KHM,FRA,
KHM,GAB,
KHM,GMB,
KHM,GEO,
KHM,DEU,
KHM,GHA,
KHM,GRC,
KHM,GRD,
KHM,GTM,
KHM,GIN,
KHM,GNB,
KHM,GUY,
KHM,HTI,
KHM,HND,
KHM,HKG,
KHM,HUN,
KHM,ISL,
KHM,IND,
KHM,IDN,
KHM,IRN,
KHM,IRQ,
KHM,IRL,
KHM,ISR,
KHM,ITA,
KHM,JAM,
KHM,JPN,
KHM,JOR,
KHM,KAZ,
KHM,KEN,
KHM,KIR,
KHM,XKX,
KHM,KWT,
KHM,KGZ,
KHM,LAO,
KHM,LVA,
KHM,LBN,
KHM,LSO,
KHM,LBR,
KHM,LBY,
KHM,LIE,
KHM,LTU,
KHM,LUX,
KHM,MAC,
KHM,MDG,
KHM,MWI,
KHM,MYS,
KHM,MDV,
KHM,MLI,
KHM,MLT,
KHM,MHL,
KHM,MRT,
KHM,MUS,
KHM,MEX,
KHM,FSM,
KHM,MDA,
KHM,MCO,
KHM,MNG,
KHM,MNE,
KHM,MAR,
KHM,MOZ,
KHM,MMR,
KHM,NAM,
KHM,NRU,
KHM,NPL,
KHM,NLD,
KHM,NZL,
KHM,NIC,
KHM,NER,
KHM,NGA,
KHM,PRK,
KHM,MKD,
KHM,NOR,
KHM,OMN,
KHM,PAK,
KHM,PLW,
KHM,PSE,
KHM,PAN,
KHM,PNG,
KHM,PRY,
KHM,PER,
KHM,PHL,
KHM,POL,
KHM,PRT,
KHM,QAT,
KHM,ROU,
KHM,RUS,
KHM,RWA,
KHM,KNA,
KHM,LCA,
KHM,WSM,
KHM,SMR,
KHM,STP,
KHM,SAU,
KHM,SEN,
KHM,SRB,
KHM,SYC,
KHM,SLE,
KHM,SGP,
KHM,SVK,
KHM,SVN,
KHM,SLB,
KHM,SOM,
KHM,ZAF,
KHM,KOR,
KHM,SSD,
KHM,ESP,
KHM,LKA,
KHM,VCT,
KHM,SDN,
KHM,SUR,
KHM,SWE,
KHM,CHE,
KHM,SYR,
KHM,TWN,
KHM,TJK,
KHM,TZA,
KHM,THA,
KHM,TLS,
KHM,TGO,
KHM,TON,
KHM,TTO,
KHM,TUN,
KHM,TKM,
KHM,TUV,
KHM,TUR,
KHM,UGA,
KHM,UKR,
KHM,ARE,
KHM,GBR,
KHM,USA,
KHM,URY,
KHM,UZB,
KHM,VUT,
KHM,VAT,
KHM,VEN,
KHM,VNM,
KHM,YEM,
KHM,ZMB,
KHM,ZWE,
KHM,AFG,
CMR,ALB,
CMR,DZA,
CMR,AND,
CMR,AGO,
CMR,ATG,
CMR,ARG,
CMR,ARM,
CMR,AUS,
CMR,AUT,
CMR,AZE,
CMR,BHS,
CMR,BHR,
CMR,BGD,
CMR,BRB,
CMR,BLR,
CMR,BEL,
CMR,BLZ,
CMR,BEN,
CMR,BTN,
CMR,BOL,
CMR,BIH,
CMR,BWA,
CMR,BRA,
CMR,BRN,
CMR,BGR,
CMR,BFA,
CMR,BDI,
CMR,KHM,
CMR,CMR,-1
CMR,CAN,
CMR,CPV,
CMR,CAF,
CMR,TCD,
CMR,CHL,
CMR,CHN,
CMR,COL,
CMR,COM,
CMR,COG,
CMR,COD,
CMR,CRI,
CMR,CIV,
CMR,HRV,
CMR,CUB,
CMR,CYP,
CMR,CZE,
CMR,DNK,
CMR,DJI,
CMR,DMA,
CMR,DOM,
CMR,ECU,
CMR,EGY,
CMR,SLV,
CMR,GNQ,
CMR,ERI,
CMR,EST,
CMR,SWZ,
CMR,ETH,
CMR,FJI,
CMR,FIN,
CMR,FRA,
CMR,GAB,
CMR,GMB,
CMR,GEO,
CMR,DEU,
CMR,GHA,
CMR,GRC,
CMR,GRD,
CMR,GTM,
CMR,GIN,
CMR,GNB,
CMR,GUY,
CMR,HTI,
CMR,HND,
CMR,HKG,
CMR,HUN,
CMR,ISL,
CMR,IND,
CMR,IDN,
CMR,IRN,
CMR,IRQ,
CMR,IRL,
CMR,ISR,
CMR,ITA,
CMR,JAM,
CMR,JPN,
CMR,JOR,
CMR,KAZ,
CMR,KEN,
CMR,KIR,
CMR,XKX,
CMR,KWT,
CMR,KGZ,
CMR,LAO,
CMR,LVA,
CMR,LBN,
CMR,LSO,
CMR,LBR,
CMR,LBY,
CMR,LIE,
CMR,LTU,
CMR,LUX,
CMR,MAC,
CMR,MDG,
CMR,MWI,
CMR,MYS,
CMR,MDV,
CMR,MLI,
CMR,MLT,
CMR,MHL,
CMR,MRT,
CMR,MUS,
CMR,MEX,
CMR,FSM,
CMR,MDA,
CMR,MCO,
CMR,MNG,
CMR,MNE,
CMR,MAR,
CMR,MOZ,
CMR,MMR,
CMR,NAM,
CMR,NRU,
CMR,NPL,
CMR,NLD,
CMR,NZL,
CMR,NIC,
CMR,NER,
CMR,NGA,
CMR,PRK,
CMR,MKD,
CMR,NOR,
CMR,OMN,
CMR,PAK,
CMR,PLW,
CMR,PSE,
CMR,PAN,
CMR,PNG,
CMR,PRY,
CMR,PER,
CMR,PHL,
CMR,POL,
CMR,PRT,
CMR,QAT,
CMR,ROU,
CMR,RUS,
CMR,RWA,
CMR,KNA,
CMR,LCA,
CMR,WSM,
CMR,SMR,
CMR,STP,
CMR,SAU,
CMR,SEN,
CMR,SRB,
CMR,SYC,
CMR,SLE,
CMR,SGP,
CMR,SVK,
CMR,SVN,
CMR,SLB,
CMR,SOM,
CMR,ZAF,
CMR,KOR,
CMR,SSD,
CMR,ESP,
CMR,LKA,
CMR,VCT,
CMR,SDN,
CMR,SUR,
CMR,SWE,
CMR,CHE,
CMR,SYR,
CMR,TWN,
CMR,TJK,
CMR,TZA,
CMR,THA,
CMR,TLS,
CMR,TGO,
CMR,TON,
CMR,TTO,
CMR,TUN,
CMR,TKM,
CMR,TUV,
CMR,TUR,
CMR,UGA,
CMR,UKR,
CMR,ARE,
CMR,GBR,
CMR,USA,
CMR,URY,
CMR,UZB,
CMR,VUT,
CMR,VAT,
CMR,VEN,
CMR,VNM,
CMR,YEM,
CMR,ZMB,
CMR,ZWE,
CMR,AFG,
CAN,ALB,
CAN,DZA,
CAN,AND,
CAN,AGO,
CAN,ATG,
CAN,ARG,
CAN,ARM,
CAN,AUS,
CAN,AUT,
CAN,AZE,
CAN,BHS,
CAN,BHR,
CAN,BGD,
CAN,BRB,
CAN,BLR,
CAN,BEL,
CAN,BLZ,
CAN,BEN,
CAN,BTN,
CAN,BOL,
CAN,BIH,
CAN,BWA,
CAN,BRA,
CAN,BRN,
CAN,BGR,
CAN,BFA,
CAN,BDI,
CAN,KHM,
CAN,CMR,
CAN,CAN,-1
CAN,CPV,
CAN,CAF,
CAN,TCD,
CAN,CHL,
CAN,CHN,
CAN,COL,
CAN,COM,
CAN,COG,
CAN,COD,
CAN,CRI,
CAN,CIV,
CAN,HRV,
CAN,CUB,
CAN,CYP,
CAN,CZE,
CAN,DNK,
CAN,DJI,
CAN,DMA,
CAN,DOM,
CAN,ECU,
CAN,EGY,
CAN,SLV,
CAN,GNQ,
CAN,ERI,
CAN,EST,
CAN,SWZ,
CAN,ETH,
CAN,FJI,
CAN,FIN,
CAN,FRA,
CAN,GAB,
CAN,GMB,
CAN,GEO,
CAN,DEU,
CAN,GHA,
CAN,GRC,
CAN,GRD,
CAN,GTM,
CAN,GIN,
CAN,GNB,
CAN,GUY,
CAN,HTI,
CAN,HND,
CAN,HKG,
CAN,HUN,
CAN,ISL,
CAN,IND,
CAN,IDN,
CAN,IRN,
CAN,IRQ,
CAN,IRL,
CAN,ISR,
CAN,ITA,
CAN,JAM,
CAN,JPN,
CAN,JOR,
CAN,KAZ,
CAN,KEN,
CAN,KIR,
CAN,XKX,
CAN,KWT,
CAN,KGZ,
CAN,LAO,
CAN,LVA,
CAN,LBN,
CAN,LSO,
CAN,LBR,
CAN,LBY,
CAN,LIE,
CAN,LTU,
CAN,LUX,
CAN,MAC,
CAN,MDG,
CAN,MWI,
CAN,MYS,
CAN,MDV,
CAN,MLI,
CAN,MLT,
CAN,MHL,
CAN,MRT,
CAN,MUS,
CAN,MEX,
CAN,FSM,
CAN,MDA,
CAN,MCO,
CAN,MNG,
CAN,MNE,
CAN,MAR,
CAN,MOZ,
CAN,MMR,
CAN,NAM,
CAN,NRU,
CAN,NPL,
CAN,NLD,
CAN,NZL,
CAN,NIC,
CAN,NER,
CAN,NGA,
CAN,PRK,
CAN,MKD,
CAN,NOR,
CAN,OMN,
CAN,PAK,
CAN,PLW,
CAN,PSE,
CAN,PAN,
CAN,PNG,
CAN,PRY,
CAN,PER,
CAN,PHL,
CAN,POL,
CAN,PRT,
CAN,QAT,
CAN,ROU,
CAN,RUS,
CAN,RWA,
CAN,KNA,
CAN,LCA,
CAN,WSM,
CAN,SMR,
CAN,STP,
CAN,SAU,
CAN,SEN,
CAN,SRB,
CAN,SYC,
CAN,SLE,
CAN,SGP,
CAN,SVK,
CAN,SVN,
CAN,SLB,
CAN,SOM,
CAN,ZAF,
CAN,KOR,
CAN,SSD,
CAN,ESP,
CAN,LKA,
CAN,VCT,
CAN,SDN,
CAN,SUR,
CAN,SWE,
CAN,CHE,
CAN,SYR,
CAN,TWN,
CAN,TJK,
CAN,TZA,
CAN,THA,
CAN,TLS,
CAN,TGO,
CAN,TON,
CAN,TTO,
CAN,TUN,
CAN,TKM,
CAN,TUV,
CAN,TUR,
CAN,UGA,
CAN,UKR,
CAN,ARE,
CAN,GBR,
CAN,USA,
CAN,URY,
CAN,UZB,
CAN,VUT,
CAN,VAT,
CAN,VEN,
CAN,VNM,
CAN,YEM,
CAN,ZMB,
CAN,ZWE,
CAN,AFG,
CPV,ALB,
CPV,DZA,
CPV,AND,
CPV,AGO,
CPV,ATG,
CPV,ARG,
CPV,ARM,
CPV,AUS,
CPV,AUT,
CPV,AZE,
CPV,BHS,
CPV,BHR,
CPV,BGD,
CPV,BRB,
CPV,BLR,
CPV,BEL,
CPV,BLZ,
CPV,BEN,
CPV,BTN,
CPV,BOL,
CPV,BIH,
CPV,BWA,
CPV,BRA,
CPV,BRN,
CPV,BGR,
CPV,BFA,
CPV,BDI,
CPV,KHM,
CPV,CMR,
CPV,CAN,
CPV,CPV,-1
CPV,CAF,
CPV,TCD,
CPV,CHL,
CPV,CHN,
CPV,COL,
CPV,COM,
CPV,COG,
CPV,COD,
CPV,CRI,
CPV,CIV,
CPV,HRV,
CPV,CUB,
CPV,CYP,
CPV,CZE,
CPV,DNK,
CPV,DJI,
CPV,DMA,
CPV,DOM,
CPV,ECU,
CPV,EGY,
CPV,SLV,
CPV,GNQ,
CPV,ERI,
CPV,EST,
CPV,SWZ,
CPV,ETH,
CPV,FJI,
CPV,FIN,
CPV,FRA,
CPV,GAB,
CPV,GMB,
CPV,GEO,
CPV,DEU,
CPV,GHA,
CPV,GRC,
CPV,GRD,
CPV,GTM,
CPV,GIN,
CPV,GNB,
CPV,GUY,
CPV,HTI,
CPV,HND,
CPV,HKG,
CPV,HUN,
CPV,ISL,
CPV,IND,
CPV,IDN,
CPV,IRN,
CPV,IRQ,
CPV,IRL,
CPV,ISR,
CPV,ITA,
CPV,JAM,
CPV,JPN,
CPV,JOR,
CPV,KAZ,
CPV,KEN,
CPV,KIR,
CPV,XKX,
CPV,KWT,
CPV,KGZ,
CPV,LAO,
CPV,LVA,
CPV,LBN,
CPV,LSO,
CPV,LBR,
CPV,LBY,
CPV,LIE,
CPV,LTU,
CPV,LUX,
CPV,MAC,
CPV,MDG,
CPV,MWI,
CPV,MYS,
CPV,MDV,
CPV,MLI,
CPV,MLT,
CPV,MHL,
CPV,MRT,
CPV,MUS,
CPV,MEX,
CPV,FSM,
CPV,MDA,
CPV,MCO,
CPV,MNG,
CPV,MNE,
CPV,MAR,
CPV,MOZ,
CPV,MMR,
CPV,NAM,
CPV,NRU,
CPV,NPL,
CPV,NLD,
CPV,NZL,
CPV,NIC,
CPV,NER,
CPV,NGA,
CPV,PRK,
CPV,MKD,
CPV,NOR,
CPV,OMN,
CPV,PAK,
CPV,PLW,
CPV,PSE,
CPV,PAN,
CPV,PNG,
CPV,PRY,
CPV,PER,
CPV,PHL,
CPV,POL,
CPV,PRT,
CPV,QAT,
CPV,ROU,
CPV,RUS,
CPV,RWA,
CPV,KNA,
CPV,LCA,
CPV,WSM,
CPV,SMR,
CPV,STP,
CPV,SAU,
CPV,SEN,
CPV,SRB,
CPV,SYC,
CPV,SLE,
CPV,SGP,
CPV,SVK,
CPV,SVN,
CPV,SLB,
CPV,SOM,
CPV,ZAF,
CPV,KOR,
CPV,SSD,
CPV,ESP,
CPV,LKA,
CPV,VCT,
CPV,SDN,
CPV,SUR,
CPV,SWE,
CPV,CHE,
CPV,SYR,
CPV,TWN,
CPV,TJK,
CPV,TZA,
CPV,THA,
CPV,TLS,
CPV,TGO,
CPV,TON,
CPV,TTO,
CPV,TUN,
CPV,TKM,
CPV,TUV,
CPV,TUR,
CPV,UGA,
CPV,UKR,
CPV,ARE,
CPV,GBR,
CPV,USA,
CPV,URY,
CPV,UZB,
CPV,VUT,
CPV,VAT,
CPV,VEN,
CPV,VNM,
CPV,YEM,
CPV,ZMB,
CPV,ZWE,
CPV,AFG,
CAF,ALB,
CAF,DZA,
CAF,AND,
CAF,AGO,
CAF,ATG,
CAF,ARG,
CAF,ARM,
CAF,AUS,
CAF,AUT,
CAF,AZE,
CAF,BHS,
CAF,BHR,
CAF,BGD,
CAF,BRB,
CAF,BLR,
CAF,BEL,
CAF,BLZ,
CAF,BEN,
CAF,BTN,
CAF,BOL,
CAF,BIH,
CAF,BWA,
CAF,BRA,
CAF,BRN,
CAF,BGR,
CAF,BFA,
CAF,BDI,
CAF,KHM,
CAF,CMR,
CAF,CAN,
CAF,CPV,
CAF,CAF,-1
CAF,TCD,
CAF,CHL,
CAF,CHN,
CAF,COL,
CAF,COM,
CAF,COG,
CAF,COD,
CAF,CRI,
CAF,CIV,
CAF,HRV,
CAF,CUB,
CAF,CYP,
CAF,CZE,
CAF,DNK,
CAF,DJI,
CAF,DMA,
CAF,DOM,
CAF,ECU,
CAF,EGY,
CAF,SLV,
CAF,GNQ,
CAF,ERI,
CAF,EST,
CAF,SWZ,
CAF,ETH,
CAF,FJI,
CAF,FIN,
CAF,FRA,
CAF,GAB,
CAF,GMB,
CAF,GEO,
CAF,DEU,
CAF,GHA,
CAF,GRC,
CAF,GRD,
CAF,GTM,
CAF,GIN,
CAF,GNB,
CAF,GUY,
CAF,HTI,
CAF,HND,
CAF,HKG,
CAF,HUN,
CAF,ISL,
CAF,IND,
CAF,IDN,
CAF,IRN,
CAF,IRQ,
CAF,IRL,
CAF,ISR,
CAF,ITA,
CAF,JAM,
CAF,JPN,
CAF,JOR,
CAF,KAZ,
CAF,KEN,
CAF,KIR,
CAF,XKX,
CAF,KWT,
CAF,KGZ,
CAF,LAO,
CAF,LVA,
CAF,LBN,
CAF,LSO,
CAF,LBR,
CAF,LBY,
CAF,LIE,
CAF,LTU,
CAF,LUX,
CAF,MAC,
CAF,MDG,
CAF,MWI,
CAF,MYS,
CAF,MDV,
CAF,MLI,
CAF,MLT,
CAF,MHL,
CAF,MRT,
CAF,MUS,
CAF,MEX,
CAF,FSM,
CAF,MDA,
CAF,MCO,
CAF,MNG,
CAF,MNE,
CAF,MAR,
CAF,MOZ,
CAF,MMR,
CAF,NAM,
CAF,NRU,
CAF,NPL,
CAF,NLD,
CAF,NZL,
CAF,NIC,
CAF,NER,
CAF,NGA,
CAF,PRK,
CAF,MKD,
CAF,NOR,
CAF,OMN,
CAF,PAK,
CAF,PLW,
CAF,PSE,
CAF,PAN,
CAF,PNG,
CAF,PRY,
CAF,PER,
CAF,PHL,
CAF,POL,
CAF,PRT,
CAF,QAT,
CAF,ROU,
CAF,RUS,
CAF,RWA,
CAF,KNA,
CAF,LCA,
CAF,WSM,
CAF,SMR,
CAF,STP,
CAF,SAU,
CAF,SEN,
CAF,SRB,
CAF,SYC,
CAF,SLE,
CAF,SGP,
CAF,SVK,
CAF,SVN,
CAF,SLB,
CAF,SOM,
CAF,ZAF,
CAF,KOR,
CAF,SSD,
CAF,ESP,
CAF,LKA,
CAF,VCT,
CAF,SDN,
CAF,SUR,
CAF,SWE,
CAF,CHE,
CAF,SYR,
CAF,TWN,
CAF,TJK,
CAF,TZA,
CAF,THA,
CAF,TLS,
CAF,TGO,
CAF,TON,
CAF,TTO,
CAF,TUN,
CAF,TKM,
CAF,TUV,
CAF,TUR,
CAF,UGA,
CAF,UKR,
CAF,ARE,
CAF,GBR,
CAF,USA,
CAF,URY,
CAF,UZB,
CAF,VUT,
CAF,VAT,
CAF,VEN,
CAF,VNM,
CAF,YEM,
CAF,ZMB,
CAF,ZWE,
CAF,AFG,
TCD,ALB,
TCD,DZA,
TCD,AND,
TCD,AGO,
TCD,ATG,
TCD,ARG,
TCD,ARM,
TCD,AUS,
TCD,AUT,
TCD,AZE,
TCD,BHS,
TCD,BHR,
TCD,BGD,
TCD,BRB,
TCD,BLR,
TCD,BEL,
TCD,BLZ,
TCD,BEN,
TCD,BTN,
TCD,BOL,
TCD,BIH,
TCD,BWA,
TCD,BRA,
TCD,BRN,
TCD,BGR,
TCD,BFA,
TCD,BDI,
TCD,KHM,
TCD,CMR,
TCD,CAN,
TCD,CPV,
TCD,CAF,
TCD,TCD,-1
TCD,CHL,
TCD,CHN,
TCD,COL,
TCD,COM,
TCD,COG,
TCD,COD,
TCD,CRI,
TCD,CIV,
TCD,HRV,
TCD,CUB,
TCD,CYP,
TCD,CZE,
TCD,DNK,
TCD,DJI,
TCD,DMA,
TCD,DOM,
TCD,ECU,
TCD,EGY,
TCD,SLV,
TCD,GNQ,
TCD,ERI,
TCD,EST,
TCD,SWZ,
TCD,ETH,
TCD,FJI,
TCD,FIN,
TCD,FRA,
TCD,GAB,
TCD,GMB,
TCD,GEO,
TCD,DEU,
TCD,GHA,
TCD,GRC,
TCD,GRD,
TCD,GTM,
TCD,GIN,
TCD,GNB,
TCD,GUY,
TCD,HTI,
TCD,HND,
TCD,HKG,
TCD,HUN,
TCD,ISL,
TCD,IND,
TCD,IDN,
TCD,IRN,
TCD,IRQ,
TCD,IRL,
TCD,ISR,
TCD,ITA,
TCD,JAM,
TCD,JPN,
TCD,JOR,
TCD,KAZ,
TCD,KEN,
TCD,KIR,
TCD,XKX,
TCD,KWT,
TCD,KGZ,
TCD,LAO,
TCD,LVA,
TCD,LBN,
TCD,LSO,
TCD,LBR,
TCD,LBY,
TCD,LIE,
TCD,LTU,
TCD,LUX,
TCD,MAC,
TCD,MDG,
TCD,MWI,
TCD,MYS,
TCD,MDV,
TCD,MLI,
TCD,MLT,
TCD,MHL,
TCD,MRT,
TCD,MUS,
TCD,MEX,
TCD,FSM,
TCD,MDA,
TCD,MCO,
TCD,MNG,
TCD,MNE,
TCD,MAR,
TCD,MOZ,
TCD,MMR,
TCD,NAM,
TCD,NRU,
TCD,NPL,
TCD,NLD,
TCD,NZL,
TCD,NIC,
TCD,NER,
TCD,NGA,
TCD,PRK,
TCD,MKD,
TCD,NOR,
TCD,OMN,
TCD,PAK,
TCD,PLW,
TCD,PSE,
TCD,PAN,
TCD,PNG,
TCD,PRY,
TCD,PER,
TCD,PHL,
TCD,POL,
TCD,PRT,
TCD,QAT,
TCD,ROU,
TCD,RUS,
TCD,RWA,
TCD,KNA,
TCD,LCA,
TCD,WSM,
TCD,SMR,
TCD,STP,
TCD,SAU,
TCD,SEN,
TCD,SRB,
TCD,SYC,
TCD,SLE,
TCD,SGP,
TCD,SVK,
TCD,SVN,
TCD,SLB,
TCD,SOM,
TCD,ZAF,
TCD,KOR,
TCD,SSD,
TCD,ESP,
TCD,LKA,
TCD,VCT,
TCD,SDN,
TCD,SUR,
TCD,SWE,
TCD,CHE,
TCD,SYR,
TCD,TWN,
TCD,TJK,
TCD,TZA,
TCD,THA,
TCD,TLS,
TCD,TGO,
TCD,TON,
TCD,TTO,
TCD,TUN,
TCD,TKM,
TCD,TUV,
TCD,TUR,
TCD,UGA,
TCD,UKR,
TCD,ARE,
TCD,GBR,
TCD,USA,
TCD,URY,
TCD,UZB,
TCD,VUT,
TCD,VAT,
TCD,VEN,
TCD,VNM,
TCD,YEM,
TCD,ZMB,
TCD,ZWE,
TCD,AFG,
CHL,ALB,
CHL,DZA,
CHL,AND,
CHL,AGO,
CHL,ATG,
CHL,ARG,
CHL,ARM,
CHL,AUS,
CHL,AUT,
CHL,AZE,
CHL,BHS,
CHL,BHR,
CHL,BGD,
CHL,BRB,
CHL,BLR,
CHL,BEL,
CHL,BLZ,
CHL,BEN,
CHL,BTN,
CHL,BOL,
CHL,BIH,
CHL,BWA,
CHL,BRA,
CHL,BRN,
CHL,BGR,
CHL,BFA,
CHL,BDI,
CHL,KHM,
CHL,CMR,
CHL,CAN,
CHL,CPV,
CHL,CAF,
CHL,TCD,
CHL,CHL,-1
CHL,CHN,
CHL,COL,
CHL,COM,
CHL,COG,
CHL,COD,
CHL,CRI,
CHL,CIV,
CHL,HRV,
CHL,CUB,
CHL,CYP,
CHL,CZE,
CHL,DNK,
CHL,DJI,
CHL,DMA,
CHL,DOM,
CHL,ECU,
CHL,EGY,
CHL,SLV,
CHL,GNQ,
CHL,ERI,
CHL,EST,
CHL,SWZ,
CHL,ETH,
CHL,FJI,
CHL,FIN,
CHL,FRA,
CHL,GAB,
CHL,GMB,
CHL,GEO,
CHL,DEU,
CHL,GHA,
CHL,GRC,
CHL,GRD,
CHL,GTM,
CHL,GIN,
CHL,GNB,
CHL,GUY,
CHL,HTI,
CHL,HND,
CHL,HKG,
CHL,HUN,
CHL,ISL,
CHL,IND,
CHL,IDN,
CHL,IRN,
CHL,IRQ,
CHL,IRL,
CHL,ISR,
CHL,ITA,
CHL,JAM,
CHL,JPN,
CHL,JOR,
CHL,KAZ,
CHL,KEN,
CHL,KIR,
CHL,XKX,
CHL,KWT,
CHL,KGZ,
CHL,LAO,
CHL,LVA,
CHL,LBN,
CHL,LSO,
CHL,LBR,
CHL,LBY,
CHL,LIE,
CHL,LTU,
CHL,LUX,
CHL,MAC,
CHL,MDG,
CHL,MWI,
CHL,MYS,
CHL,MDV,
CHL,MLI,
CHL,MLT,
CHL,MHL,
CHL,MRT,
CHL,MUS,
CHL,MEX,
CHL,FSM,
CHL,MDA,
CHL,MCO,
CHL,MNG,
CHL,MNE,
CHL,MAR,
CHL,MOZ,
CHL,MMR,
CHL,NAM,
CHL,NRU,
CHL,NPL,
CHL,NLD,
CHL,NZL,
CHL,NIC,
CHL,NER,
CHL,NGA,
CHL,PRK,
CHL,MKD,
CHL,NOR,
CHL,OMN,
CHL,PAK,
CHL,PLW,
CHL,PSE,
CHL,PAN,
CHL,PNG,
CHL,PRY,
CHL,PER,
CHL,PHL,
CHL,POL,
CHL,PRT,
CHL,QAT,
CHL,ROU,
CHL,RUS,
CHL,RWA,
CHL,KNA,
CHL,LCA,
CHL,WSM,
CHL,SMR,
CHL,STP,
CHL,SAU,
CHL,SEN,
CHL,SRB,
CHL,SYC,
CHL,SLE,
CHL,SGP,
CHL,SVK,
CHL,SVN,
CHL,SLB,
CHL,SOM,
CHL,ZAF,
CHL,KOR,
CHL,SSD,
CHL,ESP,
CHL,LKA,
CHL,VCT,
CHL,SDN,
CHL,SUR,
CHL,SWE,
CHL,CHE,
CHL,SYR,
CHL,TWN,
CHL,TJK,
CHL,TZA,
CHL,THA,
CHL,TLS,
CHL,TGO,
CHL,TON,
CHL,TTO,
CHL,TUN,
CHL,TKM,
CHL,TUV,
CHL,TUR,
CHL,UGA,
CHL,UKR,
CHL,ARE,
CHL,GBR,
CHL,USA,
CHL,URY,
CHL,UZB,
CHL,VUT,
CHL,VAT,
CHL,VEN,
CHL,VNM,
CHL,YEM,
CHL,ZMB,
CHL,ZWE,
CHL,AFG,
CHN,ALB,
CHN,DZA,
CHN,AND,
CHN,AGO,
CHN,ATG,
CHN,ARG,
CHN,ARM,
CHN,AUS,
CHN,AUT,
CHN,AZE,
CHN,BHS,
CHN,BHR,
CHN,BGD,
CHN,BRB,
CHN,BLR,
CHN,BEL,
CHN,BLZ,
CHN,BEN,
CHN,BTN,
CHN,BOL,
CHN,BIH,
CHN,BWA,
CHN,BRA,
CHN,BRN,
CHN,BGR,
CHN,BFA,
CHN,BDI,
CHN,KHM,
CHN,CMR,
CHN,CAN,
CHN,CPV,
CHN,CAF,
CHN,TCD,
CHN,CHL,
CHN,CHN,-1
CHN,COL,
CHN,COM,
CHN,COG,
CHN,COD,
CHN,CRI,
CHN,CIV,
CHN,HRV,
CHN,CUB,
CHN,CYP,
CHN,CZE,
CHN,DNK,
CHN,DJI,
CHN,DMA,
CHN,DOM,
CHN,ECU,
CHN,EGY,
CHN,SLV,
CHN,GNQ,
CHN,ERI,
CHN,EST,
CHN,SWZ,
CHN,ETH,
CHN,FJI,
CHN,FIN,
CHN,FRA,
CHN,GAB,
CHN,GMB,
CHN,GEO,
CHN,DEU,
CHN,GHA,
CHN,GRC,
CHN,GRD,
CHN,GTM,
CHN,GIN,
CHN,GNB,
CHN,GUY,
CHN,HTI,
CHN,HND,
CHN,HKG,
CHN,HUN,
CHN,ISL,
CHN,IND,
CHN,IDN,
CHN,IRN,
CHN,IRQ,
CHN,IRL,
CHN,ISR,
CHN,ITA,
CHN,JAM,
CHN,JPN,
CHN,JOR,
CHN,KAZ,
CHN,KEN,
CHN,KIR,
CHN,XKX,
CHN,KWT,
CHN,KGZ,
CHN,LAO,
CHN,LVA,
CHN,LBN,
CHN,LSO,
CHN,LBR,
CHN,LBY,
CHN,LIE,
CHN,LTU,
CHN,LUX,
CHN,MAC,
CHN,MDG,
CHN,MWI,
CHN,MYS,
CHN,MDV,
CHN,MLI,
CHN,MLT,
CHN,MHL,
CHN,MRT,
CHN,MUS,
CHN,MEX,
CHN,FSM,
CHN,MDA,
CHN,MCO,
CHN,MNG,
CHN,MNE,
CHN,MAR,
CHN,MOZ,
CHN,MMR,
CHN,NAM,
CHN,NRU,
CHN,NPL,
CHN,NLD,
CHN,NZL,
CHN,NIC,
CHN,NER,
CHN,NGA,
CHN,PRK,
CHN,MKD,
CHN,NOR,
CHN,OMN,
CHN,PAK,
CHN,PLW,
CHN,PSE,
CHN,PAN,
CHN,PNG,
CHN,PRY,
CHN,PER,
CHN,PHL,
CHN,POL,
CHN,PRT,
CHN,QAT,
CHN,ROU,
CHN,RUS,
CHN,RWA,
CHN,KNA,
CHN,LCA,
CHN,WSM,
CHN,SMR,
CHN,STP,
CHN,SAU,
CHN,SEN,
CHN,SRB,
CHN,SYC,
CHN,SLE,
CHN,SGP,
CHN,SVK,
CHN,SVN,
CHN,SLB,
CHN,SOM,
CHN,ZAF,
CHN,KOR,
CHN,SSD,
CHN,ESP,
CHN,LKA,
CHN,VCT,
CHN,SDN,
CHN,SUR,
CHN,SWE,
CHN,CHE,
CHN,SYR,
CHN,TWN,
CHN,TJK,
CHN,TZA,
CHN,THA,
CHN,TLS,
CHN,TGO,
CHN,TON,
CHN,TTO,
CHN,TUN,
CHN,TKM,
CHN,TUV,
CHN,TUR,
CHN,UGA,
CHN,UKR,
CHN,ARE,
CHN,GBR,
CHN,USA,
CHN,URY,
CHN,UZB,
CHN,VUT,
CHN,VAT,
CHN,VEN,
CHN,VNM,
CHN,YEM,
CHN,ZMB,
CHN,ZWE,
CHN,AFG,
COL,ALB,
COL,DZA,
COL,AND,
COL,AGO,
COL,ATG,
COL,ARG,
COL,ARM,
COL,AUS,
COL,AUT,
COL,AZE,
COL,BHS,
COL,BHR,
COL,BGD,
COL,BRB,
COL,BLR,
COL,BEL,
COL,BLZ,
COL,BEN,
COL,BTN,
COL,BOL,
COL,BIH,
COL,BWA,
COL,BRA,
COL,BRN,
COL,BGR,
COL,BFA,
COL,BDI,
COL,KHM,
COL,CMR,
COL,CAN,
COL,CPV,
COL,CAF,
COL,TCD,
COL,CHL,
COL,CHN,
COL,COL,-1
COL,COM,
COL,COG,
COL,COD,
COL,CRI,
COL,CIV,
COL,HRV,
COL,CUB,
COL,CYP,
COL,CZE,
COL,DNK,
COL,DJI,
COL,DMA,
COL,DOM,
COL,ECU,
COL,EGY,
COL,SLV,
COL,GNQ,
COL,ERI,
COL,EST,
COL,SWZ,
COL,ETH,
COL,FJI,
COL,FIN,
COL,FRA,
COL,GAB,
COL,GMB,
COL,GEO,
COL,DEU,
COL,GHA,
COL,GRC,
COL,GRD,
COL,GTM,
COL,GIN,
COL,GNB,
COL,GUY,
COL,HTI,
COL,HND,
COL,HKG,
COL,HUN,
COL,ISL,
COL,IND,
COL,IDN,
COL,IRN,
COL,IRQ,
COL,IRL,
COL,ISR,
COL,ITA,
COL,JAM,
COL,JPN,
COL,JOR,
COL,KAZ,
COL,KEN,
COL,KIR,
COL,XKX,
COL,KWT,
COL,KGZ,
COL,LAO,
COL,LVA,
COL,LBN,
COL,LSO,
COL,LBR,
COL,LBY,
COL,LIE,
COL,LTU,
COL,LUX,
COL,MAC,
COL,MDG,
COL,MWI,
COL,MYS,
COL,MDV,
COL,MLI,
COL,MLT,
COL,MHL,
COL,MRT,
COL,MUS,
COL,MEX,
COL,FSM,
COL,MDA,
COL,MCO,
COL,MNG,
COL,MNE,
COL,MAR,
COL,MOZ,
COL,MMR,
COL,NAM,
COL,NRU,
COL,NPL,
COL,NLD,
COL,NZL,
COL,NIC,
COL,NER,
COL,NGA,
COL,PRK,
COL,MKD,
COL,NOR,
COL,OMN,
COL,PAK,
COL,PLW,
COL,PSE,
COL,PAN,
COL,PNG,
COL,PRY,
COL,PER,
COL,PHL,
COL,POL,
COL,PRT,
COL,QAT,
COL,ROU,
COL,RUS,
COL,RWA,
COL,KNA,
COL,LCA,
COL,WSM,
COL,SMR,
COL,STP,
COL,SAU,
COL,SEN,
COL,SRB,
COL,SYC,
COL,SLE,
COL,SGP,
COL,SVK,
COL,SVN,
COL,SLB,
COL,SOM,
COL,ZAF,
COL,KOR,
COL,SSD,
COL,ESP,
COL,LKA,
COL,VCT,
COL,SDN,
COL,SUR,
COL,SWE,
COL,CHE,
COL,SYR,
COL,TWN,
COL,TJK,
COL,TZA,
COL,THA,
COL,TLS,
COL,TGO,
COL,TON,
COL,TTO,
COL,TUN,
COL,TKM,
COL,TUV,
COL,TUR,
COL,UGA,
COL,UKR,
COL,ARE,
COL,GBR,
COL,USA,
COL,URY,
COL,UZB,
COL,VUT,
COL,VAT,
COL,VEN,
COL,VNM,
COL,YEM,
COL,ZMB,
COL,ZWE,
COL,AFG,
COM,ALB,
COM,DZA,
COM,AND,
COM,AGO,
COM,ATG,
COM,ARG,
COM,ARM,
COM,AUS,
COM,AUT,
COM,AZE,
COM,BHS,
COM,BHR,
COM,BGD,
COM,BRB,
COM,BLR,
COM,BEL,
COM,BLZ,
COM,BEN,
COM,BTN,
COM,BOL,
COM,BIH,
COM,BWA,
COM,BRA,
COM,BRN,
COM,BGR,
COM,BFA,
COM,BDI,
COM,KHM,
COM,CMR,
COM,CAN,
COM,CPV,
COM,CAF,
COM,TCD,
COM,CHL,
COM,CHN,
COM,COL,
COM,COM,-1
COM,COG,
COM,COD,
COM,CRI,
COM,CIV,
COM,HRV,
COM,CUB,
COM,CYP,
COM,CZE,
COM,DNK,
COM,DJI,
COM,DMA,
COM,DOM,
COM,ECU,
COM,EGY,
COM,SLV,
COM,GNQ,
COM,ERI,
COM,EST,
COM,SWZ,
COM,ETH,
COM,FJI,
COM,FIN,
COM,FRA,
COM,GAB,
COM,GMB,
COM,GEO,
COM,DEU,
COM,GHA,
COM,GRC,
COM,GRD,
COM,GTM,
COM,GIN,
COM,GNB,
COM,GUY,
COM,HTI,
COM,HND,
COM,HKG,
COM,HUN,
COM,ISL,
COM,IND,
COM,IDN,
COM,IRN,
COM,IRQ,
COM,IRL,
COM,ISR,
COM,ITA,
COM,JAM,
COM,JPN,
COM,JOR,
COM,KAZ,
COM,KEN,
COM,KIR,
COM,XKX,
COM,KWT,
COM,KGZ,
COM,LAO,
COM,LVA,
COM,LBN,
COM,LSO,
COM,LBR,
COM,LBY,
COM,LIE,
COM,LTU,
COM,LUX,
COM,MAC,
COM,MDG,
COM,MWI,
COM,MYS,
COM,MDV,
COM,MLI,
COM,MLT,
COM,MHL,
COM,MRT,
COM,MUS,
COM,MEX,
COM,FSM,
COM,MDA,
COM,MCO,
COM,MNG,
COM,MNE,
COM,MAR,
COM,MOZ,
COM,MMR,
COM,NAM,
COM,NRU,
COM,NPL,
COM,NLD,
COM,NZL,
COM,NIC,
COM,NER,
COM,NGA,
COM,PRK,
COM,MKD,
COM,NOR,
COM,OMN,
COM,PAK,
COM,PLW,
COM,PSE,
COM,PAN,
COM,PNG,
COM,PRY,
COM,PER,
COM,PHL,
COM,POL,
COM,PRT,
COM,QAT,
COM,ROU,
COM,RUS,
COM,RWA,
COM,KNA,
COM,LCA,
COM,WSM,
COM,SMR,
COM,STP,
COM,SAU,
COM,SEN,
COM,SRB,
COM,SYC,
COM,SLE,
COM,SGP,
COM,SVK,
COM,SVN,
COM,SLB,
COM,SOM,
COM,ZAF,
COM,KOR,
COM,SSD,
COM,ESP,
COM,LKA,
COM,VCT,
COM,SDN,
COM,SUR,
COM,SWE,
COM,CHE,
COM,SYR,
COM,TWN,
COM,TJK,
COM,TZA,
COM,THA,
COM,TLS,
COM,TGO,
COM,TON,
COM,TTO,
COM,TUN,
COM,TKM,
COM,TUV,
COM,TUR,
COM,UGA,
COM,UKR,
COM,ARE,
COM,GBR,
COM,USA,
COM,URY,
COM,UZB,
COM,VUT,
COM,VAT,
COM,VEN,
COM,VNM,
COM,YEM,
COM,ZMB,
COM,ZWE,
COM,AFG,
COG,ALB,
COG,DZA,
COG,AND,
COG,AGO,
COG,ATG,
COG,ARG,
COG,ARM,
COG,AUS,
COG,AUT,
COG,AZE,
COG,BHS,
COG,BHR,
COG,BGD,
COG,BRB,
COG,BLR,
COG,BEL,
COG,BLZ,
COG,BEN,
COG,BTN,
COG,BOL,
COG,BIH,
COG,BWA,
COG,BRA,
COG,BRN,
COG,BGR,
COG,BFA,
COG,BDI,
COG,KHM,
COG,CMR,
COG,CAN,
COG,CPV,
COG,CAF,
COG,TCD,
COG,CHL,
COG,CHN,
COG,COL,
COG,COM,
COG,COG,-1
COG,COD,
COG,CRI,
COG,CIV,
COG,HRV,
COG,CUB,
COG,CYP,
COG,CZE,
COG,DNK,
COG,DJI,
COG,DMA,
COG,DOM,
COG,ECU,
COG,EGY,
COG,SLV,
COG,GNQ,
COG,ERI,
COG,EST,
COG,SWZ,
COG,ETH,
COG,FJI,
COG,FIN,
COG,FRA,
COG,GAB,
COG,GMB,
COG,GEO,
COG,DEU,
COG,GHA,
COG,GRC,
COG,GRD,
COG,GTM,
COG,GIN,
COG,GNB,
COG,GUY,
COG,HTI,
COG,HND,
COG,HKG,
COG,HUN,
COG,ISL,
COG,IND,
COG,IDN,
COG,IRN,
COG,IRQ,
COG,IRL,
COG,ISR,
COG,ITA,
COG,JAM,
COG,JPN,
COG,JOR,
COG,KAZ,
COG,KEN,
COG,KIR,
COG,XKX,
COG,KWT,
COG,KGZ,
COG,LAO,
COG,LVA,
COG,LBN,
COG,LSO,
COG,LBR,
COG,LBY,
COG,LIE,
COG,LTU,
COG,LUX,
COG,MAC,
COG,MDG,
COG,MWI,
COG,MYS,
COG,MDV,
COG,MLI,
COG,MLT,
COG,MHL,
COG,MRT,
COG,MUS,
COG,MEX,
COG,FSM,
COG,MDA,
COG,MCO,
COG,MNG,
COG,MNE,
COG,MAR,
COG,MOZ,
COG,MMR,
COG,NAM,
COG,NRU,
COG,NPL,
COG,NLD,
COG,NZL,
COG,NIC,
COG,NER,
COG,NGA,
COG,PRK,
COG,MKD,
COG,NOR,
COG,OMN,
COG,PAK,
COG,PLW,
COG,PSE,
COG,PAN,
COG,PNG,
COG,PRY,
COG,PER,
COG,PHL,
COG,POL,
COG,PRT,
COG,QAT,
COG,ROU,
COG,RUS,
COG,RWA,
COG,KNA,
COG,LCA,
COG,WSM,
COG,SMR,
COG,STP,
COG,SAU,
COG,SEN,
COG,SRB,
COG,SYC,
COG,SLE,
COG,SGP,
COG,SVK,
COG,SVN,
COG,SLB,
COG,SOM,
COG,ZAF,
COG,KOR,
COG,SSD,
COG,ESP,
COG,LKA,
COG,VCT,
COG,SDN,
COG,SUR,
COG,SWE,
COG,CHE,
COG,SYR,
COG,TWN,
COG,TJK,
COG,TZA,
COG,THA,
COG,TLS,
COG,TGO,
COG,TON,
COG,TTO,
COG,TUN,
COG,TKM,
COG,TUV,
COG,TUR,
COG,UGA,
COG,UKR,
COG,ARE,
COG,GBR,
COG,USA,
COG,URY,
COG,UZB,
COG,VUT,
COG,VAT,
COG,VEN,
COG,VNM,
COG,YEM,
COG,ZMB,
COG,ZWE,
COG,AFG,
COD,ALB,
COD,DZA,
COD,AND,
COD,AGO,
COD,ATG,
COD,ARG,
COD,ARM,
COD,AUS,
COD,AUT,
COD,AZE,
COD,BHS,
COD,BHR,
COD,BGD,
COD,BRB,
COD,BLR,
COD,BEL,
COD,BLZ,
COD,BEN,
COD,BTN,
COD,BOL,
COD,BIH,
COD,BWA,
COD,BRA,
COD,BRN,
COD,BGR,
COD,BFA,
COD,BDI,
COD,KHM,
COD,CMR,
COD,CAN,
COD,CPV,
COD,CAF,
COD,TCD,
COD,CHL,
COD,CHN,
COD,COL,
COD,COM,
COD,COG,
COD,COD,-1
COD,CRI,
COD,CIV,
COD,HRV,
COD,CUB,
COD,CYP,
COD,CZE,
COD,DNK,
COD,DJI,
COD,DMA,
COD,DOM,
COD,ECU,
COD,EGY,
COD,SLV,
COD,GNQ,
COD,ERI,
COD,EST,
COD,SWZ,
COD,ETH,
COD,FJI,
COD,FIN,
COD,FRA,
COD,GAB,
COD,GMB,
COD,GEO,
COD,DEU,
COD,GHA,
COD,GRC,
COD,GRD,
COD,GTM,
COD,GIN,
COD,GNB,
COD,GUY,
COD,HTI,
COD,HND,
COD,HKG,
COD,HUN,
COD,ISL,
COD,IND,
COD,IDN,
COD,IRN,
COD,IRQ,
COD,IRL,
COD,ISR,
COD,ITA,
COD,JAM,
COD,JPN,
COD,JOR,
COD,KAZ,
COD,KEN,
COD,KIR,
COD,XKX,
COD,KWT,
COD,KGZ,
COD,LAO,
COD,LVA,
COD,LBN,
COD,LSO,
COD,LBR,
COD,LBY,
COD,LIE,
COD,LTU,
COD,LUX,
COD,MAC,
COD,MDG,
COD,MWI,
COD,MYS,
COD,MDV,
COD,MLI,
COD,MLT,
COD,MHL,
COD,MRT,
COD,MUS,
COD,MEX,
COD,FSM,
COD,MDA,
COD,MCO,
COD,MNG,
COD,MNE,
COD,MAR,
COD,MOZ,
COD,MMR,
COD,NAM,
COD,NRU,
COD,NPL,
COD,NLD,
COD,NZL,
COD,NIC,
COD,NER,
COD,NGA,
COD,PRK,
COD,MKD,
COD,NOR,
COD,OMN,
COD,PAK,
COD,PLW,
COD,PSE,
COD,PAN,
COD,PNG,
COD,PRY,
COD,PER,
COD,PHL,
COD,POL,
COD,PRT,
COD,QAT,
COD,ROU,
COD,RUS,
COD,RWA,
COD,KNA,
COD,LCA,
COD,WSM,
COD,SMR,
COD,STP,
COD,SAU,
COD,SEN,
COD,SRB,
COD,SYC,
COD,SLE,
COD,SGP,
COD,SVK,
COD,SVN,
COD,SLB,
COD,SOM,
COD,ZAF,
COD,KOR,
COD,SSD,
COD,ESP,
COD,LKA,
COD,VCT,
COD,SDN,
COD,SUR,
COD,SWE,
COD,CHE,
COD,SYR,
COD,TWN,
COD,TJK,
COD,TZA,
COD,THA,
COD,TLS,
COD,TGO,
COD,TON,
COD,TTO,
COD,TUN,
COD,TKM,
COD,TUV,
COD,TUR,
COD,UGA,
COD,UKR,
COD,ARE,
COD,GBR,
COD,USA,
COD,URY,
COD,UZB,
COD,VUT,
COD,VAT,
COD,VEN,
COD,VNM,
COD,YEM,
COD,ZMB,
COD,ZWE,
COD,AFG,
CRI,ALB,
CRI,DZA,
CRI,AND,
CRI,AGO,
CRI,ATG,
CRI,ARG,
CRI,ARM,
CRI,AUS,
CRI,AUT,
CRI,AZE,
CRI,BHS,
CRI,BHR,
CRI,BGD,
CRI,BRB,
CRI,BLR,
CRI,BEL,
CRI,BLZ,
CRI,BEN,
CRI,BTN,
CRI,BOL,
CRI,BIH,
CRI,BWA,
CRI,BRA,
CRI,BRN,
CRI,BGR,
CRI,BFA,
CRI,BDI,
CRI,KHM,
CRI,CMR,
CRI,CAN,
CRI,CPV,
CRI,CAF,
CRI,TCD,
CRI,CHL,
CRI,CHN,
CRI,COL,
CRI,COM,
CRI,COG,
CRI,COD,
CRI,CRI,-1
CRI,CIV,
CRI,HRV,
CRI,CUB,
CRI,CYP,
CRI,CZE,
CRI,DNK,
CRI,DJI,
CRI,DMA,
CRI,DOM,
CRI,ECU,
CRI,EGY,
CRI,SLV,
CRI,GNQ,
CRI,ERI,
CRI,EST,
CRI,SWZ,
CRI,ETH,
CRI,FJI,
CRI,FIN,
CRI,FRA,
CRI,GAB,
CRI,GMB,
CRI,GEO,
CRI,DEU,
CRI,GHA,
CRI,GRC,
CRI,GRD,
CRI,GTM,
CRI,GIN,
CRI,GNB,
CRI,GUY,
CRI,HTI,
CRI,HND,
CRI,HKG,
CRI,HUN,
CRI,ISL,
CRI,IND,
CRI,IDN,
CRI,IRN,
CRI,IRQ,
CRI,IRL,
CRI,ISR,
CRI,ITA,
CRI,JAM,
CRI,JPN,
CRI,JOR,
CRI,KAZ,
CRI,KEN,
CRI,KIR,
CRI,XKX,
CRI,KWT,
CRI,KGZ,
CRI,LAO,
CRI,LVA,
CRI,LBN,
CRI,LSO,
CRI,LBR,
CRI,LBY,
CRI,LIE,
CRI,LTU,
CRI,LUX,
CRI,MAC,
CRI,MDG,
CRI,MWI,
CRI,MYS,
CRI,MDV,
CRI,MLI,
CRI,MLT,
CRI,MHL,
CRI,MRT,
CRI,MUS,
CRI,MEX,
CRI,FSM,
CRI,MDA,
CRI,MCO,
CRI,MNG,
CRI,MNE,
CRI,MAR,
CRI,MOZ,
CRI,MMR,
CRI,NAM,
CRI,NRU,
CRI,NPL,
CRI,NLD,
CRI,NZL,
CRI,NIC,
CRI,NER,
CRI,NGA,
CRI,PRK,
CRI,MKD,
CRI,NOR,
CRI,OMN,
CRI,PAK,
CRI,PLW,
CRI,PSE,
CRI,PAN,
CRI,PNG,
CRI,PRY,
CRI,PER,
CRI,PHL,
CRI,POL,
CRI,PRT,
CRI,QAT,
CRI,ROU,
CRI,RUS,
CRI,RWA,
CRI,KNA,
CRI,LCA,
CRI,WSM,
CRI,SMR,
CRI,STP,
CRI,SAU,
CRI,SEN,
CRI,SRB,
CRI,SYC,
CRI,SLE,
CRI,SGP,
CRI,SVK,
CRI,SVN,
CRI,SLB,
CRI,SOM,
CRI,ZAF,
CRI,KOR,
CRI,SSD,
CRI,ESP,
CRI,LKA,
CRI,VCT,
CRI,SDN,
CRI,SUR,
CRI,SWE,
CRI,CHE,
CRI,SYR,
CRI,TWN,
CRI,TJK,
CRI,TZA,
CRI,THA,
CRI,TLS,
CRI,TGO,
CRI,TON,
CRI,TTO,
CRI,TUN,
CRI,TKM,
CRI,TUV,
CRI,TUR,
CRI,UGA,
CRI,UKR,
CRI,ARE,
CRI,GBR,
CRI,USA,
CRI,URY,
CRI,UZB,
CRI,VUT,
CRI,VAT,
CRI,VEN,
CRI,VNM,
CRI,YEM,
CRI,ZMB,
CRI,ZWE,
CRI,AFG,
CIV,ALB,
CIV,DZA,
CIV,AND,
CIV,AGO,
CIV,ATG,
CIV,ARG,
CIV,ARM,
CIV,AUS,
CIV,AUT,
CIV,AZE,
CIV,BHS,
CIV,BHR,
CIV,BGD,
CIV,BRB,
CIV,BLR,
CIV,BEL,
CIV,BLZ,
CIV,BEN,
CIV,BTN,
CIV,BOL,
CIV,BIH,
CIV,BWA,
CIV,BRA,
CIV,BRN,
CIV,BGR,
CIV,BFA,
CIV,BDI,
CIV,KHM,
CIV,CMR,
CIV,CAN,
CIV,CPV,
CIV,CAF,
CIV,TCD,
CIV,CHL,
CIV,CHN,
CIV,COL,
CIV,COM,
CIV,COG,
CIV,COD,
CIV,CRI,
CIV,CIV,-1
CIV,HRV,
CIV,CUB,
CIV,CYP,
CIV,CZE,
CIV,DNK,
CIV,DJI,
CIV,DMA,
CIV,DOM,
CIV,ECU,
CIV,EGY,
CIV,SLV,
CIV,GNQ,
CIV,ERI,
CIV,EST,
CIV,SWZ,
CIV,ETH,
CIV,FJI,
CIV,FIN,
CIV,FRA,
CIV,GAB,
CIV,GMB,
CIV,GEO,
CIV,DEU,
CIV,GHA,
CIV,GRC,
CIV,GRD,
CIV,GTM,
CIV,GIN,
CIV,GNB,
CIV,GUY,
CIV,HTI,
CIV,HND,
CIV,HKG,
CIV,HUN,
CIV,ISL,
CIV,IND,
CIV,IDN,
CIV,IRN,
CIV,IRQ,
CIV,IRL,
CIV,ISR,
CIV,ITA,
CIV,JAM,
CIV,JPN,
CIV,JOR,
CIV,KAZ,
CIV,KEN,
CIV,KIR,
CIV,XKX,
CIV,KWT,
CIV,KGZ,
CIV,LAO,
CIV,LVA,
CIV,LBN,
CIV,LSO,
CIV,LBR,
CIV,LBY,
CIV,LIE,
CIV,LTU,
CIV,LUX,
CIV,MAC,
CIV,MDG,
CIV,MWI,
CIV,MYS,
CIV,MDV,
CIV,MLI,
CIV,MLT,
CIV,MHL,
CIV,MRT,
CIV,MUS,
CIV,MEX,
CIV,FSM,
CIV,MDA,
CIV,MCO,
CIV,MNG,
CIV,MNE,
CIV,MAR,
CIV,MOZ,
CIV,MMR,
CIV,NAM,
CIV,NRU,
CIV,NPL,
CIV,NLD,
CIV,NZL,
CIV,NIC,
CIV,NER,
CIV,NGA,
CIV,PRK,
CIV,MKD,
CIV,NOR,
CIV,OMN,
CIV,PAK,
CIV,PLW,
CIV,PSE,
CIV,PAN,
CIV,PNG,
CIV,PRY,
CIV,PER,
CIV,PHL,
CIV,POL,
CIV,PRT,
CIV,QAT,
CIV,ROU,
CIV,RUS,
CIV,RWA,
CIV,KNA,
CIV,LCA,
CIV,WSM,
CIV,SMR,
CIV,STP,
CIV,SAU,
CIV,SEN,
CIV,SRB,
CIV,SYC,
CIV,SLE,
CIV,SGP,
CIV,SVK,
CIV,SVN,
CIV,SLB,
CIV,SOM,
CIV,ZAF,
CIV,KOR,
CIV,SSD,
CIV,ESP,
CIV,LKA,
CIV,VCT,
CIV,SDN,
CIV,SUR,
CIV,SWE,
CIV,CHE,
CIV,SYR,
CIV,TWN,
CIV,TJK,
CIV,TZA,
CIV,THA,
CIV,TLS,
CIV,TGO,
CIV,TON,
CIV,TTO,
CIV,TUN,
CIV,TKM,
CIV,TUV,
CIV,TUR,
CIV,UGA,
CIV,UKR,
CIV,ARE,
CIV,GBR,
CIV,USA,
CIV,URY,
CIV,UZB,
CIV,VUT,
CIV,VAT,
CIV,VEN,
CIV,VNM,
CIV,YEM,
CIV,ZMB,
CIV,ZWE,
CIV,AFG,
HRV,ALB,
HRV,DZA,
HRV,AND,
HRV,AGO,
HRV,ATG,
HRV,ARG,
HRV,ARM,
HRV,AUS,
HRV,AUT,
HRV,AZE,
HRV,BHS,
HRV,BHR,
HRV,BGD,
HRV,BRB,
HRV,BLR,
HRV,BEL,
HRV,BLZ,
HRV,BEN,
HRV,BTN,
HRV,BOL,
HRV,BIH,
HRV,BWA,
HRV,BRA,
HRV,BRN,
HRV,BGR,
HRV,BFA,
HRV,BDI,
HRV,KHM,
HRV,CMR,
HRV,CAN,
HRV,CPV,
HRV,CAF,
HRV,TCD,
HRV,CHL,
HRV,CHN,
HRV,COL,
HRV,COM,
HRV,COG,
HRV,COD,
HRV,CRI,
HRV,CIV,
HRV,HRV,-1
HRV,CUB,
HRV,CYP,
HRV,CZE,
HRV,DNK,
HRV,DJI,
HRV,DMA,
HRV,DOM,
HRV,ECU,
HRV,EGY,
HRV,SLV,
HRV,GNQ,
HRV,ERI,
HRV,EST,
HRV,SWZ,
HRV,ETH,
HRV,FJI,
HRV,FIN,
HRV,FRA,
HRV,GAB,
HRV,GMB,
HRV,GEO,
HRV,DEU,
HRV,GHA,
HRV,GRC,
HRV,GRD,
HRV,GTM,
HRV,GIN,
HRV,GNB,
HRV,GUY,
HRV,HTI,
HRV,HND,
HRV,HKG,
HRV,HUN,
HRV,ISL,
HRV,IND,
HRV,IDN,
HRV,IRN,
HRV,IRQ,
HRV,IRL,
HRV,ISR,
HRV,ITA,
HRV,JAM,
HRV,JPN,
HRV,JOR,
HRV,KAZ,
HRV,KEN,
HRV,KIR,
HRV,XKX,
HRV,KWT,
HRV,KGZ,
HRV,LAO,
HRV,LVA,
HRV,LBN,
HRV,LSO,
HRV,LBR,
HRV,LBY,
HRV,LIE,
HRV,LTU,
HRV,LUX,
HRV,MAC,
HRV,MDG,
HRV,MWI,
HRV,MYS,
HRV,MDV,
HRV,MLI,
HRV,MLT,
HRV,MHL,
HRV,MRT,
HRV,MUS,
HRV,MEX,
HRV,FSM,
HRV,MDA,
HRV,MCO,
HRV,MNG,
HRV,MNE,
HRV,MAR,
HRV,MOZ,
HRV,MMR,
HRV,NAM,
HRV,NRU,
HRV,NPL,
HRV,NLD,
HRV,NZL,
HRV,NIC,
HRV,NER,
HRV,NGA,
HRV,PRK,
HRV,MKD,
HRV,NOR,
HRV,OMN,
HRV,PAK,
HRV,PLW,
HRV,PSE,
HRV,PAN,
HRV,PNG,
HRV,PRY,
HRV,PER,
HRV,PHL,
HRV,POL,
HRV,PRT,
HRV,QAT,
HRV,ROU,
HRV,RUS,
HRV,RWA,
HRV,KNA,
HRV,LCA,
HRV,WSM,
HRV,SMR,
HRV,STP,
HRV,SAU,
HRV,SEN,
HRV,SRB,
HRV,SYC,
HRV,SLE,
HRV,SGP,
HRV,SVK,
HRV,SVN,
HRV,SLB,
HRV,SOM,
HRV,ZAF,
HRV,KOR,
HRV,SSD,
HRV,ESP,
HRV,LKA,
HRV,VCT,
HRV,SDN,
HRV,SUR,
HRV,SWE,
HRV,CHE,
HRV,SYR,
HRV,TWN,
HRV,TJK,
HRV,TZA,
HRV,THA,
HRV,TLS,
HRV,TGO,
HRV,TON,
HRV,TTO,
HRV,TUN,
HRV,TKM,
HRV,TUV,
HRV,TUR,
HRV,UGA,
HRV,UKR,
HRV,ARE,
HRV,GBR,
HRV,USA,
HRV,URY,
HRV,UZB,
HRV,VUT,
HRV,VAT,
HRV,VEN,
HRV,VNM,
HRV,YEM,
HRV,ZMB,
HRV,ZWE,
HRV,AFG,
CUB,ALB,
CUB,DZA,
CUB,AND,
CUB,AGO,
CUB,ATG,
CUB,ARG,
CUB,ARM,
CUB,AUS,
CUB,AUT,
CUB,AZE,
CUB,BHS,
CUB,BHR,
CUB,BGD,
CUB,BRB,
CUB,BLR,
CUB,BEL,
CUB,BLZ,
CUB,BEN,
CUB,BTN,
CUB,BOL,
CUB,BIH,
CUB,BWA,
CUB,BRA,
CUB,BRN,
CUB,BGR,
CUB,BFA,
CUB,BDI,
CUB,KHM,
CUB,CMR,
CUB,CAN,
CUB,CPV,
CUB,CAF,
CUB,TCD,
CUB,CHL,
CUB,CHN,
CUB,COL,
CUB,COM,
CUB,COG,
CUB,COD,
CUB,CRI,
CUB,CIV,
CUB,HRV,
CUB,CUB,-1
CUB,CYP,
CUB,CZE,
CUB,DNK,
CUB,DJI,
CUB,DMA,
CUB,DOM,
CUB,ECU,
CUB,EGY,
CUB,SLV,
CUB,GNQ,
CUB,ERI,
CUB,EST,
CUB,SWZ,
CUB,ETH,
CUB,FJI,
CUB,FIN,
CUB,FRA,
CUB,GAB,
CUB,GMB,
CUB,GEO,
CUB,DEU,
CUB,GHA,
CUB,GRC,
CUB,GRD,
CUB,GTM,
CUB,GIN,
CUB,GNB,
CUB,GUY,
CUB,HTI,
CUB,HND,
CUB,HKG,
CUB,HUN,
CUB,ISL,
CUB,IND,
CUB,IDN,
CUB,IRN,
CUB,IRQ,
CUB,IRL,
CUB,ISR,
CUB,ITA,
CUB,JAM,
CUB,JPN,
CUB,JOR,
CUB,KAZ,
CUB,KEN,
CUB,KIR,
CUB,XKX,
CUB,KWT,
CUB,KGZ,
CUB,LAO,
CUB,LVA,
CUB,LBN,
CUB,LSO,
CUB,LBR,
CUB,LBY,
CUB,LIE,
CUB,LTU,
CUB,LUX,
CUB,MAC,
CUB,MDG,
CUB,MWI,
CUB,MYS,
CUB,MDV,
CUB,MLI,
CUB,MLT,
CUB,MHL,
CUB,MRT,
CUB,MUS,
CUB,MEX,
CUB,FSM,
CUB,MDA,
CUB,MCO,
CUB,MNG,
CUB,MNE,
CUB,MAR,
CUB,MOZ,
CUB,MMR,
CUB,NAM,
CUB,NRU,
CUB,NPL,
CUB,NLD,
CUB,NZL,
CUB,NIC,
CUB,NER,
CUB,NGA,
CUB,PRK,
CUB,MKD,
CUB,NOR,
CUB,OMN,
CUB,PAK,
CUB,PLW,
CUB,PSE,
CUB,PAN,
CUB,PNG,
CUB,PRY,
CUB,PER,
CUB,PHL,
CUB,POL,
CUB,PRT,
CUB,QAT,
CUB,ROU,
CUB,RUS,
CUB,RWA,
CUB,KNA,
CUB,LCA,
CUB,WSM,
CUB,SMR,
CUB,STP,
CUB,SAU,
CUB,SEN,
CUB,SRB,
CUB,SYC,
CUB,SLE,
CUB,SGP,
CUB,SVK,
CUB,SVN,
CUB,SLB,
CUB,SOM,
CUB,ZAF,
CUB,KOR,
CUB,SSD,
CUB,ESP,
CUB,LKA,
CUB,VCT,
CUB,SDN,
CUB,SUR,
CUB,SWE,
CUB,CHE,
CUB,SYR,
CUB,TWN,
CUB,TJK,
CUB,TZA,
CUB,THA,
CUB,TLS,
CUB,TGO,
CUB,TON,
CUB,TTO,
CUB,TUN,
CUB,TKM,
CUB,TUV,
CUB,TUR,
CUB,UGA,
CUB,UKR,
CUB,ARE,
CUB,GBR,
CUB,USA,
CUB,URY,
CUB,UZB,
CUB,VUT,
CUB,VAT,
CUB,VEN,
CUB,VNM,
CUB,YEM,
CUB,ZMB,
CUB,ZWE,
CUB,AFG,
CYP,ALB,
CYP,DZA,
CYP,AND,
CYP,AGO,
CYP,ATG,
CYP,ARG,
CYP,ARM,
CYP,AUS,
CYP,AUT,
CYP,AZE,
CYP,BHS,
CYP,BHR,
CYP,BGD,
CYP,BRB,
CYP,BLR,
CYP,BEL,
CYP,BLZ,
CYP,BEN,
CYP,BTN,
CYP,BOL,
CYP,BIH,
CYP,BWA,
CYP,BRA,
CYP,BRN,
CYP,BGR,
CYP,BFA,
CYP,BDI,
CYP,KHM,
CYP,CMR,
CYP,CAN,
CYP,CPV,
CYP,CAF,
CYP,TCD,
CYP,CHL,
CYP,CHN,
CYP,COL,
CYP,COM,
CYP,COG,
CYP,COD,
CYP,CRI,
CYP,CIV,
CYP,HRV,
CYP,CUB,
CYP,CYP,-1
CYP,CZE,
CYP,DNK,
CYP,DJI,
CYP,DMA,
CYP,DOM,
CYP,ECU,
CYP,EGY,
CYP,SLV,
CYP,GNQ,
CYP,ERI,
CYP,EST,
CYP,SWZ,
CYP,ETH,
CYP,FJI,
CYP,FIN,
CYP,FRA,
CYP,GAB,
CYP,GMB,
CYP,GEO,
CYP,DEU,
CYP,GHA,
CYP,GRC,
CYP,GRD,
CYP,GTM,
CYP,GIN,
CYP,GNB,
CYP,GUY,
CYP,HTI,
CYP,HND,
CYP,HKG,
CYP,HUN,
CYP,ISL,
CYP,IND,
CYP,IDN,
CYP,IRN,
CYP,IRQ,
CYP,IRL,
CYP,ISR,
CYP,ITA,
CYP,JAM,
CYP,JPN,
CYP,JOR,
CYP,KAZ,
CYP,KEN,
CYP,KIR,
CYP,XKX,
CYP,KWT,
CYP,KGZ,
CYP,LAO,
CYP,LVA,
CYP,LBN,
CYP,LSO,
CYP,LBR,
CYP,LBY,
CYP,LIE,
CYP,LTU,
CYP,LUX,
CYP,MAC,
CYP,MDG,
CYP,MWI,
CYP,MYS,
CYP,MDV,
CYP,MLI,
CYP,MLT,
CYP,MHL,
CYP,MRT,
CYP,MUS,
CYP,MEX,
CYP,FSM,
CYP,MDA,
CYP,MCO,
CYP,MNG,
CYP,MNE,
CYP,MAR,
CYP,MOZ,
CYP,MMR,
CYP,NAM,
CYP,NRU,
CYP,NPL,
CYP,NLD,
CYP,NZL,
CYP,NIC,
CYP,NER,
CYP,NGA,
CYP,PRK,
CYP,MKD,
CYP,NOR,
CYP,OMN,
CYP,PAK,
CYP,PLW,
CYP,PSE,
CYP,PAN,
CYP,PNG,
CYP,PRY,
CYP,PER,
CYP,PHL,
CYP,POL,
CYP,PRT,
CYP,QAT,
CYP,ROU,
CYP,RUS,
CYP,RWA,
CYP,KNA,
CYP,LCA,
CYP,WSM,
CYP,SMR,
CYP,STP,
CYP,SAU,
CYP,SEN,
CYP,SRB,
CYP,SYC,
CYP,SLE,
CYP,SGP,
CYP,SVK,
CYP,SVN,
CYP,SLB,
CYP,SOM,
CYP,ZAF,
CYP,KOR,
CYP,SSD,
CYP,ESP,
CYP,LKA,
CYP,VCT,
CYP,SDN,
CYP,SUR,
CYP,SWE,
CYP,CHE,
CYP,SYR,
CYP,TWN,
CYP,TJK,
CYP,TZA,
CYP,THA,
CYP,TLS,
CYP,TGO,
CYP,TON,
CYP,TTO,
CYP,TUN,
CYP,TKM,
CYP,TUV,
CYP,TUR,
CYP,UGA,
CYP,UKR,
CYP,ARE,
CYP,GBR,
CYP,USA,
CYP,URY,
CYP,UZB,
CYP,VUT,
CYP,VAT,
CYP,VEN,
CYP,VNM,
CYP,YEM,
CYP,ZMB,
CYP,ZWE,
CYP,AFG,
CZE,ALB,
CZE,DZA,
CZE,AND,
CZE,AGO,
CZE,ATG,
CZE,ARG,
CZE,ARM,
CZE,AUS,
CZE,AUT,
CZE,AZE,
CZE,BHS,
CZE,BHR,
CZE,BGD,
CZE,BRB,
CZE,BLR,
CZE,BEL,
CZE,BLZ,
CZE,BEN,
CZE,BTN,
CZE,BOL,
CZE,BIH,
CZE,BWA,
CZE,BRA,
CZE,BRN,
CZE,BGR,
CZE,BFA,
CZE,BDI,
CZE,KHM,
CZE,CMR,
CZE,CAN,
CZE,CPV,
CZE,CAF,
CZE,TCD,
CZE,CHL,
CZE,CHN,
CZE,COL,
CZE,COM,
CZE,COG,
CZE,COD,
CZE,CRI,
CZE,CIV,
CZE,HRV,
CZE,CUB,
CZE,CYP,
CZE,CZE,-1
CZE,DNK,
CZE,DJI,
CZE,DMA,
CZE,DOM,
CZE,ECU,
CZE,EGY,
CZE,SLV,
CZE,GNQ,
CZE,ERI,
CZE,EST,
CZE,SWZ,
CZE,ETH,
CZE,FJI,
CZE,FIN,
CZE,FRA,
CZE,GAB,
CZE,GMB,
CZE,GEO,
CZE,DEU,
CZE,GHA,
CZE,GRC,
CZE,GRD,
CZE,GTM,
CZE,GIN,
CZE,GNB,
CZE,GUY,
CZE,HTI,
CZE,HND,
CZE,HKG,
CZE,HUN,
CZE,ISL,
CZE,IND,
CZE,IDN,
CZE,IRN,
CZE,IRQ,
CZE,IRL,
CZE,ISR,
CZE,ITA,
CZE,JAM,
CZE,JPN,
CZE,JOR,
CZE,KAZ,
CZE,KEN,
CZE,KIR,
CZE,XKX,
CZE,KWT,
CZE,KGZ,
CZE,LAO,
CZE,LVA,
CZE,LBN,
CZE,LSO,
CZE,LBR,
CZE,LBY,
CZE,LIE,
CZE,LTU,
CZE,LUX,
CZE,MAC,
CZE,MDG,
CZE,MWI,
CZE,MYS,
CZE,MDV,
CZE,MLI,
CZE,MLT,
CZE,MHL,
CZE,MRT,
CZE,MUS,
CZE,MEX,
CZE,FSM,
CZE,MDA,
CZE,MCO,
CZE,MNG,
CZE,MNE,
CZE,MAR,
CZE,MOZ,
CZE,MMR,
CZE,NAM,
CZE,NRU,
CZE,NPL,
CZE,NLD,
CZE,NZL,
CZE,NIC,
CZE,NER,
CZE,NGA,
CZE,PRK,
CZE,MKD,
CZE,NOR,
CZE,OMN,
CZE,PAK,
CZE,PLW,
CZE,PSE,
CZE,PAN,
CZE,PNG,
CZE,PRY,
CZE,PER,
CZE,PHL,
CZE,POL,
CZE,PRT,
CZE,QAT,
CZE,ROU,
CZE,RUS,
CZE,RWA,
CZE,KNA,
CZE,LCA,
CZE,WSM,
CZE,SMR,
CZE,STP,
CZE,SAU,
CZE,SEN,
CZE,SRB,
CZE,SYC,
CZE,SLE,
CZE,SGP,
CZE,SVK,
CZE,SVN,
CZE,SLB,
CZE,SOM,
CZE,ZAF,
CZE,KOR,
CZE,SSD,
CZE,ESP,
CZE,LKA,
CZE,VCT,
CZE,SDN,
CZE,SUR,
CZE,SWE,
CZE,CHE,
CZE,SYR,
CZE,TWN,
CZE,TJK,
CZE,TZA,
CZE,THA,
CZE,TLS,
CZE,TGO,
CZE,TON,
CZE,TTO,
CZE,TUN,
CZE,TKM,
CZE,TUV,
CZE,TUR,
CZE,UGA,
CZE,UKR,
CZE,ARE,
CZE,GBR,
CZE,USA,
CZE,URY,
CZE,UZB,
CZE,VUT,
CZE,VAT,
CZE,VEN,
CZE,VNM,
CZE,YEM,
CZE,ZMB,
CZE,ZWE,
CZE,AFG,
DNK,ALB,
DNK,DZA,
DNK,AND,
DNK,AGO,
DNK,ATG,
DNK,ARG,
DNK,ARM,
DNK,AUS,
DNK,AUT,
DNK,AZE,
DNK,BHS,
DNK,BHR,
DNK,BGD,
DNK,BRB,
DNK,BLR,
DNK,BEL,
DNK,BLZ,
DNK,BEN,
DNK,BTN,
DNK,BOL,
DNK,BIH,
DNK,BWA,
DNK,BRA,
DNK,BRN,
DNK,BGR,
DNK,BFA,
DNK,BDI,
DNK,KHM,
DNK,CMR,
DNK,CAN,
DNK,CPV,
DNK,CAF,
DNK,TCD,
DNK,CHL,
DNK,CHN,
DNK,COL,
DNK,COM,
DNK,COG,
DNK,COD,
DNK,CRI,
DNK,CIV,
DNK,HRV,
DNK,CUB,
DNK,CYP,
DNK,CZE,
DNK,DNK,-1
DNK,DJI,
DNK,DMA,
DNK,DOM,
DNK,ECU,
DNK,EGY,
DNK,SLV,
DNK,GNQ,
DNK,ERI,
DNK,EST,
DNK,SWZ,
DNK,ETH,
DNK,FJI,
DNK,FIN,
DNK,FRA,
DNK,GAB,
DNK,GMB,
DNK,GEO,
DNK,DEU,
DNK,GHA,
DNK,GRC,
DNK,GRD,
DNK,GTM,
DNK,GIN,
DNK,GNB,
DNK,GUY,
DNK,HTI,
DNK,HND,
DNK,HKG,
DNK,HUN,
DNK,ISL,
DNK,IND,
DNK,IDN,
DNK,IRN,
DNK,IRQ,
DNK,IRL,
DNK,ISR,
DNK,ITA,
DNK,JAM,
DNK,JPN,
DNK,JOR,
DNK,KAZ,
DNK,KEN,
DNK,KIR,
DNK,XKX,
DNK,KWT,
DNK,KGZ,
DNK,LAO,
DNK,LVA,
DNK,LBN,
DNK,LSO,
DNK,LBR,
DNK,LBY,
DNK,LIE,
DNK,LTU,
DNK,LUX,
DNK,MAC,
DNK,MDG,
DNK,MWI,
DNK,MYS,
DNK,MDV,
DNK,MLI,
DNK,MLT,
DNK,MHL,
DNK,MRT,
DNK,MUS,
DNK,MEX,
DNK,FSM,
DNK,MDA,
DNK,MCO,
DNK,MNG,
DNK,MNE,
DNK,MAR,
DNK,MOZ,
DNK,MMR,
DNK,NAM,
DNK,NRU,
DNK,NPL,
DNK,NLD,
DNK,NZL,
DNK,NIC,
DNK,NER,
DNK,NGA,
DNK,PRK,
DNK,MKD,
DNK,NOR,
DNK,OMN,
DNK,PAK,
DNK,PLW,
DNK,PSE,
DNK,PAN,
DNK,PNG,
DNK,PRY,
DNK,PER,
DNK,PHL,
DNK,POL,
DNK,PRT,
DNK,QAT,
DNK,ROU,
DNK,RUS,
DNK,RWA,
DNK,KNA,
DNK,LCA,
DNK,WSM,
DNK,SMR,
DNK,STP,
DNK,SAU,
DNK,SEN,
DNK,SRB,
DNK,SYC,
DNK,SLE,
DNK,SGP,
DNK,SVK,
DNK,SVN,
DNK,SLB,
DNK,SOM,
DNK,ZAF,
DNK,KOR,
DNK,SSD,
DNK,ESP,
DNK,LKA,
DNK,VCT,
DNK,SDN,
DNK,SUR,
DNK,SWE,
DNK,CHE,
DNK,SYR,
DNK,TWN,
DNK,TJK,
DNK,TZA,
DNK,THA,
DNK,TLS,
DNK,TGO,
DNK,TON,
DNK,TTO,
DNK,TUN,
DNK,TKM,
DNK,TUV,
DNK,TUR,
DNK,UGA,
DNK,UKR,
DNK,ARE,
DNK,GBR,
DNK,USA,
DNK,URY,
DNK,UZB,
DNK,VUT,
DNK,VAT,
DNK,VEN,
DNK,VNM,
DNK,YEM,
DNK,ZMB,
DNK,ZWE,
DNK,AFG,
DJI,ALB,
DJI,DZA,
DJI,AND,
DJI,AGO,
DJI,ATG,
DJI,ARG,
DJI,ARM,
DJI,AUS,
DJI,AUT,
DJI,AZE,
DJI,BHS,
DJI,BHR,
DJI,BGD,
DJI,BRB,
DJI,BLR,
DJI,BEL,
DJI,BLZ,
DJI,BEN,
DJI,BTN,
DJI,BOL,
DJI,BIH,
DJI,BWA,
DJI,BRA,
DJI,BRN,
DJI,BGR,
DJI,BFA,
DJI,BDI,
DJI,KHM,
DJI,CMR,
DJI,CAN,
DJI,CPV,
DJI,CAF,
DJI,TCD,
DJI,CHL,
DJI,CHN,
DJI,COL,
DJI,COM,
DJI,COG,
DJI,COD,
DJI,CRI,
DJI,CIV,
DJI,HRV,
DJI,CUB,
DJI,CYP,
DJI,CZE,
DJI,DNK,
DJI,DJI,-1
DJI,DMA,
DJI,DOM,
DJI,ECU,
DJI,EGY,
DJI,SLV,
DJI,GNQ,
DJI,ERI,
DJI,EST,
DJI,SWZ,
DJI,ETH,
DJI,FJI,
DJI,FIN,
DJI,FRA,
DJI,GAB,
DJI,GMB,
DJI,GEO,
DJI,DEU,
DJI,GHA,
DJI,GRC,
DJI,GRD,
DJI,GTM,
DJI,GIN,
DJI,GNB,
DJI,GUY,
DJI,HTI,
DJI,HND,
DJI,HKG,
DJI,HUN,
DJI,ISL,
DJI,IND,
DJI,IDN,
DJI,IRN,
DJI,IRQ,
DJI,IRL,
DJI,ISR,
DJI,ITA,
DJI,JAM,
DJI,JPN,
DJI,JOR,
DJI,KAZ,
DJI,KEN,
DJI,KIR,
DJI,XKX,
DJI,KWT,
DJI,KGZ,
DJI,LAO,
DJI,LVA,
DJI,LBN,
DJI,LSO,
DJI,LBR,
DJI,LBY,
DJI,LIE,
DJI,LTU,
DJI,LUX,
DJI,MAC,
DJI,MDG,
DJI,MWI,
DJI,MYS,
DJI,MDV,
DJI,MLI,
DJI,MLT,
DJI,MHL,
DJI,MRT,
DJI,MUS,
DJI,MEX,
DJI,FSM,
DJI,MDA,
DJI,MCO,
DJI,MNG,
DJI,MNE,
DJI,MAR,
DJI,MOZ,
DJI,MMR,
DJI,NAM,
DJI,NRU,
DJI,NPL,
DJI,NLD,
DJI,NZL,
DJI,NIC,
DJI,NER,
DJI,NGA,
DJI,PRK,
DJI,MKD,
DJI,NOR,
DJI,OMN,
DJI,PAK,
DJI,PLW,
DJI,PSE,
DJI,PAN,
DJI,PNG,
DJI,PRY,
DJI,PER,
DJI,PHL,
DJI,POL,
DJI,PRT,
DJI,QAT,
DJI,ROU,
DJI,RUS,
DJI,RWA,
DJI,KNA,
DJI,LCA,
DJI,WSM,
DJI,SMR,
DJI,STP,
DJI,SAU,
DJI,SEN,
DJI,SRB,
DJI,SYC,
DJI,SLE,
DJI,SGP,
DJI,SVK,
DJI,SVN,
DJI,SLB,
DJI,SOM,
DJI,ZAF,
DJI,KOR,
DJI,SSD,
DJI,ESP,
DJI,LKA,
DJI,VCT,
DJI,SDN,
DJI,SUR,
DJI,SWE,
DJI,CHE,
DJI,SYR,
DJI,TWN,
DJI,TJK,
DJI,TZA,
DJI,THA,
DJI,TLS,
DJI,TGO,
DJI,TON,
DJI,TTO,
DJI,TUN,
DJI,TKM,
DJI,TUV,
DJI,TUR,
DJI,UGA,
DJI,UKR,
DJI,ARE,
DJI,GBR,
DJI,USA,
DJI,URY,
DJI,UZB,
DJI,VUT,
DJI,VAT,
DJI,VEN,
DJI,VNM,
DJI,YEM,
DJI,ZMB,
DJI,ZWE,
DJI,AFG,
DMA,ALB,
DMA,DZA,
DMA,AND,
DMA,AGO,
DMA,ATG,
DMA,ARG,
DMA,ARM,
DMA,AUS,
DMA,AUT,
DMA,AZE,
DMA,BHS,
DMA,BHR,
DMA,BGD,
DMA,BRB,
DMA,BLR,
DMA,BEL,
DMA,BLZ,
DMA,BEN,
DMA,BTN,
DMA,BOL,
DMA,BIH,
DMA,BWA,
DMA,BRA,
DMA,BRN,
DMA,BGR,
DMA,BFA,
DMA,BDI,
DMA,KHM,
DMA,CMR,
DMA,CAN,
DMA,CPV,
DMA,CAF,
DMA,TCD,
DMA,CHL,
DMA,CHN,
DMA,COL,
DMA,COM,
DMA,COG,
DMA,COD,
DMA,CRI,
DMA,CIV,
DMA,HRV,
DMA,CUB,
DMA,CYP,
DMA,CZE,
DMA,DNK,
DMA,DJI,
DMA,DMA,-1
DMA,DOM,
DMA,ECU,
DMA,EGY,
DMA,SLV,
DMA,GNQ,
DMA,ERI,
DMA,EST,
DMA,SWZ,
DMA,ETH,
DMA,FJI,
DMA,FIN,
DMA,FRA,
DMA,GAB,
DMA,GMB,
DMA,GEO,
DMA,DEU,
DMA,GHA,
DMA,GRC,
DMA,GRD,
DMA,GTM,
DMA,GIN,
DMA,GNB,
DMA,GUY,
DMA,HTI,
DMA,HND,
DMA,HKG,
DMA,HUN,
DMA,ISL,
DMA,IND,
DMA,IDN,
DMA,IRN,
DMA,IRQ,
DMA,IRL,
DMA,ISR,
DMA,ITA,
DMA,JAM,
DMA,JPN,
DMA,JOR,
DMA,KAZ,
DMA,KEN,
DMA,KIR,
DMA,XKX,
DMA,KWT,
DMA,KGZ,
DMA,LAO,
DMA,LVA,
DMA,LBN,
DMA,LSO,
DMA,LBR,
DMA,LBY,
DMA,LIE,
DMA,LTU,
DMA,LUX,
DMA,MAC,
DMA,MDG,
DMA,MWI,
DMA,MYS,
DMA,MDV,
DMA,MLI,
DMA,MLT,
DMA,MHL,
DMA,MRT,
DMA,MUS,
DMA,MEX,
DMA,FSM,
DMA,MDA,
DMA,MCO,
DMA,MNG,
DMA,MNE,
DMA,MAR,
DMA,MOZ,
DMA,MMR,
DMA,NAM,
DMA,NRU,
DMA,NPL,
DMA,NLD,
DMA,NZL,
DMA,NIC,
DMA,NER,
DMA,NGA,
DMA,PRK,
DMA,MKD,
DMA,NOR,
DMA,OMN,
DMA,PAK,
DMA,PLW,
DMA,PSE,
DMA,PAN,
DMA,PNG,
DMA,PRY,
DMA,PER,
DMA,PHL,
DMA,POL,
DMA,PRT,
DMA,QAT,
DMA,ROU,
DMA,RUS,
DMA,RWA,
DMA,KNA,
DMA,LCA,
DMA,WSM,
DMA,SMR,
DMA,STP,
DMA,SAU,
DMA,SEN,
DMA,SRB,
DMA,SYC,
DMA,SLE,
DMA,SGP,
DMA,SVK,
DMA,SVN,
DMA,SLB,
DMA,SOM,
DMA,ZAF,
DMA,KOR,
DMA,SSD,
DMA,ESP,
DMA,LKA,
DMA,VCT,
DMA,SDN,
DMA,SUR,
DMA,SWE,
DMA,CHE,
DMA,SYR,
DMA,TWN,
DMA,TJK,
DMA,TZA,
DMA,THA,
DMA,TLS,
DMA,TGO,
DMA,TON,
DMA,TTO,
DMA,TUN,
DMA,TKM,
DMA,TUV,
DMA,TUR,
DMA,UGA,
DMA,UKR,
DMA,ARE,
DMA,GBR,
DMA,USA,
DMA,URY,
DMA,UZB,
DMA,VUT,
DMA,VAT,
DMA,VEN,
DMA,VNM,
DMA,YEM,
DMA,ZMB,
DMA,ZWE,
DMA,AFG,
DOM,ALB,
DOM,DZA,
DOM,AND,
DOM,AGO,
DOM,ATG,
DOM,ARG,
DOM,ARM,
DOM,AUS,
DOM,AUT,
DOM,AZE,
DOM,BHS,
DOM,BHR,
DOM,BGD,
DOM,BRB,
DOM,BLR,
DOM,BEL,
DOM,BLZ,
DOM,BEN,
DOM,BTN,
DOM,BOL,
DOM,BIH,
DOM,BWA,
DOM,BRA,
DOM,BRN,
DOM,BGR,
DOM,BFA,
DOM,BDI,
DOM,KHM,
DOM,CMR,
DOM,CAN,
DOM,CPV,
DOM,CAF,
DOM,TCD,
DOM,CHL,
DOM,CHN,
DOM,COL,
DOM,COM,
DOM,COG,
DOM,COD,
DOM,CRI,
DOM,CIV,
DOM,HRV,
DOM,CUB,
DOM,CYP,
DOM,CZE,
DOM,DNK,
DOM,DJI,
DOM,DMA,
DOM,DOM,-1
DOM,ECU,
DOM,EGY,
DOM,SLV,
DOM,GNQ,
DOM,ERI,
DOM,EST,
DOM,SWZ,
DOM,ETH,
DOM,FJI,
DOM,FIN,
DOM,FRA,
DOM,GAB,
DOM,GMB,
DOM,GEO,
DOM,DEU,
DOM,GHA,
DOM,GRC,
DOM,GRD,
DOM,GTM,
DOM,GIN,
DOM,GNB,
DOM,GUY,
DOM,HTI,
DOM,HND,
DOM,HKG,
DOM,HUN,
DOM,ISL,
DOM,IND,
DOM,IDN,
DOM,IRN,
DOM,IRQ,
DOM,IRL,
DOM,ISR,
DOM,ITA,
DOM,JAM,
DOM,JPN,
DOM,JOR,
DOM,KAZ,
DOM,KEN,
DOM,KIR,
DOM,XKX,
DOM,KWT,
DOM,KGZ,
DOM,LAO,
DOM,LVA,
DOM,LBN,
DOM,LSO,
DOM,LBR,
DOM,LBY,
DOM,LIE,
DOM,LTU,
DOM,LUX,
DOM,MAC,
DOM,MDG,
DOM,MWI,
DOM,MYS,
DOM,MDV,
DOM,MLI,
DOM,MLT,
DOM,MHL,
DOM,MRT,
DOM,MUS,
DOM,MEX,
DOM,FSM,
DOM,MDA,
DOM,MCO,
DOM,MNG,
DOM,MNE,
DOM,MAR,
DOM,MOZ,
DOM,MMR,
DOM,NAM,
DOM,NRU,
DOM,NPL,
DOM,NLD,
DOM,NZL,
DOM,NIC,
DOM,NER,
DOM,NGA,
DOM,PRK,
DOM,MKD,
DOM,NOR,
DOM,OMN,
DOM,PAK,
DOM,PLW,
DOM,PSE,
DOM,PAN,
DOM,PNG,
DOM,PRY,
DOM,PER,
DOM,PHL,
DOM,POL,
DOM,PRT,
DOM,QAT,
DOM,ROU,
DOM,RUS,
DOM,RWA,
DOM,KNA,
DOM,LCA,
DOM,WSM,
DOM,SMR,
DOM,STP,
DOM,SAU,
DOM,SEN,
DOM,SRB,
DOM,SYC,
DOM,SLE,
DOM,SGP,
DOM,SVK,
DOM,SVN,
DOM,SLB,
DOM,SOM,
DOM,ZAF,
DOM,KOR,
DOM,SSD,
DOM,ESP,
DOM,LKA,
DOM,VCT,
DOM,SDN,
DOM,SUR,
DOM,SWE,
DOM,CHE,
DOM,SYR,
DOM,TWN,
DOM,TJK,
DOM,TZA,
DOM,THA,
DOM,TLS,
DOM,TGO,
DOM,TON,
DOM,TTO,
DOM,TUN,
DOM,TKM,
DOM,TUV,
DOM,TUR,
DOM,UGA,
DOM,UKR,
DOM,ARE,
DOM,GBR,
DOM,USA,
DOM,URY,
DOM,UZB,
DOM,VUT,
DOM,VAT,
DOM,VEN,
DOM,VNM,
DOM,YEM,
DOM,ZMB,
DOM,ZWE,
DOM,AFG,
ECU,ALB,
ECU,DZA,
ECU,AND,
ECU,AGO,
ECU,ATG,
ECU,ARG,
ECU,ARM,
ECU,AUS,
ECU,AUT,
ECU,AZE,
ECU,BHS,
ECU,BHR,
ECU,BGD,
ECU,BRB,
ECU,BLR,
ECU,BEL,
ECU,BLZ,
ECU,BEN,
ECU,BTN,
ECU,BOL,
ECU,BIH,
ECU,BWA,
ECU,BRA,
ECU,BRN,
ECU,BGR,
ECU,BFA,
ECU,BDI,
ECU,KHM,
ECU,CMR,
ECU,CAN,
ECU,CPV,
ECU,CAF,
ECU,TCD,
ECU,CHL,
ECU,CHN,
ECU,COL,
ECU,COM,
ECU,COG,
ECU,COD,
ECU,CRI,
ECU,CIV,
ECU,HRV,
ECU,CUB,
ECU,CYP,
ECU,CZE,
ECU,DNK,
ECU,DJI,
ECU,DMA,
ECU,DOM,
ECU,ECU,-1
ECU,EGY,
ECU,SLV,
ECU,GNQ,
ECU,ERI,
ECU,EST,
ECU,SWZ,
ECU,ETH,
ECU,FJI,
ECU,FIN,
ECU,FRA,
ECU,GAB,
ECU,GMB,
ECU,GEO,
ECU,DEU,
ECU,GHA,
ECU,GRC,
ECU,GRD,
ECU,GTM,
ECU,GIN,
ECU,GNB,
ECU,GUY,
ECU,HTI,
ECU,HND,
ECU,HKG,
ECU,HUN,
ECU,ISL,
ECU,IND,
ECU,IDN,
ECU,IRN,
ECU,IRQ,
ECU,IRL,
ECU,ISR,
ECU,ITA,
ECU,JAM,
ECU,JPN,
ECU,JOR,
ECU,KAZ,
ECU,KEN,
ECU,KIR,
ECU,XKX,
ECU,KWT,
ECU,KGZ,
ECU,LAO,
ECU,LVA,
ECU,LBN,
ECU,LSO,
ECU,LBR,
ECU,LBY,
ECU,LIE,
ECU,LTU,
ECU,LUX,
ECU,MAC,
ECU,MDG,
ECU,MWI,
ECU,MYS,
ECU,MDV,
ECU,MLI,
ECU,MLT,
ECU,MHL,
ECU,MRT,
ECU,MUS,
ECU,MEX,
ECU,FSM,
ECU,MDA,
ECU,MCO,
ECU,MNG,
ECU,MNE,
ECU,MAR,
ECU,MOZ,
ECU,MMR,
ECU,NAM,
ECU,NRU,
ECU,NPL,
ECU,NLD,
ECU,NZL,
ECU,NIC,
ECU,NER,
ECU,NGA,
ECU,PRK,
ECU,MKD,
ECU,NOR,
ECU,OMN,
ECU,PAK,
ECU,PLW,
ECU,PSE,
ECU,PAN,
ECU,PNG,
ECU,PRY,
ECU,PER,
ECU,PHL,
ECU,POL,
ECU,PRT,
ECU,QAT,
ECU,ROU,
ECU,RUS,
ECU,RWA,
ECU,KNA,
ECU,LCA,
ECU,WSM,
ECU,SMR,
ECU,STP,
ECU,SAU,
ECU,SEN,
ECU,SRB,
ECU,SYC,
ECU,SLE,
ECU,SGP,
ECU,SVK,
ECU,SVN,
ECU,SLB,
ECU,SOM,
ECU,ZAF,
ECU,KOR,
ECU,SSD,
ECU,ESP,
ECU,LKA,
ECU,VCT,
ECU,SDN,
ECU,SUR,
ECU,SWE,
ECU,CHE,
ECU,SYR,
ECU,TWN,
ECU,TJK,
ECU,TZA,
ECU,THA,
ECU,TLS,
ECU,TGO,
ECU,TON,
ECU,TTO,
ECU,TUN,
ECU,TKM,
ECU,TUV,
ECU,TUR,
ECU,UGA,
ECU,UKR,
ECU,ARE,
ECU,GBR,
ECU,USA,
ECU,URY,
ECU,UZB,
ECU,VUT,
ECU,VAT,
ECU,VEN,
ECU,VNM,
ECU,YEM,
ECU,ZMB,
ECU,ZWE,
ECU,AFG,
EGY,ALB,
EGY,DZA,
EGY,AND,
EGY,AGO,
EGY,ATG,
EGY,ARG,
EGY,ARM,
EGY,AUS,
EGY,AUT,
EGY,AZE,
EGY,BHS,
EGY,BHR,
EGY,BGD,
EGY,BRB,
EGY,BLR,
EGY,BEL,
EGY,BLZ,
EGY,BEN,
EGY,BTN,
EGY,BOL,
EGY,BIH,
EGY,BWA,
EGY,BRA,
EGY,BRN,
EGY,BGR,
EGY,BFA,
EGY,BDI,
EGY,KHM,
EGY,CMR,
EGY,CAN,
EGY,CPV,
EGY,CAF,
EGY,TCD,
EGY,CHL,
EGY,CHN,
EGY,COL,
EGY,COM,
EGY,COG,
EGY,COD,
EGY,CRI,
EGY,CIV,
EGY,HRV,
EGY,CUB,
EGY,CYP,
EGY,CZE,
EGY,DNK,
EGY,DJI,
EGY,DMA,
EGY,DOM,
EGY,ECU,
EGY,EGY,-1
EGY,SLV,
EGY,GNQ,
EGY,ERI,
EGY,EST,
EGY,SWZ,
EGY,ETH,
EGY,FJI,
EGY,FIN,
EGY,FRA,
EGY,GAB,
EGY,GMB,
EGY,GEO,
EGY,DEU,
EGY,GHA,
EGY,GRC,
EGY,GRD,
EGY,GTM,
EGY,GIN,
EGY,GNB,
EGY,GUY,
EGY,HTI,
EGY,HND,
EGY,HKG,
EGY,HUN,
EGY,ISL,
EGY,IND,
EGY,IDN,
EGY,IRN,
EGY,IRQ,
EGY,IRL,
EGY,ISR,
EGY,ITA,
EGY,JAM,
EGY,JPN,
EGY,JOR,
EGY,KAZ,
EGY,KEN,
EGY,KIR,
EGY,XKX,
EGY,KWT,
EGY,KGZ,
EGY,LAO,
EGY,LVA,
EGY,LBN,
EGY,LSO,
EGY,LBR,
EGY,LBY,
EGY,LIE,
EGY,LTU,
EGY,LUX,
EGY,MAC,
EGY,MDG,
EGY,MWI,
EGY,MYS,
EGY,MDV,
EGY,MLI,
EGY,MLT,
EGY,MHL,
EGY,MRT,
EGY,MUS,
EGY,MEX,
EGY,FSM,
EGY,MDA,
EGY,MCO,
EGY,MNG,
EGY,MNE,
EGY,MAR,
EGY,MOZ,
EGY,MMR,
EGY,NAM,
EGY,NRU,
EGY,NPL,
EGY,NLD,
EGY,NZL,
EGY,NIC,
EGY,NER,
EGY,NGA,
EGY,PRK,
EGY,MKD,
EGY,NOR,
EGY,OMN,
EGY,PAK,
EGY,PLW,
EGY,PSE,
EGY,PAN,
EGY,PNG,
EGY,PRY,
EGY,PER,
EGY,PHL,
EGY,POL,
EGY,PRT,
EGY,QAT,
EGY,ROU,
EGY,RUS,
EGY,RWA,
EGY,KNA,
EGY,LCA,
EGY,WSM,
EGY,SMR,
EGY,STP,
EGY,SAU,
EGY,SEN,
EGY,SRB,
EGY,SYC,
EGY,SLE,
EGY,SGP,
EGY,SVK,
EGY,SVN,
EGY,SLB,
EGY,SOM,
EGY,ZAF,
EGY,KOR,
EGY,SSD,
EGY,ESP,
EGY,LKA,
EGY,VCT,
EGY,SDN,
EGY,SUR,
EGY,SWE,
EGY,CHE,
EGY,SYR,
EGY,TWN,
EGY,TJK,
EGY,TZA,
EGY,THA,
EGY,TLS,
EGY,TGO,
EGY,TON,
EGY,TTO,
EGY,TUN,
EGY,TKM,
EGY,TUV,
EGY,TUR,
EGY,UGA,
EGY,UKR,
EGY,ARE,
EGY,GBR,
EGY,USA,
EGY,URY,
EGY,UZB,
EGY,VUT,
EGY,VAT,
EGY,VEN,
EGY,VNM,
EGY,YEM,
EGY,ZMB,
EGY,ZWE,
EGY,AFG,
SLV,ALB,
SLV,DZA,
SLV,AND,
SLV,AGO,
SLV,ATG,
SLV,ARG,
SLV,ARM,
SLV,AUS,
SLV,AUT,
SLV,AZE,
SLV,BHS,
SLV,BHR,
SLV,BGD,
SLV,BRB,
SLV,BLR,
SLV,BEL,
SLV,BLZ,
SLV,BEN,
SLV,BTN,
SLV,BOL,
SLV,BIH,
SLV,BWA,
SLV,BRA,
SLV,BRN,
SLV,BGR,
SLV,BFA,
SLV,BDI,
SLV,KHM,
SLV,CMR,
SLV,CAN,
SLV,CPV,
SLV,CAF,
SLV,TCD,
SLV,CHL,
SLV,CHN,
SLV,COL,
SLV,COM,
SLV,COG,
SLV,COD,
SLV,CRI,
SLV,CIV,
SLV,HRV,
SLV,CUB,
SLV,CYP,
SLV,CZE,
SLV,DNK,
SLV,DJI,
SLV,DMA,
SLV,DOM,
SLV,ECU,
SLV,EGY,
SLV,SLV,-1
SLV,GNQ,
SLV,ERI,
SLV,EST,
SLV,SWZ,
SLV,ETH,
SLV,FJI,
SLV,FIN,
SLV,FRA,
SLV,GAB,
SLV,GMB,
SLV,GEO,
SLV,DEU,
SLV,GHA,
SLV,GRC,
SLV,GRD,
SLV,GTM,
SLV,GIN,
SLV,GNB,
SLV,GUY,
SLV,HTI,
SLV,HND,
SLV,HKG,
SLV,HUN,
SLV,ISL,
SLV,IND,
SLV,IDN,
SLV,IRN,
SLV,IRQ,
SLV,IRL,
SLV,ISR,
SLV,ITA,
SLV,JAM,
SLV,JPN,
SLV,JOR,
SLV,KAZ,
SLV,KEN,
SLV,KIR,
SLV,XKX,
SLV,KWT,
SLV,KGZ,
SLV,LAO,
SLV,LVA,
SLV,LBN,
SLV,LSO,
SLV,LBR,
SLV,LBY,
SLV,LIE,
SLV,LTU,
SLV,LUX,
SLV,MAC,
SLV,MDG,
SLV,MWI,
SLV,MYS,
SLV,MDV,
SLV,MLI,
SLV,MLT,
SLV,MHL,
SLV,MRT,
SLV,MUS,
SLV,MEX,
SLV,FSM,
SLV,MDA,
SLV,MCO,
SLV,MNG,
SLV,MNE,
SLV,MAR,
SLV,MOZ,
SLV,MMR,
SLV,NAM,
SLV,NRU,
SLV,NPL,
SLV,NLD,
SLV,NZL,
SLV,NIC,
SLV,NER,
SLV,NGA,
SLV,PRK,
SLV,MKD,
SLV,NOR,
SLV,OMN,
SLV,PAK,
SLV,PLW,
SLV,PSE,
SLV,PAN,
SLV,PNG,
SLV,PRY,
SLV,PER,
SLV,PHL,
SLV,POL,
SLV,PRT,
SLV,QAT,
SLV,ROU,
SLV,RUS,
SLV,RWA,
SLV,KNA,
SLV,LCA,
SLV,WSM,
SLV,SMR,
SLV,STP,
SLV,SAU,
SLV,SEN,
SLV,SRB,
SLV,SYC,
SLV,SLE,
SLV,SGP,
SLV,SVK,
SLV,SVN,
SLV,SLB,
SLV,SOM,
SLV,ZAF,
SLV,KOR,
SLV,SSD,
SLV,ESP,
SLV,LKA,
SLV,VCT,
SLV,SDN,
SLV,SUR,
SLV,SWE,
SLV,CHE,
SLV,SYR,
SLV,TWN,
SLV,TJK,
SLV,TZA,
SLV,THA,
SLV,TLS,
SLV,TGO,
SLV,TON,
SLV,TTO,
SLV,TUN,
SLV,TKM,
SLV,TUV,
SLV,TUR,
SLV,UGA,
SLV,UKR,
SLV,ARE,
SLV,GBR,
SLV,USA,
SLV,URY,
SLV,UZB,
SLV,VUT,
SLV,VAT,
SLV,VEN,
SLV,VNM,
SLV,YEM,
SLV,ZMB,
SLV,ZWE,
SLV,AFG,
GNQ,ALB,
GNQ,DZA,
GNQ,AND,
GNQ,AGO,
GNQ,ATG,
GNQ,ARG,
GNQ,ARM,
GNQ,AUS,
GNQ,AUT,
GNQ,AZE,
GNQ,BHS,
GNQ,BHR,
GNQ,BGD,
GNQ,BRB,
GNQ,BLR,
GNQ,BEL,
GNQ,BLZ,
GNQ,BEN,
GNQ,BTN,
GNQ,BOL,
GNQ,BIH,
GNQ,BWA,
GNQ,BRA,
GNQ,BRN,
GNQ,BGR,
GNQ,BFA,
GNQ,BDI,
GNQ,KHM,
GNQ,CMR,
GNQ,CAN,
GNQ,CPV,
GNQ,CAF,
GNQ,TCD,
GNQ,CHL,
GNQ,CHN,
GNQ,COL,
GNQ,COM,
GNQ,COG,
GNQ,COD,
GNQ,CRI,
GNQ,CIV,
GNQ,HRV,
GNQ,CUB,
GNQ,CYP,
GNQ,CZE,
GNQ,DNK,
GNQ,DJI,
GNQ,DMA,
GNQ,DOM,
GNQ,ECU,
GNQ,EGY,
GNQ,SLV,
GNQ,GNQ,-1
GNQ,ERI,
GNQ,EST,
GNQ,SWZ,
GNQ,ETH,
GNQ,FJI,
GNQ,FIN,
GNQ,FRA,
GNQ,GAB,
GNQ,GMB,
GNQ,GEO,
GNQ,DEU,
GNQ,GHA,
GNQ,GRC,
GNQ,GRD,
GNQ,GTM,
GNQ,GIN,
GNQ,GNB,
GNQ,GUY,
GNQ,HTI,
GNQ,HND,
GNQ,HKG,
GNQ,HUN,
GNQ,ISL,
GNQ,IND,
GNQ,IDN,
GNQ,IRN,
GNQ,IRQ,
GNQ,IRL,
GNQ,ISR,
GNQ,ITA,
GNQ,JAM,
GNQ,JPN,
GNQ,JOR,
GNQ,KAZ,
GNQ,KEN,
GNQ,KIR,
GNQ,XKX,
GNQ,KWT,
GNQ,KGZ,
GNQ,LAO,
GNQ,LVA,
GNQ,LBN,
GNQ,LSO,
GNQ,LBR,
GNQ,LBY,
GNQ,LIE,
GNQ,LTU,
GNQ,LUX,
GNQ,MAC,
GNQ,MDG,
GNQ,MWI,
GNQ,MYS,
GNQ,MDV,
GNQ,MLI,
GNQ,MLT,
GNQ,MHL,
GNQ,MRT,
GNQ,MUS,
GNQ,MEX,
GNQ,FSM,
GNQ,MDA,
GNQ,MCO,
GNQ,MNG,
GNQ,MNE,
GNQ,MAR,
GNQ,MOZ,
GNQ,MMR,
GNQ,NAM,
GNQ,NRU,
GNQ,NPL,
GNQ,NLD,
GNQ,NZL,
GNQ,NIC,
GNQ,NER,
GNQ,NGA,
GNQ,PRK,
GNQ,MKD,
GNQ,NOR,
GNQ,OMN,
GNQ,PAK,
GNQ,PLW,
GNQ,PSE,
GNQ,PAN,
GNQ,PNG,
GNQ,PRY,
GNQ,PER,
GNQ,PHL,
GNQ,POL,
GNQ,PRT,
GNQ,QAT,
GNQ,ROU,
GNQ,RUS,
GNQ,RWA,
GNQ,KNA,
GNQ,LCA,
GNQ,WSM,
GNQ,SMR,
GNQ,STP,
GNQ,SAU,
GNQ,SEN,
GNQ,SRB,
GNQ,SYC,
GNQ,SLE,
GNQ,SGP,
GNQ,SVK,
GNQ,SVN,
GNQ,SLB,
GNQ,SOM,
GNQ,ZAF,
GNQ,KOR,
GNQ,SSD,
GNQ,ESP,
GNQ,LKA,
GNQ,VCT,
GNQ,SDN,
GNQ,SUR,
GNQ,SWE,
GNQ,CHE,
GNQ,SYR,
GNQ,TWN,
GNQ,TJK,
GNQ,TZA,
GNQ,THA,
GNQ,TLS,
GNQ,TGO,
GNQ,TON,
GNQ,TTO,
GNQ,TUN,
GNQ,TKM,
GNQ,TUV,
GNQ,TUR,
GNQ,UGA,
GNQ,UKR,
GNQ,ARE,
GNQ,GBR,
GNQ,USA,
GNQ,URY,
GNQ,UZB,
GNQ,VUT,
GNQ,VAT,
GNQ,VEN,
GNQ,VNM,
GNQ,YEM,
GNQ,ZMB,
GNQ,ZWE,
GNQ,AFG,
ERI,ALB,
ERI,DZA,
ERI,AND,
ERI,AGO,
ERI,ATG,
ERI,ARG,
ERI,ARM,
ERI,AUS,
ERI,AUT,
ERI,AZE,
ERI,BHS,
ERI,BHR,
ERI,BGD,
ERI,BRB,
ERI,BLR,
ERI,BEL,
ERI,BLZ,
ERI,BEN,
ERI,BTN,
ERI,BOL,
ERI,BIH,
ERI,BWA,
ERI,BRA,
ERI,BRN,
ERI,BGR,
ERI,BFA,
ERI,BDI,
ERI,KHM,
ERI,CMR,
ERI,CAN,
ERI,CPV,
ERI,CAF,
ERI,TCD,
ERI,CHL,
ERI,CHN,
ERI,COL,
ERI,COM,
ERI,COG,
ERI,COD,
ERI,CRI,
ERI,CIV,
ERI,HRV,
ERI,CUB,
ERI,CYP,
ERI,CZE,
ERI,DNK,
ERI,DJI,
ERI,DMA,
ERI,DOM,
ERI,ECU,
ERI,EGY,
ERI,SLV,
ERI,GNQ,
ERI,ERI,-1
ERI,EST,
ERI,SWZ,
ERI,ETH,
ERI,FJI,
ERI,FIN,
ERI,FRA,
ERI,GAB,
ERI,GMB,
ERI,GEO,
ERI,DEU,
ERI,GHA,
ERI,GRC,
ERI,GRD,
ERI,GTM,
ERI,GIN,
ERI,GNB,
ERI,GUY,
ERI,HTI,
ERI,HND,
ERI,HKG,
ERI,HUN,
ERI,ISL,
ERI,IND,
ERI,IDN,
ERI,IRN,
ERI,IRQ,
ERI,IRL,
ERI,ISR,
ERI,ITA,
ERI,JAM,
ERI,JPN,
ERI,JOR,
ERI,KAZ,
ERI,KEN,
ERI,KIR,
ERI,XKX,
ERI,KWT,
ERI,KGZ,
ERI,LAO,
ERI,LVA,
ERI,LBN,
ERI,LSO,
ERI,LBR,
ERI,LBY,
ERI,LIE,
ERI,LTU,
ERI,LUX,
ERI,MAC,
ERI,MDG,
ERI,MWI,
ERI,MYS,
ERI,MDV,
ERI,MLI,
ERI,MLT,
ERI,MHL,
ERI,MRT,
ERI,MUS,
ERI,MEX,
ERI,FSM,
ERI,MDA,
ERI,MCO,
ERI,MNG,
ERI,MNE,
ERI,MAR,
ERI,MOZ,
ERI,MMR,
ERI,NAM,
ERI,NRU,
ERI,NPL,
ERI,NLD,
ERI,NZL,
ERI,NIC,
ERI,NER,
ERI,NGA,
ERI,PRK,
ERI,MKD,
ERI,NOR,
ERI,OMN,
ERI,PAK,
ERI,PLW,
ERI,PSE,
ERI,PAN,
ERI,PNG,
ERI,PRY,
ERI,PER,
ERI,PHL,
ERI,POL,
ERI,PRT,
ERI,QAT,
ERI,ROU,
ERI,RUS,
ERI,RWA,
ERI,KNA,
ERI,LCA,
ERI,WSM,
ERI,SMR,
ERI,STP,
ERI,SAU,
ERI,SEN,
ERI,SRB,
ERI,SYC,
ERI,SLE,
ERI,SGP,
ERI,SVK,
ERI,SVN,
ERI,SLB,
ERI,SOM,
ERI,ZAF,
ERI,KOR,
ERI,SSD,
ERI,ESP,
ERI,LKA,
ERI,VCT,
ERI,SDN,
ERI,SUR,
ERI,SWE,
ERI,CHE,
ERI,SYR,
ERI,TWN,
ERI,TJK,
ERI,TZA,
ERI,THA,
ERI,TLS,
ERI,TGO,
ERI,TON,
ERI,TTO,
ERI,TUN,
ERI,TKM,
ERI,TUV,
ERI,TUR,
ERI,UGA,
ERI,UKR,
ERI,ARE,
ERI,GBR,
ERI,USA,
ERI,URY,
ERI,UZB,
ERI,VUT,
ERI,VAT,
ERI,VEN,
ERI,VNM,
ERI,YEM,
ERI,ZMB,
ERI,ZWE,
ERI,AFG,
EST,ALB,
EST,DZA,
EST,AND,
EST,AGO,
EST,ATG,
EST,ARG,
EST,ARM,
EST,AUS,
EST,AUT,
EST,AZE,
EST,BHS,
EST,BHR,
EST,BGD,
EST,BRB,
EST,BLR,
EST,BEL,
EST,BLZ,
EST,BEN,
EST,BTN,
EST,BOL,
EST,BIH,
EST,BWA,
EST,BRA,
EST,BRN,
EST,BGR,
EST,BFA,
EST,BDI,
EST,KHM,
EST,CMR,
EST,CAN,
EST,CPV,
EST,CAF,
EST,TCD,
EST,CHL,
EST,CHN,
EST,COL,
EST,COM,
EST,COG,
EST,COD,
EST,CRI,
EST,CIV,
EST,HRV,
EST,CUB,
EST,CYP,
EST,CZE,
EST,DNK,
EST,DJI,
EST,DMA,
EST,DOM,
EST,ECU,
EST,EGY,
EST,SLV,
EST,GNQ,
EST,ERI,
EST,EST,-1
EST,SWZ,
EST,ETH,
EST,FJI,
EST,FIN,
EST,FRA,
EST,GAB,
EST,GMB,
EST,GEO,
EST,DEU,
EST,GHA,
EST,GRC,
EST,GRD,
EST,GTM,
EST,GIN,
EST,GNB,
EST,GUY,
EST,HTI,
EST,HND,
EST,HKG,
EST,HUN,
EST,ISL,
EST,IND,
EST,IDN,
EST,IRN,
EST,IRQ,
EST,IRL,
EST,ISR,
EST,ITA,
EST,JAM,
EST,JPN,
EST,JOR,
EST,KAZ,
EST,KEN,
EST,KIR,
EST,XKX,
EST,KWT,
EST,KGZ,
EST,LAO,
EST,LVA,
EST,LBN,
EST,LSO,
EST,LBR,
EST,LBY,
EST,LIE,
EST,LTU,
EST,LUX,
EST,MAC,
EST,MDG,
EST,MWI,
EST,MYS,
EST,MDV,
EST,MLI,
EST,MLT,
EST,MHL,
EST,MRT,
EST,MUS,
EST,MEX,
EST,FSM,
EST,MDA,
EST,MCO,
EST,MNG,
EST,MNE,
EST,MAR,
EST,MOZ,
EST,MMR,
EST,NAM,
EST,NRU,
EST,NPL,
EST,NLD,
EST,NZL,
EST,NIC,
EST,NER,
EST,NGA,
EST,PRK,
EST,MKD,
EST,NOR,
EST,OMN,
EST,PAK,
EST,PLW,
EST,PSE,
EST,PAN,
EST,PNG,
EST,PRY,
EST,PER,
EST,PHL,
EST,POL,
EST,PRT,
EST,QAT,
EST,ROU,
EST,RUS,
EST,RWA,
EST,KNA,
EST,LCA,
EST,WSM,
EST,SMR,
EST,STP,
EST,SAU,
EST,SEN,
EST,SRB,
EST,SYC,
EST,SLE,
EST,SGP,
EST,SVK,
EST,SVN,
EST,SLB,
EST,SOM,
EST,ZAF,
EST,KOR,
EST,SSD,
EST,ESP,
EST,LKA,
EST,VCT,
EST,SDN,
EST,SUR,
EST,SWE,
EST,CHE,
EST,SYR,
EST,TWN,
EST,TJK,
EST,TZA,
EST,THA,
EST,TLS,
EST,TGO,
EST,TON,
EST,TTO,
EST,TUN,
EST,TKM,
EST,TUV,
EST,TUR,
EST,UGA,
EST,UKR,
EST,ARE,
EST,GBR,
EST,USA,
EST,URY,
EST,UZB,
EST,VUT,
EST,VAT,
EST,VEN,
EST,VNM,
EST,YEM,
EST,ZMB,
EST,ZWE,
EST,AFG,
SWZ,ALB,
SWZ,DZA,
SWZ,AND,
SWZ,AGO,
SWZ,ATG,
SWZ,ARG,
SWZ,ARM,
SWZ,AUS,
SWZ,AUT,
SWZ,AZE,
SWZ,BHS,
SWZ,BHR,
SWZ,BGD,
SWZ,BRB,
SWZ,BLR,
SWZ,BEL,
SWZ,BLZ,
SWZ,BEN,
SWZ,BTN,
SWZ,BOL,
SWZ,BIH,
SWZ,BWA,
SWZ,BRA,
SWZ,BRN,
SWZ,BGR,
SWZ,BFA,
SWZ,BDI,
SWZ,KHM,
SWZ,CMR,
SWZ,CAN,
SWZ,CPV,
SWZ,CAF,
SWZ,TCD,
SWZ,CHL,
SWZ,CHN,
SWZ,COL,
SWZ,COM,
SWZ,COG,
SWZ,COD,
SWZ,CRI,
SWZ,CIV,
SWZ,HRV,
SWZ,CUB,
SWZ,CYP,
SWZ,CZE,
SWZ,DNK,
SWZ,DJI,
SWZ,DMA,
SWZ,DOM,
SWZ,ECU,
SWZ,EGY,
SWZ,SLV,
SWZ,GNQ,
SWZ,ERI,
SWZ,EST,
SWZ,SWZ,-1
SWZ,ETH,
SWZ,FJI,
SWZ,FIN,
SWZ,FRA,
SWZ,GAB,
SWZ,GMB,
SWZ,GEO,
SWZ,DEU,
SWZ,GHA,
SWZ,GRC,
SWZ,GRD,
SWZ,GTM,
SWZ,GIN,
SWZ,GNB,
SWZ,GUY,
SWZ,HTI,
SWZ,HND,
SWZ,HKG,
SWZ,HUN,
SWZ,ISL,
SWZ,IND,
SWZ,IDN,
SWZ,IRN,
SWZ,IRQ,
SWZ,IRL,
SWZ,ISR,
SWZ,ITA,
SWZ,JAM,
SWZ,JPN,
SWZ,JOR,
SWZ,KAZ,
SWZ,KEN,
SWZ,KIR,
SWZ,XKX,
SWZ,KWT,
SWZ,KGZ,
SWZ,LAO,
SWZ,LVA,
SWZ,LBN,
SWZ,LSO,
SWZ,LBR,
SWZ,LBY,
SWZ,LIE,
SWZ,LTU,
SWZ,LUX,
SWZ,MAC,
SWZ,MDG,
SWZ,MWI,
SWZ,MYS,
SWZ,MDV,
SWZ,MLI,
SWZ,MLT,
SWZ,MHL,
SWZ,MRT,
SWZ,MUS,
SWZ,MEX,
SWZ,FSM,
SWZ,MDA,
SWZ,MCO,
SWZ,MNG,
SWZ,MNE,
SWZ,MAR,
SWZ,MOZ,
SWZ,MMR,
SWZ,NAM,
SWZ,NRU,
SWZ,NPL,
SWZ,NLD,
SWZ,NZL,
SWZ,NIC,
SWZ,NER,
SWZ,NGA,
SWZ,PRK,
SWZ,MKD,
SWZ,NOR,
SWZ,OMN,
SWZ,PAK,
SWZ,PLW,
SWZ,PSE,
SWZ,PAN,
SWZ,PNG,
SWZ,PRY,
SWZ,PER,
SWZ,PHL,
SWZ,POL,
SWZ,PRT,
SWZ,QAT,
SWZ,ROU,
SWZ,RUS,
SWZ,RWA,
SWZ,KNA,
SWZ,LCA,
SWZ,WSM,
SWZ,SMR,
SWZ,STP,
SWZ,SAU,
SWZ,SEN,
SWZ,SRB,
SWZ,SYC,
SWZ,SLE,
SWZ,SGP,
SWZ,SVK,
SWZ,SVN,
SWZ,SLB,
SWZ,SOM,
SWZ,ZAF,
SWZ,KOR,
SWZ,SSD,
SWZ,ESP,
SWZ,LKA,
SWZ,VCT,
SWZ,SDN,
SWZ,SUR,
SWZ,SWE,
SWZ,CHE,
SWZ,SYR,
SWZ,TWN,
SWZ,TJK,
SWZ,TZA,
SWZ,THA,
SWZ,TLS,
SWZ,TGO,
SWZ,TON,
SWZ,TTO,
SWZ,TUN,
SWZ,TKM,
SWZ,TUV,
SWZ,TUR,
SWZ,UGA,
SWZ,UKR,
SWZ,ARE,
SWZ,GBR,
SWZ,USA,
SWZ,URY,
SWZ,UZB,
SWZ,VUT,
SWZ,VAT,
SWZ,VEN,
SWZ,VNM,
SWZ,YEM,
SWZ,ZMB,
SWZ,ZWE,
SWZ,AFG,
ETH,ALB,
ETH,DZA,
ETH,AND,
ETH,AGO,
ETH,ATG,
ETH,ARG,
ETH,ARM,
ETH,AUS,
ETH,AUT,
ETH,AZE,
ETH,BHS,
ETH,BHR,
ETH,BGD,
ETH,BRB,
ETH,BLR,
ETH,BEL,
ETH,BLZ,
ETH,BEN,
ETH,BTN,
ETH,BOL,
ETH,BIH,
ETH,BWA,
ETH,BRA,
ETH,BRN,
ETH,BGR,
ETH,BFA,
ETH,BDI,
ETH,KHM,
ETH,CMR,
ETH,CAN,
ETH,CPV,
ETH,CAF,
ETH,TCD,
ETH,CHL,
ETH,CHN,
ETH,COL,
ETH,COM,
ETH,COG,
ETH,COD,
ETH,CRI,
ETH,CIV,
ETH,HRV,
ETH,CUB,
ETH,CYP,
ETH,CZE,
ETH,DNK,
ETH,DJI,
ETH,DMA,
ETH,DOM,
ETH,ECU,
ETH,EGY,
ETH,SLV,
ETH,GNQ,
ETH,ERI,
ETH,EST,
ETH,SWZ,
ETH,ETH,-1
ETH,FJI,
ETH,FIN,
ETH,FRA,
ETH,GAB,
ETH,GMB,
ETH,GEO,
ETH,DEU,
ETH,GHA,
ETH,GRC,
ETH,GRD,
ETH,GTM,
ETH,GIN,
ETH,GNB,
ETH,GUY,
ETH,HTI,
ETH,HND,
ETH,HKG,
ETH,HUN,
ETH,ISL,
ETH,IND,
ETH,IDN,
ETH,IRN,
ETH,IRQ,
ETH,IRL,
ETH,ISR,
ETH,ITA,
ETH,JAM,
ETH,JPN,
ETH,JOR,
ETH,KAZ,
ETH,KEN,
ETH,KIR,
ETH,XKX,
ETH,KWT,
ETH,KGZ,
ETH,LAO,
ETH,LVA,
ETH,LBN,
ETH,LSO,
ETH,LBR,
ETH,LBY,
ETH,LIE,
ETH,LTU,
ETH,LUX,
ETH,MAC,
ETH,MDG,
ETH,MWI,
ETH,MYS,
ETH,MDV,
ETH,MLI,
ETH,MLT,
ETH,MHL,
ETH,MRT,
ETH,MUS,
ETH,MEX,
ETH,FSM,
ETH,MDA,
ETH,MCO,
ETH,MNG,
ETH,MNE,
ETH,MAR,
ETH,MOZ,
ETH,MMR,
ETH,NAM,
ETH,NRU,
ETH,NPL,
ETH,NLD,
ETH,NZL,
ETH,NIC,
ETH,NER,
ETH,NGA,
ETH,PRK,
ETH,MKD,
ETH,NOR,
ETH,OMN,
ETH,PAK,
ETH,PLW,
ETH,PSE,
ETH,PAN,
ETH,PNG,
ETH,PRY,
ETH,PER,
ETH,PHL,
ETH,POL,
ETH,PRT,
ETH,QAT,
ETH,ROU,
ETH,RUS,
ETH,RWA,
ETH,KNA,
ETH,LCA,
ETH,WSM,
ETH,SMR,
ETH,STP,
ETH,SAU,
ETH,SEN,
ETH,SRB,
ETH,SYC,
ETH,SLE,
ETH,SGP,
ETH,SVK,
ETH,SVN,
ETH,SLB,
ETH,SOM,
ETH,ZAF,
ETH,KOR,
ETH,SSD,
ETH,ESP,
ETH,LKA,
ETH,VCT,
ETH,SDN,
ETH,SUR,
ETH,SWE,
ETH,CHE,
ETH,SYR,
ETH,TWN,
ETH,TJK,
ETH,TZA,
ETH,THA,
ETH,TLS,
ETH,TGO,
ETH,TON,
ETH,TTO,
ETH,TUN,
ETH,TKM,
ETH,TUV,
ETH,TUR,
ETH,UGA,
ETH,UKR,
ETH,ARE,
ETH,GBR,
ETH,USA,
ETH,URY,
ETH,UZB,
ETH,VUT,
ETH,VAT,
ETH,VEN,
ETH,VNM,
ETH,YEM,
ETH,ZMB,
ETH,ZWE,
ETH,AFG,
FJI,ALB,
FJI,DZA,
FJI,AND,
FJI,AGO,
FJI,ATG,
FJI,ARG,
FJI,ARM,
FJI,AUS,
FJI,AUT,
FJI,AZE,
FJI,BHS,
FJI,BHR,
FJI,BGD,
FJI,BRB,
FJI,BLR,
FJI,BEL,
FJI,BLZ,
FJI,BEN,
FJI,BTN,
FJI,BOL,
FJI,BIH,
FJI,BWA,
FJI,BRA,
FJI,BRN,
FJI,BGR,
FJI,BFA,
FJI,BDI,
FJI,KHM,
FJI,CMR,
FJI,CAN,
FJI,CPV,
FJI,CAF,
FJI,TCD,
FJI,CHL,
FJI,CHN,
FJI,COL,
FJI,COM,
FJI,COG,
FJI,COD,
FJI,CRI,
FJI,CIV,
FJI,HRV,
FJI,CUB,
FJI,CYP,
FJI,CZE,
FJI,DNK,
FJI,DJI,
FJI,DMA,
FJI,DOM,
FJI,ECU,
FJI,EGY,
FJI,SLV,
FJI,GNQ,
FJI,ERI,
FJI,EST,
FJI,SWZ,
FJI,ETH,
FJI,FJI,-1
FJI,FIN,
FJI,FRA,
FJI,GAB,
FJI,GMB,
FJI,GEO,
FJI,DEU,
FJI,GHA,
FJI,GRC,
FJI,GRD,
FJI,GTM,
FJI,GIN,
FJI,GNB,
FJI,GUY,
FJI,HTI,
FJI,HND,
FJI,HKG,
FJI,HUN,
FJI,ISL,
FJI,IND,
FJI,IDN,
FJI,IRN,
FJI,IRQ,
FJI,IRL,
FJI,ISR,
FJI,ITA,
FJI,JAM,
FJI,JPN,
FJI,JOR,
FJI,KAZ,
FJI,KEN,
FJI,KIR,
FJI,XKX,
FJI,KWT,
FJI,KGZ,
FJI,LAO,
FJI,LVA,
FJI,LBN,
FJI,LSO,
FJI,LBR,
FJI,LBY,
FJI,LIE,
FJI,LTU,
FJI,LUX,
FJI,MAC,
FJI,MDG,
FJI,MWI,
FJI,MYS,
FJI,MDV,
FJI,MLI,
FJI,MLT,
FJI,MHL,
FJI,MRT,
FJI,MUS,
FJI,MEX,
FJI,FSM,
FJI,MDA,
FJI,MCO,
FJI,MNG,
FJI,MNE,
FJI,MAR,
FJI,MOZ,
FJI,MMR,
FJI,NAM,
FJI,NRU,
FJI,NPL,
FJI,NLD,
FJI,NZL,
FJI,NIC,
FJI,NER,
FJI,NGA,
FJI,PRK,
FJI,MKD,
FJI,NOR,
FJI,OMN,
FJI,PAK,
FJI,PLW,
FJI,PSE,
FJI,PAN,
FJI,PNG,
FJI,PRY,
FJI,PER,
FJI,PHL,
FJI,POL,
FJI,PRT,
FJI,QAT,
FJI,ROU,
FJI,RUS,
FJI,RWA,
FJI,KNA,
FJI,LCA,
FJI,WSM,
FJI,SMR,
FJI,STP,
FJI,SAU,
FJI,SEN,
FJI,SRB,
FJI,SYC,
FJI,SLE,
FJI,SGP,
FJI,SVK,
FJI,SVN,
FJI,SLB,
FJI,SOM,
FJI,ZAF,
FJI,KOR,
FJI,SSD,
FJI,ESP,
FJI,LKA,
FJI,VCT,
FJI,SDN,
FJI,SUR,
FJI,SWE,
FJI,CHE,
FJI,SYR,
FJI,TWN,
FJI,TJK,
FJI,TZA,
FJI,THA,
FJI,TLS,
FJI,TGO,
FJI,TON,
FJI,TTO,
FJI,TUN,
FJI,TKM,
FJI,TUV,
FJI,TUR,
FJI,UGA,
FJI,UKR,
FJI,ARE,
FJI,GBR,
FJI,USA,
FJI,URY,
FJI,UZB,
FJI,VUT,
FJI,VAT,
FJI,VEN,
FJI,VNM,
FJI,YEM,
FJI,ZMB,
FJI,ZWE,
FJI,AFG,
FIN,ALB,
FIN,DZA,
FIN,AND,
FIN,AGO,
FIN,ATG,
FIN,ARG,
FIN,ARM,
FIN,AUS,
FIN,AUT,
FIN,AZE,
FIN,BHS,
FIN,BHR,
FIN,BGD,
FIN,BRB,
FIN,BLR,
FIN,BEL,
FIN,BLZ,
FIN,BEN,
FIN,BTN,
FIN,BOL,
FIN,BIH,
FIN,BWA,
FIN,BRA,
FIN,BRN,
FIN,BGR,
FIN,BFA,
FIN,BDI,
FIN,KHM,
FIN,CMR,
FIN,CAN,
FIN,CPV,
FIN,CAF,
FIN,TCD,
FIN,CHL,
FIN,CHN,
FIN,COL,
FIN,COM,
FIN,COG,
FIN,COD,
FIN,CRI,
FIN,CIV,
FIN,HRV,
FIN,CUB,
FIN,CYP,
FIN,CZE,
FIN,DNK,
FIN,DJI,
FIN,DMA,
FIN,DOM,
FIN,ECU,
FIN,EGY,
FIN,SLV,
FIN,GNQ,
FIN,ERI,
FIN,EST,
FIN,SWZ,
FIN,ETH,
FIN,FJI,
FIN,FIN,-1
FIN,FRA,
FIN,GAB,
FIN,GMB,
FIN,GEO,
FIN,DEU,
FIN,GHA,
FIN,GRC,
FIN,GRD,
FIN,GTM,
FIN,GIN,
FIN,GNB,
FIN,GUY,
FIN,HTI,
FIN,HND,
FIN,HKG,
FIN,HUN,
FIN,ISL,
FIN,IND,
FIN,IDN,
FIN,IRN,
FIN,IRQ,
FIN,IRL,
FIN,ISR,
FIN,ITA,
FIN,JAM,
FIN,JPN,
FIN,JOR,
FIN,KAZ,
FIN,KEN,
FIN,KIR,
FIN,XKX,
FIN,KWT,
FIN,KGZ,
FIN,LAO,
FIN,LVA,
FIN,LBN,
FIN,LSO,
FIN,LBR,
FIN,LBY,
FIN,LIE,
FIN,LTU,
FIN,LUX,
FIN,MAC,
FIN,MDG,
FIN,MWI,
FIN,MYS,
FIN,MDV,
FIN,MLI,
FIN,MLT,
FIN,MHL,
FIN,MRT,
FIN,MUS,
FIN,MEX,
FIN,FSM,
FIN,MDA,
FIN,MCO,
FIN,MNG,
FIN,MNE,
FIN,MAR,
FIN,MOZ,
FIN,MMR,
FIN,NAM,
FIN,NRU,
FIN,NPL,
FIN,NLD,
FIN,NZL,
FIN,NIC,
FIN,NER,
FIN,NGA,
FIN,PRK,
FIN,MKD,
FIN,NOR,
FIN,OMN,
FIN,PAK,
FIN,PLW,
FIN,PSE,
FIN,PAN,
FIN,PNG,
FIN,PRY,
FIN,PER,
FIN,PHL,
FIN,POL,
FIN,PRT,
FIN,QAT,
FIN,ROU,
FIN,RUS,
FIN,RWA,
FIN,KNA,
FIN,LCA,
FIN,WSM,
FIN,SMR,
FIN,STP,
FIN,SAU,
FIN,SEN,
FIN,SRB,
FIN,SYC,
FIN,SLE,
FIN,SGP,
FIN,SVK,
FIN,SVN,
FIN,SLB,
FIN,SOM,
FIN,ZAF,
FIN,KOR,
FIN,SSD,
FIN,ESP,
FIN,LKA,
FIN,VCT,
FIN,SDN,
FIN,SUR,
FIN,SWE,
FIN,CHE,
FIN,SYR,
FIN,TWN,
FIN,TJK,
FIN,TZA,
FIN,THA,
FIN,TLS,
FIN,TGO,
FIN,TON,
FIN,TTO,
FIN,TUN,
FIN,TKM,
FIN,TUV,
FIN,TUR,
FIN,UGA,
FIN,UKR,
FIN,ARE,
FIN,GBR,
FIN,USA,
FIN,URY,
FIN,UZB,
FIN,VUT,
FIN,VAT,
FIN,VEN,
FIN,VNM,
FIN,YEM,
FIN,ZMB,
FIN,ZWE,
FIN,AFG,
FRA,ALB,
FRA,DZA,
FRA,AND,
FRA,AGO,
FRA,ATG,
FRA,ARG,
FRA,ARM,
FRA,AUS,
FRA,AUT,
FRA,AZE,
FRA,BHS,
FRA,BHR,
FRA,BGD,
FRA,BRB,
FRA,BLR,
FRA,BEL,
FRA,BLZ,
FRA,BEN,
FRA,BTN,
FRA,BOL,
FRA,BIH,
FRA,BWA,
FRA,BRA,
FRA,BRN,
FRA,BGR,
FRA,BFA,
FRA,BDI,
FRA,KHM,
FRA,CMR,
FRA,CAN,
FRA,CPV,
FRA,CAF,
FRA,TCD,
FRA,CHL,
FRA,CHN,
FRA,COL,
FRA,COM,
FRA,COG,
FRA,COD,
FRA,CRI,
FRA,CIV,
FRA,HRV,
FRA,CUB,
FRA,CYP,
FRA,CZE,
FRA,DNK,
FRA,DJI,
FRA,DMA,
FRA,DOM,
FRA,ECU,
FRA,EGY,
FRA,SLV,
FRA,GNQ,
FRA,ERI,
FRA,EST,
FRA,SWZ,
FRA,ETH,
FRA,FJI,
FRA,FIN,
FRA,FRA,-1
FRA,GAB,
FRA,GMB,
FRA,GEO,
FRA,DEU,
FRA,GHA,
FRA,GRC,
FRA,GRD,
FRA,GTM,
FRA,GIN,
FRA,GNB,
FRA,GUY,
FRA,HTI,
FRA,HND,
FRA,HKG,
FRA,HUN,
FRA,ISL,
FRA,IND,
FRA,IDN,
FRA,IRN,
FRA,IRQ,
FRA,IRL,
FRA,ISR,
FRA,ITA,
FRA,JAM,
FRA,JPN,
FRA,JOR,
FRA,KAZ,
FRA,KEN,
FRA,KIR,
FRA,XKX,
FRA,KWT,
FRA,KGZ,
FRA,LAO,
FRA,LVA,
FRA,LBN,
FRA,LSO,
FRA,LBR,
FRA,LBY,
FRA,LIE,
FRA,LTU,
FRA,LUX,
FRA,MAC,
FRA,MDG,
FRA,MWI,
FRA,MYS,
FRA,MDV,
FRA,MLI,
FRA,MLT,
FRA,MHL,
FRA,MRT,
FRA,MUS,
FRA,MEX,
FRA,FSM,
FRA,MDA,
FRA,MCO,
FRA,MNG,
FRA,MNE,
FRA,MAR,
FRA,MOZ,
FRA,MMR,
FRA,NAM,
FRA,NRU,
FRA,NPL,
FRA,NLD,
FRA,NZL,
FRA,NIC,
FRA,NER,
FRA,NGA,
FRA,PRK,
FRA,MKD,
FRA,NOR,
FRA,OMN,
FRA,PAK,
FRA,PLW,
FRA,PSE,
FRA,PAN,
FRA,PNG,
FRA,PRY,
FRA,PER,
FRA,PHL,
FRA,POL,
FRA,PRT,
FRA,QAT,
FRA,ROU,
FRA,RUS,
FRA,RWA,
FRA,KNA,
FRA,LCA,
FRA,WSM,
FRA,SMR,
FRA,STP,
FRA,SAU,
FRA,SEN,
FRA,SRB,
FRA,SYC,
FRA,SLE,
FRA,SGP,
FRA,SVK,
FRA,SVN,
FRA,SLB,
FRA,SOM,
FRA,ZAF,
FRA,KOR,
FRA,SSD,
FRA,ESP,
FRA,LKA,
FRA,VCT,
FRA,SDN,
FRA,SUR,
FRA,SWE,
FRA,CHE,
FRA,SYR,
FRA,TWN,
FRA,TJK,
FRA,TZA,
FRA,THA,
FRA,TLS,
FRA,TGO,
FRA,TON,
FRA,TTO,
FRA,TUN,
FRA,TKM,
FRA,TUV,
FRA,TUR,
FRA,UGA,
FRA,UKR,
FRA,ARE,
FRA,GBR,
FRA,USA,
FRA,URY,
FRA,UZB,
FRA,VUT,
FRA,VAT,
FRA,VEN,
FRA,VNM,
FRA,YEM,
FRA,ZMB,
FRA,ZWE,
FRA,AFG,
GAB,ALB,
GAB,DZA,
GAB,AND,
GAB,AGO,
GAB,ATG,
GAB,ARG,
GAB,ARM,
GAB,AUS,
GAB,AUT,
GAB,AZE,
GAB,BHS,
GAB,BHR,
GAB,BGD,
GAB,BRB,
GAB,BLR,
GAB,BEL,
GAB,BLZ,
GAB,BEN,
GAB,BTN,
GAB,BOL,
GAB,BIH,
GAB,BWA,
GAB,BRA,
GAB,BRN,
GAB,BGR,
GAB,BFA,
GAB,BDI,
GAB,KHM,
GAB,CMR,
GAB,CAN,
GAB,CPV,
GAB,CAF,
GAB,TCD,
GAB,CHL,
GAB,CHN,
GAB,COL,
GAB,COM,
GAB,COG,
GAB,COD,
GAB,CRI,
GAB,CIV,
GAB,HRV,
GAB,CUB,
GAB,CYP,
GAB,CZE,
GAB,DNK,
GAB,DJI,
GAB,DMA,
GAB,DOM,
GAB,ECU,
GAB,EGY,
GAB,SLV,
GAB,GNQ,
GAB,ERI,
GAB,EST,
GAB,SWZ,
GAB,ETH,
GAB,FJI,
GAB,FIN,
GAB,FRA,
GAB,GAB,-1
GAB,GMB,
GAB,GEO,
GAB,DEU,
GAB,GHA,
GAB,GRC,
GAB,GRD,
GAB,GTM,
GAB,GIN,
GAB,GNB,
GAB,GUY,
GAB,HTI,
GAB,HND,
GAB,HKG,
GAB,HUN,
GAB,ISL,
GAB,IND,
GAB,IDN,
GAB,IRN,
GAB,IRQ,
GAB,IRL,
GAB,ISR,
GAB,ITA,
GAB,JAM,
GAB,JPN,
GAB,JOR,
GAB,KAZ,
GAB,KEN,
GAB,KIR,
GAB,XKX,
GAB,KWT,
GAB,KGZ,
GAB,LAO,
GAB,LVA,
GAB,LBN,
GAB,LSO,
GAB,LBR,
GAB,LBY,
GAB,LIE,
GAB,LTU,
GAB,LUX,
GAB,MAC,
GAB,MDG,
GAB,MWI,
GAB,MYS,
GAB,MDV,
GAB,MLI,
GAB,MLT,
GAB,MHL,
GAB,MRT,
GAB,MUS,
GAB,MEX,
GAB,FSM,
GAB,MDA,
GAB,MCO,
GAB,MNG,
GAB,MNE,
GAB,MAR,
GAB,MOZ,
GAB,MMR,
GAB,NAM,
GAB,NRU,
GAB,NPL,
GAB,NLD,
GAB,NZL,
GAB,NIC,
GAB,NER,
GAB,NGA,
GAB,PRK,
GAB,MKD,
GAB,NOR,
GAB,OMN,
GAB,PAK,
GAB,PLW,
GAB,PSE,
GAB,PAN,
GAB,PNG,
GAB,PRY,
GAB,PER,
GAB,PHL,
GAB,POL,
GAB,PRT,
GAB,QAT,
GAB,ROU,
GAB,RUS,
GAB,RWA,
GAB,KNA,
GAB,LCA,
GAB,WSM,
GAB,SMR,
GAB,STP,
GAB,SAU,
GAB,SEN,
GAB,SRB,
GAB,SYC,
GAB,SLE,
GAB,SGP,
GAB,SVK,
GAB,SVN,
GAB,SLB,
GAB,SOM,
GAB,ZAF,
GAB,KOR,
GAB,SSD,
GAB,ESP,
GAB,LKA,
GAB,VCT,
GAB,SDN,
GAB,SUR,
GAB,SWE,
GAB,CHE,
GAB,SYR,
GAB,TWN,
GAB,TJK,
GAB,TZA,
GAB,THA,
GAB,TLS,
GAB,TGO,
GAB,TON,
GAB,TTO,
GAB,TUN,
GAB,TKM,
GAB,TUV,
GAB,TUR,
GAB,UGA,
GAB,UKR,
GAB,ARE,
GAB,GBR,
GAB,USA,
GAB,URY,
GAB,UZB,
GAB,VUT,
GAB,VAT,
GAB,VEN,
GAB,VNM,
GAB,YEM,
GAB,ZMB,
GAB,ZWE,
GAB,AFG,
GMB,ALB,
GMB,DZA,
GMB,AND,
GMB,AGO,
GMB,ATG,
GMB,ARG,
GMB,ARM,
GMB,AUS,
GMB,AUT,
GMB,AZE,
GMB,BHS,
GMB,BHR,
GMB,BGD,
GMB,BRB,
GMB,BLR,
GMB,BEL,
GMB,BLZ,
GMB,BEN,
GMB,BTN,
GMB,BOL,
GMB,BIH,
GMB,BWA,
GMB,BRA,
GMB,BRN,
GMB,BGR,
GMB,BFA,
GMB,BDI,
GMB,KHM,
GMB,CMR,
GMB,CAN,
GMB,CPV,
GMB,CAF,
GMB,TCD,
GMB,CHL,
GMB,CHN,
GMB,COL,
GMB,COM,
GMB,COG,
GMB,COD,
GMB,CRI,
GMB,CIV,
GMB,HRV,
GMB,CUB,
GMB,CYP,
GMB,CZE,
GMB,DNK,
GMB,DJI,
GMB,DMA,
GMB,DOM,
GMB,ECU,
GMB,EGY,
GMB,SLV,
GMB,GNQ,
GMB,ERI,
GMB,EST,
GMB,SWZ,
GMB,ETH,
GMB,FJI,
GMB,FIN,
GMB,FRA,
GMB,GAB,
GMB,GMB,-1
GMB,GEO,
GMB,DEU,
GMB,GHA,
GMB,GRC,
GMB,GRD,
GMB,GTM,
GMB,GIN,
GMB,GNB,
GMB,GUY,
GMB,HTI,
GMB,HND,
GMB,HKG,
GMB,HUN,
GMB,ISL,
GMB,IND,
GMB,IDN,
GMB,IRN,
GMB,IRQ,
GMB,IRL,
GMB,ISR,
GMB,ITA,
GMB,JAM,
GMB,JPN,
GMB,JOR,
GMB,KAZ,
GMB,KEN,
GMB,KIR,
GMB,XKX,
GMB,KWT,
GMB,KGZ,
GMB,LAO,
GMB,LVA,
GMB,LBN,
GMB,LSO,
GMB,LBR,
GMB,LBY,
GMB,LIE,
GMB,LTU,
GMB,LUX,
GMB,MAC,
GMB,MDG,
GMB,MWI,
GMB,MYS,
GMB,MDV,
GMB,MLI,
GMB,MLT,
GMB,MHL,
GMB,MRT,
GMB,MUS,
GMB,MEX,
GMB,FSM,
GMB,MDA,
GMB,MCO,
GMB,MNG,
GMB,MNE,
GMB,MAR,
GMB,MOZ,
GMB,MMR,
GMB,NAM,
GMB,NRU,
GMB,NPL,
GMB,NLD,
GMB,NZL,
GMB,NIC,
GMB,NER,
GMB,NGA,
GMB,PRK,
GMB,MKD,
GMB,NOR,
GMB,OMN,
GMB,PAK,
GMB,PLW,
GMB,PSE,
GMB,PAN,
GMB,PNG,
GMB,PRY,
GMB,PER,
GMB,PHL,
GMB,POL,
GMB,PRT,
GMB,QAT,
GMB,ROU,
GMB,RUS,
GMB,RWA,
GMB,KNA,
GMB,LCA,
GMB,WSM,
GMB,SMR,
GMB,STP,
GMB,SAU,
GMB,SEN,
GMB,SRB,
GMB,SYC,
GMB,SLE,
GMB,SGP,
GMB,SVK,
GMB,SVN,
GMB,SLB,
GMB,SOM,
GMB,ZAF,
GMB,KOR,
GMB,SSD,
GMB,ESP,
GMB,LKA,
GMB,VCT,
GMB,SDN,
GMB,SUR,
GMB,SWE,
GMB,CHE,
GMB,SYR,
GMB,TWN,
GMB,TJK,
GMB,TZA,
GMB,THA,
GMB,TLS,
GMB,TGO,
GMB,TON,
GMB,TTO,
GMB,TUN,
GMB,TKM,
GMB,TUV,
GMB,TUR,
GMB,UGA,
GMB,UKR,
GMB,ARE,
GMB,GBR,
GMB,USA,
GMB,URY,
GMB,UZB,
GMB,VUT,
GMB,VAT,
GMB,VEN,
GMB,VNM,
GMB,YEM,
GMB,ZMB,
GMB,ZWE,
GMB,AFG,
GEO,ALB,
GEO,DZA,
GEO,AND,
GEO,AGO,
GEO,ATG,
GEO,ARG,
GEO,ARM,
GEO,AUS,
GEO,AUT,
GEO,AZE,
GEO,BHS,
GEO,BHR,
GEO,BGD,
GEO,BRB,
GEO,BLR,
GEO,BEL,
GEO,BLZ,
GEO,BEN,
GEO,BTN,
GEO,BOL,
GEO,BIH,
GEO,BWA,
GEO,BRA,
GEO,BRN,
GEO,BGR,
GEO,BFA,
GEO,BDI,
GEO,KHM,
GEO,CMR,
GEO,CAN,
GEO,CPV,
GEO,CAF,
GEO,TCD,
GEO,CHL,
GEO,CHN,
GEO,COL,
GEO,COM,
GEO,COG,
GEO,COD,
GEO,CRI,
GEO,CIV,
GEO,HRV,
GEO,CUB,
GEO,CYP,
GEO,CZE,
GEO,DNK,
GEO,DJI,
GEO,DMA,
GEO,DOM,
GEO,ECU,
GEO,EGY,
GEO,SLV,
GEO,GNQ,
GEO,ERI,
GEO,EST,
GEO,SWZ,
GEO,ETH,
GEO,FJI,
GEO,FIN,
GEO,FRA,
GEO,GAB,
GEO,GMB,
GEO,GEO,-1
GEO,DEU,
GEO,GHA,
GEO,GRC,
GEO,GRD,
GEO,GTM,
GEO,GIN,
GEO,GNB,
GEO,GUY,
GEO,HTI,
GEO,HND,
GEO,HKG,
GEO,HUN,
GEO,ISL,
GEO,IND,
GEO,IDN,
GEO,IRN,
GEO,IRQ,
GEO,IRL,
GEO,ISR,
GEO,ITA,
GEO,JAM,
GEO,JPN,
GEO,JOR,
GEO,KAZ,
GEO,KEN,
GEO,KIR,
GEO,XKX,
GEO,KWT,
GEO,KGZ,
GEO,LAO,
GEO,LVA,
GEO,LBN,
GEO,LSO,
GEO,LBR,
GEO,LBY,
GEO,LIE,
GEO,LTU,
GEO,LUX,
GEO,MAC,
GEO,MDG,
GEO,MWI,
GEO,MYS,
GEO,MDV,
GEO,MLI,
GEO,MLT,
GEO,MHL,
GEO,MRT,
GEO,MUS,
GEO,MEX,
GEO,FSM,
GEO,MDA,
GEO,MCO,
GEO,MNG,
GEO,MNE,
GEO,MAR,
GEO,MOZ,
GEO,MMR,
GEO,NAM,
GEO,NRU,
GEO,NPL,
GEO,NLD,
GEO,NZL,
GEO,NIC,
GEO,NER,
GEO,NGA,
GEO,PRK,
GEO,MKD,
GEO,NOR,
GEO,OMN,
GEO,PAK,
GEO,PLW,
GEO,PSE,
GEO,PAN,
GEO,PNG,
GEO,PRY,
GEO,PER,
GEO,PHL,
GEO,POL,
GEO,PRT,
GEO,QAT,
GEO,ROU,
GEO,RUS,
GEO,RWA,
GEO,KNA,
GEO,LCA,
GEO,WSM,
GEO,SMR,
GEO,STP,
GEO,SAU,
GEO,SEN,
GEO,SRB,
GEO,SYC,
GEO,SLE,
GEO,SGP,
GEO,SVK,
GEO,SVN,
GEO,SLB,
GEO,SOM,
GEO,ZAF,
GEO,KOR,
GEO,SSD,
GEO,ESP,
GEO,LKA,
GEO,VCT,
GEO,SDN,
GEO,SUR,
GEO,SWE,
GEO,CHE,
GEO,SYR,
GEO,TWN,
GEO,TJK,
GEO,TZA,
GEO,THA,
GEO,TLS,
GEO,TGO,
GEO,TON,
GEO,TTO,
GEO,TUN,
GEO,TKM,
GEO,TUV,
GEO,TUR,
GEO,UGA,
GEO,UKR,
GEO,ARE,
GEO,GBR,
GEO,USA,
GEO,URY,
GEO,UZB,
GEO,VUT,
GEO,VAT,
GEO,VEN,
GEO,VNM,
GEO,YEM,
GEO,ZMB,
GEO,ZWE,
GEO,AFG,
DEU,ALB,
DEU,DZA,
DEU,AND,
DEU,AGO,
DEU,ATG,
DEU,ARG,
DEU,ARM,
DEU,AUS,
DEU,AUT,
DEU,AZE,
DEU,BHS,
DEU,BHR,
DEU,BGD,
DEU,BRB,
DEU,BLR,
DEU,BEL,
DEU,BLZ,
DEU,BEN,
DEU,BTN,
DEU,BOL,
DEU,BIH,
DEU,BWA,
DEU,BRA,
DEU,BRN,
DEU,BGR,
DEU,BFA,
DEU,BDI,
DEU,KHM,
DEU,CMR,
DEU,CAN,
DEU,CPV,
DEU,CAF,
DEU,TCD,
DEU,CHL,
DEU,CHN,
DEU,COL,
DEU,COM,
DEU,COG,
DEU,COD,
DEU,CRI,
DEU,CIV,
DEU,HRV,
DEU,CUB,
DEU,CYP,
DEU,CZE,
DEU,DNK,
DEU,DJI,
DEU,DMA,
DEU,DOM,
DEU,ECU,
DEU,EGY,
DEU,SLV,
DEU,GNQ,
DEU,ERI,
DEU,EST,
DEU,SWZ,
DEU,ETH,
DEU,FJI,
DEU,FIN,
DEU,FRA,
DEU,GAB,
DEU,GMB,
DEU,GEO,
DEU,DEU,-1
DEU,GHA,
DEU,GRC,
DEU,GRD,
DEU,GTM,
DEU,GIN,
DEU,GNB,
DEU,GUY,
DEU,HTI,
DEU,HND,
DEU,HKG,
DEU,HUN,
DEU,ISL,
DEU,IND,
DEU,IDN,
DEU,IRN,
DEU,IRQ,
DEU,IRL,
DEU,ISR,
DEU,ITA,
DEU,JAM,
DEU,JPN,
DEU,JOR,
DEU,KAZ,
DEU,KEN,
DEU,KIR,
DEU,XKX,
DEU,KWT,
DEU,KGZ,
DEU,LAO,
DEU,LVA,
DEU,LBN,
DEU,LSO,
DEU,LBR,
DEU,LBY,
DEU,LIE,
DEU,LTU,
DEU,LUX,
DEU,MAC,
DEU,MDG,
DEU,MWI,
DEU,MYS,
DEU,MDV,
DEU,MLI,
DEU,MLT,
DEU,MHL,
DEU,MRT,
DEU,MUS,
DEU,MEX,
DEU,FSM,
DEU,MDA,
DEU,MCO,
DEU,MNG,
DEU,MNE,
DEU,MAR,
DEU,MOZ,
DEU,MMR,
DEU,NAM,
DEU,NRU,
DEU,NPL,
DEU,NLD,
DEU,NZL,
DEU,NIC,
DEU,NER,
DEU,NGA,
DEU,PRK,
DEU,MKD,
DEU,NOR,
DEU,OMN,
DEU,PAK,
DEU,PLW,
DEU,PSE,
DEU,PAN,
DEU,PNG,
DEU,PRY,
DEU,PER,
DEU,PHL,
DEU,POL,
DEU,PRT,
DEU,QAT,
DEU,ROU,
DEU,RUS,
DEU,RWA,
DEU,KNA,
DEU,LCA,
DEU,WSM,
DEU,SMR,
DEU,STP,
DEU,SAU,
DEU,SEN,
DEU,SRB,
DEU,SYC,
DEU,SLE,
DEU,SGP,
DEU,SVK,
DEU,SVN,
DEU,SLB,
DEU,SOM,
DEU,ZAF,
DEU,KOR,
DEU,SSD,
DEU,ESP,
DEU,LKA,
DEU,VCT,
DEU,SDN,
DEU,SUR,
DEU,SWE,
DEU,CHE,
DEU,SYR,
DEU,TWN,
DEU,TJK,
DEU,TZA,
DEU,THA,
DEU,TLS,
DEU,TGO,
DEU,TON,
DEU,TTO,
DEU,TUN,
DEU,TKM,
DEU,TUV,
DEU,TUR,
DEU,UGA,
DEU,UKR,
DEU,ARE,
DEU,GBR,
DEU,USA,
DEU,URY,
DEU,UZB,
DEU,VUT,
DEU,VAT,
DEU,VEN,
DEU,VNM,
DEU,YEM,
DEU,ZMB,
DEU,ZWE,
DEU,AFG,
GHA,ALB,
GHA,DZA,
GHA,AND,
GHA,AGO,
GHA,ATG,
GHA,ARG,
GHA,ARM,
GHA,AUS,
GHA,AUT,
GHA,AZE,
GHA,BHS,
GHA,BHR,
GHA,BGD,
GHA,BRB,
GHA,BLR,
GHA,BEL,
GHA,BLZ,
GHA,BEN,
GHA,BTN,
GHA,BOL,
GHA,BIH,
GHA,BWA,
GHA,BRA,
GHA,BRN,
GHA,BGR,
GHA,BFA,
GHA,BDI,
GHA,KHM,
GHA,CMR,
GHA,CAN,
GHA,CPV,
GHA,CAF,
GHA,TCD,
GHA,CHL,
GHA,CHN,
GHA,COL,
GHA,COM,
GHA,COG,
GHA,COD,
GHA,CRI,
GHA,CIV,
GHA,HRV,
GHA,CUB,
GHA,CYP,
GHA,CZE,
GHA,DNK,
GHA,DJI,
GHA,DMA,
GHA,DOM,
GHA,ECU,
GHA,EGY,
GHA,SLV,
GHA,GNQ,
GHA,ERI,
GHA,EST,
GHA,SWZ,
GHA,ETH,
GHA,FJI,
GHA,FIN,
GHA,FRA,
GHA,GAB,
GHA,GMB,
GHA,GEO,
GHA,DEU,
GHA,GHA,-1
GHA,GRC,
GHA,GRD,
GHA,GTM,
GHA,GIN,
GHA,GNB,
GHA,GUY,
GHA,HTI,
GHA,HND,
GHA,HKG,
GHA,HUN,
GHA,ISL,
GHA,IND,
GHA,IDN,
GHA,IRN,
GHA,IRQ,
GHA,IRL,
GHA,ISR,
GHA,ITA,
GHA,JAM,
GHA,JPN,
GHA,JOR,
GHA,KAZ,
GHA,KEN,
GHA,KIR,
GHA,XKX,
GHA,KWT,
GHA,KGZ,
GHA,LAO,
GHA,LVA,
GHA,LBN,
GHA,LSO,
GHA,LBR,
GHA,LBY,
GHA,LIE,
GHA,LTU,
GHA,LUX,
GHA,MAC,
GHA,MDG,
GHA,MWI,
GHA,MYS,
GHA,MDV,
GHA,MLI,
GHA,MLT,
GHA,MHL,
GHA,MRT,
GHA,MUS,
GHA,MEX,
GHA,FSM,
GHA,MDA,
GHA,MCO,
GHA,MNG,
GHA,MNE,
GHA,MAR,
GHA,MOZ,
GHA,MMR,
GHA,NAM,
GHA,NRU,
GHA,NPL,
GHA,NLD,
GHA,NZL,
GHA,NIC,
GHA,NER,
GHA,NGA,
GHA,PRK,
GHA,MKD,
GHA,NOR,
GHA,OMN,
GHA,PAK,
GHA,PLW,
GHA,PSE,
GHA,PAN,
GHA,PNG,
GHA,PRY,
GHA,PER,
GHA,PHL,
GHA,POL,
GHA,PRT,
GHA,QAT,
GHA,ROU,
GHA,RUS,
GHA,RWA,
GHA,KNA,
GHA,LCA,
GHA,WSM,
GHA,SMR,
GHA,STP,
GHA,SAU,
GHA,SEN,
GHA,SRB,
GHA,SYC,
GHA,SLE,
GHA,SGP,
GHA,SVK,
GHA,SVN,
GHA,SLB,
GHA,SOM,
GHA,ZAF,
GHA,KOR,
GHA,SSD,
GHA,ESP,
GHA,LKA,
GHA,VCT,
GHA,SDN,
GHA,SUR,
GHA,SWE,
GHA,CHE,
GHA,SYR,
GHA,TWN,
GHA,TJK,
GHA,TZA,
GHA,THA,
GHA,TLS,
GHA,TGO,
GHA,TON,
GHA,TTO,
GHA,TUN,
GHA,TKM,
GHA,TUV,
GHA,TUR,
GHA,UGA,
GHA,UKR,
GHA,ARE,
GHA,GBR,
GHA,USA,
GHA,URY,
GHA,UZB,
GHA,VUT,
GHA,VAT,
GHA,VEN,
GHA,VNM,
GHA,YEM,
GHA,ZMB,
GHA,ZWE,
GHA,AFG,
GRC,ALB,
GRC,DZA,
GRC,AND,
GRC,AGO,
GRC,ATG,
GRC,ARG,
GRC,ARM,
GRC,AUS,
GRC,AUT,
GRC,AZE,
GRC,BHS,
GRC,BHR,
GRC,BGD,
GRC,BRB,
GRC,BLR,
GRC,BEL,
GRC,BLZ,
GRC,BEN,
GRC,BTN,
GRC,BOL,
GRC,BIH,
GRC,BWA,
GRC,BRA,
GRC,BRN,
GRC,BGR,
GRC,BFA,
GRC,BDI,
GRC,KHM,
GRC,CMR,
GRC,CAN,
GRC,CPV,
GRC,CAF,
GRC,TCD,
GRC,CHL,
GRC,CHN,
GRC,COL,
GRC,COM,
GRC,COG,
GRC,COD,
GRC,CRI,
GRC,CIV,
GRC,HRV,
GRC,CUB,
GRC,CYP,
GRC,CZE,
GRC,DNK,
GRC,DJI,
GRC,DMA,
GRC,DOM,
GRC,ECU,
GRC,EGY,
GRC,SLV,
GRC,GNQ,
GRC,ERI,
GRC,EST,
GRC,SWZ,
GRC,ETH,
GRC,FJI,
GRC,FIN,
GRC,FRA,
GRC,GAB,
GRC,GMB,
GRC,GEO,
GRC,DEU,
GRC,GHA,
GRC,GRC,-1
GRC,GRD,
GRC,GTM,
GRC,GIN,
GRC,GNB,
GRC,GUY,
GRC,HTI,
GRC,HND,
GRC,HKG,
GRC,HUN,
GRC,ISL,
GRC,IND,
GRC,IDN,
GRC,IRN,
GRC,IRQ,
GRC,IRL,
GRC,ISR,
GRC,ITA,
GRC,JAM,
GRC,JPN,
GRC,JOR,
GRC,KAZ,
GRC,KEN,
GRC,KIR,
GRC,XKX,
GRC,KWT,
GRC,KGZ,
GRC,LAO,
GRC,LVA,
GRC,LBN,
GRC,LSO,
GRC,LBR,
GRC,LBY,
GRC,LIE,
GRC,LTU,
GRC,LUX,
GRC,MAC,
GRC,MDG,
GRC,MWI,
GRC,MYS,
GRC,MDV,
GRC,MLI,
GRC,MLT,
GRC,MHL,
GRC,MRT,
GRC,MUS,
GRC,MEX,
GRC,FSM,
GRC,MDA,
GRC,MCO,
GRC,MNG,
GRC,MNE,
GRC,MAR,
GRC,MOZ,
GRC,MMR,
GRC,NAM,
GRC,NRU,
GRC,NPL,
GRC,NLD,
GRC,NZL,
GRC,NIC,
GRC,NER,
GRC,NGA,
GRC,PRK,
GRC,MKD,
GRC,NOR,
GRC,OMN,
GRC,PAK,
GRC,PLW,
GRC,PSE,
GRC,PAN,
GRC,PNG,
GRC,PRY,
GRC,PER,
GRC,PHL,
GRC,POL,
GRC,PRT,
GRC,QAT,
GRC,ROU,
GRC,RUS,
GRC,RWA,
GRC,KNA,
GRC,LCA,
GRC,WSM,
GRC,SMR,
GRC,STP,
GRC,SAU,
GRC,SEN,
GRC,SRB,
GRC,SYC,
GRC,SLE,
GRC,SGP,
GRC,SVK,
GRC,SVN,
GRC,SLB,
GRC,SOM,
GRC,ZAF,
GRC,KOR,
GRC,SSD,
GRC,ESP,
GRC,LKA,
GRC,VCT,
GRC,SDN,
GRC,SUR,
GRC,SWE,
GRC,CHE,
GRC,SYR,
GRC,TWN,
GRC,TJK,
GRC,TZA,
GRC,THA,
GRC,TLS,
GRC,TGO,
GRC,TON,
GRC,TTO,
GRC,TUN,
GRC,TKM,
GRC,TUV,
GRC,TUR,
GRC,UGA,
GRC,UKR,
GRC,ARE,
GRC,GBR,
GRC,USA,
GRC,URY,
GRC,UZB,
GRC,VUT,
GRC,VAT,
GRC,VEN,
GRC,VNM,
GRC,YEM,
GRC,ZMB,
GRC,ZWE,
GRC,AFG,
GRD,ALB,
GRD,DZA,
GRD,AND,
GRD,AGO,
GRD,ATG,
GRD,ARG,
GRD,ARM,
GRD,AUS,
GRD,AUT,
GRD,AZE,
GRD,BHS,
GRD,BHR,
GRD,BGD,
GRD,BRB,
GRD,BLR,
GRD,BEL,
GRD,BLZ,
GRD,BEN,
GRD,BTN,
GRD,BOL,
GRD,BIH,
GRD,BWA,
GRD,BRA,
GRD,BRN,
GRD,BGR,
GRD,BFA,
GRD,BDI,
GRD,KHM,
GRD,CMR,
GRD,CAN,
GRD,CPV,
GRD,CAF,
GRD,TCD,
GRD,CHL,
GRD,CHN,
GRD,COL,
GRD,COM,
GRD,COG,
GRD,COD,
GRD,CRI,
GRD,CIV,
GRD,HRV,
GRD,CUB,
GRD,CYP,
GRD,CZE,
GRD,DNK,
GRD,DJI,
GRD,DMA,
GRD,DOM,
GRD,ECU,
GRD,EGY,
GRD,SLV,
GRD,GNQ,
GRD,ERI,
GRD,EST,
GRD,SWZ,
GRD,ETH,
GRD,FJI,
GRD,FIN,
GRD,FRA,
GRD,GAB,
GRD,GMB,
GRD,GEO,
GRD,DEU,
GRD,GHA,
GRD,GRC,
GRD,GRD,-1
GRD,GTM,
GRD,GIN,
GRD,GNB,
GRD,GUY,
GRD,HTI,
GRD,HND,
GRD,HKG,
GRD,HUN,
GRD,ISL,
GRD,IND,
GRD,IDN,
GRD,IRN,
GRD,IRQ,
GRD,IRL,
GRD,ISR,
GRD,ITA,
GRD,JAM,
GRD,JPN,
GRD,JOR,
GRD,KAZ,
GRD,KEN,
GRD,KIR,
GRD,XKX,
GRD,KWT,
GRD,KGZ,
GRD,LAO,
GRD,LVA,
GRD,LBN,
GRD,LSO,
GRD,LBR,
GRD,LBY,
GRD,LIE,
GRD,LTU,
GRD,LUX,
GRD,MAC,
GRD,MDG,
GRD,MWI,
GRD,MYS,
GRD,MDV,
GRD,MLI,
GRD,MLT,
GRD,MHL,
GRD,MRT,
GRD,MUS,
GRD,MEX,
GRD,FSM,
GRD,MDA,
GRD,MCO,
GRD,MNG,
GRD,MNE,
GRD,MAR,
GRD,MOZ,
GRD,MMR,
GRD,NAM,
GRD,NRU,
GRD,NPL,
GRD,NLD,
GRD,NZL,
GRD,NIC,
GRD,NER,
GRD,NGA,
GRD,PRK,
GRD,MKD,
GRD,NOR,
GRD,OMN,
GRD,PAK,
GRD,PLW,
GRD,PSE,
GRD,PAN,
GRD,PNG,
GRD,PRY,
GRD,PER,
GRD,PHL,
GRD,POL,
GRD,PRT,
GRD,QAT,
GRD,ROU,
GRD,RUS,
GRD,RWA,
GRD,KNA,
GRD,LCA,
GRD,WSM,
GRD,SMR,
GRD,STP,
GRD,SAU,
GRD,SEN,
GRD,SRB,
GRD,SYC,
GRD,SLE,
GRD,SGP,
GRD,SVK,
GRD,SVN,
GRD,SLB,
GRD,SOM,
GRD,ZAF,
GRD,KOR,
GRD,SSD,
GRD,ESP,
GRD,LKA,
GRD,VCT,
GRD,SDN,
GRD,SUR,
GRD,SWE,
GRD,CHE,
GRD,SYR,
GRD,TWN,
GRD,TJK,
GRD,TZA,
GRD,THA,
GRD,TLS,
GRD,TGO,
GRD,TON,
GRD,TTO,
GRD,TUN,
GRD,TKM,
GRD,TUV,
GRD,TUR,
GRD,UGA,
GRD,UKR,
GRD,ARE,
GRD,GBR,
GRD,USA,
GRD,URY,
GRD,UZB,
GRD,VUT,
GRD,VAT,
GRD,VEN,
GRD,VNM,
GRD,YEM,
GRD,ZMB,
GRD,ZWE,
GRD,AFG,
GTM,ALB,
GTM,DZA,
GTM,AND,
GTM,AGO,
GTM,ATG,
GTM,ARG,
GTM,ARM,
GTM,AUS,
GTM,AUT,
GTM,AZE,
GTM,BHS,
GTM,BHR,
GTM,BGD,
GTM,BRB,
GTM,BLR,
GTM,BEL,
GTM,BLZ,
GTM,BEN,
GTM,BTN,
GTM,BOL,
GTM,BIH,
GTM,BWA,
GTM,BRA,
GTM,BRN,
GTM,BGR,
GTM,BFA,
GTM,BDI,
GTM,KHM,
GTM,CMR,
GTM,CAN,
GTM,CPV,
GTM,CAF,
GTM,TCD,
GTM,CHL,
GTM,CHN,
GTM,COL,
GTM,COM,
GTM,COG,
GTM,COD,
GTM,CRI,
GTM,CIV,
GTM,HRV,
GTM,CUB,
GTM,CYP,
GTM,CZE,
GTM,DNK,
GTM,DJI,
GTM,DMA,
GTM,DOM,
GTM,ECU,
GTM,EGY,
GTM,SLV,
GTM,GNQ,
GTM,ERI,
GTM,EST,
GTM,SWZ,
GTM,ETH,
GTM,FJI,
GTM,FIN,
GTM,FRA,
GTM,GAB,
GTM,GMB,
GTM,GEO,
GTM,DEU,
GTM,GHA,
GTM,GRC,
GTM,GRD,
GTM,GTM,-1
GTM,GIN,
GTM,GNB,
GTM,GUY,
GTM,HTI,
GTM,HND,
GTM,HKG,
GTM,HUN,
GTM,ISL,
GTM,IND,
GTM,IDN,
GTM,IRN,
GTM,IRQ,
GTM,IRL,
GTM,ISR,
GTM,ITA,
GTM,JAM,
GTM,JPN,
GTM,JOR,
GTM,KAZ,
GTM,KEN,
GTM,KIR,
GTM,XKX,
GTM,KWT,
GTM,KGZ,
GTM,LAO,
GTM,LVA,
GTM,LBN,
GTM,LSO,
GTM,LBR,
GTM,LBY,
GTM,LIE,
GTM,LTU,
GTM,LUX,
GTM,MAC,
GTM,MDG,
GTM,MWI,
GTM,MYS,
GTM,MDV,
GTM,MLI,
GTM,MLT,
GTM,MHL,
GTM,MRT,
GTM,MUS,
GTM,MEX,
GTM,FSM,
GTM,MDA,
GTM,MCO,
GTM,MNG,
GTM,MNE,
GTM,MAR,
GTM,MOZ,
GTM,MMR,
GTM,NAM,
GTM,NRU,
GTM,NPL,
GTM,NLD,
GTM,NZL,
GTM,NIC,
GTM,NER,
GTM,NGA,
GTM,PRK,
GTM,MKD,
GTM,NOR,
GTM,OMN,
GTM,PAK,
GTM,PLW,
GTM,PSE,
GTM,PAN,
GTM,PNG,
GTM,PRY,
GTM,PER,
GTM,PHL,
GTM,POL,
GTM,PRT,
GTM,QAT,
GTM,ROU,
GTM,RUS,
GTM,RWA,
GTM,KNA,
GTM,LCA,
GTM,WSM,
GTM,SMR,
GTM,STP,
GTM,SAU,
GTM,SEN,
GTM,SRB,
GTM,SYC,
GTM,SLE,
GTM,SGP,
GTM,SVK,
GTM,SVN,
GTM,SLB,
GTM,SOM,
GTM,ZAF,
GTM,KOR,
GTM,SSD,
GTM,ESP,
GTM,LKA,
GTM,VCT,
GTM,SDN,
GTM,SUR,
GTM,SWE,
GTM,CHE,
GTM,SYR,
GTM,TWN,
GTM,TJK,
GTM,TZA,
GTM,THA,
GTM,TLS,
GTM,TGO,
GTM,TON,
GTM,TTO,
GTM,TUN,
GTM,TKM,
GTM,TUV,
GTM,TUR,
GTM,UGA,
GTM,UKR,
GTM,ARE,
GTM,GBR,
GTM,USA,
GTM,URY,
GTM,UZB,
GTM,VUT,
GTM,VAT,
GTM,VEN,
GTM,VNM,
GTM,YEM,
GTM,ZMB,
GTM,ZWE,
GTM,AFG,
GIN,ALB,
GIN,DZA,
GIN,AND,
GIN,AGO,
GIN,ATG,
GIN,ARG,
GIN,ARM,
GIN,AUS,
GIN,AUT,
GIN,AZE,
GIN,BHS,
GIN,BHR,
GIN,BGD,
GIN,BRB,
GIN,BLR,
GIN,BEL,
GIN,BLZ,
GIN,BEN,
GIN,BTN,
GIN,BOL,
GIN,BIH,
GIN,BWA,
GIN,BRA,
GIN,BRN,
GIN,BGR,
GIN,BFA,
GIN,BDI,
GIN,KHM,
GIN,CMR,
GIN,CAN,
GIN,CPV,
GIN,CAF,
GIN,TCD,
GIN,CHL,
GIN,CHN,
GIN,COL,
GIN,COM,
GIN,COG,
GIN,COD,
GIN,CRI,
GIN,CIV,
GIN,HRV,
GIN,CUB,
GIN,CYP,
GIN,CZE,
GIN,DNK,
GIN,DJI,
GIN,DMA,
GIN,DOM,
GIN,ECU,
GIN,EGY,
GIN,SLV,
GIN,GNQ,
GIN,ERI,
GIN,EST,
GIN,SWZ,
GIN,ETH,
GIN,FJI,
GIN,FIN,
GIN,FRA,
GIN,GAB,
GIN,GMB,
GIN,GEO,
GIN,DEU,
GIN,GHA,
GIN,GRC,
GIN,GRD,
GIN,GTM,
GIN,GIN,-1
GIN,GNB,
GIN,GUY,
GIN,HTI,
GIN,HND,
GIN,HKG,
GIN,HUN,
GIN,ISL,
GIN,IND,
GIN,IDN,
GIN,IRN,
GIN,IRQ,
GIN,IRL,
GIN,ISR,
GIN,ITA,
GIN,JAM,
GIN,JPN,
GIN,JOR,
GIN,KAZ,
GIN,KEN,
GIN,KIR,
GIN,XKX,
GIN,KWT,
GIN,KGZ,
GIN,LAO,
GIN,LVA,
GIN,LBN,
GIN,LSO,
GIN,LBR,
GIN,LBY,
GIN,LIE,
GIN,LTU,
GIN,LUX,
GIN,MAC,
GIN,MDG,
GIN,MWI,
GIN,MYS,
GIN,MDV,
GIN,MLI,
GIN,MLT,
GIN,MHL,
GIN,MRT,
GIN,MUS,
GIN,MEX,
GIN,FSM,
GIN,MDA,
GIN,MCO,
GIN,MNG,
GIN,MNE,
GIN,MAR,
GIN,MOZ,
GIN,MMR,
GIN,NAM,
GIN,NRU,
GIN,NPL,
GIN,NLD,
GIN,NZL,
GIN,NIC,
GIN,NER,
GIN,NGA,
GIN,PRK,
GIN,MKD,
GIN,NOR,
GIN,OMN,
GIN,PAK,
GIN,PLW,
GIN,PSE,
GIN,PAN,
GIN,PNG,
GIN,PRY,
GIN,PER,
GIN,PHL,
GIN,POL,
GIN,PRT,
GIN,QAT,
GIN,ROU,
GIN,RUS,
GIN,RWA,
GIN,KNA,
GIN,LCA,
GIN,WSM,
GIN,SMR,
GIN,STP,
GIN,SAU,
GIN,SEN,
GIN,SRB,
GIN,SYC,
GIN,SLE,
GIN,SGP,
GIN,SVK,
GIN,SVN,
GIN,SLB,
GIN,SOM,
GIN,ZAF,
GIN,KOR,
GIN,SSD,
GIN,ESP,
GIN,LKA,
GIN,VCT,
GIN,SDN,
GIN,SUR,
GIN,SWE,
GIN,CHE,
GIN,SYR,
GIN,TWN,
GIN,TJK,
GIN,TZA,
GIN,THA,
GIN,TLS,
GIN,TGO,
GIN,TON,
GIN,TTO,
GIN,TUN,
GIN,TKM,
GIN,TUV,
GIN,TUR,
GIN,UGA,
GIN,UKR,
GIN,ARE,
GIN,GBR,
GIN,USA,
GIN,URY,
GIN,UZB,
GIN,VUT,
GIN,VAT,
GIN,VEN,
GIN,VNM,
GIN,YEM,
GIN,ZMB,
GIN,ZWE,
GIN,AFG,
GNB,ALB,
GNB,DZA,
GNB,AND,
GNB,AGO,
GNB,ATG,
GNB,ARG,
GNB,ARM,
GNB,AUS,
GNB,AUT,
GNB,AZE,
GNB,BHS,
GNB,BHR,
GNB,BGD,
GNB,BRB,
GNB,BLR,
GNB,BEL,
GNB,BLZ,
GNB,BEN,
GNB,BTN,
GNB,BOL,
GNB,BIH,
GNB,BWA,
GNB,BRA,
GNB,BRN,
GNB,BGR,
GNB,BFA,
GNB,BDI,
GNB,KHM,
GNB,CMR,
GNB,CAN,
GNB,CPV,
GNB,CAF,
GNB,TCD,
GNB,CHL,
GNB,CHN,
GNB,COL,
GNB,COM,
GNB,COG,
GNB,COD,
GNB,CRI,
GNB,CIV,
GNB,HRV,
GNB,CUB,
GNB,CYP,
GNB,CZE,
GNB,DNK,
GNB,DJI,
GNB,DMA,
GNB,DOM,
GNB,ECU,
GNB,EGY,
GNB,SLV,
GNB,GNQ,
GNB,ERI,
GNB,EST,
GNB,SWZ,
GNB,ETH,
GNB,FJI,
GNB,FIN,
GNB,FRA,
GNB,GAB,
GNB,GMB,
GNB,GEO,
GNB,DEU,
GNB,GHA,
GNB,GRC,
GNB,GRD,
GNB,GTM,
GNB,GIN,
GNB,GNB,-1
GNB,GUY,
GNB,HTI,
GNB,HND,
GNB,HKG,
GNB,HUN,
GNB,ISL,
GNB,IND,
GNB,IDN,
GNB,IRN,
GNB,IRQ,
GNB,IRL,
GNB,ISR,
GNB,ITA,
GNB,JAM,
GNB,JPN,
GNB,JOR,
GNB,KAZ,
GNB,KEN,
GNB,KIR,
GNB,XKX,
GNB,KWT,
GNB,KGZ,
GNB,LAO,
GNB,LVA,
GNB,LBN,
GNB,LSO,
GNB,LBR,
GNB,LBY,
GNB,LIE,
GNB,LTU,
GNB,LUX,
GNB,MAC,
GNB,MDG,
GNB,MWI,
GNB,MYS,
GNB,MDV,
GNB,MLI,
GNB,MLT,
GNB,MHL,
GNB,MRT,
GNB,MUS,
GNB,MEX,
GNB,FSM,
GNB,MDA,
GNB,MCO,
GNB,MNG,
GNB,MNE,
GNB,MAR,
GNB,MOZ,
GNB,MMR,
GNB,NAM,
GNB,NRU,
GNB,NPL,
GNB,NLD,
GNB,NZL,
GNB,NIC,
GNB,NER,
GNB,NGA,
GNB,PRK,
GNB,MKD,
GNB,NOR,
GNB,OMN,
GNB,PAK,
GNB,PLW,
GNB,PSE,
GNB,PAN,
GNB,PNG,
GNB,PRY,
GNB,PER,
GNB,PHL,
GNB,POL,
GNB,PRT,
GNB,QAT,
GNB,ROU,
GNB,RUS,
GNB,RWA,
GNB,KNA,
GNB,LCA,
GNB,WSM,
GNB,SMR,
GNB,STP,
GNB,SAU,
GNB,SEN,
GNB,SRB,
GNB,SYC,
GNB,SLE,
GNB,SGP,
GNB,SVK,
GNB,SVN,
GNB,SLB,
GNB,SOM,
GNB,ZAF,
GNB,KOR,
GNB,SSD,
GNB,ESP,
GNB,LKA,
GNB,VCT,
GNB,SDN,
GNB,SUR,
GNB,SWE,
GNB,CHE,
GNB,SYR,
GNB,TWN,
GNB,TJK,
GNB,TZA,
GNB,THA,
GNB,TLS,
GNB,TGO,
GNB,TON,
GNB,TTO,
GNB,TUN,
GNB,TKM,
GNB,TUV,
GNB,TUR,
GNB,UGA,
GNB,UKR,
GNB,ARE,
GNB,GBR,
GNB,USA,
GNB,URY,
GNB,UZB,
GNB,VUT,
GNB,VAT,
GNB,VEN,
GNB,VNM,
GNB,YEM,
GNB,ZMB,
GNB,ZWE,
GNB,AFG,
GUY,ALB,
GUY,DZA,
GUY,AND,
GUY,AGO,
GUY,ATG,
GUY,ARG,
GUY,ARM,
GUY,AUS,
GUY,AUT,
GUY,AZE,
GUY,BHS,
GUY,BHR,
GUY,BGD,
GUY,BRB,
GUY,BLR,
GUY,BEL,
GUY,BLZ,
GUY,BEN,
GUY,BTN,
GUY,BOL,
GUY,BIH,
GUY,BWA,
GUY,BRA,
GUY,BRN,
GUY,BGR,
GUY,BFA,
GUY,BDI,
GUY,KHM,
GUY,CMR,
GUY,CAN,
GUY,CPV,
GUY,CAF,
GUY,TCD,
GUY,CHL,
GUY,CHN,
GUY,COL,
GUY,COM,
GUY,COG,
GUY,COD,
GUY,CRI,
GUY,CIV,
GUY,HRV,
GUY,CUB,
GUY,CYP,
GUY,CZE,
GUY,DNK,
GUY,DJI,
GUY,DMA,
GUY,DOM,
GUY,ECU,
GUY,EGY,
GUY,SLV,
GUY,GNQ,
GUY,ERI,
GUY,EST,
GUY,SWZ,
GUY,ETH,
GUY,FJI,
GUY,FIN,
GUY,FRA,
GUY,GAB,
GUY,GMB,
GUY,GEO,
GUY,DEU,
GUY,GHA,
GUY,GRC,
GUY,GRD,
GUY,GTM,
GUY,GIN,
GUY,GNB,
GUY,GUY,-1
GUY,HTI,
GUY,HND,
GUY,HKG,
GUY,HUN,
GUY,ISL,
GUY,IND,
GUY,IDN,
GUY,IRN,
GUY,IRQ,
GUY,IRL,
GUY,ISR,
GUY,ITA,
GUY,JAM,
GUY,JPN,
GUY,JOR,
GUY,KAZ,
GUY,KEN,
GUY,KIR,
GUY,XKX,
GUY,KWT,
GUY,KGZ,
GUY,LAO,
GUY,LVA,
GUY,LBN,
GUY,LSO,
GUY,LBR,
GUY,LBY,
GUY,LIE,
GUY,LTU,
GUY,LUX,
GUY,MAC,
GUY,MDG,
GUY,MWI,
GUY,MYS,
GUY,MDV,
GUY,MLI,
GUY,MLT,
GUY,MHL,
GUY,MRT,
GUY,MUS,
GUY,MEX,
GUY,FSM,
GUY,MDA,
GUY,MCO,
GUY,MNG,
GUY,MNE,
GUY,MAR,
GUY,MOZ,
GUY,MMR,
GUY,NAM,
GUY,NRU,
GUY,NPL,
GUY,NLD,
GUY,NZL,
GUY,NIC,
GUY,NER,
GUY,NGA,
GUY,PRK,
GUY,MKD,
GUY,NOR,
GUY,OMN,
GUY,PAK,
GUY,PLW,
GUY,PSE,
GUY,PAN,
GUY,PNG,
GUY,PRY,
GUY,PER,
GUY,PHL,
GUY,POL,
GUY,PRT,
GUY,QAT,
GUY,ROU,
GUY,RUS,
GUY,RWA,
GUY,KNA,
GUY,LCA,
GUY,WSM,
GUY,SMR,
GUY,STP,
GUY,SAU,
GUY,SEN,
GUY,SRB,
GUY,SYC,
GUY,SLE,
GUY,SGP,
GUY,SVK,
GUY,SVN,
GUY,SLB,
GUY,SOM,
GUY,ZAF,
GUY,KOR,
GUY,SSD,
GUY,ESP,
GUY,LKA,
GUY,VCT,
GUY,SDN,
GUY,SUR,
GUY,SWE,
GUY,CHE,
GUY,SYR,
GUY,TWN,
GUY,TJK,
GUY,TZA,
GUY,THA,
GUY,TLS,
GUY,TGO,
GUY,TON,
GUY,TTO,
GUY,TUN,
GUY,TKM,
GUY,TUV,
GUY,TUR,
GUY,UGA,
GUY,UKR,
GUY,ARE,
GUY,GBR,
GUY,USA,
GUY,URY,
GUY,UZB,
GUY,VUT,
GUY,VAT,
GUY,VEN,
GUY,VNM,
GUY,YEM,
GUY,ZMB,
GUY,ZWE,
GUY,AFG,
HTI,ALB,
HTI,DZA,
HTI,AND,
HTI,AGO,
HTI,ATG,
HTI,ARG,
HTI,ARM,
HTI,AUS,
HTI,AUT,
HTI,AZE,
HTI,BHS,
HTI,BHR,
HTI,BGD,
HTI,BRB,
HTI,BLR,
HTI,BEL,
HTI,BLZ,
HTI,BEN,
HTI,BTN,
HTI,BOL,
HTI,BIH,
HTI,BWA,
HTI,BRA,
HTI,BRN,
HTI,BGR,
HTI,BFA,
HTI,BDI,
HTI,KHM,
HTI,CMR,
HTI,CAN,
HTI,CPV,
HTI,CAF,
HTI,TCD,
HTI,CHL,
HTI,CHN,
HTI,COL,
HTI,COM,
HTI,COG,
HTI,COD,
HTI,CRI,
HTI,CIV,
HTI,HRV,
HTI,CUB,
HTI,CYP,
HTI,CZE,
HTI,DNK,
HTI,DJI,
HTI,DMA,
HTI,DOM,
HTI,ECU,
HTI,EGY,
HTI,SLV,
HTI,GNQ,
HTI,ERI,
HTI,EST,
HTI,SWZ,
HTI,ETH,
HTI,FJI,
HTI,FIN,
HTI,FRA,
HTI,GAB,
HTI,GMB,
HTI,GEO,
HTI,DEU,
HTI,GHA,
HTI,GRC,
HTI,GRD,
HTI,GTM,
HTI,GIN,
HTI,GNB,
HTI,GUY,
HTI,HTI,-1
HTI,HND,
HTI,HKG,
HTI,HUN,
HTI,ISL,
HTI,IND,
HTI,IDN,
HTI,IRN,
HTI,IRQ,
HTI,IRL,
HTI,ISR,
HTI,ITA,
HTI,JAM,
HTI,JPN,
HTI,JOR,
HTI,KAZ,
HTI,KEN,
HTI,KIR,
HTI,XKX,
HTI,KWT,
HTI,KGZ,
HTI,LAO,
HTI,LVA,
HTI,LBN,
HTI,LSO,
HTI,LBR,
HTI,LBY,
HTI,LIE,
HTI,LTU,
HTI,LUX,
HTI,MAC,
HTI,MDG,
HTI,MWI,
HTI,MYS,
HTI,MDV,
HTI,MLI,
HTI,MLT,
HTI,MHL,
HTI,MRT,
HTI,MUS,
HTI,MEX,
HTI,FSM,
HTI,MDA,
HTI,MCO,
HTI,MNG,
HTI,MNE,
HTI,MAR,
HTI,MOZ,
HTI,MMR,
HTI,NAM,
HTI,NRU,
HTI,NPL,
HTI,NLD,
HTI,NZL,
HTI,NIC,
HTI,NER,
HTI,NGA,
HTI,PRK,
HTI,MKD,
HTI,NOR,
HTI,OMN,
HTI,PAK,
HTI,PLW,
HTI,PSE,
HTI,PAN,
HTI,PNG,
HTI,PRY,
HTI,PER,
HTI,PHL,
HTI,POL,
HTI,PRT,
HTI,QAT,
HTI,ROU,
HTI,RUS,
HTI,RWA,
HTI,KNA,
HTI,LCA,
HTI,WSM,
HTI,SMR,
HTI,STP,
HTI,SAU,
HTI,SEN,
HTI,SRB,
HTI,SYC,
HTI,SLE,
HTI,SGP,
HTI,SVK,
HTI,SVN,
HTI,SLB,
HTI,SOM,
HTI,ZAF,
HTI,KOR,
HTI,SSD,
HTI,ESP,
HTI,LKA,
HTI,VCT,
HTI,SDN,
HTI,SUR,
HTI,SWE,
HTI,CHE,
HTI,SYR,
HTI,TWN,
HTI,TJK,
HTI,TZA,
HTI,THA,
HTI,TLS,
HTI,TGO,
HTI,TON,
HTI,TTO,
HTI,TUN,
HTI,TKM,
HTI,TUV,
HTI,TUR,
HTI,UGA,
HTI,UKR,
HTI,ARE,
HTI,GBR,
HTI,USA,
HTI,URY,
HTI,UZB,
HTI,VUT,
HTI,VAT,
HTI,VEN,
HTI,VNM,
HTI,YEM,
HTI,ZMB,
HTI,ZWE,
HTI,AFG,
HND,ALB,
HND,DZA,
HND,AND,
HND,AGO,
HND,ATG,
HND,ARG,
HND,ARM,
HND,AUS,
HND,AUT,
HND,AZE,
HND,BHS,
HND,BHR,
HND,BGD,
HND,BRB,
HND,BLR,
HND,BEL,
HND,BLZ,
HND,BEN,
HND,BTN,
HND,BOL,
HND,BIH,
HND,BWA,
HND,BRA,
HND,BRN,
HND,BGR,
HND,BFA,
HND,BDI,
HND,KHM,
HND,CMR,
HND,CAN,
HND,CPV,
HND,CAF,
HND,TCD,
HND,CHL,
HND,CHN,
HND,COL,
HND,COM,
HND,COG,
HND,COD,
HND,CRI,
HND,CIV,
HND,HRV,
HND,CUB,
HND,CYP,
HND,CZE,
HND,DNK,
HND,DJI,
HND,DMA,
HND,DOM,
HND,ECU,
HND,EGY,
HND,SLV,
HND,GNQ,
HND,ERI,
HND,EST,
HND,SWZ,
HND,ETH,
HND,FJI,
HND,FIN,
HND,FRA,
HND,GAB,
HND,GMB,
HND,GEO,
HND,DEU,
HND,GHA,
HND,GRC,
HND,GRD,
HND,GTM,
HND,GIN,
HND,GNB,
HND,GUY,
HND,HTI,
HND,HND,-1
HND,HKG,
HND,HUN,
HND,ISL,
HND,IND,
HND,IDN,
HND,IRN,
HND,IRQ,
HND,IRL,
HND,ISR,
HND,ITA,
HND,JAM,
HND,JPN,
HND,JOR,
HND,KAZ,
HND,KEN,
HND,KIR,
HND,XKX,
HND,KWT,
HND,KGZ,
HND,LAO,
HND,LVA,
HND,LBN,
HND,LSO,
HND,LBR,
HND,LBY,
HND,LIE,
HND,LTU,
HND,LUX,
HND,MAC,
HND,MDG,
HND,MWI,
HND,MYS,
HND,MDV,
HND,MLI,
HND,MLT,
HND,MHL,
HND,MRT,
HND,MUS,
HND,MEX,
HND,FSM,
HND,MDA,
HND,MCO,
HND,MNG,
HND,MNE,
HND,MAR,
HND,MOZ,
HND,MMR,
HND,NAM,
HND,NRU,
HND,NPL,
HND,NLD,
HND,NZL,
HND,NIC,
HND,NER,
HND,NGA,
HND,PRK,
HND,MKD,
HND,NOR,
HND,OMN,
HND,PAK,
HND,PLW,
HND,PSE,
HND,PAN,
HND,PNG,
HND,PRY,
HND,PER,
HND,PHL,
HND,POL,
HND,PRT,
HND,QAT,
HND,ROU,
HND,RUS,
HND,RWA,
HND,KNA,
HND,LCA,
HND,WSM,
HND,SMR,
HND,STP,
HND,SAU,
HND,SEN,
HND,SRB,
HND,SYC,
HND,SLE,
HND,SGP,
HND,SVK,
HND,SVN,
HND,SLB,
HND,SOM,
HND,ZAF,
HND,KOR,
HND,SSD,
HND,ESP,
HND,LKA,
HND,VCT,
HND,SDN,
HND,SUR,
HND,SWE,
HND,CHE,
HND,SYR,
HND,TWN,
HND,TJK,
HND,TZA,
HND,THA,
HND,TLS,
HND,TGO,
HND,TON,
HND,TTO,
HND,TUN,
HND,TKM,
HND,TUV,
HND,TUR,
HND,UGA,
HND,UKR,
HND,ARE,
HND,GBR,
HND,USA,
HND,URY,
HND,UZB,
HND,VUT,
HND,VAT,
HND,VEN,
HND,VNM,
HND,YEM,
HND,ZMB,
HND,ZWE,
HND,AFG,
HKG,ALB,
HKG,DZA,
HKG,AND,
HKG,AGO,
HKG,ATG,
HKG,ARG,
HKG,ARM,
HKG,AUS,
HKG,AUT,
HKG,AZE,
HKG,BHS,
HKG,BHR,
HKG,BGD,
HKG,BRB,
HKG,BLR,
HKG,BEL,
HKG,BLZ,
HKG,BEN,
HKG,BTN,
HKG,BOL,
HKG,BIH,
HKG,BWA,
HKG,BRA,
HKG,BRN,
HKG,BGR,
HKG,BFA,
HKG,BDI,
HKG,KHM,
HKG,CMR,
HKG,CAN,
HKG,CPV,
HKG,CAF,
HKG,TCD,
HKG,CHL,
HKG,CHN,
HKG,COL,
HKG,COM,
HKG,COG,
HKG,COD,
HKG,CRI,
HKG,CIV,
HKG,HRV,
HKG,CUB,
HKG,CYP,
HKG,CZE,
HKG,DNK,
HKG,DJI,
HKG,DMA,
HKG,DOM,
HKG,ECU,
HKG,EGY,
HKG,SLV,
HKG,GNQ,
HKG,ERI,
HKG,EST,
HKG,SWZ,
HKG,ETH,
HKG,FJI,
HKG,FIN,
HKG,FRA,
HKG,GAB,
HKG,GMB,
HKG,GEO,
HKG,DEU,
HKG,GHA,
HKG,GRC,
HKG,GRD,
HKG,GTM,
HKG,GIN,
HKG,GNB,
HKG,GUY,
HKG,HTI,
HKG,HND,
HKG,HKG,-1
HKG,HUN,
HKG,ISL,
HKG,IND,
HKG,IDN,
HKG,IRN,
HKG,IRQ,
HKG,IRL,
HKG,ISR,
HKG,ITA,
HKG,JAM,
HKG,JPN,
HKG,JOR,
HKG,KAZ,
HKG,KEN,
HKG,KIR,
HKG,XKX,
HKG,KWT,
HKG,KGZ,
HKG,LAO,
HKG,LVA,
HKG,LBN,
HKG,LSO,
HKG,LBR,
HKG,LBY,
HKG,LIE,
HKG,LTU,
HKG,LUX,
HKG,MAC,
HKG,MDG,
HKG,MWI,
HKG,MYS,
HKG,MDV,
HKG,MLI,
HKG,MLT,
HKG,MHL,
HKG,MRT,
HKG,MUS,
HKG,MEX,
HKG,FSM,
HKG,MDA,
HKG,MCO,
HKG,MNG,
HKG,MNE,
HKG,MAR,
HKG,MOZ,
HKG,MMR,
HKG,NAM,
HKG,NRU,
HKG,NPL,
HKG,NLD,
HKG,NZL,
HKG,NIC,
HKG,NER,
HKG,NGA,
HKG,PRK,
HKG,MKD,
HKG,NOR,
HKG,OMN,
HKG,PAK,
HKG,PLW,
HKG,PSE,
HKG,PAN,
HKG,PNG,
HKG,PRY,
HKG,PER,
HKG,PHL,
HKG,POL,
HKG,PRT,
HKG,QAT,
HKG,ROU,
HKG,RUS,
HKG,RWA,
HKG,KNA,
HKG,LCA,
HKG,WSM,
HKG,SMR,
HKG,STP,
HKG,SAU,
HKG,SEN,
HKG,SRB,
HKG,SYC,
HKG,SLE,
HKG,SGP,
HKG,SVK,
HKG,SVN,
HKG,SLB,
HKG,SOM,
HKG,ZAF,
HKG,KOR,
HKG,SSD,
HKG,ESP,
HKG,LKA,
HKG,VCT,
HKG,SDN,
HKG,SUR,
HKG,SWE,
HKG,CHE,
HKG,SYR,
HKG,TWN,
HKG,TJK,
HKG,TZA,
HKG,THA,
HKG,TLS,
HKG,TGO,
HKG,TON,
HKG,TTO,
HKG,TUN,
HKG,TKM,
HKG,TUV,
HKG,TUR,
HKG,UGA,
HKG,UKR,
HKG,ARE,
HKG,GBR,
HKG,USA,
HKG,URY,
HKG,UZB,
HKG,VUT,
HKG,VAT,
HKG,VEN,
HKG,VNM,
HKG,YEM,
HKG,ZMB,
HKG,ZWE,
HKG,AFG,
HUN,ALB,
HUN,DZA,
HUN,AND,
HUN,AGO,
HUN,ATG,
HUN,ARG,
HUN,ARM,
HUN,AUS,
HUN,AUT,
HUN,AZE,
HUN,BHS,
HUN,BHR,
HUN,BGD,
HUN,BRB,
HUN,BLR,
HUN,BEL,
HUN,BLZ,
HUN,BEN,
HUN,BTN,
HUN,BOL,
HUN,BIH,
HUN,BWA,
HUN,BRA,
HUN,BRN,
HUN,BGR,
HUN,BFA,
HUN,BDI,
HUN,KHM,
HUN,CMR,
HUN,CAN,
HUN,CPV,
HUN,CAF,
HUN,TCD,
HUN,CHL,
HUN,CHN,
HUN,COL,
HUN,COM,
HUN,COG,
HUN,COD,
HUN,CRI,
HUN,CIV,
HUN,HRV,
HUN,CUB,
HUN,CYP,
HUN,CZE,
HUN,DNK,
HUN,DJI,
HUN,DMA,
HUN,DOM,
HUN,ECU,
HUN,EGY,
HUN,SLV,
HUN,GNQ,
HUN,ERI,
HUN,EST,
HUN,SWZ,
HUN,ETH,
HUN,FJI,
HUN,FIN,
HUN,FRA,
HUN,GAB,
HUN,GMB,
HUN,GEO,
HUN,DEU,
HUN,GHA,
HUN,GRC,
HUN,GRD,
HUN,GTM,
HUN,GIN,
HUN,GNB,
HUN,GUY,
HUN,HTI,
HUN,HND,
HUN,HKG,
HUN,HUN,-1
HUN,ISL,
HUN,IND,
HUN,IDN,
HUN,IRN,
HUN,IRQ,
HUN,IRL,
HUN,ISR,
HUN,ITA,
HUN,JAM,
HUN,JPN,
HUN,JOR,
HUN,KAZ,
HUN,KEN,
HUN,KIR,
HUN,XKX,
HUN,KWT,
HUN,KGZ,
HUN,LAO,
HUN,LVA,
HUN,LBN,
HUN,LSO,
HUN,LBR,
HUN,LBY,
HUN,LIE,
HUN,LTU,
HUN,LUX,
HUN,MAC,
HUN,MDG,
HUN,MWI,
HUN,MYS,
HUN,MDV,
HUN,MLI,
HUN,MLT,
HUN,MHL,
HUN,MRT,
HUN,MUS,
HUN,MEX,
HUN,FSM,
HUN,MDA,
HUN,MCO,
HUN,MNG,
HUN,MNE,
HUN,MAR,
HUN,MOZ,
HUN,MMR,
HUN,NAM,
HUN,NRU,
HUN,NPL,
HUN,NLD,
HUN,NZL,
HUN,NIC,
HUN,NER,
HUN,NGA,
HUN,PRK,
HUN,MKD,
HUN,NOR,
HUN,OMN,
HUN,PAK,
HUN,PLW,
HUN,PSE,
HUN,PAN,
HUN,PNG,
HUN,PRY,
HUN,PER,
HUN,PHL,
HUN,POL,
HUN,PRT,
HUN,QAT,
HUN,ROU,
HUN,RUS,
HUN,RWA,
HUN,KNA,
HUN,LCA,
HUN,WSM,
HUN,SMR,
HUN,STP,
HUN,SAU,
HUN,SEN,
HUN,SRB,
HUN,SYC,
HUN,SLE,
HUN,SGP,
HUN,SVK,
HUN,SVN,
HUN,SLB,
HUN,SOM,
HUN,ZAF,
HUN,KOR,
HUN,SSD,
HUN,ESP,
HUN,LKA,
HUN,VCT,
HUN,SDN,
HUN,SUR,
HUN,SWE,
HUN,CHE,
HUN,SYR,
HUN,TWN,
HUN,TJK,
HUN,TZA,
HUN,THA,
HUN,TLS,
HUN,TGO,
HUN,TON,
HUN,TTO,
HUN,TUN,
HUN,TKM,
HUN,TUV,
HUN,TUR,
HUN,UGA,
HUN,UKR,
HUN,ARE,
HUN,GBR,
HUN,USA,
HUN,URY,
HUN,UZB,
HUN,VUT,
HUN,VAT,
HUN,VEN,
HUN,VNM,
HUN,YEM,
HUN,ZMB,
HUN,ZWE,
HUN,AFG,
ISL,ALB,
ISL,DZA,
ISL,AND,
ISL,AGO,
ISL,ATG,
ISL,ARG,
ISL,ARM,
ISL,AUS,
ISL,AUT,
ISL,AZE,
ISL,BHS,
ISL,BHR,
ISL,BGD,
ISL,BRB,
ISL,BLR,
ISL,BEL,
ISL,BLZ,
ISL,BEN,
ISL,BTN,
ISL,BOL,
ISL,BIH,
ISL,BWA,
ISL,BRA,
ISL,BRN,
ISL,BGR,
ISL,BFA,
ISL,BDI,
ISL,KHM,
ISL,CMR,
ISL,CAN,
ISL,CPV,
ISL,CAF,
ISL,TCD,
ISL,CHL,
ISL,CHN,
ISL,COL,
ISL,COM,
ISL,COG,
ISL,COD,
ISL,CRI,
ISL,CIV,
ISL,HRV,
ISL,CUB,
ISL,CYP,
ISL,CZE,
ISL,DNK,
ISL,DJI,
ISL,DMA,
ISL,DOM,
ISL,ECU,
ISL,EGY,
ISL,SLV,
ISL,GNQ,
ISL,ERI,
ISL,EST,
ISL,SWZ,
ISL,ETH,
ISL,FJI,
ISL,FIN,
ISL,FRA,
ISL,GAB,
ISL,GMB,
ISL,GEO,
ISL,DEU,
ISL,GHA,
ISL,GRC,
ISL,GRD,
ISL,GTM,
ISL,GIN,
ISL,GNB,
ISL,GUY,
ISL,HTI,
ISL,HND,
ISL,HKG,
ISL,HUN,
ISL,ISL,-1
ISL,IND,
ISL,IDN,
ISL,IRN,
ISL,IRQ,
ISL,IRL,
ISL,ISR,
ISL,ITA,
ISL,JAM,
ISL,JPN,
ISL,JOR,
ISL,KAZ,
ISL,KEN,
ISL,KIR,
ISL,XKX,
ISL,KWT,
ISL,KGZ,
ISL,LAO,
ISL,LVA,
ISL,LBN,
ISL,LSO,
ISL,LBR,
ISL,LBY,
ISL,LIE,
ISL,LTU,
ISL,LUX,
ISL,MAC,
ISL,MDG,
ISL,MWI,
ISL,MYS,
ISL,MDV,
ISL,MLI,
ISL,MLT,
ISL,MHL,
ISL,MRT,
ISL,MUS,
ISL,MEX,
ISL,FSM,
ISL,MDA,
ISL,MCO,
ISL,MNG,
ISL,MNE,
ISL,MAR,
ISL,MOZ,
ISL,MMR,
ISL,NAM,
ISL,NRU,
ISL,NPL,
ISL,NLD,
ISL,NZL,
ISL,NIC,
ISL,NER,
ISL,NGA,
ISL,PRK,
ISL,MKD,
ISL,NOR,
ISL,OMN,
ISL,PAK,
ISL,PLW,
ISL,PSE,
ISL,PAN,
ISL,PNG,
ISL,PRY,
ISL,PER,
ISL,PHL,
ISL,POL,
ISL,PRT,
ISL,QAT,
ISL,ROU,
ISL,RUS,
ISL,RWA,
ISL,KNA,
ISL,LCA,
ISL,WSM,
ISL,SMR,
ISL,STP,
ISL,SAU,
ISL,SEN,
ISL,SRB,
ISL,SYC,
ISL,SLE,
ISL,SGP,
ISL,SVK,
ISL,SVN,
ISL,SLB,
ISL,SOM,
ISL,ZAF,
ISL,KOR,
ISL,SSD,
ISL,ESP,
ISL,LKA,
ISL,VCT,
ISL,SDN,
ISL,SUR,
ISL,SWE,
ISL,CHE,
ISL,SYR,
ISL,TWN,
ISL,TJK,
ISL,TZA,
ISL,THA,
ISL,TLS,
ISL,TGO,
ISL,TON,
ISL,TTO,
ISL,TUN,
ISL,TKM,
ISL,TUV,
ISL,TUR,
ISL,UGA,
ISL,UKR,
ISL,ARE,
ISL,GBR,
ISL,USA,
ISL,URY,
ISL,UZB,
ISL,VUT,
ISL,VAT,
ISL,VEN,
ISL,VNM,
ISL,YEM,
ISL,ZMB,
ISL,ZWE,
ISL,AFG,
IND,ALB,
IND,DZA,
IND,AND,
IND,AGO,
IND,ATG,
IND,ARG,
IND,ARM,
IND,AUS,
IND,AUT,
IND,AZE,
IND,BHS,
IND,BHR,
IND,BGD,
IND,BRB,
IND,BLR,
IND,BEL,
IND,BLZ,
IND,BEN,
IND,BTN,
IND,BOL,
IND,BIH,
IND,BWA,
IND,BRA,
IND,BRN,
IND,BGR,
IND,BFA,
IND,BDI,
IND,KHM,
IND,CMR,
IND,CAN,
IND,CPV,
IND,CAF,
IND,TCD,
IND,CHL,
IND,CHN,
IND,COL,
IND,COM,
IND,COG,
IND,COD,
IND,CRI,
IND,CIV,
IND,HRV,
IND,CUB,
IND,CYP,
IND,CZE,
IND,DNK,
IND,DJI,
IND,DMA,
IND,DOM,
IND,ECU,
IND,EGY,
IND,SLV,
IND,GNQ,
IND,ERI,
IND,EST,
IND,SWZ,
IND,ETH,
IND,FJI,
IND,FIN,
IND,FRA,
IND,GAB,
IND,GMB,
IND,GEO,
IND,DEU,
IND,GHA,
IND,GRC,
IND,GRD,
IND,GTM,
IND,GIN,
IND,GNB,
IND,GUY,
IND,HTI,
IND,HND,
IND,HKG,
IND,HUN,
IND,ISL,
IND,IND,-1
IND,IDN,
IND,IRN,
IND,IRQ,
IND,IRL,
IND,ISR,
IND,ITA,
IND,JAM,
IND,JPN,
IND,JOR,
IND,KAZ,
IND,KEN,
IND,KIR,
IND,XKX,
IND,KWT,
IND,KGZ,
IND,LAO,
IND,LVA,
IND,LBN,
IND,LSO,
IND,LBR,
IND,LBY,
IND,LIE,
IND,LTU,
IND,LUX,
IND,MAC,
IND,MDG,
IND,MWI,
IND,MYS,
IND,MDV,
IND,MLI,
IND,MLT,
IND,MHL,
IND,MRT,
IND,MUS,
IND,MEX,
IND,FSM,
IND,MDA,
IND,MCO,
IND,MNG,
IND,MNE,
IND,MAR,
IND,MOZ,
IND,MMR,
IND,NAM,
IND,NRU,
IND,NPL,
IND,NLD,
IND,NZL,
IND,NIC,
IND,NER,
IND,NGA,
IND,PRK,
IND,MKD,
IND,NOR,
IND,OMN,
IND,PAK,
IND,PLW,
IND,PSE,
IND,PAN,
IND,PNG,
IND,PRY,
IND,PER,
IND,PHL,
IND,POL,
IND,PRT,
IND,QAT,
IND,ROU,
IND,RUS,
IND,RWA,
IND,KNA,
IND,LCA,
IND,WSM,
IND,SMR,
IND,STP,
IND,SAU,
IND,SEN,
IND,SRB,
IND,SYC,
IND,SLE,
IND,SGP,
IND,SVK,
IND,SVN,
IND,SLB,
IND,SOM,
IND,ZAF,
IND,KOR,
IND,SSD,
IND,ESP,
IND,LKA,
IND,VCT,
IND,SDN,
IND,SUR,
IND,SWE,
IND,CHE,
IND,SYR,
IND,TWN,
IND,TJK,
IND,TZA,
IND,THA,
IND,TLS,
IND,TGO,
IND,TON,
IND,TTO,
IND,TUN,
IND,TKM,
IND,TUV,
IND,TUR,
IND,UGA,
IND,UKR,
IND,ARE,
IND,GBR,
IND,USA,
IND,URY,
IND,UZB,
IND,VUT,
IND,VAT,
IND,VEN,
IND,VNM,
IND,YEM,
IND,ZMB,
IND,ZWE,
IND,AFG,
IDN,ALB,
IDN,DZA,
IDN,AND,
IDN,AGO,
IDN,ATG,
IDN,ARG,
IDN,ARM,
IDN,AUS,
IDN,AUT,
IDN,AZE,
IDN,BHS,
IDN,BHR,
IDN,BGD,
IDN,BRB,
IDN,BLR,
IDN,BEL,
IDN,BLZ,
IDN,BEN,
IDN,BTN,
IDN,BOL,
IDN,BIH,
IDN,BWA,
IDN,BRA,
IDN,BRN,
IDN,BGR,
IDN,BFA,
IDN,BDI,
IDN,KHM,
IDN,CMR,
IDN,CAN,
IDN,CPV,
IDN,CAF,
IDN,TCD,
IDN,CHL,
IDN,CHN,
IDN,COL,
IDN,COM,
IDN,COG,
IDN,COD,
IDN,CRI,
IDN,CIV,
IDN,HRV,
IDN,CUB,
IDN,CYP,
IDN,CZE,
IDN,DNK,
IDN,DJI,
IDN,DMA,
IDN,DOM,
IDN,ECU,
IDN,EGY,
IDN,SLV,
IDN,GNQ,
IDN,ERI,
IDN,EST,
IDN,SWZ,
IDN,ETH,
IDN,FJI,
IDN,FIN,
IDN,FRA,
IDN,GAB,
IDN,GMB,
IDN,GEO,
IDN,DEU,
IDN,GHA,
IDN,GRC,
IDN,GRD,
IDN,GTM,
IDN,GIN,
IDN,GNB,
IDN,GUY,
IDN,HTI,
IDN,HND,
IDN,HKG,
IDN,HUN,
IDN,ISL,
IDN,IND,
IDN,IDN,-1
IDN,IRN,
IDN,IRQ,
IDN,IRL,
IDN,ISR,
IDN,ITA,
IDN,JAM,
IDN,JPN,
IDN,JOR,
IDN,KAZ,
IDN,KEN,
IDN,KIR,
IDN,XKX,
IDN,KWT,
IDN,KGZ,
IDN,LAO,
IDN,LVA,
IDN,LBN,
IDN,LSO,
IDN,LBR,
IDN,LBY,
IDN,LIE,
IDN,LTU,
IDN,LUX,
IDN,MAC,
IDN,MDG,
IDN,MWI,
IDN,MYS,
IDN,MDV,
IDN,MLI,
IDN,MLT,
IDN,MHL,
IDN,MRT,
IDN,MUS,
IDN,MEX,
IDN,FSM,
IDN,MDA,
IDN,MCO,
IDN,MNG,
IDN,MNE,
IDN,MAR,
IDN,MOZ,
IDN,MMR,
IDN,NAM,
IDN,NRU,
IDN,NPL,
IDN,NLD,
IDN,NZL,
IDN,NIC,
IDN,NER,
IDN,NGA,
IDN,PRK,
IDN,MKD,
IDN,NOR,
IDN,OMN,
IDN,PAK,
IDN,PLW,
IDN,PSE,
IDN,PAN,
IDN,PNG,
IDN,PRY,
IDN,PER,
IDN,PHL,
IDN,POL,
IDN,PRT,
IDN,QAT,
IDN,ROU,
IDN,RUS,
IDN,RWA,
IDN,KNA,
IDN,LCA,
IDN,WSM,
IDN,SMR,
IDN,STP,
IDN,SAU,
IDN,SEN,
IDN,SRB,
IDN,SYC,
IDN,SLE,
IDN,SGP,
IDN,SVK,
IDN,SVN,
IDN,SLB,
IDN,SOM,
IDN,ZAF,
IDN,KOR,
IDN,SSD,
IDN,ESP,
IDN,LKA,
IDN,VCT,
IDN,SDN,
IDN,SUR,
IDN,SWE,
IDN,CHE,
IDN,SYR,
IDN,TWN,
IDN,TJK,
IDN,TZA,
IDN,THA,
IDN,TLS,
IDN,TGO,
IDN,TON,
IDN,TTO,
IDN,TUN,
IDN,TKM,
IDN,TUV,
IDN,TUR,
IDN,UGA,
IDN,UKR,
IDN,ARE,
IDN,GBR,
IDN,USA,
IDN,URY,
IDN,UZB,
IDN,VUT,
IDN,VAT,
IDN,VEN,
IDN,VNM,
IDN,YEM,
IDN,ZMB,
IDN,ZWE,
IDN,AFG,
IRN,ALB,
IRN,DZA,
IRN,AND,
IRN,AGO,
IRN,ATG,
IRN,ARG,
IRN,ARM,
IRN,AUS,
IRN,AUT,
IRN,AZE,
IRN,BHS,
IRN,BHR,
IRN,BGD,
IRN,BRB,
IRN,BLR,
IRN,BEL,
IRN,BLZ,
IRN,BEN,
IRN,BTN,
IRN,BOL,
IRN,BIH,
IRN,BWA,
IRN,BRA,
IRN,BRN,
IRN,BGR,
IRN,BFA,
IRN,BDI,
IRN,KHM,
IRN,CMR,
IRN,CAN,
IRN,CPV,
IRN,CAF,
IRN,TCD,
IRN,CHL,
IRN,CHN,
IRN,COL,
IRN,COM,
IRN,COG,
IRN,COD,
IRN,CRI,
IRN,CIV,
IRN,HRV,
IRN,CUB,
IRN,CYP,
IRN,CZE,
IRN,DNK,
IRN,DJI,
IRN,DMA,
IRN,DOM,
IRN,ECU,
IRN,EGY,
IRN,SLV,
IRN,GNQ,
IRN,ERI,
IRN,EST,
IRN,SWZ,
IRN,ETH,
IRN,FJI,
IRN,FIN,
IRN,FRA,
IRN,GAB,
IRN,GMB,
IRN,GEO,
IRN,DEU,
IRN,GHA,
IRN,GRC,
IRN,GRD,
IRN,GTM,
IRN,GIN,
IRN,GNB,
IRN,GUY,
IRN,HTI,
IRN,HND,
IRN,HKG,
IRN,HUN,
IRN,ISL,
IRN,IND,
IRN,IDN,
IRN,IRN,-1
IRN,IRQ,
IRN,IRL,
IRN,ISR,
IRN,ITA,
IRN,JAM,
IRN,JPN,
IRN,JOR,
IRN,KAZ,
IRN,KEN,
IRN,KIR,
IRN,XKX,
IRN,KWT,
IRN,KGZ,
IRN,LAO,
IRN,LVA,
IRN,LBN,
IRN,LSO,
IRN,LBR,
IRN,LBY,
IRN,LIE,
IRN,LTU,
IRN,LUX,
IRN,MAC,
IRN,MDG,
IRN,MWI,
IRN,MYS,
IRN,MDV,
IRN,MLI,
IRN,MLT,
IRN,MHL,
IRN,MRT,
IRN,MUS,
IRN,MEX,
IRN,FSM,
IRN,MDA,
IRN,MCO,
IRN,MNG,
IRN,MNE,
IRN,MAR,
IRN,MOZ,
IRN,MMR,
IRN,NAM,
IRN,NRU,
IRN,NPL,
IRN,NLD,
IRN,NZL,
IRN,NIC,
IRN,NER,
IRN,NGA,
IRN,PRK,
IRN,MKD,
IRN,NOR,
IRN,OMN,
IRN,PAK,
IRN,PLW,
IRN,PSE,
IRN,PAN,
IRN,PNG,
IRN,PRY,
IRN,PER,
IRN,PHL,
IRN,POL,
IRN,PRT,
IRN,QAT,
IRN,ROU,
IRN,RUS,
IRN,RWA,
IRN,KNA,
IRN,LCA,
IRN,WSM,
IRN,SMR,
IRN,STP,
IRN,SAU,
IRN,SEN,
IRN,SRB,
IRN,SYC,
IRN,SLE,
IRN,SGP,
IRN,SVK,
IRN,SVN,
IRN,SLB,
IRN,SOM,
IRN,ZAF,
IRN,KOR,
IRN,SSD,
IRN,ESP,
IRN,LKA,
IRN,VCT,
IRN,SDN,
IRN,SUR,
IRN,SWE,
IRN,CHE,
IRN,SYR,
IRN,TWN,
IRN,TJK,
IRN,TZA,
IRN,THA,
IRN,TLS,
IRN,TGO,
IRN,TON,
IRN,TTO,
IRN,TUN,
IRN,TKM,
IRN,TUV,
IRN,TUR,
IRN,UGA,
IRN,UKR,
IRN,ARE,
IRN,GBR,
IRN,USA,
IRN,URY,
IRN,UZB,
IRN,VUT,
IRN,VAT,
IRN,VEN,
IRN,VNM,
IRN,YEM,
IRN,ZMB,
IRN,ZWE,
IRN,AFG,
IRQ,ALB,
IRQ,DZA,
IRQ,AND,
IRQ,AGO,
IRQ,ATG,
IRQ,ARG,
IRQ,ARM,
IRQ,AUS,
IRQ,AUT,
IRQ,AZE,
IRQ,BHS,
IRQ,BHR,
IRQ,BGD,
IRQ,BRB,
IRQ,BLR,
IRQ,BEL,
IRQ,BLZ,
IRQ,BEN,
IRQ,BTN,
IRQ,BOL,
IRQ,BIH,
IRQ,BWA,
IRQ,BRA,
IRQ,BRN,
IRQ,BGR,
IRQ,BFA,
IRQ,BDI,
IRQ,KHM,
IRQ,CMR,
IRQ,CAN,
IRQ,CPV,
IRQ,CAF,
IRQ,TCD,
IRQ,CHL,
IRQ,CHN,
IRQ,COL,
IRQ,COM,
IRQ,COG,
IRQ,COD,
IRQ,CRI,
IRQ,CIV,
IRQ,HRV,
IRQ,CUB,
IRQ,CYP,
IRQ,CZE,
IRQ,DNK,
IRQ,DJI,
IRQ,DMA,
IRQ,DOM,
IRQ,ECU,
IRQ,EGY,
IRQ,SLV,
IRQ,GNQ,
IRQ,ERI,
IRQ,EST,
IRQ,SWZ,
IRQ,ETH,
IRQ,FJI,
IRQ,FIN,
IRQ,FRA,
IRQ,GAB,
IRQ,GMB,
IRQ,GEO,
IRQ,DEU,
IRQ,GHA,
IRQ,GRC,
IRQ,GRD,
IRQ,GTM,
IRQ,GIN,
IRQ,GNB,
IRQ,GUY,
IRQ,HTI,
IRQ,HND,
IRQ,HKG,
IRQ,HUN,
IRQ,ISL,
IRQ,IND,
IRQ,IDN,
IRQ,IRN,
IRQ,IRQ,-1
IRQ,IRL,
IRQ,ISR,
IRQ,ITA,
IRQ,JAM,
IRQ,JPN,
IRQ,JOR,
IRQ,KAZ,
IRQ,KEN,
IRQ,KIR,
IRQ,XKX,
IRQ,KWT,
IRQ,KGZ,
IRQ,LAO,
IRQ,LVA,
IRQ,LBN,
IRQ,LSO,
IRQ,LBR,
IRQ,LBY,
IRQ,LIE,
IRQ,LTU,
IRQ,LUX,
IRQ,MAC,
IRQ,MDG,
IRQ,MWI,
IRQ,MYS,
IRQ,MDV,
IRQ,MLI,
IRQ,MLT,
IRQ,MHL,
IRQ,MRT,
IRQ,MUS,
IRQ,MEX,
IRQ,FSM,
IRQ,MDA,
IRQ,MCO,
IRQ,MNG,
IRQ,MNE,
IRQ,MAR,
IRQ,MOZ,
IRQ,MMR,
IRQ,NAM,
IRQ,NRU,
IRQ,NPL,
IRQ,NLD,
IRQ,NZL,
IRQ,NIC,
IRQ,NER,
IRQ,NGA,
IRQ,PRK,
IRQ,MKD,
IRQ,NOR,
IRQ,OMN,
IRQ,PAK,
IRQ,PLW,
IRQ,PSE,
IRQ,PAN,
IRQ,PNG,
IRQ,PRY,
IRQ,PER,
IRQ,PHL,
IRQ,POL,
IRQ,PRT,
IRQ,QAT,
IRQ,ROU,
IRQ,RUS,
IRQ,RWA,
IRQ,KNA,
IRQ,LCA,
IRQ,WSM,
IRQ,SMR,
IRQ,STP,
IRQ,SAU,
IRQ,SEN,
IRQ,SRB,
IRQ,SYC,
IRQ,SLE,
IRQ,SGP,
IRQ,SVK,
IRQ,SVN,
IRQ,SLB,
IRQ,SOM,
IRQ,ZAF,
IRQ,KOR,
IRQ,SSD,
IRQ,ESP,
IRQ,LKA,
IRQ,VCT,
IRQ,SDN,
IRQ,SUR,
IRQ,SWE,
IRQ,CHE,
IRQ,SYR,
IRQ,TWN,
IRQ,TJK,
IRQ,TZA,
IRQ,THA,
IRQ,TLS,
IRQ,TGO,
IRQ,TON,
IRQ,TTO,
IRQ,TUN,
IRQ,TKM,
IRQ,TUV,
IRQ,TUR,
IRQ,UGA,
IRQ,UKR,
IRQ,ARE,
IRQ,GBR,
IRQ,USA,
IRQ,URY,
IRQ,UZB,
IRQ,VUT,
IRQ,VAT,
IRQ,VEN,
IRQ,VNM,
IRQ,YEM,
IRQ,ZMB,
IRQ,ZWE,
IRQ,AFG,
IRL,ALB,
IRL,DZA,
IRL,AND,
IRL,AGO,
IRL,ATG,
IRL,ARG,
IRL,ARM,
IRL,AUS,
IRL,AUT,
IRL,AZE,
IRL,BHS,
IRL,BHR,
IRL,BGD,
IRL,BRB,
IRL,BLR,
IRL,BEL,
IRL,BLZ,
IRL,BEN,
IRL,BTN,
IRL,BOL,
IRL,BIH,
IRL,BWA,
IRL,BRA,
IRL,BRN,
IRL,BGR,
IRL,BFA,
IRL,BDI,
IRL,KHM,
IRL,CMR,
IRL,CAN,
IRL,CPV,
IRL,CAF,
IRL,TCD,
IRL,CHL,
IRL,CHN,
IRL,COL,
IRL,COM,
IRL,COG,
IRL,COD,
IRL,CRI,
IRL,CIV,
IRL,HRV,
IRL,CUB,
IRL,CYP,
IRL,CZE,
IRL,DNK,
IRL,DJI,
IRL,DMA,
IRL,DOM,
IRL,ECU,
IRL,EGY,
IRL,SLV,
IRL,GNQ,
IRL,ERI,
IRL,EST,
IRL,SWZ,
IRL,ETH,
IRL,FJI,
IRL,FIN,
IRL,FRA,
IRL,GAB,
IRL,GMB,
IRL,GEO,
IRL,DEU,
IRL,GHA,
IRL,GRC,
IRL,GRD,
IRL,GTM,
IRL,GIN,
IRL,GNB,
IRL,GUY,
IRL,HTI,
IRL,HND,
IRL,HKG,
IRL,HUN,
IRL,ISL,
IRL,IND,
IRL,IDN,
IRL,IRN,
IRL,IRQ,
IRL,IRL,-1
IRL,ISR,
IRL,ITA,
IRL,JAM,
IRL,JPN,
IRL,JOR,
IRL,KAZ,
IRL,KEN,
IRL,KIR,
IRL,XKX,
IRL,KWT,
IRL,KGZ,
IRL,LAO,
IRL,LVA,
IRL,LBN,
IRL,LSO,
IRL,LBR,
IRL,LBY,
IRL,LIE,
IRL,LTU,
IRL,LUX,
IRL,MAC,
IRL,MDG,
IRL,MWI,
IRL,MYS,
IRL,MDV,
IRL,MLI,
IRL,MLT,
IRL,MHL,
IRL,MRT,
IRL,MUS,
IRL,MEX,
IRL,FSM,
IRL,MDA,
IRL,MCO,
IRL,MNG,
IRL,MNE,
IRL,MAR,
IRL,MOZ,
IRL,MMR,
IRL,NAM,
IRL,NRU,
IRL,NPL,
IRL,NLD,
IRL,NZL,
IRL,NIC,
IRL,NER,
IRL,NGA,
IRL,PRK,
IRL,MKD,
IRL,NOR,
IRL,OMN,
IRL,PAK,
IRL,PLW,
IRL,PSE,
IRL,PAN,
IRL,PNG,
IRL,PRY,
IRL,PER,
IRL,PHL,
IRL,POL,
IRL,PRT,
IRL,QAT,
IRL,ROU,
IRL,RUS,
IRL,RWA,
IRL,KNA,
IRL,LCA,
IRL,WSM,
IRL,SMR,
IRL,STP,
IRL,SAU,
IRL,SEN,
IRL,SRB,
IRL,SYC,
IRL,SLE,
IRL,SGP,
IRL,SVK,
IRL,SVN,
IRL,SLB,
IRL,SOM,
IRL,ZAF,
IRL,KOR,
IRL,SSD,
IRL,ESP,
IRL,LKA,
IRL,VCT,
IRL,SDN,
IRL,SUR,
IRL,SWE,
IRL,CHE,
IRL,SYR,
IRL,TWN,
IRL,TJK,
IRL,TZA,
IRL,THA,
IRL,TLS,
IRL,TGO,
IRL,TON,
IRL,TTO,
IRL,TUN,
IRL,TKM,
IRL,TUV,
IRL,TUR,
IRL,UGA,
IRL,UKR,
IRL,ARE,
IRL,GBR,
IRL,USA,
IRL,URY,
IRL,UZB,
IRL,VUT,
IRL,VAT,
IRL,VEN,
IRL,VNM,
IRL,YEM,
IRL,ZMB,
IRL,ZWE,
IRL,AFG,
ISR,ALB,
ISR,DZA,
ISR,AND,
ISR,AGO,
ISR,ATG,
ISR,ARG,
ISR,ARM,
ISR,AUS,
ISR,AUT,
ISR,AZE,
ISR,BHS,
ISR,BHR,
ISR,BGD,
ISR,BRB,
ISR,BLR,
ISR,BEL,
ISR,BLZ,
ISR,BEN,
ISR,BTN,
ISR,BOL,
ISR,BIH,
ISR,BWA,
ISR,BRA,
ISR,BRN,
ISR,BGR,
ISR,BFA,
ISR,BDI,
ISR,KHM,
ISR,CMR,
ISR,CAN,
ISR,CPV,
ISR,CAF,
ISR,TCD,
ISR,CHL,
ISR,CHN,
ISR,COL,
ISR,COM,
ISR,COG,
ISR,COD,
ISR,CRI,
ISR,CIV,
ISR,HRV,
ISR,CUB,
ISR,CYP,
ISR,CZE,
ISR,DNK,
ISR,DJI,
ISR,DMA,
ISR,DOM,
ISR,ECU,
ISR,EGY,
ISR,SLV,
ISR,GNQ,
ISR,ERI,
ISR,EST,
ISR,SWZ,
ISR,ETH,
ISR,FJI,
ISR,FIN,
ISR,FRA,
ISR,GAB,
ISR,GMB,
ISR,GEO,
ISR,DEU,
ISR,GHA,
ISR,GRC,
ISR,GRD,
ISR,GTM,
ISR,GIN,
ISR,GNB,
ISR,GUY,
ISR,HTI,
ISR,HND,
ISR,HKG,
ISR,HUN,
ISR,ISL,
ISR,IND,
ISR,IDN,
ISR,IRN,
ISR,IRQ,
ISR,IRL,
ISR,ISR,-1
ISR,ITA,
ISR,JAM,
ISR,JPN,
ISR,JOR,
ISR,KAZ,
ISR,KEN,
ISR,KIR,
ISR,XKX,
ISR,KWT,
ISR,KGZ,
ISR,LAO,
ISR,LVA,
ISR,LBN,
ISR,LSO,
ISR,LBR,
ISR,LBY,
ISR,LIE,
ISR,LTU,
ISR,LUX,
ISR,MAC,
ISR,MDG,
ISR,MWI,
ISR,MYS,
ISR,MDV,
ISR,MLI,
ISR,MLT,
ISR,MHL,
ISR,MRT,
ISR,MUS,
ISR,MEX,
ISR,FSM,
ISR,MDA,
ISR,MCO,
ISR,MNG,
ISR,MNE,
ISR,MAR,
ISR,MOZ,
ISR,MMR,
ISR,NAM,
ISR,NRU,
ISR,NPL,
ISR,NLD,
ISR,NZL,
ISR,NIC,
ISR,NER,
ISR,NGA,
ISR,PRK,
ISR,MKD,
ISR,NOR,
ISR,OMN,
ISR,PAK,
ISR,PLW,
ISR,PSE,
ISR,PAN,
ISR,PNG,
ISR,PRY,
ISR,PER,
ISR,PHL,
ISR,POL,
ISR,PRT,
ISR,QAT,
ISR,ROU,
ISR,RUS,
ISR,RWA,
ISR,KNA,
ISR,LCA,
ISR,WSM,
ISR,SMR,
ISR,STP,
ISR,SAU,
ISR,SEN,
ISR,SRB,
ISR,SYC,
ISR,SLE,
ISR,SGP,
ISR,SVK,
ISR,SVN,
ISR,SLB,
ISR,SOM,
ISR,ZAF,
ISR,KOR,
ISR,SSD,
ISR,ESP,
ISR,LKA,
ISR,VCT,
ISR,SDN,
ISR,SUR,
ISR,SWE,
ISR,CHE,
ISR,SYR,
ISR,TWN,
ISR,TJK,
ISR,TZA,
ISR,THA,
ISR,TLS,
ISR,TGO,
ISR,TON,
ISR,TTO,
ISR,TUN,
ISR,TKM,
ISR,TUV,
ISR,TUR,
ISR,UGA,
ISR,UKR,
ISR,ARE,
ISR,GBR,
ISR,USA,
ISR,URY,
ISR,UZB,
ISR,VUT,
ISR,VAT,
ISR,VEN,
ISR,VNM,
ISR,YEM,
ISR,ZMB,
ISR,ZWE,
ISR,AFG,
ITA,ALB,
ITA,DZA,
ITA,AND,
ITA,AGO,
ITA,ATG,
ITA,ARG,
ITA,ARM,
ITA,AUS,
ITA,AUT,
ITA,AZE,
ITA,BHS,
ITA,BHR,
ITA,BGD,
ITA,BRB,
ITA,BLR,
ITA,BEL,
ITA,BLZ,
ITA,BEN,
ITA,BTN,
ITA,BOL,
ITA,BIH,
ITA,BWA,
ITA,BRA,
ITA,BRN,
ITA,BGR,
ITA,BFA,
ITA,BDI,
ITA,KHM,
ITA,CMR,
ITA,CAN,
ITA,CPV,
ITA,CAF,
ITA,TCD,
ITA,CHL,
ITA,CHN,
ITA,COL,
ITA,COM,
ITA,COG,
ITA,COD,
ITA,CRI,
ITA,CIV,
ITA,HRV,
ITA,CUB,
ITA,CYP,
ITA,CZE,
ITA,DNK,
ITA,DJI,
ITA,DMA,
ITA,DOM,
ITA,ECU,
ITA,EGY,
ITA,SLV,
ITA,GNQ,
ITA,ERI,
ITA,EST,
ITA,SWZ,
ITA,ETH,
ITA,FJI,
ITA,FIN,
ITA,FRA,
ITA,GAB,
ITA,GMB,
ITA,GEO,
ITA,DEU,
ITA,GHA,
ITA,GRC,
ITA,GRD,
ITA,GTM,
ITA,GIN,
ITA,GNB,
ITA,GUY,
ITA,HTI,
ITA,HND,
ITA,HKG,
ITA,HUN,
ITA,ISL,
ITA,IND,
ITA,IDN,
ITA,IRN,
ITA,IRQ,
ITA,IRL,
ITA,ISR,
ITA,ITA,-1
ITA,JAM,
ITA,JPN,
ITA,JOR,
ITA,KAZ,
ITA,KEN,
ITA,KIR,
ITA,XKX,
ITA,KWT,
ITA,KGZ,
ITA,LAO,
ITA,LVA,
ITA,LBN,
ITA,LSO,
ITA,LBR,
ITA,LBY,
ITA,LIE,
ITA,LTU,
ITA,LUX,
ITA,MAC,
ITA,MDG,
ITA,MWI,
ITA,MYS,
ITA,MDV,
ITA,MLI,
ITA,MLT,
ITA,MHL,
ITA,MRT,
ITA,MUS,
ITA,MEX,
ITA,FSM,
ITA,MDA,
ITA,MCO,
ITA,MNG,
ITA,MNE,
ITA,MAR,
ITA,MOZ,
ITA,MMR,
ITA,NAM,
ITA,NRU,
ITA,NPL,
ITA,NLD,
ITA,NZL,
ITA,NIC,
ITA,NER,
ITA,NGA,
ITA,PRK,
ITA,MKD,
ITA,NOR,
ITA,OMN,
ITA,PAK,
ITA,PLW,
ITA,PSE,
ITA,PAN,
ITA,PNG,
ITA,PRY,
ITA,PER,
ITA,PHL,
ITA,POL,
ITA,PRT,
ITA,QAT,
ITA,ROU,
ITA,RUS,
ITA,RWA,
ITA,KNA,
ITA,LCA,
ITA,WSM,
ITA,SMR,
ITA,STP,
ITA,SAU,
ITA,SEN,
ITA,SRB,
ITA,SYC,
ITA,SLE,
ITA,SGP,
ITA,SVK,
ITA,SVN,
ITA,SLB,
ITA,SOM,
ITA,ZAF,
ITA,KOR,
ITA,SSD,
ITA,ESP,
ITA,LKA,
ITA,VCT,
ITA,SDN,
ITA,SUR,
ITA,SWE,
ITA,CHE,
ITA,SYR,
ITA,TWN,
ITA,TJK,
ITA,TZA,
ITA,THA,
ITA,TLS,
ITA,TGO,
ITA,TON,
ITA,TTO,
ITA,TUN,
ITA,TKM,
ITA,TUV,
ITA,TUR,
ITA,UGA,
ITA,UKR,
ITA,ARE,
ITA,GBR,
ITA,USA,
ITA,URY,
ITA,UZB,
ITA,VUT,
ITA,VAT,
ITA,VEN,
ITA,VNM,
ITA,YEM,
ITA,ZMB,
ITA,ZWE,
ITA,AFG,
JAM,ALB,
JAM,DZA,
JAM,AND,
JAM,AGO,
JAM,ATG,
JAM,ARG,
JAM,ARM,
JAM,AUS,
JAM,AUT,
JAM,AZE,
JAM,BHS,
JAM,BHR,
JAM,BGD,
JAM,BRB,
JAM,BLR,
JAM,BEL,
JAM,BLZ,
JAM,BEN,
JAM,BTN,
JAM,BOL,
JAM,BIH,
JAM,BWA,
JAM,BRA,
JAM,BRN,
JAM,BGR,
JAM,BFA,
JAM,BDI,
JAM,KHM,
JAM,CMR,
JAM,CAN,
JAM,CPV,
JAM,CAF,
JAM,TCD,
JAM,CHL,
JAM,CHN,
JAM,COL,
JAM,COM,
JAM,COG,
JAM,COD,
JAM,CRI,
JAM,CIV,
JAM,HRV,
JAM,CUB,
JAM,CYP,
JAM,CZE,
JAM,DNK,
JAM,DJI,
JAM,DMA,
JAM,DOM,
JAM,ECU,
JAM,EGY,
JAM,SLV,
JAM,GNQ,
JAM,ERI,
JAM,EST,
JAM,SWZ,
JAM,ETH,
JAM,FJI,
JAM,FIN,
JAM,FRA,
JAM,GAB,
JAM,GMB,
JAM,GEO,
JAM,DEU,
JAM,GHA,
JAM,GRC,
JAM,GRD,
JAM,GTM,
JAM,GIN,
JAM,GNB,
JAM,GUY,
JAM,HTI,
JAM,HND,
JAM,HKG,
JAM,HUN,
JAM,ISL,
JAM,IND,
JAM,IDN,
JAM,IRN,
JAM,IRQ,
JAM,IRL,
JAM,ISR,
JAM,ITA,
JAM,JAM,-1
JAM,JPN,
JAM,JOR,
JAM,KAZ,
JAM,KEN,
JAM,KIR,
JAM,XKX,
JAM,KWT,
JAM,KGZ,
JAM,LAO,
JAM,LVA,
JAM,LBN,
JAM,LSO,
JAM,LBR,
JAM,LBY,
JAM,LIE,
JAM,LTU,
JAM,LUX,
JAM,MAC,
JAM,MDG,
JAM,MWI,
JAM,MYS,
JAM,MDV,
JAM,MLI,
JAM,MLT,
JAM,MHL,
JAM,MRT,
JAM,MUS,
JAM,MEX,
JAM,FSM,
JAM,MDA,
JAM,MCO,
JAM,MNG,
JAM,MNE,
JAM,MAR,
JAM,MOZ,
JAM,MMR,
JAM,NAM,
JAM,NRU,
JAM,NPL,
JAM,NLD,
JAM,NZL,
JAM,NIC,
JAM,NER,
JAM,NGA,
JAM,PRK,
JAM,MKD,
JAM,NOR,
JAM,OMN,
JAM,PAK,
JAM,PLW,
JAM,PSE,
JAM,PAN,
JAM,PNG,
JAM,PRY,
JAM,PER,
JAM,PHL,
JAM,POL,
JAM,PRT,
JAM,QAT,
JAM,ROU,
JAM,RUS,
JAM,RWA,
JAM,KNA,
JAM,LCA,
JAM,WSM,
JAM,SMR,
JAM,STP,
JAM,SAU,
JAM,SEN,
JAM,SRB,
JAM,SYC,
JAM,SLE,
JAM,SGP,
JAM,SVK,
JAM,SVN,
JAM,SLB,
JAM,SOM,
JAM,ZAF,
JAM,KOR,
JAM,SSD,
JAM,ESP,
JAM,LKA,
JAM,VCT,
JAM,SDN,
JAM,SUR,
JAM,SWE,
JAM,CHE,
JAM,SYR,
JAM,TWN,
JAM,TJK,
JAM,TZA,
JAM,THA,
JAM,TLS,
JAM,TGO,
JAM,TON,
JAM,TTO,
JAM,TUN,
JAM,TKM,
JAM,TUV,
JAM,TUR,
JAM,UGA,
JAM,UKR,
JAM,ARE,
JAM,GBR,
JAM,USA,
JAM,URY,
JAM,UZB,
JAM,VUT,
JAM,VAT,
JAM,VEN,
JAM,VNM,
JAM,YEM,
JAM,ZMB,
JAM,ZWE,
JAM,AFG,
JPN,ALB,
JPN,DZA,
JPN,AND,
JPN,AGO,
JPN,ATG,
JPN,ARG,
JPN,ARM,
JPN,AUS,
JPN,AUT,
JPN,AZE,
JPN,BHS,
JPN,BHR,
JPN,BGD,
JPN,BRB,
JPN,BLR,
JPN,BEL,
JPN,BLZ,
JPN,BEN,
JPN,BTN,
JPN,BOL,
JPN,BIH,
JPN,BWA,
JPN,BRA,
JPN,BRN,
JPN,BGR,
JPN,BFA,
JPN,BDI,
JPN,KHM,
JPN,CMR,
JPN,CAN,
JPN,CPV,
JPN,CAF,
JPN,TCD,
JPN,CHL,
JPN,CHN,
JPN,COL,
JPN,COM,
JPN,COG,
JPN,COD,
JPN,CRI,
JPN,CIV,
JPN,HRV,
JPN,CUB,
JPN,CYP,
JPN,CZE,
JPN,DNK,
JPN,DJI,
JPN,DMA,
JPN,DOM,
JPN,ECU,
JPN,EGY,
JPN,SLV,
JPN,GNQ,
JPN,ERI,
JPN,EST,
JPN,SWZ,
JPN,ETH,
JPN,FJI,
JPN,FIN,
JPN,FRA,
JPN,GAB,
JPN,GMB,
JPN,GEO,
JPN,DEU,
JPN,GHA,
JPN,GRC,
JPN,GRD,
JPN,GTM,
JPN,GIN,
JPN,GNB,
JPN,GUY,
JPN,HTI,
JPN,HND,
JPN,HKG,
JPN,HUN,
JPN,ISL,
JPN,IND,
JPN,IDN,
JPN,IRN,
JPN,IRQ,
JPN,IRL,
JPN,ISR,
JPN,ITA,
JPN,JAM,
JPN,JPN,-1
JPN,JOR,
JPN,KAZ,
JPN,KEN,
JPN,KIR,
JPN,XKX,
JPN,KWT,
JPN,KGZ,
JPN,LAO,
JPN,LVA,
JPN,LBN,
JPN,LSO,
JPN,LBR,
JPN,LBY,
JPN,LIE,
JPN,LTU,
JPN,LUX,
JPN,MAC,
JPN,MDG,
JPN,MWI,
JPN,MYS,
JPN,MDV,
JPN,MLI,
JPN,MLT,
JPN,MHL,
JPN,MRT,
JPN,MUS,
JPN,MEX,
JPN,FSM,
JPN,MDA,
JPN,MCO,
JPN,MNG,
JPN,MNE,
JPN,MAR,
JPN,MOZ,
JPN,MMR,
JPN,NAM,
JPN,NRU,
JPN,NPL,
JPN,NLD,
JPN,NZL,
JPN,NIC,
JPN,NER,
JPN,NGA,
JPN,PRK,
JPN,MKD,
JPN,NOR,
JPN,OMN,
JPN,PAK,
JPN,PLW,
JPN,PSE,
JPN,PAN,
JPN,PNG,
JPN,PRY,
JPN,PER,
JPN,PHL,
JPN,POL,
JPN,PRT,
JPN,QAT,
JPN,ROU,
JPN,RUS,
JPN,RWA,
JPN,KNA,
JPN,LCA,
JPN,WSM,
JPN,SMR,
JPN,STP,
JPN,SAU,
JPN,SEN,
JPN,SRB,
JPN,SYC,
JPN,SLE,
JPN,SGP,
JPN,SVK,
JPN,SVN,
JPN,SLB,
JPN,SOM,
JPN,ZAF,
JPN,KOR,
JPN,SSD,
JPN,ESP,
JPN,LKA,
JPN,VCT,
JPN,SDN,
JPN,SUR,
JPN,SWE,
JPN,CHE,
JPN,SYR,
JPN,TWN,
JPN,TJK,
JPN,TZA,
JPN,THA,
JPN,TLS,
JPN,TGO,
JPN,TON,
JPN,TTO,
JPN,TUN,
JPN,TKM,
JPN,TUV,
JPN,TUR,
JPN,UGA,
JPN,UKR,
JPN,ARE,
JPN,GBR,
JPN,USA,
JPN,URY,
JPN,UZB,
JPN,VUT,
JPN,VAT,
JPN,VEN,
JPN,VNM,
JPN,YEM,
JPN,ZMB,
JPN,ZWE,
JPN,AFG,
JOR,ALB,
JOR,DZA,
JOR,AND,
JOR,AGO,
JOR,ATG,
JOR,ARG,
JOR,ARM,
JOR,AUS,
JOR,AUT,
JOR,AZE,
JOR,BHS,
JOR,BHR,
JOR,BGD,
JOR,BRB,
JOR,BLR,
JOR,BEL,
JOR,BLZ,
JOR,BEN,
JOR,BTN,
JOR,BOL,
JOR,BIH,
JOR,BWA,
JOR,BRA,
JOR,BRN,
JOR,BGR,
JOR,BFA,
JOR,BDI,
JOR,KHM,
JOR,CMR,
JOR,CAN,
JOR,CPV,
JOR,CAF,
JOR,TCD,
JOR,CHL,
JOR,CHN,
JOR,COL,
JOR,COM,
JOR,COG,
JOR,COD,
JOR,CRI,
JOR,CIV,
JOR,HRV,
JOR,CUB,
JOR,CYP,
JOR,CZE,
JOR,DNK,
JOR,DJI,
JOR,DMA,
JOR,DOM,
JOR,ECU,
JOR,EGY,
JOR,SLV,
JOR,GNQ,
JOR,ERI,
JOR,EST,
JOR,SWZ,
JOR,ETH,
JOR,FJI,
JOR,FIN,
JOR,FRA,
JOR,GAB,
JOR,GMB,
JOR,GEO,
JOR,DEU,
JOR,GHA,
JOR,GRC,
JOR,GRD,
JOR,GTM,
JOR,GIN,
JOR,GNB,
JOR,GUY,
JOR,HTI,
JOR,HND,
JOR,HKG,
JOR,HUN,
JOR,ISL,
JOR,IND,
JOR,IDN,
JOR,IRN,
JOR,IRQ,
JOR,IRL,
JOR,ISR,
JOR,ITA,
JOR,JAM,
JOR,JPN,
JOR,JOR,-1
JOR,KAZ,
JOR,KEN,
JOR,KIR,
JOR,XKX,
JOR,KWT,
JOR,KGZ,
JOR,LAO,
JOR,LVA,
JOR,LBN,
JOR,LSO,
JOR,LBR,
JOR,LBY,
JOR,LIE,
JOR,LTU,
JOR,LUX,
JOR,MAC,
JOR,MDG,
JOR,MWI,
JOR,MYS,
JOR,MDV,
JOR,MLI,
JOR,MLT,
JOR,MHL,
JOR,MRT,
JOR,MUS,
JOR,MEX,
JOR,FSM,
JOR,MDA,
JOR,MCO,
JOR,MNG,
JOR,MNE,
JOR,MAR,
JOR,MOZ,
JOR,MMR,
JOR,NAM,
JOR,NRU,
JOR,NPL,
JOR,NLD,
JOR,NZL,
JOR,NIC,
JOR,NER,
JOR,NGA,
JOR,PRK,
JOR,MKD,
JOR,NOR,
JOR,OMN,
JOR,PAK,
JOR,PLW,
JOR,PSE,
JOR,PAN,
JOR,PNG,
JOR,PRY,
JOR,PER,
JOR,PHL,
JOR,POL,
JOR,PRT,
JOR,QAT,
JOR,ROU,
JOR,RUS,
JOR,RWA,
JOR,KNA,
JOR,LCA,
JOR,WSM,
JOR,SMR,
JOR,STP,
JOR,SAU,
JOR,SEN,
JOR,SRB,
JOR,SYC,
JOR,SLE,
JOR,SGP,
JOR,SVK,
JOR,SVN,
JOR,SLB,
JOR,SOM,
JOR,ZAF,
JOR,KOR,
JOR,SSD,
JOR,ESP,
JOR,LKA,
JOR,VCT,
JOR,SDN,
JOR,SUR,
JOR,SWE,
JOR,CHE,
JOR,SYR,
JOR,TWN,
JOR,TJK,
JOR,TZA,
JOR,THA,
JOR,TLS,
JOR,TGO,
JOR,TON,
JOR,TTO,
JOR,TUN,
JOR,TKM,
JOR,TUV,
JOR,TUR,
JOR,UGA,
JOR,UKR,
JOR,ARE,
JOR,GBR,
JOR,USA,
JOR,URY,
JOR,UZB,
JOR,VUT,
JOR,VAT,
JOR,VEN,
JOR,VNM,
JOR,YEM,
JOR,ZMB,
JOR,ZWE,
JOR,AFG,
KAZ,ALB,
KAZ,DZA,
KAZ,AND,
KAZ,AGO,
KAZ,ATG,
KAZ,ARG,
KAZ,ARM,
KAZ,AUS,
KAZ,AUT,
KAZ,AZE,
KAZ,BHS,
KAZ,BHR,
KAZ,BGD,
KAZ,BRB,
KAZ,BLR,
KAZ,BEL,
KAZ,BLZ,
KAZ,BEN,
KAZ,BTN,
KAZ,BOL,
KAZ,BIH,
KAZ,BWA,
KAZ,BRA,
KAZ,BRN,
KAZ,BGR,
KAZ,BFA,
KAZ,BDI,
KAZ,KHM,
KAZ,CMR,
KAZ,CAN,
KAZ,CPV,
KAZ,CAF,
KAZ,TCD,
KAZ,CHL,
KAZ,CHN,
KAZ,COL,
KAZ,COM,
KAZ,COG,
KAZ,COD,
KAZ,CRI,
KAZ,CIV,
KAZ,HRV,
KAZ,CUB,
KAZ,CYP,
KAZ,CZE,
KAZ,DNK,
KAZ,DJI,
KAZ,DMA,
KAZ,DOM,
KAZ,ECU,
KAZ,EGY,
KAZ,SLV,
KAZ,GNQ,
KAZ,ERI,
KAZ,EST,
KAZ,SWZ,
KAZ,ETH,
KAZ,FJI,
KAZ,FIN,
KAZ,FRA,
KAZ,GAB,
KAZ,GMB,
KAZ,GEO,
KAZ,DEU,
KAZ,GHA,
KAZ,GRC,
KAZ,GRD,
KAZ,GTM,
KAZ,GIN,
KAZ,GNB,
KAZ,GUY,
KAZ,HTI,
KAZ,HND,
KAZ,HKG,
KAZ,HUN,
KAZ,ISL,
KAZ,IND,
KAZ,IDN,
KAZ,IRN,
KAZ,IRQ,
KAZ,IRL,
KAZ,ISR,
KAZ,ITA,
KAZ,JAM,
KAZ,JPN,
KAZ,JOR,
KAZ,KAZ,-1
KAZ,KEN,
KAZ,KIR,
KAZ,XKX,
KAZ,KWT,
KAZ,KGZ,
KAZ,LAO,
KAZ,LVA,
KAZ,LBN,
KAZ,LSO,
KAZ,LBR,
KAZ,LBY,
KAZ,LIE,
KAZ,LTU,
KAZ,LUX,
KAZ,MAC,
KAZ,MDG,
KAZ,MWI,
KAZ,MYS,
KAZ,MDV,
KAZ,MLI,
KAZ,MLT,
KAZ,MHL,
KAZ,MRT,
KAZ,MUS,
KAZ,MEX,
KAZ,FSM,
KAZ,MDA,
KAZ,MCO,
KAZ,MNG,
KAZ,MNE,
KAZ,MAR,
KAZ,MOZ,
KAZ,MMR,
KAZ,NAM,
KAZ,NRU,
KAZ,NPL,
KAZ,NLD,
KAZ,NZL,
KAZ,NIC,
KAZ,NER,
KAZ,NGA,
KAZ,PRK,
KAZ,MKD,
KAZ,NOR,
KAZ,OMN,
KAZ,PAK,
KAZ,PLW,
KAZ,PSE,
KAZ,PAN,
KAZ,PNG,
KAZ,PRY,
KAZ,PER,
KAZ,PHL,
KAZ,POL,
KAZ,PRT,
KAZ,QAT,
KAZ,ROU,
KAZ,RUS,
KAZ,RWA,
KAZ,KNA,
KAZ,LCA,
KAZ,WSM,
KAZ,SMR,
KAZ,STP,
KAZ,SAU,
KAZ,SEN,
KAZ,SRB,
KAZ,SYC,
KAZ,SLE,
KAZ,SGP,
KAZ,SVK,
KAZ,SVN,
KAZ,SLB,
KAZ,SOM,
KAZ,ZAF,
KAZ,KOR,
KAZ,SSD,
KAZ,ESP,
KAZ,LKA,
KAZ,VCT,
KAZ,SDN,
KAZ,SUR,
KAZ,SWE,
KAZ,CHE,
KAZ,SYR,
KAZ,TWN,
KAZ,TJK,
KAZ,TZA,
KAZ,THA,
KAZ,TLS,
KAZ,TGO,
KAZ,TON,
KAZ,TTO,
KAZ,TUN,
KAZ,TKM,
KAZ,TUV,
KAZ,TUR,
KAZ,UGA,
KAZ,UKR,
KAZ,ARE,
KAZ,GBR,
KAZ,USA,
KAZ,URY,
KAZ,UZB,
KAZ,VUT,
KAZ,VAT,
KAZ,VEN,
KAZ,VNM,
KAZ,YEM,
KAZ,ZMB,
KAZ,ZWE,
KAZ,AFG,
KEN,ALB,
KEN,DZA,
KEN,AND,
KEN,AGO,
KEN,ATG,
KEN,ARG,
KEN,ARM,
KEN,AUS,
KEN,AUT,
KEN,AZE,
KEN,BHS,
KEN,BHR,
KEN,BGD,
KEN,BRB,
KEN,BLR,
KEN,BEL,
KEN,BLZ,
KEN,BEN,
KEN,BTN,
KEN,BOL,
KEN,BIH,
KEN,BWA,
KEN,BRA,
KEN,BRN,
KEN,BGR,
KEN,BFA,
KEN,BDI,
KEN,KHM,
KEN,CMR,
KEN,CAN,
KEN,CPV,
KEN,CAF,
KEN,TCD,
KEN,CHL,
KEN,CHN,
KEN,COL,
KEN,COM,
KEN,COG,
KEN,COD,
KEN,CRI,
KEN,CIV,
KEN,HRV,
KEN,CUB,
KEN,CYP,
KEN,CZE,
KEN,DNK,
KEN,DJI,
KEN,DMA,
KEN,DOM,
KEN,ECU,
KEN,EGY,
KEN,SLV,
KEN,GNQ,
KEN,ERI,
KEN,EST,
KEN,SWZ,
KEN,ETH,
KEN,FJI,
KEN,FIN,
KEN,FRA,
KEN,GAB,
KEN,GMB,
KEN,GEO,
KEN,DEU,
KEN,GHA,
KEN,GRC,
KEN,GRD,
KEN,GTM,
KEN,GIN,
KEN,GNB,
KEN,GUY,
KEN,HTI,
KEN,HND,
KEN,HKG,
KEN,HUN,
KEN,ISL,
KEN,IND,
KEN,IDN,
KEN,IRN,
KEN,IRQ,
KEN,IRL,
KEN,ISR,
KEN,ITA,
KEN,JAM,
KEN,JPN,
KEN,JOR,
KEN,KAZ,
KEN,KEN,-1
KEN,KIR,
KEN,XKX,
KEN,KWT,
KEN,KGZ,
KEN,LAO,
KEN,LVA,
KEN,LBN,
KEN,LSO,
KEN,LBR,
KEN,LBY,
KEN,LIE,
KEN,LTU,
KEN,LUX,
KEN,MAC,
KEN,MDG,
KEN,MWI,
KEN,MYS,
KEN,MDV,
KEN,MLI,
KEN,MLT,
KEN,MHL,
KEN,MRT,
KEN,MUS,
KEN,MEX,
KEN,FSM,
KEN,MDA,
KEN,MCO,
KEN,MNG,
KEN,MNE,
KEN,MAR,
KEN,MOZ,
KEN,MMR,
KEN,NAM,
KEN,NRU,
KEN,NPL,
KEN,NLD,
KEN,NZL,
KEN,NIC,
KEN,NER,
KEN,NGA,
KEN,PRK,
KEN,MKD,
KEN,NOR,
KEN,OMN,
KEN,PAK,
KEN,PLW,
KEN,PSE,
KEN,PAN,
KEN,PNG,
KEN,PRY,
KEN,PER,
KEN,PHL,
KEN,POL,
KEN,PRT,
KEN,QAT,
KEN,ROU,
KEN,RUS,
KEN,RWA,
KEN,KNA,
KEN,LCA,
KEN,WSM,
KEN,SMR,
KEN,STP,
KEN,SAU,
KEN,SEN,
KEN,SRB,
KEN,SYC,
KEN,SLE,
KEN,SGP,
KEN,SVK,
KEN,SVN,
KEN,SLB,
KEN,SOM,
KEN,ZAF,
KEN,KOR,
KEN,SSD,
KEN,ESP,
KEN,LKA,
KEN,VCT,
KEN,SDN,
KEN,SUR,
KEN,SWE,
KEN,CHE,
KEN,SYR,
KEN,TWN,
KEN,TJK,
KEN,TZA,
KEN,THA,
KEN,TLS,
KEN,TGO,
KEN,TON,
KEN,TTO,
KEN,TUN,
KEN,TKM,
KEN,TUV,
KEN,TUR,
KEN,UGA,
KEN,UKR,
KEN,ARE,
KEN,GBR,
KEN,USA,
KEN,URY,
KEN,UZB,
KEN,VUT,
KEN,VAT,
KEN,VEN,
KEN,VNM,
KEN,YEM,
KEN,ZMB,
KEN,ZWE,
KEN,AFG,
KIR,ALB,
KIR,DZA,
KIR,AND,
KIR,AGO,
KIR,ATG,
KIR,ARG,
KIR,ARM,
KIR,AUS,
KIR,AUT,
KIR,AZE,
KIR,BHS,
KIR,BHR,
KIR,BGD,
KIR,BRB,
KIR,BLR,
KIR,BEL,
KIR,BLZ,
KIR,BEN,
KIR,BTN,
KIR,BOL,
KIR,BIH,
KIR,BWA,
KIR,BRA,
KIR,BRN,
KIR,BGR,
KIR,BFA,
KIR,BDI,
KIR,KHM,
KIR,CMR,
KIR,CAN,
KIR,CPV,
KIR,CAF,
KIR,TCD,
KIR,CHL,
KIR,CHN,
KIR,COL,
KIR,COM,
KIR,COG,
KIR,COD,
KIR,CRI,
KIR,CIV,
KIR,HRV,
KIR,CUB,
KIR,CYP,
KIR,CZE,
KIR,DNK,
KIR,DJI,
KIR,DMA,
KIR,DOM,
KIR,ECU,
KIR,EGY,
KIR,SLV,
KIR,GNQ,
KIR,ERI,
KIR,EST,
KIR,SWZ,
KIR,ETH,
KIR,FJI,
KIR,FIN,
KIR,FRA,
KIR,GAB,
KIR,GMB,
KIR,GEO,
KIR,DEU,
KIR,GHA,
KIR,GRC,
KIR,GRD,
KIR,GTM,
KIR,GIN,
KIR,GNB,
KIR,GUY,
KIR,HTI,
KIR,HND,
KIR,HKG,
KIR,HUN,
KIR,ISL,
KIR,IND,
KIR,IDN,
KIR,IRN,
KIR,IRQ,
KIR,IRL,
KIR,ISR,
KIR,ITA,
KIR,JAM,
KIR,JPN,
KIR,JOR,
KIR,KAZ,
KIR,KEN,
KIR,KIR,-1
KIR,XKX,
KIR,KWT,
KIR,KGZ,
KIR,LAO,
KIR,LVA,
KIR,LBN,
KIR,LSO,
KIR,LBR,
KIR,LBY,
KIR,LIE,
KIR,LTU,
KIR,LUX,
KIR,MAC,
KIR,MDG,
KIR,MWI,
KIR,MYS,
KIR,MDV,
KIR,MLI,
KIR,MLT,
KIR,MHL,
KIR,MRT,
KIR,MUS,
KIR,MEX,
KIR,FSM,
KIR,MDA,
KIR,MCO,
KIR,MNG,
KIR,MNE,
KIR,MAR,
KIR,MOZ,
KIR,MMR,
KIR,NAM,
KIR,NRU,
KIR,NPL,
KIR,NLD,
KIR,NZL,
KIR,NIC,
KIR,NER,
KIR,NGA,
KIR,PRK,
KIR,MKD,
KIR,NOR,
KIR,OMN,
KIR,PAK,
KIR,PLW,
KIR,PSE,
KIR,PAN,
KIR,PNG,
KIR,PRY,
KIR,PER,
KIR,PHL,
KIR,POL,
KIR,PRT,
KIR,QAT,
KIR,ROU,
KIR,RUS,
KIR,RWA,
KIR,KNA,
KIR,LCA,
KIR,WSM,
KIR,SMR,
KIR,STP,
KIR,SAU,
KIR,SEN,
KIR,SRB,
KIR,SYC,
KIR,SLE,
KIR,SGP,
KIR,SVK,
KIR,SVN,
KIR,SLB,
KIR,SOM,
KIR,ZAF,
KIR,KOR,
KIR,SSD,
KIR,ESP,
KIR,LKA,
KIR,VCT,
KIR,SDN,
KIR,SUR,
KIR,SWE,
KIR,CHE,
KIR,SYR,
KIR,TWN,
KIR,TJK,
KIR,TZA,
KIR,THA,
KIR,TLS,
KIR,TGO,
KIR,TON,
KIR,TTO,
KIR,TUN,
KIR,TKM,
KIR,TUV,
KIR,TUR,
KIR,UGA,
KIR,UKR,
KIR,ARE,
KIR,GBR,
KIR,USA,
KIR,URY,
KIR,UZB,
KIR,VUT,
KIR,VAT,
KIR,VEN,
KIR,VNM,
KIR,YEM,
KIR,ZMB,
KIR,ZWE,
KIR,AFG,
XKX,ALB,
XKX,DZA,
XKX,AND,
XKX,AGO,
XKX,ATG,
XKX,ARG,
XKX,ARM,
XKX,AUS,
XKX,AUT,
XKX,AZE,
XKX,BHS,
XKX,BHR,
XKX,BGD,
XKX,BRB,
XKX,BLR,
XKX,BEL,
XKX,BLZ,
XKX,BEN,
XKX,BTN,
XKX,BOL,
XKX,BIH,
XKX,BWA,
XKX,BRA,
XKX,BRN,
XKX,BGR,
XKX,BFA,
XKX,BDI,
XKX,KHM,
XKX,CMR,
XKX,CAN,
XKX,CPV,
XKX,CAF,
XKX,TCD,
XKX,CHL,
XKX,CHN,
XKX,COL,
XKX,COM,
XKX,COG,
XKX,COD,
XKX,CRI,
XKX,CIV,
XKX,HRV,
XKX,CUB,
XKX,CYP,
XKX,CZE,
XKX,DNK,
XKX,DJI,
XKX,DMA,
XKX,DOM,
XKX,ECU,
XKX,EGY,
XKX,SLV,
XKX,GNQ,
XKX,ERI,
XKX,EST,
XKX,SWZ,
XKX,ETH,
XKX,FJI,
XKX,FIN,
XKX,FRA,
XKX,GAB,
XKX,GMB,
XKX,GEO,
XKX,DEU,
XKX,GHA,
XKX,GRC,
XKX,GRD,
XKX,GTM,
XKX,GIN,
XKX,GNB,
XKX,GUY,
XKX,HTI,
XKX,HND,
XKX,HKG,
XKX,HUN,
XKX,ISL,
XKX,IND,
XKX,IDN,
XKX,IRN,
XKX,IRQ,
XKX,IRL,
XKX,ISR,
XKX,ITA,
XKX,JAM,
XKX,JPN,
XKX,JOR,
XKX,KAZ,
XKX,KEN,
XKX,KIR,
XKX,XKX,-1
XKX,KWT,
XKX,KGZ,
XKX,LAO,
XKX,LVA,
XKX,LBN,
XKX,LSO,
XKX,LBR,
XKX,LBY,
XKX,LIE,
XKX,LTU,
XKX,LUX,
XKX,MAC,
XKX,MDG,
XKX,MWI,
XKX,MYS,
XKX,MDV,
XKX,MLI,
XKX,MLT,
XKX,MHL,
XKX,MRT,
XKX,MUS,
XKX,MEX,
XKX,FSM,
XKX,MDA,
XKX,MCO,
XKX,MNG,
XKX,MNE,
XKX,MAR,
XKX,MOZ,
XKX,MMR,
XKX,NAM,
XKX,NRU,
XKX,NPL,
XKX,NLD,
XKX,NZL,
XKX,NIC,
XKX,NER,
XKX,NGA,
XKX,PRK,
XKX,MKD,
XKX,NOR,
XKX,OMN,
XKX,PAK,
XKX,PLW,
XKX,PSE,
XKX,PAN,
XKX,PNG,
XKX,PRY,
XKX,PER,
XKX,PHL,
XKX,POL,
XKX,PRT,
XKX,QAT,
XKX,ROU,
XKX,RUS,
XKX,RWA,
XKX,KNA,
XKX,LCA,
XKX,WSM,
XKX,SMR,
XKX,STP,
XKX,SAU,
XKX,SEN,
XKX,SRB,
XKX,SYC,
XKX,SLE,
XKX,SGP,
XKX,SVK,
XKX,SVN,
XKX,SLB,
XKX,SOM,
XKX,ZAF,
XKX,KOR,
XKX,SSD,
XKX,ESP,
XKX,LKA,
XKX,VCT,
XKX,SDN,
XKX,SUR,
XKX,SWE,
XKX,CHE,
XKX,SYR,
XKX,TWN,
XKX,TJK,
XKX,TZA,
XKX,THA,
XKX,TLS,
XKX,TGO,
XKX,TON,
XKX,TTO,
XKX,TUN,
XKX,TKM,
XKX,TUV,
XKX,TUR,
XKX,UGA,
XKX,UKR,
XKX,ARE,
XKX,GBR,
XKX,USA,
XKX,URY,
XKX,UZB,
XKX,VUT,
XKX,VAT,
XKX,VEN,
XKX,VNM,
XKX,YEM,
XKX,ZMB,
XKX,ZWE,
XKX,AFG,
KWT,ALB,
KWT,DZA,
KWT,AND,
KWT,AGO,
KWT,ATG,
KWT,ARG,
KWT,ARM,
KWT,AUS,
KWT,AUT,
KWT,AZE,
KWT,BHS,
KWT,BHR,
KWT,BGD,
KWT,BRB,
KWT,BLR,
KWT,BEL,
KWT,BLZ,
KWT,BEN,
KWT,BTN,
KWT,BOL,
KWT,BIH,
KWT,BWA,
KWT,BRA,
KWT,BRN,
KWT,BGR,
KWT,BFA,
KWT,BDI,
KWT,KHM,
KWT,CMR,
KWT,CAN,
KWT,CPV,
KWT,CAF,
KWT,TCD,
KWT,CHL,
KWT,CHN,
KWT,COL,
KWT,COM,
KWT,COG,
KWT,COD,
KWT,CRI,
KWT,CIV,
KWT,HRV,
KWT,CUB,
KWT,CYP,
KWT,CZE,
KWT,DNK,
KWT,DJI,
KWT,DMA,
KWT,DOM,
KWT,ECU,
KWT,EGY,
KWT,SLV,
KWT,GNQ,
KWT,ERI,
KWT,EST,
KWT,SWZ,
KWT,ETH,
KWT,FJI,
KWT,FIN,
KWT,FRA,
KWT,GAB,
KWT,GMB,
KWT,GEO,
KWT,DEU,
KWT,GHA,
KWT,GRC,
KWT,GRD,
KWT,GTM,
KWT,GIN,
KWT,GNB,
KWT,GUY,
KWT,HTI,
KWT,HND,
KWT,HKG,
KWT,HUN,
KWT,ISL,
KWT,IND,
KWT,IDN,
KWT,IRN,
KWT,IRQ,
KWT,IRL,
KWT,ISR,
KWT,ITA,
KWT,JAM,
KWT,JPN,
KWT,JOR,
KWT,KAZ,
KWT,KEN,
KWT,KIR,
KWT,XKX,
KWT,KWT,-1
KWT,KGZ,
KWT,LAO,
KWT,LVA,
KWT,LBN,
KWT,LSO,
KWT,LBR,
KWT,LBY,
KWT,LIE,
KWT,LTU,
KWT,LUX,
KWT,MAC,
KWT,MDG,
KWT,MWI,
KWT,MYS,
KWT,MDV,
KWT,MLI,
KWT,MLT,
KWT,MHL,
KWT,MRT,
KWT,MUS,
KWT,MEX,
KWT,FSM,
KWT,MDA,
KWT,MCO,
KWT,MNG,
KWT,MNE,
KWT,MAR,
KWT,MOZ,
KWT,MMR,
KWT,NAM,
KWT,NRU,
KWT,NPL,
KWT,NLD,
KWT,NZL,
KWT,NIC,
KWT,NER,
KWT,NGA,
KWT,PRK,
KWT,MKD,
KWT,NOR,
KWT,OMN,
KWT,PAK,
KWT,PLW,
KWT,PSE,
KWT,PAN,
KWT,PNG,
KWT,PRY,
KWT,PER,
KWT,PHL,
KWT,POL,
KWT,PRT,
KWT,QAT,
KWT,ROU,
KWT,RUS,
KWT,RWA,
KWT,KNA,
KWT,LCA,
KWT,WSM,
KWT,SMR,
KWT,STP,
KWT,SAU,
KWT,SEN,
KWT,SRB,
KWT,SYC,
KWT,SLE,
KWT,SGP,
KWT,SVK,
KWT,SVN,
KWT,SLB,
KWT,SOM,
KWT,ZAF,
KWT,KOR,
KWT,SSD,
KWT,ESP,
KWT,LKA,
KWT,VCT,
KWT,SDN,
KWT,SUR,
KWT,SWE,
KWT,CHE,
KWT,SYR,
KWT,TWN,
KWT,TJK,
KWT,TZA,
KWT,THA,
KWT,TLS,
KWT,TGO,
KWT,TON,
KWT,TTO,
KWT,TUN,
KWT,TKM,
KWT,TUV,
KWT,TUR,
KWT,UGA,
KWT,UKR,
KWT,ARE,
KWT,GBR,
KWT,USA,
KWT,URY,
KWT,UZB,
KWT,VUT,
KWT,VAT,
KWT,VEN,
KWT,VNM,
KWT,YEM,
KWT,ZMB,
KWT,ZWE,
KWT,AFG,
KGZ,ALB,
KGZ,DZA,
KGZ,AND,
KGZ,AGO,
KGZ,ATG,
KGZ,ARG,
KGZ,ARM,
KGZ,AUS,
KGZ,AUT,
KGZ,AZE,
KGZ,BHS,
KGZ,BHR,
KGZ,BGD,
KGZ,BRB,
KGZ,BLR,
KGZ,BEL,
KGZ,BLZ,
KGZ,BEN,
KGZ,BTN,
KGZ,BOL,
KGZ,BIH,
KGZ,BWA,
KGZ,BRA,
KGZ,BRN,
KGZ,BGR,
KGZ,BFA,
KGZ,BDI,
KGZ,KHM,
KGZ,CMR,
KGZ,CAN,
KGZ,CPV,
KGZ,CAF,
KGZ,TCD,
KGZ,CHL,
KGZ,CHN,
KGZ,COL,
KGZ,COM,
KGZ,COG,
KGZ,COD,
KGZ,CRI,
KGZ,CIV,
KGZ,HRV,
KGZ,CUB,
KGZ,CYP,
KGZ,CZE,
KGZ,DNK,
KGZ,DJI,
KGZ,DMA,
KGZ,DOM,
KGZ,ECU,
KGZ,EGY,
KGZ,SLV,
KGZ,GNQ,
KGZ,ERI,
KGZ,EST,
KGZ,SWZ,
KGZ,ETH,
KGZ,FJI,
KGZ,FIN,
KGZ,FRA,
KGZ,GAB,
KGZ,GMB,
KGZ,GEO,
KGZ,DEU,
KGZ,GHA,
KGZ,GRC,
KGZ,GRD,
KGZ,GTM,
KGZ,GIN,
KGZ,GNB,
KGZ,GUY,
KGZ,HTI,
KGZ,HND,
KGZ,HKG,
KGZ,HUN,
KGZ,ISL,
KGZ,IND,
KGZ,IDN,
KGZ,IRN,
KGZ,IRQ,
KGZ,IRL,
KGZ,ISR,
KGZ,ITA,
KGZ,JAM,
KGZ,JPN,
KGZ,JOR,
KGZ,KAZ,
KGZ,KEN,
KGZ,KIR,
KGZ,XKX,
KGZ,KWT,
KGZ,KGZ,-1
KGZ,LAO,
KGZ,LVA,
KGZ,LBN,
KGZ,LSO,
KGZ,LBR,
KGZ,LBY,
KGZ,LIE,
KGZ,LTU,
KGZ,LUX,
KGZ,MAC,
KGZ,MDG,
KGZ,MWI,
KGZ,MYS,
KGZ,MDV,
KGZ,MLI,
KGZ,MLT,
KGZ,MHL,
KGZ,MRT,
KGZ,MUS,
KGZ,MEX,
KGZ,FSM,
KGZ,MDA,
KGZ,MCO,
KGZ,MNG,
KGZ,MNE,
KGZ,MAR,
KGZ,MOZ,
KGZ,MMR,
KGZ,NAM,
KGZ,NRU,
KGZ,NPL,
KGZ,NLD,
KGZ,NZL,
KGZ,NIC,
KGZ,NER,
KGZ,NGA,
KGZ,PRK,
KGZ,MKD,
KGZ,NOR,
KGZ,OMN,
KGZ,PAK,
KGZ,PLW,
KGZ,PSE,
KGZ,PAN,
KGZ,PNG,
KGZ,PRY,
KGZ,PER,
KGZ,PHL,
KGZ,POL,
KGZ,PRT,
KGZ,QAT,
KGZ,ROU,
KGZ,RUS,
KGZ,RWA,
KGZ,KNA,
KGZ,LCA,
KGZ,WSM,
KGZ,SMR,
KGZ,STP,
KGZ,SAU,
KGZ,SEN,
KGZ,SRB,
KGZ,SYC,
KGZ,SLE,
KGZ,SGP,
KGZ,SVK,
KGZ,SVN,
KGZ,SLB,
KGZ,SOM,
KGZ,ZAF,
KGZ,KOR,
KGZ,SSD,
KGZ,ESP,
KGZ,LKA,
KGZ,VCT,
KGZ,SDN,
KGZ,SUR,
KGZ,SWE,
KGZ,CHE,
KGZ,SYR,
KGZ,TWN,
KGZ,TJK,
KGZ,TZA,
KGZ,THA,
KGZ,TLS,
KGZ,TGO,
KGZ,TON,
KGZ,TTO,
KGZ,TUN,
KGZ,TKM,
KGZ,TUV,
KGZ,TUR,
KGZ,UGA,
KGZ,UKR,
KGZ,ARE,
KGZ,GBR,
KGZ,USA,
KGZ,URY,
KGZ,UZB,
KGZ,VUT,
KGZ,VAT,
KGZ,VEN,
KGZ,VNM,
KGZ,YEM,
KGZ,ZMB,
KGZ,ZWE,
KGZ,AFG,
LAO,ALB,
LAO,DZA,
LAO,AND,
LAO,AGO,
LAO,ATG,
LAO,ARG,
LAO,ARM,
LAO,AUS,
LAO,AUT,
LAO,AZE,
LAO,BHS,
LAO,BHR,
LAO,BGD,
LAO,BRB,
LAO,BLR,
LAO,BEL,
LAO,BLZ,
LAO,BEN,
LAO,BTN,
LAO,BOL,
LAO,BIH,
LAO,BWA,
LAO,BRA,
LAO,BRN,
LAO,BGR,
LAO,BFA,
LAO,BDI,
LAO,KHM,
LAO,CMR,
LAO,CAN,
LAO,CPV,
LAO,CAF,
LAO,TCD,
LAO,CHL,
LAO,CHN,
LAO,COL,
LAO,COM,
LAO,COG,
LAO,COD,
LAO,CRI,
LAO,CIV,
LAO,HRV,
LAO,CUB,
LAO,CYP,
LAO,CZE,
LAO,DNK,
LAO,DJI,
LAO,DMA,
LAO,DOM,
LAO,ECU,
LAO,EGY,
LAO,SLV,
LAO,GNQ,
LAO,ERI,
LAO,EST,
LAO,SWZ,
LAO,ETH,
LAO,FJI,
LAO,FIN,
LAO,FRA,
LAO,GAB,
LAO,GMB,
LAO,GEO,
LAO,DEU,
LAO,GHA,
LAO,GRC,
LAO,GRD,
LAO,GTM,
LAO,GIN,
LAO,GNB,
LAO,GUY,
LAO,HTI,
LAO,HND,
LAO,HKG,
LAO,HUN,
LAO,ISL,
LAO,IND,
LAO,IDN,
LAO,IRN,
LAO,IRQ,
LAO,IRL,
LAO,ISR,
LAO,ITA,
LAO,JAM,
LAO,JPN,
LAO,JOR,
LAO,KAZ,
LAO,KEN,
LAO,KIR,
LAO,XKX,
LAO,KWT,
LAO,KGZ,
LAO,LAO,-1
LAO,LVA,
LAO,LBN,
LAO,LSO,
LAO,LBR,
LAO,LBY,
LAO,LIE,
LAO,LTU,
LAO,LUX,
LAO,MAC,
LAO,MDG,
LAO,MWI,
LAO,MYS,
LAO,MDV,
LAO,MLI,
LAO,MLT,
LAO,MHL,
LAO,MRT,
LAO,MUS,
LAO,MEX,
LAO,FSM,
LAO,MDA,
LAO,MCO,
LAO,MNG,
LAO,MNE,
LAO,MAR,
LAO,MOZ,
LAO,MMR,
LAO,NAM,
LAO,NRU,
LAO,NPL,
LAO,NLD,
LAO,NZL,
LAO,NIC,
LAO,NER,
LAO,NGA,
LAO,PRK,
LAO,MKD,
LAO,NOR,
LAO,OMN,
LAO,PAK,
LAO,PLW,
LAO,PSE,
LAO,PAN,
LAO,PNG,
LAO,PRY,
LAO,PER,
LAO,PHL,
LAO,POL,
LAO,PRT,
LAO,QAT,
LAO,ROU,
LAO,RUS,
LAO,RWA,
LAO,KNA,
LAO,LCA,
LAO,WSM,
LAO,SMR,
LAO,STP,
LAO,SAU,
LAO,SEN,
LAO,SRB,
LAO,SYC,
LAO,SLE,
LAO,SGP,
LAO,SVK,
LAO,SVN,
LAO,SLB,
LAO,SOM,
LAO,ZAF,
LAO,KOR,
LAO,SSD,
LAO,ESP,
LAO,LKA,
LAO,VCT,
LAO,SDN,
LAO,SUR,
LAO,SWE,
LAO,CHE,
LAO,SYR,
LAO,TWN,
LAO,TJK,
LAO,TZA,
LAO,THA,
LAO,TLS,
LAO,TGO,
LAO,TON,
LAO,TTO,
LAO,TUN,
LAO,TKM,
LAO,TUV,
LAO,TUR,
LAO,UGA,
LAO,UKR,
LAO,ARE,
LAO,GBR,
LAO,USA,
LAO,URY,
LAO,UZB,
LAO,VUT,
LAO,VAT,
LAO,VEN,
LAO,VNM,
LAO,YEM,
LAO,ZMB,
LAO,ZWE,
LAO,AFG,
LVA,ALB,
LVA,DZA,
LVA,AND,
LVA,AGO,
LVA,ATG,
LVA,ARG,
LVA,ARM,
LVA,AUS,
LVA,AUT,
LVA,AZE,
LVA,BHS,
LVA,BHR,
LVA,BGD,
LVA,BRB,
LVA,BLR,
LVA,BEL,
LVA,BLZ,
LVA,BEN,
LVA,BTN,
LVA,BOL,
LVA,BIH,
LVA,BWA,
LVA,BRA,
LVA,BRN,
LVA,BGR,
LVA,BFA,
LVA,BDI,
LVA,KHM,
LVA,CMR,
LVA,CAN,
LVA,CPV,
LVA,CAF,
LVA,TCD,
LVA,CHL,
LVA,CHN,
LVA,COL,
LVA,COM,
LVA,COG,
LVA,COD,
LVA,CRI,
LVA,CIV,
LVA,HRV,
LVA,CUB,
LVA,CYP,
LVA,CZE,
LVA,DNK,
LVA,DJI,
LVA,DMA,
LVA,DOM,
LVA,ECU,
LVA,EGY,
LVA,SLV,
LVA,GNQ,
LVA,ERI,
LVA,EST,
LVA,SWZ,
LVA,ETH,
LVA,FJI,
LVA,FIN,
LVA,FRA,
LVA,GAB,
LVA,GMB,
LVA,GEO,
LVA,DEU,
LVA,GHA,
LVA,GRC,
LVA,GRD,
LVA,GTM,
LVA,GIN,
LVA,GNB,
LVA,GUY,
LVA,HTI,
LVA,HND,
LVA,HKG,
LVA,HUN,
LVA,ISL,
LVA,IND,
LVA,IDN,
LVA,IRN,
LVA,IRQ,
LVA,IRL,
LVA,ISR,
LVA,ITA,
LVA,JAM,
LVA,JPN,
LVA,JOR,
LVA,KAZ,
LVA,KEN,
LVA,KIR,
LVA,XKX,
LVA,KWT,
LVA,KGZ,
LVA,LAO,
LVA,LVA,-1
LVA,LBN,
LVA,LSO,
LVA,LBR,
LVA,LBY,
LVA,LIE,
LVA,LTU,
LVA,LUX,
LVA,MAC,
LVA,MDG,
LVA,MWI,
LVA,MYS,
LVA,MDV,
LVA,MLI,
LVA,MLT,
LVA,MHL,
LVA,MRT,
LVA,MUS,
LVA,MEX,
LVA,FSM,
LVA,MDA,
LVA,MCO,
LVA,MNG,
LVA,MNE,
LVA,MAR,
LVA,MOZ,
LVA,MMR,
LVA,NAM,
LVA,NRU,
LVA,NPL,
LVA,NLD,
LVA,NZL,
LVA,NIC,
LVA,NER,
LVA,NGA,
LVA,PRK,
LVA,MKD,
LVA,NOR,
LVA,OMN,
LVA,PAK,
LVA,PLW,
LVA,PSE,
LVA,PAN,
LVA,PNG,
LVA,PRY,
LVA,PER,
LVA,PHL,
LVA,POL,
LVA,PRT,
LVA,QAT,
LVA,ROU,
LVA,RUS,
LVA,RWA,
LVA,KNA,
LVA,LCA,
LVA,WSM,
LVA,SMR,
LVA,STP,
LVA,SAU,
LVA,SEN,
LVA,SRB,
LVA,SYC,
LVA,SLE,
LVA,SGP,
LVA,SVK,
LVA,SVN,
LVA,SLB,
LVA,SOM,
LVA,ZAF,
LVA,KOR,
LVA,SSD,
LVA,ESP,
LVA,LKA,
LVA,VCT,
LVA,SDN,
LVA,SUR,
LVA,SWE,
LVA,CHE,
LVA,SYR,
LVA,TWN,
LVA,TJK,
LVA,TZA,
LVA,THA,
LVA,TLS,
LVA,TGO,
LVA,TON,
LVA,TTO,
LVA,TUN,
LVA,TKM,
LVA,TUV,
LVA,TUR,
LVA,UGA,
LVA,UKR,
LVA,ARE,
LVA,GBR,
LVA,USA,
LVA,URY,
LVA,UZB,
LVA,VUT,
LVA,VAT,
LVA,VEN,
LVA,VNM,
LVA,YEM,
LVA,ZMB,
LVA,ZWE,
LVA,AFG,
LBN,ALB,
LBN,DZA,
LBN,AND,
LBN,AGO,
LBN,ATG,
LBN,ARG,
LBN,ARM,
LBN,AUS,
LBN,AUT,
LBN,AZE,
LBN,BHS,
LBN,BHR,
LBN,BGD,
LBN,BRB,
LBN,BLR,
LBN,BEL,
LBN,BLZ,
LBN,BEN,
LBN,BTN,
LBN,BOL,
LBN,BIH,
LBN,BWA,
LBN,BRA,
LBN,BRN,
LBN,BGR,
LBN,BFA,
LBN,BDI,
LBN,KHM,
LBN,CMR,
LBN,CAN,
LBN,CPV,
LBN,CAF,
LBN,TCD,
LBN,CHL,
LBN,CHN,
LBN,COL,
LBN,COM,
LBN,COG,
LBN,COD,
LBN,CRI,
LBN,CIV,
LBN,HRV,
LBN,CUB,
LBN,CYP,
LBN,CZE,
LBN,DNK,
LBN,DJI,
LBN,DMA,
LBN,DOM,
LBN,ECU,
LBN,EGY,
LBN,SLV,
LBN,GNQ,
LBN,ERI,
LBN,EST,
LBN,SWZ,
LBN,ETH,
LBN,FJI,
LBN,FIN,
LBN,FRA,
LBN,GAB,
LBN,GMB,
LBN,GEO,
LBN,DEU,
LBN,GHA,
LBN,GRC,
LBN,GRD,
LBN,GTM,
LBN,GIN,
LBN,GNB,
LBN,GUY,
LBN,HTI,
LBN,HND,
LBN,HKG,
LBN,HUN,
LBN,ISL,
LBN,IND,
LBN,IDN,
LBN,IRN,
LBN,IRQ,
LBN,IRL,
LBN,ISR,
LBN,ITA,
LBN,JAM,
LBN,JPN,
LBN,JOR,
LBN,KAZ,
LBN,KEN,
LBN,KIR,
LBN,XKX,
LBN,KWT,
LBN,KGZ,
LBN,LAO,
LBN,LVA,
LBN,LBN,-1
LBN,LSO,
LBN,LBR,
LBN,LBY,
LBN,LIE,
LBN,LTU,
LBN,LUX,
LBN,MAC,
LBN,MDG,
LBN,MWI,
LBN,MYS,
LBN,MDV,
LBN,MLI,
LBN,MLT,
LBN,MHL,
LBN,MRT,
LBN,MUS,
LBN,MEX,
LBN,FSM,
LBN,MDA,
LBN,MCO,
LBN,MNG,
LBN,MNE,
LBN,MAR,
LBN,MOZ,
LBN,MMR,
LBN,NAM,
LBN,NRU,
LBN,NPL,
LBN,NLD,
LBN,NZL,
LBN,NIC,
LBN,NER,
LBN,NGA,
LBN,PRK,
LBN,MKD,
LBN,NOR,
LBN,OMN,
LBN,PAK,
LBN,PLW,
LBN,PSE,
LBN,PAN,
LBN,PNG,
LBN,PRY,
LBN,PER,
LBN,PHL,
LBN,POL,
LBN,PRT,
LBN,QAT,
LBN,ROU,
LBN,RUS,
LBN,RWA,
LBN,KNA,
LBN,LCA,
LBN,WSM,
LBN,SMR,
LBN,STP,
LBN,SAU,
LBN,SEN,
LBN,SRB,
LBN,SYC,
LBN,SLE,
LBN,SGP,
LBN,SVK,
LBN,SVN,
LBN,SLB,
LBN,SOM,
LBN,ZAF,
LBN,KOR,
LBN,SSD,
LBN,ESP,
LBN,LKA,
LBN,VCT,
LBN,SDN,
LBN,SUR,
LBN,SWE,
LBN,CHE,
LBN,SYR,
LBN,TWN,
LBN,TJK,
LBN,TZA,
LBN,THA,
LBN,TLS,
LBN,TGO,
LBN,TON,
LBN,TTO,
LBN,TUN,
LBN,TKM,
LBN,TUV,
LBN,TUR,
LBN,UGA,
LBN,UKR,
LBN,ARE,
LBN,GBR,
LBN,USA,
LBN,URY,
LBN,UZB,
LBN,VUT,
LBN,VAT,
LBN,VEN,
LBN,VNM,
LBN,YEM,
LBN,ZMB,
LBN,ZWE,
LBN,AFG,
LSO,ALB,
LSO,DZA,
LSO,AND,
LSO,AGO,
LSO,ATG,
LSO,ARG,
LSO,ARM,
LSO,AUS,
LSO,AUT,
LSO,AZE,
LSO,BHS,
LSO,BHR,
LSO,BGD,
LSO,BRB,
LSO,BLR,
LSO,BEL,
LSO,BLZ,
LSO,BEN,
LSO,BTN,
LSO,BOL,
LSO,BIH,
LSO,BWA,
LSO,BRA,
LSO,BRN,
LSO,BGR,
LSO,BFA,
LSO,BDI,
LSO,KHM,
LSO,CMR,
LSO,CAN,
LSO,CPV,
LSO,CAF,
LSO,TCD,
LSO,CHL,
LSO,CHN,
LSO,COL,
LSO,COM,
LSO,COG,
LSO,COD,
LSO,CRI,
LSO,CIV,
LSO,HRV,
LSO,CUB,
LSO,CYP,
LSO,CZE,
LSO,DNK,
LSO,DJI,
LSO,DMA,
LSO,DOM,
LSO,ECU,
LSO,EGY,
LSO,SLV,
LSO,GNQ,
LSO,ERI,
LSO,EST,
LSO,SWZ,
LSO,ETH,
LSO,FJI,
LSO,FIN,
LSO,FRA,
LSO,GAB,
LSO,GMB,
LSO,GEO,
LSO,DEU,
LSO,GHA,
LSO,GRC,
LSO,GRD,
LSO,GTM,
LSO,GIN,
LSO,GNB,
LSO,GUY,
LSO,HTI,
LSO,HND,
LSO,HKG,
LSO,HUN,
LSO,ISL,
LSO,IND,
LSO,IDN,
LSO,IRN,
LSO,IRQ,
LSO,IRL,
LSO,ISR,
LSO,ITA,
LSO,JAM,
LSO,JPN,
LSO,JOR,
LSO,KAZ,
LSO,KEN,
LSO,KIR,
LSO,XKX,
LSO,KWT,
LSO,KGZ,
LSO,LAO,
LSO,LVA,
LSO,LBN,
LSO,LSO,-1
LSO,LBR,
LSO,LBY,
LSO,LIE,
LSO,LTU,
LSO,LUX,
LSO,MAC,
LSO,MDG,
LSO,MWI,
LSO,MYS,
LSO,MDV,
LSO,MLI,
LSO,MLT,
LSO,MHL,
LSO,MRT,
LSO,MUS,
LSO,MEX,
LSO,FSM,
LSO,MDA,
LSO,MCO,
LSO,MNG,
LSO,MNE,
LSO,MAR,
LSO,MOZ,
LSO,MMR,
LSO,NAM,
LSO,NRU,
LSO,NPL,
LSO,NLD,
LSO,NZL,
LSO,NIC,
LSO,NER,
LSO,NGA,
LSO,PRK,
LSO,MKD,
LSO,NOR,
LSO,OMN,
LSO,PAK,
LSO,PLW,
LSO,PSE,
LSO,PAN,
LSO,PNG,
LSO,PRY,
LSO,PER,
LSO,PHL,
LSO,POL,
LSO,PRT,
LSO,QAT,
LSO,ROU,
LSO,RUS,
LSO,RWA,
LSO,KNA,
LSO,LCA,
LSO,WSM,
LSO,SMR,
LSO,STP,
LSO,SAU,
LSO,SEN,
LSO,SRB,
LSO,SYC,
LSO,SLE,
LSO,SGP,
LSO,SVK,
LSO,SVN,
LSO,SLB,
LSO,SOM,
LSO,ZAF,
LSO,KOR,
LSO,SSD,
LSO,ESP,
LSO,LKA,
LSO,VCT,
LSO,SDN,
LSO,SUR,
LSO,SWE,
LSO,CHE,
LSO,SYR,
LSO,TWN,
LSO,TJK,
LSO,TZA,
LSO,THA,
LSO,TLS,
LSO,TGO,
LSO,TON,
LSO,TTO,
LSO,TUN,
LSO,TKM,
LSO,TUV,
LSO,TUR,
LSO,UGA,
LSO,UKR,
LSO,ARE,
LSO,GBR,
LSO,USA,
LSO,URY,
LSO,UZB,
LSO,VUT,
LSO,VAT,
LSO,VEN,
LSO,VNM,
LSO,YEM,
LSO,ZMB,
LSO,ZWE,
LSO,AFG,
LBR,ALB,
LBR,DZA,
LBR,AND,
LBR,AGO,
LBR,ATG,
LBR,ARG,
LBR,ARM,
LBR,AUS,
LBR,AUT,
LBR,AZE,
LBR,BHS,
LBR,BHR,
LBR,BGD,
LBR,BRB,
LBR,BLR,
LBR,BEL,
LBR,BLZ,
LBR,BEN,
LBR,BTN,
LBR,BOL,
LBR,BIH,
LBR,BWA,
LBR,BRA,
LBR,BRN,
LBR,BGR,
LBR,BFA,
LBR,BDI,
LBR,KHM,
LBR,CMR,
LBR,CAN,
LBR,CPV,
LBR,CAF,
LBR,TCD,
LBR,CHL,
LBR,CHN,
LBR,COL,
LBR,COM,
LBR,COG,
LBR,COD,
LBR,CRI,
LBR,CIV,
LBR,HRV,
LBR,CUB,
LBR,CYP,
LBR,CZE,
LBR,DNK,
LBR,DJI,
LBR,DMA,
LBR,DOM,
LBR,ECU,
LBR,EGY,
LBR,SLV,
LBR,GNQ,
LBR,ERI,
LBR,EST,
LBR,SWZ,
LBR,ETH,
LBR,FJI,
LBR,FIN,
LBR,FRA,
LBR,GAB,
LBR,GMB,
LBR,GEO,
LBR,DEU,
LBR,GHA,
LBR,GRC,
LBR,GRD,
LBR,GTM,
LBR,GIN,
LBR,GNB,
LBR,GUY,
LBR,HTI,
LBR,HND,
LBR,HKG,
LBR,HUN,
LBR,ISL,
LBR,IND,
LBR,IDN,
LBR,IRN,
LBR,IRQ,
LBR,IRL,
LBR,ISR,
LBR,ITA,
LBR,JAM,
LBR,JPN,
LBR,JOR,
LBR,KAZ,
LBR,KEN,
LBR,KIR,
LBR,XKX,
LBR,KWT,
LBR,KGZ,
LBR,LAO,
LBR,LVA,
LBR,LBN,
LBR,LSO,
LBR,LBR,-1
LBR,LBY,
LBR,LIE,
LBR,LTU,
LBR,LUX,
LBR,MAC,
LBR,MDG,
LBR,MWI,
LBR,MYS,
LBR,MDV,
LBR,MLI,
LBR,MLT,
LBR,MHL,
LBR,MRT,
LBR,MUS,
LBR,MEX,
LBR,FSM,
LBR,MDA,
LBR,MCO,
LBR,MNG,
LBR,MNE,
LBR,MAR,
LBR,MOZ,
LBR,MMR,
LBR,NAM,
LBR,NRU,
LBR,NPL,
LBR,NLD,
LBR,NZL,
LBR,NIC,
LBR,NER,
LBR,NGA,
LBR,PRK,
LBR,MKD,
LBR,NOR,
LBR,OMN,
LBR,PAK,
LBR,PLW,
LBR,PSE,
LBR,PAN,
LBR,PNG,
LBR,PRY,
LBR,PER,
LBR,PHL,
LBR,POL,
LBR,PRT,
LBR,QAT,
LBR,ROU,
LBR,RUS,
LBR,RWA,
LBR,KNA,
LBR,LCA,
LBR,WSM,
LBR,SMR,
LBR,STP,
LBR,SAU,
LBR,SEN,
LBR,SRB,
LBR,SYC,
LBR,SLE,
LBR,SGP,
LBR,SVK,
LBR,SVN,
LBR,SLB,
LBR,SOM,
LBR,ZAF,
LBR,KOR,
LBR,SSD,
LBR,ESP,
LBR,LKA,
LBR,VCT,
LBR,SDN,
LBR,SUR,
LBR,SWE,
LBR,CHE,
LBR,SYR,
LBR,TWN,
LBR,TJK,
LBR,TZA,
LBR,THA,
LBR,TLS,
LBR,TGO,
LBR,TON,
LBR,TTO,
LBR,TUN,
LBR,TKM,
LBR,TUV,
LBR,TUR,
LBR,UGA,
LBR,UKR,
LBR,ARE,
LBR,GBR,
LBR,USA,
LBR,URY,
LBR,UZB,
LBR,VUT,
LBR,VAT,
LBR,VEN,
LBR,VNM,
LBR,YEM,
LBR,ZMB,
LBR,ZWE,
LBR,AFG,
LBY,ALB,
LBY,DZA,
LBY,AND,
LBY,AGO,
LBY,ATG,
LBY,ARG,
LBY,ARM,
LBY,AUS,
LBY,AUT,
LBY,AZE,
LBY,BHS,
LBY,BHR,
LBY,BGD,
LBY,BRB,
LBY,BLR,
LBY,BEL,
LBY,BLZ,
LBY,BEN,
LBY,BTN,
LBY,BOL,
LBY,BIH,
LBY,BWA,
LBY,BRA,
LBY,BRN,
LBY,BGR,
LBY,BFA,
LBY,BDI,
LBY,KHM,
LBY,CMR,
LBY,CAN,
LBY,CPV,
LBY,CAF,
LBY,TCD,
LBY,CHL,
LBY,CHN,
LBY,COL,
LBY,COM,
LBY,COG,
LBY,COD,
LBY,CRI,
LBY,CIV,
LBY,HRV,
LBY,CUB,
LBY,CYP,
LBY,CZE,
LBY,DNK,
LBY,DJI,
LBY,DMA,
LBY,DOM,
LBY,ECU,
LBY,EGY,
LBY,SLV,
LBY,GNQ,
LBY,ERI,
LBY,EST,
LBY,SWZ,
LBY,ETH,
LBY,FJI,
LBY,FIN,
LBY,FRA,
LBY,GAB,
LBY,GMB,
LBY,GEO,
LBY,DEU,
LBY,GHA,
LBY,GRC,
LBY,GRD,
LBY,GTM,
LBY,GIN,
LBY,GNB,
LBY,GUY,
LBY,HTI,
LBY,HND,
LBY,HKG,
LBY,HUN,
LBY,ISL,
LBY,IND,
LBY,IDN,
LBY,IRN,
LBY,IRQ,
LBY,IRL,
LBY,ISR,
LBY,ITA,
LBY,JAM,
LBY,JPN,
LBY,JOR,
LBY,KAZ,
LBY,KEN,
LBY,KIR,
LBY,XKX,
LBY,KWT,
LBY,KGZ,
LBY,LAO,
LBY,LVA,
LBY,LBN,
LBY,LSO,
LBY,LBR,
LBY,LBY,-1
LBY,LIE,
LBY,LTU,
LBY,LUX,
LBY,MAC,
LBY,MDG,
LBY,MWI,
LBY,MYS,
LBY,MDV,
LBY,MLI,
LBY,MLT,
LBY,MHL,
LBY,MRT,
LBY,MUS,
LBY,MEX,
LBY,FSM,
LBY,MDA,
LBY,MCO,
LBY,MNG,
LBY,MNE,
LBY,MAR,
LBY,MOZ,
LBY,MMR,
LBY,NAM,
LBY,NRU,
LBY,NPL,
LBY,NLD,
LBY,NZL,
LBY,NIC,
LBY,NER,
LBY,NGA,
LBY,PRK,
LBY,MKD,
LBY,NOR,
LBY,OMN,
LBY,PAK,
LBY,PLW,
LBY,PSE,
LBY,PAN,
LBY,PNG,
LBY,PRY,
LBY,PER,
LBY,PHL,
LBY,POL,
LBY,PRT,
LBY,QAT,
LBY,ROU,
LBY,RUS,
LBY,RWA,
LBY,KNA,
LBY,LCA,
LBY,WSM,
LBY,SMR,
LBY,STP,
LBY,SAU,
LBY,SEN,
LBY,SRB,
LBY,SYC,
LBY,SLE,
LBY,SGP,
LBY,SVK,
LBY,SVN,
LBY,SLB,
LBY,SOM,
LBY,ZAF,
LBY,KOR,
LBY,SSD,
LBY,ESP,
LBY,LKA,
LBY,VCT,
LBY,SDN,
LBY,SUR,
LBY,SWE,
LBY,CHE,
LBY,SYR,
LBY,TWN,
LBY,TJK,
LBY,TZA,
LBY,THA,
LBY,TLS,
LBY,TGO,
LBY,TON,
LBY,TTO,
LBY,TUN,
LBY,TKM,
LBY,TUV,
LBY,TUR,
LBY,UGA,
LBY,UKR,
LBY,ARE,
LBY,GBR,
LBY,USA,
LBY,URY,
LBY,UZB,
LBY,VUT,
LBY,VAT,
LBY,VEN,
LBY,VNM,
LBY,YEM,
LBY,ZMB,
LBY,ZWE,
LBY,AFG,
LIE,ALB,
LIE,DZA,
LIE,AND,
LIE,AGO,
LIE,ATG,
LIE,ARG,
LIE,ARM,
LIE,AUS,
LIE,AUT,
LIE,AZE,
LIE,BHS,
LIE,BHR,
LIE,BGD,
LIE,BRB,
LIE,BLR,
LIE,BEL,
LIE,BLZ,
LIE,BEN,
LIE,BTN,
LIE,BOL,
LIE,BIH,
LIE,BWA,
LIE,BRA,
LIE,BRN,
LIE,BGR,
LIE,BFA,
LIE,BDI,
LIE,KHM,
LIE,CMR,
LIE,CAN,
LIE,CPV,
LIE,CAF,
LIE,TCD,
LIE,CHL,
LIE,CHN,
LIE,COL,
LIE,COM,
LIE,COG,
LIE,COD,
LIE,CRI,
LIE,CIV,
LIE,HRV,
LIE,CUB,
LIE,CYP,
LIE,CZE,
LIE,DNK,
LIE,DJI,
LIE,DMA,
LIE,DOM,
LIE,ECU,
LIE,EGY,
LIE,SLV,
LIE,GNQ,
LIE,ERI,
LIE,EST,
LIE,SWZ,
LIE,ETH,
LIE,FJI,
LIE,FIN,
LIE,FRA,
LIE,GAB,
LIE,GMB,
LIE,GEO,
LIE,DEU,
LIE,GHA,
LIE,GRC,
LIE,GRD,
LIE,GTM,
LIE,GIN,
LIE,GNB,
LIE,GUY,
LIE,HTI,
LIE,HND,
LIE,HKG,
LIE,HUN,
LIE,ISL,
LIE,IND,
LIE,IDN,
LIE,IRN,
LIE,IRQ,
LIE,IRL,
LIE,ISR,
LIE,ITA,
LIE,JAM,
LIE,JPN,
LIE,JOR,
LIE,KAZ,
LIE,KEN,
LIE,KIR,
LIE,XKX,
LIE,KWT,
LIE,KGZ,
LIE,LAO,
LIE,LVA,
LIE,LBN,
LIE,LSO,
LIE,LBR,
LIE,LBY,
LIE,LIE,-1
LIE,LTU,
LIE,LUX,
LIE,MAC,
LIE,MDG,
LIE,MWI,
LIE,MYS,
LIE,MDV,
LIE,MLI,
LIE,MLT,
LIE,MHL,
LIE,MRT,
LIE,MUS,
LIE,MEX,
LIE,FSM,
LIE,MDA,
LIE,MCO,
LIE,MNG,
LIE,MNE,
LIE,MAR,
LIE,MOZ,
LIE,MMR,
LIE,NAM,
LIE,NRU,
LIE,NPL,
LIE,NLD,
LIE,NZL,
LIE,NIC,
LIE,NER,
LIE,NGA,
LIE,PRK,
LIE,MKD,
LIE,NOR,
LIE,OMN,
LIE,PAK,
LIE,PLW,
LIE,PSE,
LIE,PAN,
LIE,PNG,
LIE,PRY,
LIE,PER,
LIE,PHL,
LIE,POL,
LIE,PRT,
LIE,QAT,
LIE,ROU,
LIE,RUS,
LIE,RWA,
LIE,KNA,
LIE,LCA,
LIE,WSM,
LIE,SMR,
LIE,STP,
LIE,SAU,
LIE,SEN,
LIE,SRB,
LIE,SYC,
LIE,SLE,
LIE,SGP,
LIE,SVK,
LIE,SVN,
LIE,SLB,
LIE,SOM,
LIE,ZAF,
LIE,KOR,
LIE,SSD,
LIE,ESP,
LIE,LKA,
LIE,VCT,
LIE,SDN,
LIE,SUR,
LIE,SWE,
LIE,CHE,
LIE,SYR,
LIE,TWN,
LIE,TJK,
LIE,TZA,
LIE,THA,
LIE,TLS,
LIE,TGO,
LIE,TON,
LIE,TTO,
LIE,TUN,
LIE,TKM,
LIE,TUV,
LIE,TUR,
LIE,UGA,
LIE,UKR,
LIE,ARE,
LIE,GBR,
LIE,USA,
LIE,URY,
LIE,UZB,
LIE,VUT,
LIE,VAT,
LIE,VEN,
LIE,VNM,
LIE,YEM,
LIE,ZMB,
LIE,ZWE,
LIE,AFG,
LTU,ALB,
LTU,DZA,
LTU,AND,
LTU,AGO,
LTU,ATG,
LTU,ARG,
LTU,ARM,
LTU,AUS,
LTU,AUT,
LTU,AZE,
LTU,BHS,
LTU,BHR,
LTU,BGD,
LTU,BRB,
LTU,BLR,
LTU,BEL,
LTU,BLZ,
LTU,BEN,
LTU,BTN,
LTU,BOL,
LTU,BIH,
LTU,BWA,
LTU,BRA,
LTU,BRN,
LTU,BGR,
LTU,BFA,
LTU,BDI,
LTU,KHM,
LTU,CMR,
LTU,CAN,
LTU,CPV,
LTU,CAF,
LTU,TCD,
LTU,CHL,
LTU,CHN,
LTU,COL,
LTU,COM,
LTU,COG,
LTU,COD,
LTU,CRI,
LTU,CIV,
LTU,HRV,
LTU,CUB,
LTU,CYP,
LTU,CZE,
LTU,DNK,
LTU,DJI,
LTU,DMA,
LTU,DOM,
LTU,ECU,
LTU,EGY,
LTU,SLV,
LTU,GNQ,
LTU,ERI,
LTU,EST,
LTU,SWZ,
LTU,ETH,
LTU,FJI,
LTU,FIN,
LTU,FRA,
LTU,GAB,
LTU,GMB,
LTU,GEO,
LTU,DEU,
LTU,GHA,
LTU,GRC,
LTU,GRD,
LTU,GTM,
LTU,GIN,
LTU,GNB,
LTU,GUY,
LTU,HTI,
LTU,HND,
LTU,HKG,
LTU,HUN,
LTU,ISL,
LTU,IND,
LTU,IDN,
LTU,IRN,
LTU,IRQ,
LTU,IRL,
LTU,ISR,
LTU,ITA,
LTU,JAM,
LTU,JPN,
LTU,JOR,
LTU,KAZ,
LTU,KEN,
LTU,KIR,
LTU,XKX,
LTU,KWT,
LTU,KGZ,
LTU,LAO,
LTU,LVA,
LTU,LBN,
LTU,LSO,
LTU,LBR,
LTU,LBY,
LTU,LIE,
LTU,LTU,-1
LTU,LUX,
LTU,MAC,
LTU,MDG,
LTU,MWI,
LTU,MYS,
LTU,MDV,
LTU,MLI,
LTU,MLT,
LTU,MHL,
LTU,MRT,
LTU,MUS,
LTU,MEX,
LTU,FSM,
LTU,MDA,
LTU,MCO,
LTU,MNG,
LTU,MNE,
LTU,MAR,
LTU,MOZ,
LTU,MMR,
LTU,NAM,
LTU,NRU,
LTU,NPL,
LTU,NLD,
LTU,NZL,
LTU,NIC,
LTU,NER,
LTU,NGA,
LTU,PRK,
LTU,MKD,
LTU,NOR,
LTU,OMN,
LTU,PAK,
LTU,PLW,
LTU,PSE,
LTU,PAN,
LTU,PNG,
LTU,PRY,
LTU,PER,
LTU,PHL,
LTU,POL,
LTU,PRT,
LTU,QAT,
LTU,ROU,
LTU,RUS,
LTU,RWA,
LTU,KNA,
LTU,LCA,
LTU,WSM,
LTU,SMR,
LTU,STP,
LTU,SAU,
LTU,SEN,
LTU,SRB,
LTU,SYC,
LTU,SLE,
LTU,SGP,
LTU,SVK,
LTU,SVN,
LTU,SLB,
LTU,SOM,
LTU,ZAF,
LTU,KOR,
LTU,SSD,
LTU,ESP,
LTU,LKA,
LTU,VCT,
LTU,SDN,
LTU,SUR,
LTU,SWE,
LTU,CHE,
LTU,SYR,
LTU,TWN,
LTU,TJK,
LTU,TZA,
LTU,THA,
LTU,TLS,
LTU,TGO,
LTU,TON,
LTU,TTO,
LTU,TUN,
LTU,TKM,
LTU,TUV,
LTU,TUR,
LTU,UGA,
LTU,UKR,
LTU,ARE,
LTU,GBR,
LTU,USA,
LTU,URY,
LTU,UZB,
LTU,VUT,
LTU,VAT,
LTU,VEN,
LTU,VNM,
LTU,YEM,
LTU,ZMB,
LTU,ZWE,
LTU,AFG,
LUX,ALB,
LUX,DZA,
LUX,AND,
LUX,AGO,
LUX,ATG,
LUX,ARG,
LUX,ARM,
LUX,AUS,
LUX,AUT,
LUX,AZE,
LUX,BHS,
LUX,BHR,
LUX,BGD,
LUX,BRB,
LUX,BLR,
LUX,BEL,
LUX,BLZ,
LUX,BEN,
LUX,BTN,
LUX,BOL,
LUX,BIH,
LUX,BWA,
LUX,BRA,
LUX,BRN,
LUX,BGR,
LUX,BFA,
LUX,BDI,
LUX,KHM,
LUX,CMR,
LUX,CAN,
LUX,CPV,
LUX,CAF,
LUX,TCD,
LUX,CHL,
LUX,CHN,
LUX,COL,
LUX,COM,
LUX,COG,
LUX,COD,
LUX,CRI,
LUX,CIV,
LUX,HRV,
LUX,CUB,
LUX,CYP,
LUX,CZE,
LUX,DNK,
LUX,DJI,
LUX,DMA,
LUX,DOM,
LUX,ECU,
LUX,EGY,
LUX,SLV,
LUX,GNQ,
LUX,ERI,
LUX,EST,
LUX,SWZ,
LUX,ETH,
LUX,FJI,
LUX,FIN,
LUX,FRA,
LUX,GAB,
LUX,GMB,
LUX,GEO,
LUX,DEU,
LUX,GHA,
LUX,GRC,
LUX,GRD,
LUX,GTM,
LUX,GIN,
LUX,GNB,
LUX,GUY,
LUX,HTI,
LUX,HND,
LUX,HKG,
LUX,HUN,
LUX,ISL,
LUX,IND,
LUX,IDN,
LUX,IRN,
LUX,IRQ,
LUX,IRL,
LUX,ISR,
LUX,ITA,
LUX,JAM,
LUX,JPN,
LUX,JOR,
LUX,KAZ,
LUX,KEN,
LUX,KIR,
LUX,XKX,
LUX,KWT,
LUX,KGZ,
LUX,LAO,
LUX,LVA,
LUX,LBN,
LUX,LSO,
LUX,LBR,
LUX,LBY,
LUX,LIE,
LUX,LTU,
LUX,LUX,-1
LUX,MAC,
LUX,MDG,
LUX,MWI,
LUX,MYS,
LUX,MDV,
LUX,MLI,
LUX,MLT,
LUX,MHL,
LUX,MRT,
LUX,MUS,
LUX,MEX,
LUX,FSM,
LUX,MDA,
LUX,MCO,
LUX,MNG,
LUX,MNE,
LUX,MAR,
LUX,MOZ,
LUX,MMR,
LUX,NAM,
LUX,NRU,
LUX,NPL,
LUX,NLD,
LUX,NZL,
LUX,NIC,
LUX,NER,
LUX,NGA,
LUX,PRK,
LUX,MKD,
LUX,NOR,
LUX,OMN,
LUX,PAK,
LUX,PLW,
LUX,PSE,
LUX,PAN,
LUX,PNG,
LUX,PRY,
LUX,PER,
LUX,PHL,
LUX,POL,
LUX,PRT,
LUX,QAT,
LUX,ROU,
LUX,RUS,
LUX,RWA,
LUX,KNA,
LUX,LCA,
LUX,WSM,
LUX,SMR,
LUX,STP,
LUX,SAU,
LUX,SEN,
LUX,SRB,
LUX,SYC,
LUX,SLE,
LUX,SGP,
LUX,SVK,
LUX,SVN,
LUX,SLB,
LUX,SOM,
LUX,ZAF,
LUX,KOR,
LUX,SSD,
LUX,ESP,
LUX,LKA,
LUX,VCT,
LUX,SDN,
LUX,SUR,
LUX,SWE,
LUX,CHE,
LUX,SYR,
LUX,TWN,
LUX,TJK,
LUX,TZA,
LUX,THA,
LUX,TLS,
LUX,TGO,
LUX,TON,
LUX,TTO,
LUX,TUN,
LUX,TKM,
LUX,TUV,
LUX,TUR,
LUX,UGA,
LUX,UKR,
LUX,ARE,
LUX,GBR,
LUX,USA,
LUX,URY,
LUX,UZB,
LUX,VUT,
LUX,VAT,
LUX,VEN,
LUX,VNM,
LUX,YEM,
LUX,ZMB,
LUX,ZWE,
LUX,AFG,
MAC,ALB,
MAC,DZA,
MAC,AND,
MAC,AGO,
MAC,ATG,
MAC,ARG,
MAC,ARM,
MAC,AUS,
MAC,AUT,
MAC,AZE,
MAC,BHS,
MAC,BHR,
MAC,BGD,
MAC,BRB,
MAC,BLR,
MAC,BEL,
MAC,BLZ,
MAC,BEN,
MAC,BTN,
MAC,BOL,
MAC,BIH,
MAC,BWA,
MAC,BRA,
MAC,BRN,
MAC,BGR,
MAC,BFA,
MAC,BDI,
MAC,KHM,
MAC,CMR,
MAC,CAN,
MAC,CPV,
MAC,CAF,
MAC,TCD,
MAC,CHL,
MAC,CHN,
MAC,COL,
MAC,COM,
MAC,COG,
MAC,COD,
MAC,CRI,
MAC,CIV,
MAC,HRV,
MAC,CUB,
MAC,CYP,
MAC,CZE,
MAC,DNK,
MAC,DJI,
MAC,DMA,
MAC,DOM,
MAC,ECU,
MAC,EGY,
MAC,SLV,
MAC,GNQ,
MAC,ERI,
MAC,EST,
MAC,SWZ,
MAC,ETH,
MAC,FJI,
MAC,FIN,
MAC,FRA,
MAC,GAB,
MAC,GMB,
MAC,GEO,
MAC,DEU,
MAC,GHA,
MAC,GRC,
MAC,GRD,
MAC,GTM,
MAC,GIN,
MAC,GNB,
MAC,GUY,
MAC,HTI,
MAC,HND,
MAC,HKG,
MAC,HUN,
MAC,ISL,
MAC,IND,
MAC,IDN,
MAC,IRN,
MAC,IRQ,
MAC,IRL,
MAC,ISR,
MAC,ITA,
MAC,JAM,
MAC,JPN,
MAC,JOR,
MAC,KAZ,
MAC,KEN,
MAC,KIR,
MAC,XKX,
MAC,KWT,
MAC,KGZ,
MAC,LAO,
MAC,LVA,
MAC,LBN,
MAC,LSO,
MAC,LBR,
MAC,LBY,
MAC,LIE,
MAC,LTU,
MAC,LUX,
MAC,MAC,-1
MAC,MDG,
MAC,MWI,
MAC,MYS,
MAC,MDV,
MAC,MLI,
MAC,MLT,
MAC,MHL,
MAC,MRT,
MAC,MUS,
MAC,MEX,
MAC,FSM,
MAC,MDA,
MAC,MCO,
MAC,MNG,
MAC,MNE,
MAC,MAR,
MAC,MOZ,
MAC,MMR,
MAC,NAM,
MAC,NRU,
MAC,NPL,
MAC,NLD,
MAC,NZL,
MAC,NIC,
MAC,NER,
MAC,NGA,
MAC,PRK,
MAC,MKD,
MAC,NOR,
MAC,OMN,
MAC,PAK,
MAC,PLW,
MAC,PSE,
MAC,PAN,
MAC,PNG,
MAC,PRY,
MAC,PER,
MAC,PHL,
MAC,POL,
MAC,PRT,
MAC,QAT,
MAC,ROU,
MAC,RUS,
MAC,RWA,
MAC,KNA,
MAC,LCA,
MAC,WSM,
MAC,SMR,
MAC,STP,
MAC,SAU,
MAC,SEN,
MAC,SRB,
MAC,SYC,
MAC,SLE,
MAC,SGP,
MAC,SVK,
MAC,SVN,
MAC,SLB,
MAC,SOM,
MAC,ZAF,
MAC,KOR,
MAC,SSD,
MAC,ESP,
MAC,LKA,
MAC,VCT,
MAC,SDN,
MAC,SUR,
MAC,SWE,
MAC,CHE,
MAC,SYR,
MAC,TWN,
MAC,TJK,
MAC,TZA,
MAC,THA,
MAC,TLS,
MAC,TGO,
MAC,TON,
MAC,TTO,
MAC,TUN,
MAC,TKM,
MAC,TUV,
MAC,TUR,
MAC,UGA,
MAC,UKR,
MAC,ARE,
MAC,GBR,
MAC,USA,
MAC,URY,
MAC,UZB,
MAC,VUT,
MAC,VAT,
MAC,VEN,
MAC,VNM,
MAC,YEM,
MAC,ZMB,
MAC,ZWE,
MAC,AFG,
MDG,ALB,
MDG,DZA,
MDG,AND,
MDG,AGO,
MDG,ATG,
MDG,ARG,
MDG,ARM,
MDG,AUS,
MDG,AUT,
MDG,AZE,
MDG,BHS,
MDG,BHR,
MDG,BGD,
MDG,BRB,
MDG,BLR,
MDG,BEL,
MDG,BLZ,
MDG,BEN,
MDG,BTN,
MDG,BOL,
MDG,BIH,
MDG,BWA,
MDG,BRA,
MDG,BRN,
MDG,BGR,
MDG,BFA,
MDG,BDI,
MDG,KHM,
MDG,CMR,
MDG,CAN,
MDG,CPV,
MDG,CAF,
MDG,TCD,
MDG,CHL,
MDG,CHN,
MDG,COL,
MDG,COM,
MDG,COG,
MDG,COD,
MDG,CRI,
MDG,CIV,
MDG,HRV,
MDG,CUB,
MDG,CYP,
MDG,CZE,
MDG,DNK,
MDG,DJI,
MDG,DMA,
MDG,DOM,
MDG,ECU,
MDG,EGY,
MDG,SLV,
MDG,GNQ,
MDG,ERI,
MDG,EST,
MDG,SWZ,
MDG,ETH,
MDG,FJI,
MDG,FIN,
MDG,FRA,
MDG,GAB,
MDG,GMB,
MDG,GEO,
MDG,DEU,
MDG,GHA,
MDG,GRC,
MDG,GRD,
MDG,GTM,
MDG,GIN,
MDG,GNB,
MDG,GUY,
MDG,HTI,
MDG,HND,
MDG,HKG,
MDG,HUN,
MDG,ISL,
MDG,IND,
MDG,IDN,
MDG,IRN,
MDG,IRQ,
MDG,IRL,
MDG,ISR,
MDG,ITA,
MDG,JAM,
MDG,JPN,
MDG,JOR,
MDG,KAZ,
MDG,KEN,
MDG,KIR,
MDG,XKX,
MDG,KWT,
MDG,KGZ,
MDG,LAO,
MDG,LVA,
MDG,LBN,
MDG,LSO,
MDG,LBR,
MDG,LBY,
MDG,LIE,
MDG,LTU,
MDG,LUX,
MDG,MAC,
MDG,MDG,-1
MDG,MWI,
MDG,MYS,
MDG,MDV,
MDG,MLI,
MDG,MLT,
MDG,MHL,
MDG,MRT,
MDG,MUS,
MDG,MEX,
MDG,FSM,
MDG,MDA,
MDG,MCO,
MDG,MNG,
MDG,MNE,
MDG,MAR,
MDG,MOZ,
MDG,MMR,
MDG,NAM,
MDG,NRU,
MDG,NPL,
MDG,NLD,
MDG,NZL,
MDG,NIC,
MDG,NER,
MDG,NGA,
MDG,PRK,
MDG,MKD,
MDG,NOR,
MDG,OMN,
MDG,PAK,
MDG,PLW,
MDG,PSE,
MDG,PAN,
MDG,PNG,
MDG,PRY,
MDG,PER,
MDG,PHL,
MDG,POL,
MDG,PRT,
MDG,QAT,
MDG,ROU,
MDG,RUS,
MDG,RWA,
MDG,KNA,
MDG,LCA,
MDG,WSM,
MDG,SMR,
MDG,STP,
MDG,SAU,
MDG,SEN,
MDG,SRB,
MDG,SYC,
MDG,SLE,
MDG,SGP,
MDG,SVK,
MDG,SVN,
MDG,SLB,
MDG,SOM,
MDG,ZAF,
MDG,KOR,
MDG,SSD,
MDG,ESP,
MDG,LKA,
MDG,VCT,
MDG,SDN,
MDG,SUR,
MDG,SWE,
MDG,CHE,
MDG,SYR,
MDG,TWN,
MDG,TJK,
MDG,TZA,
MDG,THA,
MDG,TLS,
MDG,TGO,
MDG,TON,
MDG,TTO,
MDG,TUN,
MDG,TKM,
MDG,TUV,
MDG,TUR,
MDG,UGA,
MDG,UKR,
MDG,ARE,
MDG,GBR,
MDG,USA,
MDG,URY,
MDG,UZB,
MDG,VUT,
MDG,VAT,
MDG,VEN,
MDG,VNM,
MDG,YEM,
MDG,ZMB,
MDG,ZWE,
MDG,AFG,
MWI,ALB,
MWI,DZA,
MWI,AND,
MWI,AGO,
MWI,ATG,
MWI,ARG,
MWI,ARM,
MWI,AUS,
MWI,AUT,
MWI,AZE,
MWI,BHS,
MWI,BHR,
MWI,BGD,
MWI,BRB,
MWI,BLR,
MWI,BEL,
MWI,BLZ,
MWI,BEN,
MWI,BTN,
MWI,BOL,
MWI,BIH,
MWI,BWA,
MWI,BRA,
MWI,BRN,
MWI,BGR,
MWI,BFA,
MWI,BDI,
MWI,KHM,
MWI,CMR,
MWI,CAN,
MWI,CPV,
MWI,CAF,
MWI,TCD,
MWI,CHL,
MWI,CHN,
MWI,COL,
MWI,COM,
MWI,COG,
MWI,COD,
MWI,CRI,
MWI,CIV,
MWI,HRV,
MWI,CUB,
MWI,CYP,
MWI,CZE,
MWI,DNK,
MWI,DJI,
MWI,DMA,
MWI,DOM,
MWI,ECU,
MWI,EGY,
MWI,SLV,
MWI,GNQ,
MWI,ERI,
MWI,EST,
MWI,SWZ,
MWI,ETH,
MWI,FJI,
MWI,FIN,
MWI,FRA,
MWI,GAB,
MWI,GMB,
MWI,GEO,
MWI,DEU,
MWI,GHA,
MWI,GRC,
MWI,GRD,
MWI,GTM,
MWI,GIN,
MWI,GNB,
MWI,GUY,
MWI,HTI,
MWI,HND,
MWI,HKG,
MWI,HUN,
MWI,ISL,
MWI,IND,
MWI,IDN,
MWI,IRN,
MWI,IRQ,
MWI,IRL,
MWI,ISR,
MWI,ITA,
MWI,JAM,
MWI,JPN,
MWI,JOR,
MWI,KAZ,
MWI,KEN,
MWI,KIR,
MWI,XKX,
MWI,KWT,
MWI,KGZ,
MWI,LAO,
MWI,LVA,
MWI,LBN,
MWI,LSO,
MWI,LBR,
MWI,LBY,
MWI,LIE,
MWI,LTU,
MWI,LUX,
MWI,MAC,
MWI,MDG,
MWI,MWI,-1
MWI,MYS,
MWI,MDV,
MWI,MLI,
MWI,MLT,
MWI,MHL,
MWI,MRT,
MWI,MUS,
MWI,MEX,
MWI,FSM,
MWI,MDA,
MWI,MCO,
MWI,MNG,
MWI,MNE,
MWI,MAR,
MWI,MOZ,
MWI,MMR,
MWI,NAM,
MWI,NRU,
MWI,NPL,
MWI,NLD,
MWI,NZL,
MWI,NIC,
MWI,NER,
MWI,NGA,
MWI,PRK,
MWI,MKD,
MWI,NOR,
MWI,OMN,
MWI,PAK,
MWI,PLW,
MWI,PSE,
MWI,PAN,
MWI,PNG,
MWI,PRY,
MWI,PER,
MWI,PHL,
MWI,POL,
MWI,PRT,
MWI,QAT,
MWI,ROU,
MWI,RUS,
MWI,RWA,
MWI,KNA,
MWI,LCA,
MWI,WSM,
MWI,SMR,
MWI,STP,
MWI,SAU,
MWI,SEN,
MWI,SRB,
MWI,SYC,
MWI,SLE,
MWI,SGP,
MWI,SVK,
MWI,SVN,
MWI,SLB,
MWI,SOM,
MWI,ZAF,
MWI,KOR,
MWI,SSD,
MWI,ESP,
MWI,LKA,
MWI,VCT,
MWI,SDN,
MWI,SUR,
MWI,SWE,
MWI,CHE,
MWI,SYR,
MWI,TWN,
MWI,TJK,
MWI,TZA,
MWI,THA,
MWI,TLS,
MWI,TGO,
MWI,TON,
MWI,TTO,
MWI,TUN,
MWI,TKM,
MWI,TUV,
MWI,TUR,
MWI,UGA,
MWI,UKR,
MWI,ARE,
MWI,GBR,
MWI,USA,
MWI,URY,
MWI,UZB,
MWI,VUT,
MWI,VAT,
MWI,VEN,
MWI,VNM,
MWI,YEM,
MWI,ZMB,
MWI,ZWE,
MWI,AFG,
MYS,ALB,
MYS,DZA,
MYS,AND,
MYS,AGO,
MYS,ATG,
MYS,ARG,
MYS,ARM,
MYS,AUS,
MYS,AUT,
MYS,AZE,
MYS,BHS,
MYS,BHR,
MYS,BGD,
MYS,BRB,
MYS,BLR,
MYS,BEL,
MYS,BLZ,
MYS,BEN,
MYS,BTN,
MYS,BOL,
MYS,BIH,
MYS,BWA,
MYS,BRA,
MYS,BRN,
MYS,BGR,
MYS,BFA,
MYS,BDI,
MYS,KHM,
MYS,CMR,
MYS,CAN,
MYS,CPV,
MYS,CAF,
MYS,TCD,
MYS,CHL,
MYS,CHN,
MYS,COL,
MYS,COM,
MYS,COG,
MYS,COD,
MYS,CRI,
MYS,CIV,
MYS,HRV,
MYS,CUB,
MYS,CYP,
MYS,CZE,
MYS,DNK,
MYS,DJI,
MYS,DMA,
MYS,DOM,
MYS,ECU,
MYS,EGY,
MYS,SLV,
MYS,GNQ,
MYS,ERI,
MYS,EST,
MYS,SWZ,
MYS,ETH,
MYS,FJI,
MYS,FIN,
MYS,FRA,
MYS,GAB,
MYS,GMB,
MYS,GEO,
MYS,DEU,
MYS,GHA,
MYS,GRC,
MYS,GRD,
MYS,GTM,
MYS,GIN,
MYS,GNB,
MYS,GUY,
MYS,HTI,
MYS,HND,
MYS,HKG,
MYS,HUN,
MYS,ISL,
MYS,IND,
MYS,IDN,
MYS,IRN,
MYS,IRQ,
MYS,IRL,
MYS,ISR,
MYS,ITA,
MYS,JAM,
MYS,JPN,
MYS,JOR,
MYS,KAZ,
MYS,KEN,
MYS,KIR,
MYS,XKX,
MYS,KWT,
MYS,KGZ,
MYS,LAO,
MYS,LVA,
MYS,LBN,
MYS,LSO,
MYS,LBR,
MYS,LBY,
MYS,LIE,
MYS,LTU,
MYS,LUX,
MYS,MAC,
MYS,MDG,
MYS,MWI,
MYS,MYS,-1
MYS,MDV,
MYS,MLI,
MYS,MLT,
MYS,MHL,
MYS,MRT,
MYS,MUS,
MYS,MEX,
MYS,FSM,
MYS,MDA,
MYS,MCO,
MYS,MNG,
MYS,MNE,
MYS,MAR,
MYS,MOZ,
MYS,MMR,
MYS,NAM,
MYS,NRU,
MYS,NPL,
MYS,NLD,
MYS,NZL,
MYS,NIC,
MYS,NER,
MYS,NGA,
MYS,PRK,
MYS,MKD,
MYS,NOR,
MYS,OMN,
MYS,PAK,
MYS,PLW,
MYS,PSE,
MYS,PAN,
MYS,PNG,
MYS,PRY,
MYS,PER,
MYS,PHL,
MYS,POL,
MYS,PRT,
MYS,QAT,
MYS,ROU,
MYS,RUS,
MYS,RWA,
MYS,KNA,
MYS,LCA,
MYS,WSM,
MYS,SMR,
MYS,STP,
MYS,SAU,
MYS,SEN,
MYS,SRB,
MYS,SYC,
MYS,SLE,
MYS,SGP,
MYS,SVK,
MYS,SVN,
MYS,SLB,
MYS,SOM,
MYS,ZAF,
MYS,KOR,
MYS,SSD,
MYS,ESP,
MYS,LKA,
MYS,VCT,
MYS,SDN,
MYS,SUR,
MYS,SWE,
MYS,CHE,
MYS,SYR,
MYS,TWN,
MYS,TJK,
MYS,TZA,
MYS,THA,
MYS,TLS,
MYS,TGO,
MYS,TON,
MYS,TTO,
MYS,TUN,
MYS,TKM,
MYS,TUV,
MYS,TUR,
MYS,UGA,
MYS,UKR,
MYS,ARE,
MYS,GBR,
MYS,USA,
MYS,URY,
MYS,UZB,
MYS,VUT,
MYS,VAT,
MYS,VEN,
MYS,VNM,
MYS,YEM,
MYS,ZMB,
MYS,ZWE,
MYS,AFG,
MDV,ALB,
MDV,DZA,
MDV,AND,
MDV,AGO,
MDV,ATG,
MDV,ARG,
MDV,ARM,
MDV,AUS,
MDV,AUT,
MDV,AZE,
MDV,BHS,
MDV,BHR,
MDV,BGD,
MDV,BRB,
MDV,BLR,
MDV,BEL,
MDV,BLZ,
MDV,BEN,
MDV,BTN,
MDV,BOL,
MDV,BIH,
MDV,BWA,
MDV,BRA,
MDV,BRN,
MDV,BGR,
MDV,BFA,
MDV,BDI,
MDV,KHM,
MDV,CMR,
MDV,CAN,
MDV,CPV,
MDV,CAF,
MDV,TCD,
MDV,CHL,
MDV,CHN,
MDV,COL,
MDV,COM,
MDV,COG,
MDV,COD,
MDV,CRI,
MDV,CIV,
MDV,HRV,
MDV,CUB,
MDV,CYP,
MDV,CZE,
MDV,DNK,
MDV,DJI,
MDV,DMA,
MDV,DOM,
MDV,ECU,
MDV,EGY,
MDV,SLV,
MDV,GNQ,
MDV,ERI,
MDV,EST,
MDV,SWZ,
MDV,ETH,
MDV,FJI,
MDV,FIN,
MDV,FRA,
MDV,GAB,
MDV,GMB,
MDV,GEO,
MDV,DEU,
MDV,GHA,
MDV,GRC,
MDV,GRD,
MDV,GTM,
MDV,GIN,
MDV,GNB,
MDV,GUY,
MDV,HTI,
MDV,HND,
MDV,HKG,
MDV,HUN,
MDV,ISL,
MDV,IND,
MDV,IDN,
MDV,IRN,
MDV,IRQ,
MDV,IRL,
MDV,ISR,
MDV,ITA,
MDV,JAM,
MDV,JPN,
MDV,JOR,
MDV,KAZ,
MDV,KEN,
MDV,KIR,
MDV,XKX,
MDV,KWT,
MDV,KGZ,
MDV,LAO,
MDV,LVA,
MDV,LBN,
MDV,LSO,
MDV,LBR,
MDV,LBY,
MDV,LIE,
MDV,LTU,
MDV,LUX,
MDV,MAC,
MDV,MDG,
MDV,MWI,
MDV,MYS,
MDV,MDV,-1
MDV,MLI,
MDV,MLT,
MDV,MHL,
MDV,MRT,
MDV,MUS,
MDV,MEX,
MDV,FSM,
MDV,MDA,
MDV,MCO,
MDV,MNG,
MDV,MNE,
MDV,MAR,
MDV,MOZ,
MDV,MMR,
MDV,NAM,
MDV,NRU,
MDV,NPL,
MDV,NLD,
MDV,NZL,
MDV,NIC,
MDV,NER,
MDV,NGA,
MDV,PRK,
MDV,MKD,
MDV,NOR,
MDV,OMN,
MDV,PAK,
MDV,PLW,
MDV,PSE,
MDV,PAN,
MDV,PNG,
MDV,PRY,
MDV,PER,
MDV,PHL,
MDV,POL,
MDV,PRT,
MDV,QAT,
MDV,ROU,
MDV,RUS,
MDV,RWA,
MDV,KNA,
MDV,LCA,
MDV,WSM,
MDV,SMR,
MDV,STP,
MDV,SAU,
MDV,SEN,
MDV,SRB,
MDV,SYC,
MDV,SLE,
MDV,SGP,
MDV,SVK,
MDV,SVN,
MDV,SLB,
MDV,SOM,
MDV,ZAF,
MDV,KOR,
MDV,SSD,
MDV,ESP,
MDV,LKA,
MDV,VCT,
MDV,SDN,
MDV,SUR,
MDV,SWE,
MDV,CHE,
MDV,SYR,
MDV,TWN,
MDV,TJK,
MDV,TZA,
MDV,THA,
MDV,TLS,
MDV,TGO,
MDV,TON,
MDV,TTO,
MDV,TUN,
MDV,TKM,
MDV,TUV,
MDV,TUR,
MDV,UGA,
MDV,UKR,
MDV,ARE,
MDV,GBR,
MDV,USA,
MDV,URY,
MDV,UZB,
MDV,VUT,
MDV,VAT,
MDV,VEN,
MDV,VNM,
MDV,YEM,
MDV,ZMB,
MDV,ZWE,
MDV,AFG,
MLI,ALB,
MLI,DZA,
MLI,AND,
MLI,AGO,
MLI,ATG,
MLI,ARG,
MLI,ARM,
MLI,AUS,
MLI,AUT,
MLI,AZE,
MLI,BHS,
MLI,BHR,
MLI,BGD,
MLI,BRB,
MLI,BLR,
MLI,BEL,
MLI,BLZ,
MLI,BEN,
MLI,BTN,
MLI,BOL,
MLI,BIH,
MLI,BWA,
MLI,BRA,
MLI,BRN,
MLI,BGR,
MLI,BFA,
MLI,BDI,
MLI,KHM,
MLI,CMR,
MLI,CAN,
MLI,CPV,
MLI,CAF,
MLI,TCD,
MLI,CHL,
MLI,CHN,
MLI,COL,
MLI,COM,
MLI,COG,
MLI,COD,
MLI,CRI,
MLI,CIV,
MLI,HRV,
MLI,CUB,
MLI,CYP,
MLI,CZE,
MLI,DNK,
MLI,DJI,
MLI,DMA,
MLI,DOM,
MLI,ECU,
MLI,EGY,
MLI,SLV,
MLI,GNQ,
MLI,ERI,
MLI,EST,
MLI,SWZ,
MLI,ETH,
MLI,FJI,
MLI,FIN,
MLI,FRA,
MLI,GAB,
MLI,GMB,
MLI,GEO,
MLI,DEU,
MLI,GHA,
MLI,GRC,
MLI,GRD,
MLI,GTM,
MLI,GIN,
MLI,GNB,
MLI,GUY,
MLI,HTI,
MLI,HND,
MLI,HKG,
MLI,HUN,
MLI,ISL,
MLI,IND,
MLI,IDN,
MLI,IRN,
MLI,IRQ,
MLI,IRL,
MLI,ISR,
MLI,ITA,
MLI,JAM,
MLI,JPN,
MLI,JOR,
MLI,KAZ,
MLI,KEN,
MLI,KIR,
MLI,XKX,
MLI,KWT,
MLI,KGZ,
MLI,LAO,
MLI,LVA,
MLI,LBN,
MLI,LSO,
MLI,LBR,
MLI,LBY,
MLI,LIE,
MLI,LTU,
MLI,LUX,
MLI,MAC,
MLI,MDG,
MLI,MWI,
MLI,MYS,
MLI,MDV,
MLI,MLI,-1
MLI,MLT,
MLI,MHL,
MLI,MRT,
MLI,MUS,
MLI,MEX,
MLI,FSM,
MLI,MDA,
MLI,MCO,
MLI,MNG,
MLI,MNE,
MLI,MAR,
MLI,MOZ,
MLI,MMR,
MLI,NAM,
MLI,NRU,
MLI,NPL,
MLI,NLD,
MLI,NZL,
MLI,NIC,
MLI,NER,
MLI,NGA,
MLI,PRK,
MLI,MKD,
MLI,NOR,
MLI,OMN,
MLI,PAK,
MLI,PLW,
MLI,PSE,
MLI,PAN,
MLI,PNG,
MLI,PRY,
MLI,PER,
MLI,PHL,
MLI,POL,
MLI,PRT,
MLI,QAT,
MLI,ROU,
MLI,RUS,
MLI,RWA,
MLI,KNA,
MLI,LCA,
MLI,WSM,
MLI,SMR,
MLI,STP,
MLI,SAU,
MLI,SEN,
MLI,SRB,
MLI,SYC,
MLI,SLE,
MLI,SGP,
MLI,SVK,
MLI,SVN,
MLI,SLB,
MLI,SOM,
MLI,ZAF,
MLI,KOR,
MLI,SSD,
MLI,ESP,
MLI,LKA,
MLI,VCT,
MLI,SDN,
MLI,SUR,
MLI,SWE,
MLI,CHE,
MLI,SYR,
MLI,TWN,
MLI,TJK,
MLI,TZA,
MLI,THA,
MLI,TLS,
MLI,TGO,
MLI,TON,
MLI,TTO,
MLI,TUN,
MLI,TKM,
MLI,TUV,
MLI,TUR,
MLI,UGA,
MLI,UKR,
MLI,ARE,
MLI,GBR,
MLI,USA,
MLI,URY,
MLI,UZB,
MLI,VUT,
MLI,VAT,
MLI,VEN,
MLI,VNM,
MLI,YEM,
MLI,ZMB,
MLI,ZWE,
MLI,AFG,
MLT,ALB,
MLT,DZA,
MLT,AND,
MLT,AGO,
MLT,ATG,
MLT,ARG,
MLT,ARM,
MLT,AUS,
MLT,AUT,
MLT,AZE,
MLT,BHS,
MLT,BHR,
MLT,BGD,
MLT,BRB,
MLT,BLR,
MLT,BEL,
MLT,BLZ,
MLT,BEN,
MLT,BTN,
MLT,BOL,
MLT,BIH,
MLT,BWA,
MLT,BRA,
MLT,BRN,
MLT,BGR,
MLT,BFA,
MLT,BDI,
MLT,KHM,
MLT,CMR,
MLT,CAN,
MLT,CPV,
MLT,CAF,
MLT,TCD,
MLT,CHL,
MLT,CHN,
MLT,COL,
MLT,COM,
MLT,COG,
MLT,COD,
MLT,CRI,
MLT,CIV,
MLT,HRV,
MLT,CUB,
MLT,CYP,
MLT,CZE,
MLT,DNK,
MLT,DJI,
MLT,DMA,
MLT,DOM,
MLT,ECU,
MLT,EGY,
MLT,SLV,
MLT,GNQ,
MLT,ERI,
MLT,EST,
MLT,SWZ,
MLT,ETH,
MLT,FJI,
MLT,FIN,
MLT,FRA,
MLT,GAB,
MLT,GMB,
MLT,GEO,
MLT,DEU,
MLT,GHA,
MLT,GRC,
MLT,GRD,
MLT,GTM,
MLT,GIN,
MLT,GNB,
MLT,GUY,
MLT,HTI,
MLT,HND,
MLT,HKG,
MLT,HUN,
MLT,ISL,
MLT,IND,
MLT,IDN,
MLT,IRN,
MLT,IRQ,
MLT,IRL,
MLT,ISR,
MLT,ITA,
MLT,JAM,
MLT,JPN,
MLT,JOR,
MLT,KAZ,
MLT,KEN,
MLT,KIR,
MLT,XKX,
MLT,KWT,
MLT,KGZ,
MLT,LAO,
MLT,LVA,
MLT,LBN,
MLT,LSO,
MLT,LBR,
MLT,LBY,
MLT,LIE,
MLT,LTU,
MLT,LUX,
MLT,MAC,
MLT,MDG,
MLT,MWI,
MLT,MYS,
MLT,MDV,
MLT,MLI,
MLT,MLT,-1
MLT,MHL,
MLT,MRT,
MLT,MUS,
MLT,MEX,
MLT,FSM,
MLT,MDA,
MLT,MCO,
MLT,MNG,
MLT,MNE,
MLT,MAR,
MLT,MOZ,
MLT,MMR,
MLT,NAM,
MLT,NRU,
MLT,NPL,
MLT,NLD,
MLT,NZL,
MLT,NIC,
MLT,NER,
MLT,NGA,
MLT,PRK,
MLT,MKD,
MLT,NOR,
MLT,OMN,
MLT,PAK,
MLT,PLW,
MLT,PSE,
MLT,PAN,
MLT,PNG,
MLT,PRY,
MLT,PER,
MLT,PHL,
MLT,POL,
MLT,PRT,
MLT,QAT,
MLT,ROU,
MLT,RUS,
MLT,RWA,
MLT,KNA,
MLT,LCA,
MLT,WSM,
MLT,SMR,
MLT,STP,
MLT,SAU,
MLT,SEN,
MLT,SRB,
MLT,SYC,
MLT,SLE,
MLT,SGP,
MLT,SVK,
MLT,SVN,
MLT,SLB,
MLT,SOM,
MLT,ZAF,
MLT,KOR,
MLT,SSD,
MLT,ESP,
MLT,LKA,
MLT,VCT,
MLT,SDN,
MLT,SUR,
MLT,SWE,
MLT,CHE,
MLT,SYR,
MLT,TWN,
MLT,TJK,
MLT,TZA,
MLT,THA,
MLT,TLS,
MLT,TGO,
MLT,TON,
MLT,TTO,
MLT,TUN,
MLT,TKM,
MLT,TUV,
MLT,TUR,
MLT,UGA,
MLT,UKR,
MLT,ARE,
MLT,GBR,
MLT,USA,
MLT,URY,
MLT,UZB,
MLT,VUT,
MLT,VAT,
MLT,VEN,
MLT,VNM,
MLT,YEM,
MLT,ZMB,
MLT,ZWE,
MLT,AFG,
MHL,ALB,
MHL,DZA,
MHL,AND,
MHL,AGO,
MHL,ATG,
MHL,ARG,
MHL,ARM,
MHL,AUS,
MHL,AUT,
MHL,AZE,
MHL,BHS,
MHL,BHR,
MHL,BGD,
MHL,BRB,
MHL,BLR,
MHL,BEL,
MHL,BLZ,
MHL,BEN,
MHL,BTN,
MHL,BOL,
MHL,BIH,
MHL,BWA,
MHL,BRA,
MHL,BRN,
MHL,BGR,
MHL,BFA,
MHL,BDI,
MHL,KHM,
MHL,CMR,
MHL,CAN,
MHL,CPV,
MHL,CAF,
MHL,TCD,
MHL,CHL,
MHL,CHN,
MHL,COL,
MHL,COM,
MHL,COG,
MHL,COD,
MHL,CRI,
MHL,CIV,
MHL,HRV,
MHL,CUB,
MHL,CYP,
MHL,CZE,
MHL,DNK,
MHL,DJI,
MHL,DMA,
MHL,DOM,
MHL,ECU,
MHL,EGY,
MHL,SLV,
MHL,GNQ,
MHL,ERI,
MHL,EST,
MHL,SWZ,
MHL,ETH,
MHL,FJI,
MHL,FIN,
MHL,FRA,
MHL,GAB,
MHL,GMB,
MHL,GEO,
MHL,DEU,
MHL,GHA,
MHL,GRC,
MHL,GRD,
MHL,GTM,
MHL,GIN,
MHL,GNB,
MHL,GUY,
MHL,HTI,
MHL,HND,
MHL,HKG,
MHL,HUN,
MHL,ISL,
MHL,IND,
MHL,IDN,
MHL,IRN,
MHL,IRQ,
MHL,IRL,
MHL,ISR,
MHL,ITA,
MHL,JAM,
MHL,JPN,
MHL,JOR,
MHL,KAZ,
MHL,KEN,
MHL,KIR,
MHL,XKX,
MHL,KWT,
MHL,KGZ,
MHL,LAO,
MHL,LVA,
MHL,LBN,
MHL,LSO,
MHL,LBR,
MHL,LBY,
MHL,LIE,
MHL,LTU,
MHL,LUX,
MHL,MAC,
MHL,MDG,
MHL,MWI,
MHL,MYS,
MHL,MDV,
MHL,MLI,
MHL,MLT,
MHL,MHL,-1
MHL,MRT,
MHL,MUS,
MHL,MEX,
MHL,FSM,
MHL,MDA,
MHL,MCO,
MHL,MNG,
MHL,MNE,
MHL,MAR,
MHL,MOZ,
MHL,MMR,
MHL,NAM,
MHL,NRU,
MHL,NPL,
MHL,NLD,
MHL,NZL,
MHL,NIC,
MHL,NER,
MHL,NGA,
MHL,PRK,
MHL,MKD,
MHL,NOR,
MHL,OMN,
MHL,PAK,
MHL,PLW,
MHL,PSE,
MHL,PAN,
MHL,PNG,
MHL,PRY,
MHL,PER,
MHL,PHL,
MHL,POL,
MHL,PRT,
MHL,QAT,
MHL,ROU,
MHL,RUS,
MHL,RWA,
MHL,KNA,
MHL,LCA,
MHL,WSM,
MHL,SMR,
MHL,STP,
MHL,SAU,
MHL,SEN,
MHL,SRB,
MHL,SYC,
MHL,SLE,
MHL,SGP,
MHL,SVK,
MHL,SVN,
MHL,SLB,
MHL,SOM,
MHL,ZAF,
MHL,KOR,
MHL,SSD,
MHL,ESP,
MHL,LKA,
MHL,VCT,
MHL,SDN,
MHL,SUR,
MHL,SWE,
MHL,CHE,
MHL,SYR,
MHL,TWN,
MHL,TJK,
MHL,TZA,
MHL,THA,
MHL,TLS,
MHL,TGO,
MHL,TON,
MHL,TTO,
MHL,TUN,
MHL,TKM,
MHL,TUV,
MHL,TUR,
MHL,UGA,
MHL,UKR,
MHL,ARE,
MHL,GBR,
MHL,USA,
MHL,URY,
MHL,UZB,
MHL,VUT,
MHL,VAT,
MHL,VEN,
MHL,VNM,
MHL,YEM,
MHL,ZMB,
MHL,ZWE,
MHL,AFG,
MRT,ALB,
MRT,DZA,
MRT,AND,
MRT,AGO,
MRT,ATG,
MRT,ARG,
MRT,ARM,
MRT,AUS,
MRT,AUT,
MRT,AZE,
MRT,BHS,
MRT,BHR,
MRT,BGD,
MRT,BRB,
MRT,BLR,
MRT,BEL,
MRT,BLZ,
MRT,BEN,
MRT,BTN,
MRT,BOL,
MRT,BIH,
MRT,BWA,
MRT,BRA,
MRT,BRN,
MRT,BGR,
MRT,BFA,
MRT,BDI,
MRT,KHM,
MRT,CMR,
MRT,CAN,
MRT,CPV,
MRT,CAF,
MRT,TCD,
MRT,CHL,
MRT,CHN,
MRT,COL,
MRT,COM,
MRT,COG,
MRT,COD,
MRT,CRI,
MRT,CIV,
MRT,HRV,
MRT,CUB,
MRT,CYP,
MRT,CZE,
MRT,DNK,
MRT,DJI,
MRT,DMA,
MRT,DOM,
MRT,ECU,
MRT,EGY,
MRT,SLV,
MRT,GNQ,
MRT,ERI,
MRT,EST,
MRT,SWZ,
MRT,ETH,
MRT,FJI,
MRT,FIN,
MRT,FRA,
MRT,GAB,
MRT,GMB,
MRT,GEO,
MRT,DEU,
MRT,GHA,
MRT,GRC,
MRT,GRD,
MRT,GTM,
MRT,GIN,
MRT,GNB,
MRT,GUY,
MRT,HTI,
MRT,HND,
MRT,HKG,
MRT,HUN,
MRT,ISL,
MRT,IND,
MRT,IDN,
MRT,IRN,
MRT,IRQ,
MRT,IRL,
MRT,ISR,
MRT,ITA,
MRT,JAM,
MRT,JPN,
MRT,JOR,
MRT,KAZ,
MRT,KEN,
MRT,KIR,
MRT,XKX,
MRT,KWT,
MRT,KGZ,
MRT,LAO,
MRT,LVA,
MRT,LBN,
MRT,LSO,
MRT,LBR,
MRT,LBY,
MRT,LIE,
MRT,LTU,
MRT,LUX,
MRT,MAC,
MRT,MDG,
MRT,MWI,
MRT,MYS,
MRT,MDV,
MRT,MLI,
MRT,MLT,
MRT,MHL,
MRT,MRT,-1
MRT,MUS,
MRT,MEX,
MRT,FSM,
MRT,MDA,
MRT,MCO,
MRT,MNG,
MRT,MNE,
MRT,MAR,
MRT,MOZ,
MRT,MMR,
MRT,NAM,
MRT,NRU,
MRT,NPL,
MRT,NLD,
MRT,NZL,
MRT,NIC,
MRT,NER,
MRT,NGA,
MRT,PRK,
MRT,MKD,
MRT,NOR,
MRT,OMN,
MRT,PAK,
MRT,PLW,
MRT,PSE,
MRT,PAN,
MRT,PNG,
MRT,PRY,
MRT,PER,
MRT,PHL,
MRT,POL,
MRT,PRT,
MRT,QAT,
MRT,ROU,
MRT,RUS,
MRT,RWA,
MRT,KNA,
MRT,LCA,
MRT,WSM,
MRT,SMR,
MRT,STP,
MRT,SAU,
MRT,SEN,
MRT,SRB,
MRT,SYC,
MRT,SLE,
MRT,SGP,
MRT,SVK,
MRT,SVN,
MRT,SLB,
MRT,SOM,
MRT,ZAF,
MRT,KOR,
MRT,SSD,
MRT,ESP,
MRT,LKA,
MRT,VCT,
MRT,SDN,
MRT,SUR,
MRT,SWE,
MRT,CHE,
MRT,SYR,
MRT,TWN,
MRT,TJK,
MRT,TZA,
MRT,THA,
MRT,TLS,
MRT,TGO,
MRT,TON,
MRT,TTO,
MRT,TUN,
MRT,TKM,
MRT,TUV,
MRT,TUR,
MRT,UGA,
MRT,UKR,
MRT,ARE,
MRT,GBR,
MRT,USA,
MRT,URY,
MRT,UZB,
MRT,VUT,
MRT,VAT,
MRT,VEN,
MRT,VNM,
MRT,YEM,
MRT,ZMB,
MRT,ZWE,
MRT,AFG,
MUS,ALB,
MUS,DZA,
MUS,AND,
MUS,AGO,
MUS,ATG,
MUS,ARG,
MUS,ARM,
MUS,AUS,
MUS,AUT,
MUS,AZE,
MUS,BHS,
MUS,BHR,
MUS,BGD,
MUS,BRB,
MUS,BLR,
MUS,BEL,
MUS,BLZ,
MUS,BEN,
MUS,BTN,
MUS,BOL,
MUS,BIH,
MUS,BWA,
MUS,BRA,
MUS,BRN,
MUS,BGR,
MUS,BFA,
MUS,BDI,
MUS,KHM,
MUS,CMR,
MUS,CAN,
MUS,CPV,
MUS,CAF,
MUS,TCD,
MUS,CHL,
MUS,CHN,
MUS,COL,
MUS,COM,
MUS,COG,
MUS,COD,
MUS,CRI,
MUS,CIV,
MUS,HRV,
MUS,CUB,
MUS,CYP,
MUS,CZE,
MUS,DNK,
MUS,DJI,
MUS,DMA,
MUS,DOM,
MUS,ECU,
MUS,EGY,
MUS,SLV,
MUS,GNQ,
MUS,ERI,
MUS,EST,
MUS,SWZ,
MUS,ETH,
MUS,FJI,
MUS,FIN,
MUS,FRA,
MUS,GAB,
MUS,GMB,
MUS,GEO,
MUS,DEU,
MUS,GHA,
MUS,GRC,
MUS,GRD,
MUS,GTM,
MUS,GIN,
MUS,GNB,
MUS,GUY,
MUS,HTI,
MUS,HND,
MUS,HKG,
MUS,HUN,
MUS,ISL,
MUS,IND,
MUS,IDN,
MUS,IRN,
MUS,IRQ,
MUS,IRL,
MUS,ISR,
MUS,ITA,
MUS,JAM,
MUS,JPN,
MUS,JOR,
MUS,KAZ,
MUS,KEN,
MUS,KIR,
MUS,XKX,
MUS,KWT,
MUS,KGZ,
MUS,LAO,
MUS,LVA,
MUS,LBN,
MUS,LSO,
MUS,LBR,
MUS,LBY,
MUS,LIE,
MUS,LTU,
MUS,LUX,
MUS,MAC,
MUS,MDG,
MUS,MWI,
MUS,MYS,
MUS,MDV,
MUS,MLI,
MUS,MLT,
MUS,MHL,
MUS,MRT,
MUS,MUS,-1
MUS,MEX,
MUS,FSM,
MUS,MDA,
MUS,MCO,
MUS,MNG,
MUS,MNE,
MUS,MAR,
MUS,MOZ,
MUS,MMR,
MUS,NAM,
MUS,NRU,
MUS,NPL,
MUS,NLD,
MUS,NZL,
MUS,NIC,
MUS,NER,
MUS,NGA,
MUS,PRK,
MUS,MKD,
MUS,NOR,
MUS,OMN,
MUS,PAK,
MUS,PLW,
MUS,PSE,
MUS,PAN,
MUS,PNG,
MUS,PRY,
MUS,PER,
MUS,PHL,
MUS,POL,
MUS,PRT,
MUS,QAT,
MUS,ROU,
MUS,RUS,
MUS,RWA,
MUS,KNA,
MUS,LCA,
MUS,WSM,
MUS,SMR,
MUS,STP,
MUS,SAU,
MUS,SEN,
MUS,SRB,
MUS,SYC,
MUS,SLE,
MUS,SGP,
MUS,SVK,
MUS,SVN,
MUS,SLB,
MUS,SOM,
MUS,ZAF,
MUS,KOR,
MUS,SSD,
MUS,ESP,
MUS,LKA,
MUS,VCT,
MUS,SDN,
MUS,SUR,
MUS,SWE,
MUS,CHE,
MUS,SYR,
MUS,TWN,
MUS,TJK,
MUS,TZA,
MUS,THA,
MUS,TLS,
MUS,TGO,
MUS,TON,
MUS,TTO,
MUS,TUN,
MUS,TKM,
MUS,TUV,
MUS,TUR,
MUS,UGA,
MUS,UKR,
MUS,ARE,
MUS,GBR,
MUS,USA,
MUS,URY,
MUS,UZB,
MUS,VUT,
MUS,VAT,
MUS,VEN,
MUS,VNM,
MUS,YEM,
MUS,ZMB,
MUS,ZWE,
MUS,AFG,
MEX,ALB,
MEX,DZA,
MEX,AND,
MEX,AGO,
MEX,ATG,
MEX,ARG,
MEX,ARM,
MEX,AUS,
MEX,AUT,
MEX,AZE,
MEX,BHS,
MEX,BHR,
MEX,BGD,
MEX,BRB,
MEX,BLR,
MEX,BEL,
MEX,BLZ,
MEX,BEN,
MEX,BTN,
MEX,BOL,
MEX,BIH,
MEX,BWA,
MEX,BRA,
MEX,BRN,
MEX,BGR,
MEX,BFA,
MEX,BDI,
MEX,KHM,
MEX,CMR,
MEX,CAN,
MEX,CPV,
MEX,CAF,
MEX,TCD,
MEX,CHL,
MEX,CHN,
MEX,COL,
MEX,COM,
MEX,COG,
MEX,COD,
MEX,CRI,
MEX,CIV,
MEX,HRV,
MEX,CUB,
MEX,CYP,
MEX,CZE,
MEX,DNK,
MEX,DJI,
MEX,DMA,
MEX,DOM,
MEX,ECU,
MEX,EGY,
MEX,SLV,
MEX,GNQ,
MEX,ERI,
MEX,EST,
MEX,SWZ,
MEX,ETH,
MEX,FJI,
MEX,FIN,
MEX,FRA,
MEX,GAB,
MEX,GMB,
MEX,GEO,
MEX,DEU,
MEX,GHA,
MEX,GRC,
MEX,GRD,
MEX,GTM,
MEX,GIN,
MEX,GNB,
MEX,GUY,
MEX,HTI,
MEX,HND,
MEX,HKG,
MEX,HUN,
MEX,ISL,
MEX,IND,
MEX,IDN,
MEX,IRN,
MEX,IRQ,
MEX,IRL,
MEX,ISR,
MEX,ITA,
MEX,JAM,
MEX,JPN,
MEX,JOR,
MEX,KAZ,
MEX,KEN,
MEX,KIR,
MEX,XKX,
MEX,KWT,
MEX,KGZ,
MEX,LAO,
MEX,LVA,
MEX,LBN,
MEX,LSO,
MEX,LBR,
MEX,LBY,
MEX,LIE,
MEX,LTU,
MEX,LUX,
MEX,MAC,
MEX,MDG,
MEX,MWI,
MEX,MYS,
MEX,MDV,
MEX,MLI,
MEX,MLT,
MEX,MHL,
MEX,MRT,
MEX,MUS,
MEX,MEX,-1
MEX,FSM,
MEX,MDA,
MEX,MCO,
MEX,MNG,
MEX,MNE,
MEX,MAR,
MEX,MOZ,
MEX,MMR,
MEX,NAM,
MEX,NRU,
MEX,NPL,
MEX,NLD,
MEX,NZL,
MEX,NIC,
MEX,NER,
MEX,NGA,
MEX,PRK,
MEX,MKD,
MEX,NOR,
MEX,OMN,
MEX,PAK,
MEX,PLW,
MEX,PSE,
MEX,PAN,
MEX,PNG,
MEX,PRY,
MEX,PER,
MEX,PHL,
MEX,POL,
MEX,PRT,
MEX,QAT,
MEX,ROU,
MEX,RUS,
MEX,RWA,
MEX,KNA,
MEX,LCA,
MEX,WSM,
MEX,SMR,
MEX,STP,
MEX,SAU,
MEX,SEN,
MEX,SRB,
MEX,SYC,
MEX,SLE,
MEX,SGP,
MEX,SVK,
MEX,SVN,
MEX,SLB,
MEX,SOM,
MEX,ZAF,
MEX,KOR,
MEX,SSD,
MEX,ESP,
MEX,LKA,
MEX,VCT,
MEX,SDN,
MEX,SUR,
MEX,SWE,
MEX,CHE,
MEX,SYR,
MEX,TWN,
MEX,TJK,
MEX,TZA,
MEX,THA,
MEX,TLS,
MEX,TGO,
MEX,TON,
MEX,TTO,
MEX,TUN,
MEX,TKM,
MEX,TUV,
MEX,TUR,
MEX,UGA,
MEX,UKR,
MEX,ARE,
MEX,GBR,
MEX,USA,
MEX,URY,
MEX,UZB,
MEX,VUT,
MEX,VAT,
MEX,VEN,
MEX,VNM,
MEX,YEM,
MEX,ZMB,
MEX,ZWE,
MEX,AFG,
FSM,ALB,
FSM,DZA,
FSM,AND,
FSM,AGO,
FSM,ATG,
FSM,ARG,
FSM,ARM,
FSM,AUS,
FSM,AUT,
FSM,AZE,
FSM,BHS,
FSM,BHR,
FSM,BGD,
FSM,BRB,
FSM,BLR,
FSM,BEL,
FSM,BLZ,
FSM,BEN,
FSM,BTN,
FSM,BOL,
FSM,BIH,
FSM,BWA,
FSM,BRA,
FSM,BRN,
FSM,BGR,
FSM,BFA,
FSM,BDI,
FSM,KHM,
FSM,CMR,
FSM,CAN,
FSM,CPV,
FSM,CAF,
FSM,TCD,
FSM,CHL,
FSM,CHN,
FSM,COL,
FSM,COM,
FSM,COG,
FSM,COD,
FSM,CRI,
FSM,CIV,
FSM,HRV,
FSM,CUB,
FSM,CYP,
FSM,CZE,
FSM,DNK,
FSM,DJI,
FSM,DMA,
FSM,DOM,
FSM,ECU,
FSM,EGY,
FSM,SLV,
FSM,GNQ,
FSM,ERI,
FSM,EST,
FSM,SWZ,
FSM,ETH,
FSM,FJI,
FSM,FIN,
FSM,FRA,
FSM,GAB,
FSM,GMB,
FSM,GEO,
FSM,DEU,
FSM,GHA,
FSM,GRC,
FSM,GRD,
FSM,GTM,
FSM,GIN,
FSM,GNB,
FSM,GUY,
FSM,HTI,
FSM,HND,
FSM,HKG,
FSM,HUN,
FSM,ISL,
FSM,IND,
FSM,IDN,
FSM,IRN,
FSM,IRQ,
FSM,IRL,
FSM,ISR,
FSM,ITA,
FSM,JAM,
FSM,JPN,
FSM,JOR,
FSM,KAZ,
FSM,KEN,
FSM,KIR,
FSM,XKX,
FSM,KWT,
FSM,KGZ,
FSM,LAO,
FSM,LVA,
FSM,LBN,
FSM,LSO,
FSM,LBR,
FSM,LBY,
FSM,LIE,
FSM,LTU,
FSM,LUX,
FSM,MAC,
FSM,MDG,
FSM,MWI,
FSM,MYS,
FSM,MDV,
FSM,MLI,
FSM,MLT,
FSM,MHL,
FSM,MRT,
FSM,MUS,
FSM,MEX,
FSM,FSM,-1
FSM,MDA,
FSM,MCO,
FSM,MNG,
FSM,MNE,
FSM,MAR,
FSM,MOZ,
FSM,MMR,
FSM,NAM,
FSM,NRU,
FSM,NPL,
FSM,NLD,
FSM,NZL,
FSM,NIC,
FSM,NER,
FSM,NGA,
FSM,PRK,
FSM,MKD,
FSM,NOR,
FSM,OMN,
FSM,PAK,
FSM,PLW,
FSM,PSE,
FSM,PAN,
FSM,PNG,
FSM,PRY,
FSM,PER,
FSM,PHL,
FSM,POL,
FSM,PRT,
FSM,QAT,
FSM,ROU,
FSM,RUS,
FSM,RWA,
FSM,KNA,
FSM,LCA,
FSM,WSM,
FSM,SMR,
FSM,STP,
FSM,SAU,
FSM,SEN,
FSM,SRB,
FSM,SYC,
FSM,SLE,
FSM,SGP,
FSM,SVK,
FSM,SVN,
FSM,SLB,
FSM,SOM,
FSM,ZAF,
FSM,KOR,
FSM,SSD,
FSM,ESP,
FSM,LKA,
FSM,VCT,
FSM,SDN,
FSM,SUR,
FSM,SWE,
FSM,CHE,
FSM,SYR,
FSM,TWN,
FSM,TJK,
FSM,TZA,
FSM,THA,
FSM,TLS,
FSM,TGO,
FSM,TON,
FSM,TTO,
FSM,TUN,
FSM,TKM,
FSM,TUV,
FSM,TUR,
FSM,UGA,
FSM,UKR,
FSM,ARE,
FSM,GBR,
FSM,USA,
FSM,URY,
FSM,UZB,
FSM,VUT,
FSM,VAT,
FSM,VEN,
FSM,VNM,
FSM,YEM,
FSM,ZMB,
FSM,ZWE,
FSM,AFG,
MDA,ALB,
MDA,DZA,
MDA,AND,
MDA,AGO,
MDA,ATG,
MDA,ARG,
MDA,ARM,
MDA,AUS,
MDA,AUT,
MDA,AZE,
MDA,BHS,
MDA,BHR,
MDA,BGD,
MDA,BRB,
MDA,BLR,
MDA,BEL,
MDA,BLZ,
MDA,BEN,
MDA,BTN,
MDA,BOL,
MDA,BIH,
MDA,BWA,
MDA,BRA,
MDA,BRN,
MDA,BGR,
MDA,BFA,
MDA,BDI,
MDA,KHM,
MDA,CMR,
MDA,CAN,
MDA,CPV,
MDA,CAF,
MDA,TCD,
MDA,CHL,
MDA,CHN,
MDA,COL,
MDA,COM,
MDA,COG,
MDA,COD,
MDA,CRI,
MDA,CIV,
MDA,HRV,
MDA,CUB,
MDA,CYP,
MDA,CZE,
MDA,DNK,
MDA,DJI,
MDA,DMA,
MDA,DOM,
MDA,ECU,
MDA,EGY,
MDA,SLV,
MDA,GNQ,
MDA,ERI,
MDA,EST,
MDA,SWZ,
MDA,ETH,
MDA,FJI,
MDA,FIN,
MDA,FRA,
MDA,GAB,
MDA,GMB,
MDA,GEO,
MDA,DEU,
MDA,GHA,
MDA,GRC,
MDA,GRD,
MDA,GTM,
MDA,GIN,
MDA,GNB,
MDA,GUY,
MDA,HTI,
MDA,HND,
MDA,HKG,
MDA,HUN,
MDA,ISL,
MDA,IND,
MDA,IDN,
MDA,IRN,
MDA,IRQ,
MDA,IRL,
MDA,ISR,
MDA,ITA,
MDA,JAM,
MDA,JPN,
MDA,JOR,
MDA,KAZ,
MDA,KEN,
MDA,KIR,
MDA,XKX,
MDA,KWT,
MDA,KGZ,
MDA,LAO,
MDA,LVA,
MDA,LBN,
MDA,LSO,
MDA,LBR,
MDA,LBY,
MDA,LIE,
MDA,LTU,
MDA,LUX,
MDA,MAC,
MDA,MDG,
MDA,MWI,
MDA,MYS,
MDA,MDV,
MDA,MLI,
MDA,MLT,
MDA,MHL,
MDA,MRT,
MDA,MUS,
MDA,MEX,
MDA,FSM,
MDA,MDA,-1
MDA,MCO,
MDA,MNG,
MDA,MNE,
MDA,MAR,
MDA,MOZ,
MDA,MMR,
MDA,NAM,
MDA,NRU,
MDA,NPL,
MDA,NLD,
MDA,NZL,
MDA,NIC,
MDA,NER,
MDA,NGA,
MDA,PRK,
MDA,MKD,
MDA,NOR,
MDA,OMN,
MDA,PAK,
MDA,PLW,
MDA,PSE,
MDA,PAN,
MDA,PNG,
MDA,PRY,
MDA,PER,
MDA,PHL,
MDA,POL,
MDA,PRT,
MDA,QAT,
MDA,ROU,
MDA,RUS,
MDA,RWA,
MDA,KNA,
MDA,LCA,
MDA,WSM,
MDA,SMR,
MDA,STP,
MDA,SAU,
MDA,SEN,
MDA,SRB,
MDA,SYC,
MDA,SLE,
MDA,SGP,
MDA,SVK,
MDA,SVN,
MDA,SLB,
MDA,SOM,
MDA,ZAF,
MDA,KOR,
MDA,SSD,
MDA,ESP,
MDA,LKA,
MDA,VCT,
MDA,SDN,
MDA,SUR,
MDA,SWE,
MDA,CHE,
MDA,SYR,
MDA,TWN,
MDA,TJK,
MDA,TZA,
MDA,THA,
MDA,TLS,
MDA,TGO,
MDA,TON,
MDA,TTO,
MDA,TUN,
MDA,TKM,
MDA,TUV,
MDA,TUR,
MDA,UGA,
MDA,UKR,
MDA,ARE,
MDA,GBR,
MDA,USA,
MDA,URY,
MDA,UZB,
MDA,VUT,
MDA,VAT,
MDA,VEN,
MDA,VNM,
MDA,YEM,
MDA,ZMB,
MDA,ZWE,
MDA,AFG,
MCO,ALB,
MCO,DZA,
MCO,AND,
MCO,AGO,
MCO,ATG,
MCO,ARG,
MCO,ARM,
MCO,AUS,
MCO,AUT,
MCO,AZE,
MCO,BHS,
MCO,BHR,
MCO,BGD,
MCO,BRB,
MCO,BLR,
MCO,BEL,
MCO,BLZ,
MCO,BEN,
MCO,BTN,
MCO,BOL,
MCO,BIH,
MCO,BWA,
MCO,BRA,
MCO,BRN,
MCO,BGR,
MCO,BFA,
MCO,BDI,
MCO,KHM,
MCO,CMR,
MCO,CAN,
MCO,CPV,
MCO,CAF,
MCO,TCD,
MCO,CHL,
MCO,CHN,
MCO,COL,
MCO,COM,
MCO,COG,
MCO,COD,
MCO,CRI,
MCO,CIV,
MCO,HRV,
MCO,CUB,
MCO,CYP,
MCO,CZE,
MCO,DNK,
MCO,DJI,
MCO,DMA,
MCO,DOM,
MCO,ECU,
MCO,EGY,
MCO,SLV,
MCO,GNQ,
MCO,ERI,
MCO,EST,
MCO,SWZ,
MCO,ETH,
MCO,FJI,
MCO,FIN,
MCO,FRA,
MCO,GAB,
MCO,GMB,
MCO,GEO,
MCO,DEU,
MCO,GHA,
MCO,GRC,
MCO,GRD,
MCO,GTM,
MCO,GIN,
MCO,GNB,
MCO,GUY,
MCO,HTI,
MCO,HND,
MCO,HKG,
MCO,HUN,
MCO,ISL,
MCO,IND,
MCO,IDN,
MCO,IRN,
MCO,IRQ,
MCO,IRL,
MCO,ISR,
MCO,ITA,
MCO,JAM,
MCO,JPN,
MCO,JOR,
MCO,KAZ,
MCO,KEN,
MCO,KIR,
MCO,XKX,
MCO,KWT,
MCO,KGZ,
MCO,LAO,
MCO,LVA,
MCO,LBN,
MCO,LSO,
MCO,LBR,
MCO,LBY,
MCO,LIE,
MCO,LTU,
MCO,LUX,
MCO,MAC,
MCO,MDG,
MCO,MWI,
MCO,MYS,
MCO,MDV,
MCO,MLI,
MCO,MLT,
MCO,MHL,
MCO,MRT,
MCO,MUS,
MCO,MEX,
MCO,FSM,
MCO,MDA,
MCO,MCO,-1
MCO,MNG,
MCO,MNE,
MCO,MAR,
MCO,MOZ,
MCO,MMR,
MCO,NAM,
MCO,NRU,
MCO,NPL,
MCO,NLD,
MCO,NZL,
MCO,NIC,
MCO,NER,
MCO,NGA,
MCO,PRK,
MCO,MKD,
MCO,NOR,
MCO,OMN,
MCO,PAK,
MCO,PLW,
MCO,PSE,
MCO,PAN,
MCO,PNG,
MCO,PRY,
MCO,PER,
MCO,PHL,
MCO,POL,
MCO,PRT,
MCO,QAT,
MCO,ROU,
MCO,RUS,
MCO,RWA,
MCO,KNA,
MCO,LCA,
MCO,WSM,
MCO,SMR,
MCO,STP,
MCO,SAU,
MCO,SEN,
MCO,SRB,
MCO,SYC,
MCO,SLE,
MCO,SGP,
MCO,SVK,
MCO,SVN,
MCO,SLB,
MCO,SOM,
MCO,ZAF,
MCO,KOR,
MCO,SSD,
MCO,ESP,
MCO,LKA,
MCO,VCT,
MCO,SDN,
MCO,SUR,
MCO,SWE,
MCO,CHE,
MCO,SYR,
MCO,TWN,
MCO,TJK,
MCO,TZA,
MCO,THA,
MCO,TLS,
MCO,TGO,
MCO,TON,
MCO,TTO,
MCO,TUN,
MCO,TKM,
MCO,TUV,
MCO,TUR,
MCO,UGA,
MCO,UKR,
MCO,ARE,
MCO,GBR,
MCO,USA,
MCO,URY,
MCO,UZB,
MCO,VUT,
MCO,VAT,
MCO,VEN,
MCO,VNM,
MCO,YEM,
MCO,ZMB,
MCO,ZWE,
MCO,AFG,
MNG,ALB,
MNG,DZA,
MNG,AND,
MNG,AGO,
MNG,ATG,
MNG,ARG,
MNG,ARM,
MNG,AUS,
MNG,AUT,
MNG,AZE,
MNG,BHS,
MNG,BHR,
MNG,BGD,
MNG,BRB,
MNG,BLR,
MNG,BEL,
MNG,BLZ,
MNG,BEN,
MNG,BTN,
MNG,BOL,
MNG,BIH,
MNG,BWA,
MNG,BRA,
MNG,BRN,
MNG,BGR,
MNG,BFA,
MNG,BDI,
MNG,KHM,
MNG,CMR,
MNG,CAN,
MNG,CPV,
MNG,CAF,
MNG,TCD,
MNG,CHL,
MNG,CHN,
MNG,COL,
MNG,COM,
MNG,COG,
MNG,COD,
MNG,CRI,
MNG,CIV,
MNG,HRV,
MNG,CUB,
MNG,CYP,
MNG,CZE,
MNG,DNK,
MNG,DJI,
MNG,DMA,
MNG,DOM,
MNG,ECU,
MNG,EGY,
MNG,SLV,
MNG,GNQ,
MNG,ERI,
MNG,EST,
MNG,SWZ,
MNG,ETH,
MNG,FJI,
MNG,FIN,
MNG,FRA,
MNG,GAB,
MNG,GMB,
MNG,GEO,
MNG,DEU,
MNG,GHA,
MNG,GRC,
MNG,GRD,
MNG,GTM,
MNG,GIN,
MNG,GNB,
MNG,GUY,
MNG,HTI,
MNG,HND,
MNG,HKG,
MNG,HUN,
MNG,ISL,
MNG,IND,
MNG,IDN,
MNG,IRN,
MNG,IRQ,
MNG,IRL,
MNG,ISR,
MNG,ITA,
MNG,JAM,
MNG,JPN,
MNG,JOR,
MNG,KAZ,
MNG,KEN,
MNG,KIR,
MNG,XKX,
MNG,KWT,
MNG,KGZ,
MNG,LAO,
MNG,LVA,
MNG,LBN,
MNG,LSO,
MNG,LBR,
MNG,LBY,
MNG,LIE,
MNG,LTU,
MNG,LUX,
MNG,MAC,
MNG,MDG,
MNG,MWI,
MNG,MYS,
MNG,MDV,
MNG,MLI,
MNG,MLT,
MNG,MHL,
MNG,MRT,
MNG,MUS,
MNG,MEX,
MNG,FSM,
MNG,MDA,
MNG,MCO,
MNG,MNG,-1
MNG,MNE,
MNG,MAR,
MNG,MOZ,
MNG,MMR,
MNG,NAM,
MNG,NRU,
MNG,NPL,
MNG,NLD,
MNG,NZL,
MNG,NIC,
MNG,NER,
MNG,NGA,
MNG,PRK,
MNG,MKD,
MNG,NOR,
MNG,OMN,
MNG,PAK,
MNG,PLW,
MNG,PSE,
MNG,PAN,
MNG,PNG,
MNG,PRY,
MNG,PER,
MNG,PHL,
MNG,POL,
MNG,PRT,
MNG,QAT,
MNG,ROU,
MNG,RUS,
MNG,RWA,
MNG,KNA,
MNG,LCA,
MNG,WSM,
MNG,SMR,
MNG,STP,
MNG,SAU,
MNG,SEN,
MNG,SRB,
MNG,SYC,
MNG,SLE,
MNG,SGP,
MNG,SVK,
MNG,SVN,
MNG,SLB,
MNG,SOM,
MNG,ZAF,
MNG,KOR,
MNG,SSD,
MNG,ESP,
MNG,LKA,
MNG,VCT,
MNG,SDN,
MNG,SUR,
MNG,SWE,
MNG,CHE,
MNG,SYR,
MNG,TWN,
MNG,TJK,
MNG,TZA,
MNG,THA,
MNG,TLS,
MNG,TGO,
MNG,TON,
MNG,TTO,
MNG,TUN,
MNG,TKM,
MNG,TUV,
MNG,TUR,
MNG,UGA,
MNG,UKR,
MNG,ARE,
MNG,GBR,
MNG,USA,
MNG,URY,
MNG,UZB,
MNG,VUT,
MNG,VAT,
MNG,VEN,
MNG,VNM,
MNG,YEM,
MNG,ZMB,
MNG,ZWE,
MNG,AFG,
MNE,ALB,
MNE,DZA,
MNE,AND,
MNE,AGO,
MNE,ATG,
MNE,ARG,
MNE,ARM,
MNE,AUS,
MNE,AUT,
MNE,AZE,
MNE,BHS,
MNE,BHR,
MNE,BGD,
MNE,BRB,
MNE,BLR,
MNE,BEL,
MNE,BLZ,
MNE,BEN,
MNE,BTN,
MNE,BOL,
MNE,BIH,
MNE,BWA,
MNE,BRA,
MNE,BRN,
MNE,BGR,
MNE,BFA,
MNE,BDI,
MNE,KHM,
MNE,CMR,
MNE,CAN,
MNE,CPV,
MNE,CAF,
MNE,TCD,
MNE,CHL,
MNE,CHN,
MNE,COL,
MNE,COM,
MNE,COG,
MNE,COD,
MNE,CRI,
MNE,CIV,
MNE,HRV,
MNE,CUB,
MNE,CYP,
MNE,CZE,
MNE,DNK,
MNE,DJI,
MNE,DMA,
MNE,DOM,
MNE,ECU,
MNE,EGY,
MNE,SLV,
MNE,GNQ,
MNE,ERI,
MNE,EST,
MNE,SWZ,
MNE,ETH,
MNE,FJI,
MNE,FIN,
MNE,FRA,
MNE,GAB,
MNE,GMB,
MNE,GEO,
MNE,DEU,
MNE,GHA,
MNE,GRC,
MNE,GRD,
MNE,GTM,
MNE,GIN,
MNE,GNB,
MNE,GUY,
MNE,HTI,
MNE,HND,
MNE,HKG,
MNE,HUN,
MNE,ISL,
MNE,IND,
MNE,IDN,
MNE,IRN,
MNE,IRQ,
MNE,IRL,
MNE,ISR,
MNE,ITA,
MNE,JAM,
MNE,JPN,
MNE,JOR,
MNE,KAZ,
MNE,KEN,
MNE,KIR,
MNE,XKX,
MNE,KWT,
MNE,KGZ,
MNE,LAO,
MNE,LVA,
MNE,LBN,
MNE,LSO,
MNE,LBR,
MNE,LBY,
MNE,LIE,
MNE,LTU,
MNE,LUX,
MNE,MAC,
MNE,MDG,
MNE,MWI,
MNE,MYS,
MNE,MDV,
MNE,MLI,
MNE,MLT,
MNE,MHL,
MNE,MRT,
MNE,MUS,
MNE,MEX,
MNE,FSM,
MNE,MDA,
MNE,MCO,
MNE,MNG,
MNE,MNE,-1
MNE,MAR,
MNE,MOZ,
MNE,MMR,
MNE,NAM,
MNE,NRU,
MNE,NPL,
MNE,NLD,
MNE,NZL,
MNE,NIC,
MNE,NER,
MNE,NGA,
MNE,PRK,
MNE,MKD,
MNE,NOR,
MNE,OMN,
MNE,PAK,
MNE,PLW,
MNE,PSE,
MNE,PAN,
MNE,PNG,
MNE,PRY,
MNE,PER,
MNE,PHL,
MNE,POL,
MNE,PRT,
MNE,QAT,
MNE,ROU,
MNE,RUS,
MNE,RWA,
MNE,KNA,
MNE,LCA,
MNE,WSM,
MNE,SMR,
MNE,STP,
MNE,SAU,
MNE,SEN,
MNE,SRB,
MNE,SYC,
MNE,SLE,
MNE,SGP,
MNE,SVK,
MNE,SVN,
MNE,SLB,
MNE,SOM,
MNE,ZAF,
MNE,KOR,
MNE,SSD,
MNE,ESP,
MNE,LKA,
MNE,VCT,
MNE,SDN,
MNE,SUR,
MNE,SWE,
MNE,CHE,
MNE,SYR,
MNE,TWN,
MNE,TJK,
MNE,TZA,
MNE,THA,
MNE,TLS,
MNE,TGO,
MNE,TON,
MNE,TTO,
MNE,TUN,
MNE,TKM,
MNE,TUV,
MNE,TUR,
MNE,UGA,
MNE,UKR,
MNE,ARE,
MNE,GBR,
MNE,USA,
MNE,URY,
MNE,UZB,
MNE,VUT,
MNE,VAT,
MNE,VEN,
MNE,VNM,
MNE,YEM,
MNE,ZMB,
MNE,ZWE,
MNE,AFG,
MAR,ALB,
MAR,DZA,
MAR,AND,
MAR,AGO,
MAR,ATG,
MAR,ARG,
MAR,ARM,
MAR,AUS,
MAR,AUT,
MAR,AZE,
MAR,BHS,
MAR,BHR,
MAR,BGD,
MAR,BRB,
MAR,BLR,
MAR,BEL,
MAR,BLZ,
MAR,BEN,
MAR,BTN,
MAR,BOL,
MAR,BIH,
MAR,BWA,
MAR,BRA,
MAR,BRN,
MAR,BGR,
MAR,BFA,
MAR,BDI,
MAR,KHM,
MAR,CMR,
MAR,CAN,
MAR,CPV,
MAR,CAF,
MAR,TCD,
MAR,CHL,
MAR,CHN,
MAR,COL,
MAR,COM,
MAR,COG,
MAR,COD,
MAR,CRI,
MAR,CIV,
MAR,HRV,
MAR,CUB,
MAR,CYP,
MAR,CZE,
MAR,DNK,
MAR,DJI,
MAR,DMA,
MAR,DOM,
MAR,ECU,
MAR,EGY,
MAR,SLV,
MAR,GNQ,
MAR,ERI,
MAR,EST,
MAR,SWZ,
MAR,ETH,
MAR,FJI,
MAR,FIN,
MAR,FRA,
MAR,GAB,
MAR,GMB,
MAR,GEO,
MAR,DEU,
MAR,GHA,
MAR,GRC,
MAR,GRD,
MAR,GTM,
MAR,GIN,
MAR,GNB,
MAR,GUY,
MAR,HTI,
MAR,HND,
MAR,HKG,
MAR,HUN,
MAR,ISL,
MAR,IND,
MAR,IDN,
MAR,IRN,
MAR,IRQ,
MAR,IRL,
MAR,ISR,
MAR,ITA,
MAR,JAM,
MAR,JPN,
MAR,JOR,
MAR,KAZ,
MAR,KEN,
MAR,KIR,
MAR,XKX,
MAR,KWT,
MAR,KGZ,
MAR,LAO,
MAR,LVA,
MAR,LBN,
MAR,LSO,
MAR,LBR,
MAR,LBY,
MAR,LIE,
MAR,LTU,
MAR,LUX,
MAR,MAC,
MAR,MDG,
MAR,MWI,
MAR,MYS,
MAR,MDV,
MAR,MLI,
MAR,MLT,
MAR,MHL,
MAR,MRT,
MAR,MUS,
MAR,MEX,
MAR,FSM,
MAR,MDA,
MAR,MCO,
MAR,MNG,
MAR,MNE,
MAR,MAR,-1
MAR,MOZ,
MAR,MMR,
MAR,NAM,
MAR,NRU,
MAR,NPL,
MAR,NLD,
MAR,NZL,
MAR,NIC,
MAR,NER,
MAR,NGA,
MAR,PRK,
MAR,MKD,
MAR,NOR,
MAR,OMN,
MAR,PAK,
MAR,PLW,
MAR,PSE,
MAR,PAN,
MAR,PNG,
MAR,PRY,
MAR,PER,
MAR,PHL,
MAR,POL,
MAR,PRT,
MAR,QAT,
MAR,ROU,
MAR,RUS,
MAR,RWA,
MAR,KNA,
MAR,LCA,
MAR,WSM,
MAR,SMR,
MAR,STP,
MAR,SAU,
MAR,SEN,
MAR,SRB,
MAR,SYC,
MAR,SLE,
MAR,SGP,
MAR,SVK,
MAR,SVN,
MAR,SLB,
MAR,SOM,
MAR,ZAF,
MAR,KOR,
MAR,SSD,
MAR,ESP,
MAR,LKA,
MAR,VCT,
MAR,SDN,
MAR,SUR,
MAR,SWE,
MAR,CHE,
MAR,SYR,
MAR,TWN,
MAR,TJK,
MAR,TZA,
MAR,THA,
MAR,TLS,
MAR,TGO,
MAR,TON,
MAR,TTO,
MAR,TUN,
MAR,TKM,
MAR,TUV,
MAR,TUR,
MAR,UGA,
MAR,UKR,
MAR,ARE,
MAR,GBR,
MAR,USA,
MAR,URY,
MAR,UZB,
MAR,VUT,
MAR,VAT,
MAR,VEN,
MAR,VNM,
MAR,YEM,
MAR,ZMB,
MAR,ZWE,
MAR,AFG,
MOZ,ALB,
MOZ,DZA,
MOZ,AND,
MOZ,AGO,
MOZ,ATG,
MOZ,ARG,
MOZ,ARM,
MOZ,AUS,
MOZ,AUT,
MOZ,AZE,
MOZ,BHS,
MOZ,BHR,
MOZ,BGD,
MOZ,BRB,
MOZ,BLR,
MOZ,BEL,
MOZ,BLZ,
MOZ,BEN,
MOZ,BTN,
MOZ,BOL,
MOZ,BIH,
MOZ,BWA,
MOZ,BRA,
MOZ,BRN,
MOZ,BGR,
MOZ,BFA,
MOZ,BDI,
MOZ,KHM,
MOZ,CMR,
MOZ,CAN,
MOZ,CPV,
MOZ,CAF,
MOZ,TCD,
MOZ,CHL,
MOZ,CHN,
MOZ,COL,
MOZ,COM,
MOZ,COG,
MOZ,COD,
MOZ,CRI,
MOZ,CIV,
MOZ,HRV,
MOZ,CUB,
MOZ,CYP,
MOZ,CZE,
MOZ,DNK,
MOZ,DJI,
MOZ,DMA,
MOZ,DOM,
MOZ,ECU,
MOZ,EGY,
MOZ,SLV,
MOZ,GNQ,
MOZ,ERI,
MOZ,EST,
MOZ,SWZ,
MOZ,ETH,
MOZ,FJI,
MOZ,FIN,
MOZ,FRA,
MOZ,GAB,
MOZ,GMB,
MOZ,GEO,
MOZ,DEU,
MOZ,GHA,
MOZ,GRC,
MOZ,GRD,
MOZ,GTM,
MOZ,GIN,
MOZ,GNB,
MOZ,GUY,
MOZ,HTI,
MOZ,HND,
MOZ,HKG,
MOZ,HUN,
MOZ,ISL,
MOZ,IND,
MOZ,IDN,
MOZ,IRN,
MOZ,IRQ,
MOZ,IRL,
MOZ,ISR,
MOZ,ITA,
MOZ,JAM,
MOZ,JPN,
MOZ,JOR,
MOZ,KAZ,
MOZ,KEN,
MOZ,KIR,
MOZ,XKX,
MOZ,KWT,
MOZ,KGZ,
MOZ,LAO,
MOZ,LVA,
MOZ,LBN,
MOZ,LSO,
MOZ,LBR,
MOZ,LBY,
MOZ,LIE,
MOZ,LTU,
MOZ,LUX,
MOZ,MAC,
MOZ,MDG,
MOZ,MWI,
MOZ,MYS,
MOZ,MDV,
MOZ,MLI,
MOZ,MLT,
MOZ,MHL,
MOZ,MRT,
MOZ,MUS,
MOZ,MEX,
MOZ,FSM,
MOZ,MDA,
MOZ,MCO,
MOZ,MNG,
MOZ,MNE,
MOZ,MAR,
MOZ,MOZ,-1
MOZ,MMR,
MOZ,NAM,
MOZ,NRU,
MOZ,NPL,
MOZ,NLD,
MOZ,NZL,
MOZ,NIC,
MOZ,NER,
MOZ,NGA,
MOZ,PRK,
MOZ,MKD,
MOZ,NOR,
MOZ,OMN,
MOZ,PAK,
MOZ,PLW,
MOZ,PSE,
MOZ,PAN,
MOZ,PNG,
MOZ,PRY,
MOZ,PER,
MOZ,PHL,
MOZ,POL,
MOZ,PRT,
MOZ,QAT,
MOZ,ROU,
MOZ,RUS,
MOZ,RWA,
MOZ,KNA,
MOZ,LCA,
MOZ,WSM,
MOZ,SMR,
MOZ,STP,
MOZ,SAU,
MOZ,SEN,
MOZ,SRB,
MOZ,SYC,
MOZ,SLE,
MOZ,SGP,
MOZ,SVK,
MOZ,SVN,
MOZ,SLB,
MOZ,SOM,
MOZ,ZAF,
MOZ,KOR,
MOZ,SSD,
MOZ,ESP,
MOZ,LKA,
MOZ,VCT,
MOZ,SDN,
MOZ,SUR,
MOZ,SWE,
MOZ,CHE,
MOZ,SYR,
MOZ,TWN,
MOZ,TJK,
MOZ,TZA,
MOZ,THA,
MOZ,TLS,
MOZ,TGO,
MOZ,TON,
MOZ,TTO,
MOZ,TUN,
MOZ,TKM,
MOZ,TUV,
MOZ,TUR,
MOZ,UGA,
MOZ,UKR,
MOZ,ARE,
MOZ,GBR,
MOZ,USA,
MOZ,URY,
MOZ,UZB,
MOZ,VUT,
MOZ,VAT,
MOZ,VEN,
MOZ,VNM,
MOZ,YEM,
MOZ,ZMB,
MOZ,ZWE,
MOZ,AFG,
MMR,ALB,
MMR,DZA,
MMR,AND,
MMR,AGO,
MMR,ATG,
MMR,ARG,
MMR,ARM,
MMR,AUS,
MMR,AUT,
MMR,AZE,
MMR,BHS,
MMR,BHR,
MMR,BGD,
MMR,BRB,
MMR,BLR,
MMR,BEL,
MMR,BLZ,
MMR,BEN,
MMR,BTN,
MMR,BOL,
MMR,BIH,
MMR,BWA,
MMR,BRA,
MMR,BRN,
MMR,BGR,
MMR,BFA,
MMR,BDI,
MMR,KHM,
MMR,CMR,
MMR,CAN,
MMR,CPV,
MMR,CAF,
MMR,TCD,
MMR,CHL,
MMR,CHN,
MMR,COL,
MMR,COM,
MMR,COG,
MMR,COD,
MMR,CRI,
MMR,CIV,
MMR,HRV,
MMR,CUB,
MMR,CYP,
MMR,CZE,
MMR,DNK,
MMR,DJI,
MMR,DMA,
MMR,DOM,
MMR,ECU,
MMR,EGY,
MMR,SLV,
MMR,GNQ,
MMR,ERI,
MMR,EST,
MMR,SWZ,
MMR,ETH,
MMR,FJI,
MMR,FIN,
MMR,FRA,
MMR,GAB,
MMR,GMB,
MMR,GEO,
MMR,DEU,
MMR,GHA,
MMR,GRC,
MMR,GRD,
MMR,GTM,
MMR,GIN,
MMR,GNB,
MMR,GUY,
MMR,HTI,
MMR,HND,
MMR,HKG,
MMR,HUN,
MMR,ISL,
MMR,IND,
MMR,IDN,
MMR,IRN,
MMR,IRQ,
MMR,IRL,
MMR,ISR,
MMR,ITA,
MMR,JAM,
MMR,JPN,
MMR,JOR,
MMR,KAZ,
MMR,KEN,
MMR,KIR,
MMR,XKX,
MMR,KWT,
MMR,KGZ,
MMR,LAO,
MMR,LVA,
MMR,LBN,
MMR,LSO,
MMR,LBR,
MMR,LBY,
MMR,LIE,
MMR,LTU,
MMR,LUX,
MMR,MAC,
MMR,MDG,
MMR,MWI,
MMR,MYS,
MMR,MDV,
MMR,MLI,
MMR,MLT,
MMR,MHL,
MMR,MRT,
MMR,MUS,
MMR,MEX,
MMR,FSM,
MMR,MDA,
MMR,MCO,
MMR,MNG,
MMR,MNE,
MMR,MAR,
MMR,MOZ,
MMR,MMR,-1
MMR,NAM,
MMR,NRU,
MMR,NPL,
MMR,NLD,
MMR,NZL,
MMR,NIC,
MMR,NER,
MMR,NGA,
MMR,PRK,
MMR,MKD,
MMR,NOR,
MMR,OMN,
MMR,PAK,
MMR,PLW,
MMR,PSE,
MMR,PAN,
MMR,PNG,
MMR,PRY,
MMR,PER,
MMR,PHL,
MMR,POL,
MMR,PRT,
MMR,QAT,
MMR,ROU,
MMR,RUS,
MMR,RWA,
MMR,KNA,
MMR,LCA,
MMR,WSM,
MMR,SMR,
MMR,STP,
MMR,SAU,
MMR,SEN,
MMR,SRB,
MMR,SYC,
MMR,SLE,
MMR,SGP,
MMR,SVK,
MMR,SVN,
MMR,SLB,
MMR,SOM,
MMR,ZAF,
MMR,KOR,
MMR,SSD,
MMR,ESP,
MMR,LKA,
MMR,VCT,
MMR,SDN,
MMR,SUR,
MMR,SWE,
MMR,CHE,
MMR,SYR,
MMR,TWN,
MMR,TJK,
MMR,TZA,
MMR,THA,
MMR,TLS,
MMR,TGO,
MMR,TON,
MMR,TTO,
MMR,TUN,
MMR,TKM,
MMR,TUV,
MMR,TUR,
MMR,UGA,
MMR,UKR,
MMR,ARE,
MMR,GBR,
MMR,USA,
MMR,URY,
MMR,UZB,
MMR,VUT,
MMR,VAT,
MMR,VEN,
MMR,VNM,
MMR,YEM,
MMR,ZMB,
MMR,ZWE,
MMR,AFG,
NAM,ALB,
NAM,DZA,
NAM,AND,
NAM,AGO,
NAM,ATG,
NAM,ARG,
NAM,ARM,
NAM,AUS,
NAM,AUT,
NAM,AZE,
NAM,BHS,
NAM,BHR,
NAM,BGD,
NAM,BRB,
NAM,BLR,
NAM,BEL,
NAM,BLZ,
NAM,BEN,
NAM,BTN,
NAM,BOL,
NAM,BIH,
NAM,BWA,
NAM,BRA,
NAM,BRN,
NAM,BGR,
NAM,BFA,
NAM,BDI,
NAM,KHM,
NAM,CMR,
NAM,CAN,
NAM,CPV,
NAM,CAF,
NAM,TCD,
NAM,CHL,
NAM,CHN,
NAM,COL,
NAM,COM,
NAM,COG,
NAM,COD,
NAM,CRI,
NAM,CIV,
NAM,HRV,
NAM,CUB,
NAM,CYP,
NAM,CZE,
NAM,DNK,
NAM,DJI,
NAM,DMA,
NAM,DOM,
NAM,ECU,
NAM,EGY,
NAM,SLV,
NAM,GNQ,
NAM,ERI,
NAM,EST,
NAM,SWZ,
NAM,ETH,
NAM,FJI,
NAM,FIN,
NAM,FRA,
NAM,GAB,
NAM,GMB,
NAM,GEO,
NAM,DEU,
NAM,GHA,
NAM,GRC,
NAM,GRD,
NAM,GTM,
NAM,GIN,
NAM,GNB,
NAM,GUY,
NAM,HTI,
NAM,HND,
NAM,HKG,
NAM,HUN,
NAM,ISL,
NAM,IND,
NAM,IDN,
NAM,IRN,
NAM,IRQ,
NAM,IRL,
NAM,ISR,
NAM,ITA,
NAM,JAM,
NAM,JPN,
NAM,JOR,
NAM,KAZ,
NAM,KEN,
NAM,KIR,
NAM,XKX,
NAM,KWT,
NAM,KGZ,
NAM,LAO,
NAM,LVA,
NAM,LBN,
NAM,LSO,
NAM,LBR,
NAM,LBY,
NAM,LIE,
NAM,LTU,
NAM,LUX,
NAM,MAC,
NAM,MDG,
NAM,MWI,
NAM,MYS,
NAM,MDV,
NAM,MLI,
NAM,MLT,
NAM,MHL,
NAM,MRT,
NAM,MUS,
NAM,MEX,
NAM,FSM,
NAM,MDA,
NAM,MCO,
NAM,MNG,
NAM,MNE,
NAM,MAR,
NAM,MOZ,
NAM,MMR,
NAM,NAM,-1
NAM,NRU,
NAM,NPL,
NAM,NLD,
NAM,NZL,
NAM,NIC,
NAM,NER,
NAM,NGA,
NAM,PRK,
NAM,MKD,
NAM,NOR,
NAM,OMN,
NAM,PAK,
NAM,PLW,
NAM,PSE,
NAM,PAN,
NAM,PNG,
NAM,PRY,
NAM,PER,
NAM,PHL,
NAM,POL,
NAM,PRT,
NAM,QAT,
NAM,ROU,
NAM,RUS,
NAM,RWA,
NAM,KNA,
NAM,LCA,
NAM,WSM,
NAM,SMR,
NAM,STP,
NAM,SAU,
NAM,SEN,
NAM,SRB,
NAM,SYC,
NAM,SLE,
NAM,SGP,
NAM,SVK,
NAM,SVN,
NAM,SLB,
NAM,SOM,
NAM,ZAF,
NAM,KOR,
NAM,SSD,
NAM,ESP,
NAM,LKA,
NAM,VCT,
NAM,SDN,
NAM,SUR,
NAM,SWE,
NAM,CHE,
NAM,SYR,
NAM,TWN,
NAM,TJK,
NAM,TZA,
NAM,THA,
NAM,TLS,
NAM,TGO,
NAM,TON,
NAM,TTO,
NAM,TUN,
NAM,TKM,
NAM,TUV,
NAM,TUR,
NAM,UGA,
NAM,UKR,
NAM,ARE,
NAM,GBR,
NAM,USA,
NAM,URY,
NAM,UZB,
NAM,VUT,
NAM,VAT,
NAM,VEN,
NAM,VNM,
NAM,YEM,
NAM,ZMB,
NAM,ZWE,
NAM,AFG,
NRU,ALB,
NRU,DZA,
NRU,AND,
NRU,AGO,
NRU,ATG,
NRU,ARG,
NRU,ARM,
NRU,AUS,
NRU,AUT,
NRU,AZE,
NRU,BHS,
NRU,BHR,
NRU,BGD,
NRU,BRB,
NRU,BLR,
NRU,BEL,
NRU,BLZ,
NRU,BEN,
NRU,BTN,
NRU,BOL,
NRU,BIH,
NRU,BWA,
NRU,BRA,
NRU,BRN,
NRU,BGR,
NRU,BFA,
NRU,BDI,
NRU,KHM,
NRU,CMR,
NRU,CAN,
NRU,CPV,
NRU,CAF,
NRU,TCD,
NRU,CHL,
NRU,CHN,
NRU,COL,
NRU,COM,
NRU,COG,
NRU,COD,
NRU,CRI,
NRU,CIV,
NRU,HRV,
NRU,CUB,
NRU,CYP,
NRU,CZE,
NRU,DNK,
NRU,DJI,
NRU,DMA,
NRU,DOM,
NRU,ECU,
NRU,EGY,
NRU,SLV,
NRU,GNQ,
NRU,ERI,
NRU,EST,
NRU,SWZ,
NRU,ETH,
NRU,FJI,
NRU,FIN,
NRU,FRA,
NRU,GAB,
NRU,GMB,
NRU,GEO,
NRU,DEU,
NRU,GHA,
NRU,GRC,
NRU,GRD,
NRU,GTM,
NRU,GIN,
NRU,GNB,
NRU,GUY,
NRU,HTI,
NRU,HND,
NRU,HKG,
NRU,HUN,
NRU,ISL,
NRU,IND,
NRU,IDN,
NRU,IRN,
NRU,IRQ,
NRU,IRL,
NRU,ISR,
NRU,ITA,
NRU,JAM,
NRU,JPN,
NRU,JOR,
NRU,KAZ,
NRU,KEN,
NRU,KIR,
NRU,XKX,
NRU,KWT,
NRU,KGZ,
NRU,LAO,
NRU,LVA,
NRU,LBN,
NRU,LSO,
NRU,LBR,
NRU,LBY,
NRU,LIE,
NRU,LTU,
NRU,LUX,
NRU,MAC,
NRU,MDG,
NRU,MWI,
NRU,MYS,
NRU,MDV,
NRU,MLI,
NRU,MLT,
NRU,MHL,
NRU,MRT,
NRU,MUS,
NRU,MEX,
NRU,FSM,
NRU,MDA,
NRU,MCO,
NRU,MNG,
NRU,MNE,
NRU,MAR,
NRU,MOZ,
NRU,MMR,
NRU,NAM,
NRU,NRU,-1
NRU,NPL,
NRU,NLD,
NRU,NZL,
NRU,NIC,
NRU,NER,
NRU,NGA,
NRU,PRK,
NRU,MKD,
NRU,NOR,
NRU,OMN,
NRU,PAK,
NRU,PLW,
NRU,PSE,
NRU,PAN,
NRU,PNG,
NRU,PRY,
NRU,PER,
NRU,PHL,
NRU,POL,
NRU,PRT,
NRU,QAT,
NRU,ROU,
NRU,RUS,
NRU,RWA,
NRU,KNA,
NRU,LCA,
NRU,WSM,
NRU,SMR,
NRU,STP,
NRU,SAU,
NRU,SEN,
NRU,SRB,
NRU,SYC,
NRU,SLE,
NRU,SGP,
NRU,SVK,
NRU,SVN,
NRU,SLB,
NRU,SOM,
NRU,ZAF,
NRU,KOR,
NRU,SSD,
NRU,ESP,
NRU,LKA,
NRU,VCT,
NRU,SDN,
NRU,SUR,
NRU,SWE,
NRU,CHE,
NRU,SYR,
NRU,TWN,
NRU,TJK,
NRU,TZA,
NRU,THA,
NRU,TLS,
NRU,TGO,
NRU,TON,
NRU,TTO,
NRU,TUN,
NRU,TKM,
NRU,TUV,
NRU,TUR,
NRU,UGA,
NRU,UKR,
NRU,ARE,
NRU,GBR,
NRU,USA,
NRU,URY,
NRU,UZB,
NRU,VUT,
NRU,VAT,
NRU,VEN,
NRU,VNM,
NRU,YEM,
NRU,ZMB,
NRU,ZWE,
NRU,AFG,
NPL,ALB,
NPL,DZA,
NPL,AND,
NPL,AGO,
NPL,ATG,
NPL,ARG,
NPL,ARM,
NPL,AUS,
NPL,AUT,
NPL,AZE,
NPL,BHS,
NPL,BHR,
NPL,BGD,
NPL,BRB,
NPL,BLR,
NPL,BEL,
NPL,BLZ,
NPL,BEN,
NPL,BTN,
NPL,BOL,
NPL,BIH,
NPL,BWA,
NPL,BRA,
NPL,BRN,
NPL,BGR,
NPL,BFA,
NPL,BDI,
NPL,KHM,
NPL,CMR,
NPL,CAN,
NPL,CPV,
NPL,CAF,
NPL,TCD,
NPL,CHL,
NPL,CHN,
NPL,COL,
NPL,COM,
NPL,COG,
NPL,COD,
NPL,CRI,
NPL,CIV,
NPL,HRV,
NPL,CUB,
NPL,CYP,
NPL,CZE,
NPL,DNK,
NPL,DJI,
NPL,DMA,
NPL,DOM,
NPL,ECU,
NPL,EGY,
NPL,SLV,
NPL,GNQ,
NPL,ERI,
NPL,EST,
NPL,SWZ,
NPL,ETH,
NPL,FJI,
NPL,FIN,
NPL,FRA,
NPL,GAB,
NPL,GMB,
NPL,GEO,
NPL,DEU,
NPL,GHA,
NPL,GRC,
NPL,GRD,
NPL,GTM,
NPL,GIN,
NPL,GNB,
NPL,GUY,
NPL,HTI,
NPL,HND,
NPL,HKG,
NPL,HUN,
NPL,ISL,
NPL,IND,
NPL,IDN,
NPL,IRN,
NPL,IRQ,
NPL,IRL,
NPL,ISR,
NPL,ITA,
NPL,JAM,
NPL,JPN,
NPL,JOR,
NPL,KAZ,
NPL,KEN,
NPL,KIR,
NPL,XKX,
NPL,KWT,
NPL,KGZ,
NPL,LAO,
NPL,LVA,
NPL,LBN,
NPL,LSO,
NPL,LBR,
NPL,LBY,
NPL,LIE,
NPL,LTU,
NPL,LUX,
NPL,MAC,
NPL,MDG,
NPL,MWI,
NPL,MYS,
NPL,MDV,
NPL,MLI,
NPL,MLT,
NPL,MHL,
NPL,MRT,
NPL,MUS,
NPL,MEX,
NPL,FSM,
NPL,MDA,
NPL,MCO,
NPL,MNG,
NPL,MNE,
NPL,MAR,
NPL,MOZ,
NPL,MMR,
NPL,NAM,
NPL,NRU,
NPL,NPL,-1
NPL,NLD,
NPL,NZL,
NPL,NIC,
NPL,NER,
NPL,NGA,
NPL,PRK,
NPL,MKD,
NPL,NOR,
NPL,OMN,
NPL,PAK,
NPL,PLW,
NPL,PSE,
NPL,PAN,
NPL,PNG,
NPL,PRY,
NPL,PER,
NPL,PHL,
NPL,POL,
NPL,PRT,
NPL,QAT,
NPL,ROU,
NPL,RUS,
NPL,RWA,
NPL,KNA,
NPL,LCA,
NPL,WSM,
NPL,SMR,
NPL,STP,
NPL,SAU,
NPL,SEN,
NPL,SRB,
NPL,SYC,
NPL,SLE,
NPL,SGP,
NPL,SVK,
NPL,SVN,
NPL,SLB,
NPL,SOM,
NPL,ZAF,
NPL,KOR,
NPL,SSD,
NPL,ESP,
NPL,LKA,
NPL,VCT,
NPL,SDN,
NPL,SUR,
NPL,SWE,
NPL,CHE,
NPL,SYR,
NPL,TWN,
NPL,TJK,
NPL,TZA,
NPL,THA,
NPL,TLS,
NPL,TGO,
NPL,TON,
NPL,TTO,
NPL,TUN,
NPL,TKM,
NPL,TUV,
NPL,TUR,
NPL,UGA,
NPL,UKR,
NPL,ARE,
NPL,GBR,
NPL,USA,
NPL,URY,
NPL,UZB,
NPL,VUT,
NPL,VAT,
NPL,VEN,
NPL,VNM,
NPL,YEM,
NPL,ZMB,
NPL,ZWE,
NPL,AFG,
NLD,ALB,
NLD,DZA,
NLD,AND,
NLD,AGO,
NLD,ATG,
NLD,ARG,
NLD,ARM,
NLD,AUS,
NLD,AUT,
NLD,AZE,
NLD,BHS,
NLD,BHR,
NLD,BGD,
NLD,BRB,
NLD,BLR,
NLD,BEL,
NLD,BLZ,
NLD,BEN,
NLD,BTN,
NLD,BOL,
NLD,BIH,
NLD,BWA,
NLD,BRA,
NLD,BRN,
NLD,BGR,
NLD,BFA,
NLD,BDI,
NLD,KHM,
NLD,CMR,
NLD,CAN,
NLD,CPV,
NLD,CAF,
NLD,TCD,
NLD,CHL,
NLD,CHN,
NLD,COL,
NLD,COM,
NLD,COG,
NLD,COD,
NLD,CRI,
NLD,CIV,
NLD,HRV,
NLD,CUB,
NLD,CYP,
NLD,CZE,
NLD,DNK,
NLD,DJI,
NLD,DMA,
NLD,DOM,
NLD,ECU,
NLD,EGY,
NLD,SLV,
NLD,GNQ,
NLD,ERI,
NLD,EST,
NLD,SWZ,
NLD,ETH,
NLD,FJI,
NLD,FIN,
NLD,FRA,
NLD,GAB,
NLD,GMB,
NLD,GEO,
NLD,DEU,
NLD,GHA,
NLD,GRC,
NLD,GRD,
NLD,GTM,
NLD,GIN,
NLD,GNB,
NLD,GUY,
NLD,HTI,
NLD,HND,
NLD,HKG,
NLD,HUN,
NLD,ISL,
NLD,IND,
NLD,IDN,
NLD,IRN,
NLD,IRQ,
NLD,IRL,
NLD,ISR,
NLD,ITA,
NLD,JAM,
NLD,JPN,
NLD,JOR,
NLD,KAZ,
NLD,KEN,
NLD,KIR,
NLD,XKX,
NLD,KWT,
NLD,KGZ,
NLD,LAO,
NLD,LVA,
NLD,LBN,
NLD,LSO,
NLD,LBR,
NLD,LBY,
NLD,LIE,
NLD,LTU,
NLD,LUX,
NLD,MAC,
NLD,MDG,
NLD,MWI,
NLD,MYS,
NLD,MDV,
NLD,MLI,
NLD,MLT,
NLD,MHL,
NLD,MRT,
NLD,MUS,
NLD,MEX,
NLD,FSM,
NLD,MDA,
NLD,MCO,
NLD,MNG,
NLD,MNE,
NLD,MAR,
NLD,MOZ,
NLD,MMR,
NLD,NAM,
NLD,NRU,
NLD,NPL,
NLD,NLD,-1
NLD,NZL,
NLD,NIC,
NLD,NER,
NLD,NGA,
NLD,PRK,
NLD,MKD,
NLD,NOR,
NLD,OMN,
NLD,PAK,
NLD,PLW,
NLD,PSE,
NLD,PAN,
NLD,PNG,
NLD,PRY,
NLD,PER,
NLD,PHL,
NLD,POL,
NLD,PRT,
NLD,QAT,
NLD,ROU,
NLD,RUS,
NLD,RWA,
NLD,KNA,
NLD,LCA,
NLD,WSM,
NLD,SMR,
NLD,STP,
NLD,SAU,
NLD,SEN,
NLD,SRB,
NLD,SYC,
NLD,SLE,
NLD,SGP,
NLD,SVK,
NLD,SVN,
NLD,SLB,
NLD,SOM,
NLD,ZAF,
NLD,KOR,
NLD,SSD,
NLD,ESP,
NLD,LKA,
NLD,VCT,
NLD,SDN,
NLD,SUR,
NLD,SWE,
NLD,CHE,
NLD,SYR,
NLD,TWN,
NLD,TJK,
NLD,TZA,
NLD,THA,
NLD,TLS,
NLD,TGO,
NLD,TON,
NLD,TTO,
NLD,TUN,
NLD,TKM,
NLD,TUV,
NLD,TUR,
NLD,UGA,
NLD,UKR,
NLD,ARE,
NLD,GBR,
NLD,USA,
NLD,URY,
NLD,UZB,
NLD,VUT,
NLD,VAT,
NLD,VEN,
NLD,VNM,
NLD,YEM,
NLD,ZMB,
NLD,ZWE,
NLD,AFG,
NZL,ALB,
NZL,DZA,
NZL,AND,
NZL,AGO,
NZL,ATG,
NZL,ARG,
NZL,ARM,
NZL,AUS,
NZL,AUT,
NZL,AZE,
NZL,BHS,
NZL,BHR,
NZL,BGD,
NZL,BRB,
NZL,BLR,
NZL,BEL,
NZL,BLZ,
NZL,BEN,
NZL,BTN,
NZL,BOL,
NZL,BIH,
NZL,BWA,
NZL,BRA,
NZL,BRN,
NZL,BGR,
NZL,BFA,
NZL,BDI,
NZL,KHM,
NZL,CMR,
NZL,CAN,
NZL,CPV,
NZL,CAF,
NZL,TCD,
NZL,CHL,
NZL,CHN,
NZL,COL,
NZL,COM,
NZL,COG,
NZL,COD,
NZL,CRI,
NZL,CIV,
NZL,HRV,
NZL,CUB,
NZL,CYP,
NZL,CZE,
NZL,DNK,
NZL,DJI,
NZL,DMA,
NZL,DOM,
NZL,ECU,
NZL,EGY,
NZL,SLV,
NZL,GNQ,
NZL,ERI,
NZL,EST,
NZL,SWZ,
NZL,ETH,
NZL,FJI,
NZL,FIN,
NZL,FRA,
NZL,GAB,
NZL,GMB,
NZL,GEO,
NZL,DEU,
NZL,GHA,
NZL,GRC,
NZL,GRD,
NZL,GTM,
NZL,GIN,
NZL,GNB,
NZL,GUY,
NZL,HTI,
NZL,HND,
NZL,HKG,
NZL,HUN,
NZL,ISL,
NZL,IND,
NZL,IDN,
NZL,IRN,
NZL,IRQ,
NZL,IRL,
NZL,ISR,
NZL,ITA,
NZL,JAM,
NZL,JPN,
NZL,JOR,
NZL,KAZ,
NZL,KEN,
NZL,KIR,
NZL,XKX,
NZL,KWT,
NZL,KGZ,
NZL,LAO,
NZL,LVA,
NZL,LBN,
NZL,LSO,
NZL,LBR,
NZL,LBY,
NZL,LIE,
NZL,LTU,
NZL,LUX,
NZL,MAC,
NZL,MDG,
NZL,MWI,
NZL,MYS,
NZL,MDV,
NZL,MLI,
NZL,MLT,
NZL,MHL,
NZL,MRT,
NZL,MUS,
NZL,MEX,
NZL,FSM,
NZL,MDA,
NZL,MCO,
NZL,MNG,
NZL,MNE,
NZL,MAR,
NZL,MOZ,
NZL,MMR,
NZL,NAM,
NZL,NRU,
NZL,NPL,
NZL,NLD,
NZL,NZL,-1
NZL,NIC,
NZL,NER,
NZL,NGA,
NZL,PRK,
NZL,MKD,
NZL,NOR,
NZL,OMN,
NZL,PAK,
NZL,PLW,
NZL,PSE,
NZL,PAN,
NZL,PNG,
NZL,PRY,
NZL,PER,
NZL,PHL,
NZL,POL,
NZL,PRT,
NZL,QAT,
NZL,ROU,
NZL,RUS,
NZL,RWA,
NZL,KNA,
NZL,LCA,
NZL,WSM,
NZL,SMR,
NZL,STP,
NZL,SAU,
NZL,SEN,
NZL,SRB,
NZL,SYC,
NZL,SLE,
NZL,SGP,
NZL,SVK,
NZL,SVN,
NZL,SLB,
NZL,SOM,
NZL,ZAF,
NZL,KOR,
NZL,SSD,
NZL,ESP,
NZL,LKA,
NZL,VCT,
NZL,SDN,
NZL,SUR,
NZL,SWE,
NZL,CHE,
NZL,SYR,
NZL,TWN,
NZL,TJK,
NZL,TZA,
NZL,THA,
NZL,TLS,
NZL,TGO,
NZL,TON,
NZL,TTO,
NZL,TUN,
NZL,TKM,
NZL,TUV,
NZL,TUR,
NZL,UGA,
NZL,UKR,
NZL,ARE,
NZL,GBR,
NZL,USA,
NZL,URY,
NZL,UZB,
NZL,VUT,
NZL,VAT,
NZL,VEN,
NZL,VNM,
NZL,YEM,
NZL,ZMB,
NZL,ZWE,
NZL,AFG,
NIC,ALB,
NIC,DZA,
NIC,AND,
NIC,AGO,
NIC,ATG,
NIC,ARG,
NIC,ARM,
NIC,AUS,
NIC,AUT,
NIC,AZE,
NIC,BHS,
NIC,BHR,
NIC,BGD,
NIC,BRB,
NIC,BLR,
NIC,BEL,
NIC,BLZ,
NIC,BEN,
NIC,BTN,
NIC,BOL,
NIC,BIH,
NIC,BWA,
NIC,BRA,
NIC,BRN,
NIC,BGR,
NIC,BFA,
NIC,BDI,
NIC,KHM,
NIC,CMR,
NIC,CAN,
NIC,CPV,
NIC,CAF,
NIC,TCD,
NIC,CHL,
NIC,CHN,
NIC,COL,
NIC,COM,
NIC,COG,
NIC,COD,
NIC,CRI,
NIC,CIV,
NIC,HRV,
NIC,CUB,
NIC,CYP,
NIC,CZE,
NIC,DNK,
NIC,DJI,
NIC,DMA,
NIC,DOM,
NIC,ECU,
NIC,EGY,
NIC,SLV,
NIC,GNQ,
NIC,ERI,
NIC,EST,
NIC,SWZ,
NIC,ETH,
NIC,FJI,
NIC,FIN,
NIC,FRA,
NIC,GAB,
NIC,GMB,
NIC,GEO,
NIC,DEU,
NIC,GHA,
NIC,GRC,
NIC,GRD,
NIC,GTM,
NIC,GIN,
NIC,GNB,
NIC,GUY,
NIC,HTI,
NIC,HND,
NIC,HKG,
NIC,HUN,
NIC,ISL,
NIC,IND,
NIC,IDN,
NIC,IRN,
NIC,IRQ,
NIC,IRL,
NIC,ISR,
NIC,ITA,
NIC,JAM,
NIC,JPN,
NIC,JOR,
NIC,KAZ,
NIC,KEN,
NIC,KIR,
NIC,XKX,
NIC,KWT,
NIC,KGZ,
NIC,LAO,
NIC,LVA,
NIC,LBN,
NIC,LSO,
NIC,LBR,
NIC,LBY,
NIC,LIE,
NIC,LTU,
NIC,LUX,
NIC,MAC,
NIC,MDG,
NIC,MWI,
NIC,MYS,
NIC,MDV,
NIC,MLI,
NIC,MLT,
NIC,MHL,
NIC,MRT,
NIC,MUS,
NIC,MEX,
NIC,FSM,
NIC,MDA,
NIC,MCO,
NIC,MNG,
NIC,MNE,
NIC,MAR,
NIC,MOZ,
NIC,MMR,
NIC,NAM,
NIC,NRU,
NIC,NPL,
NIC,NLD,
NIC,NZL,
NIC,NIC,-1
NIC,NER,
NIC,NGA,
NIC,PRK,
NIC,MKD,
NIC,NOR,
NIC,OMN,
NIC,PAK,
NIC,PLW,
NIC,PSE,
NIC,PAN,
NIC,PNG,
NIC,PRY,
NIC,PER,
NIC,PHL,
NIC,POL,
NIC,PRT,
NIC,QAT,
NIC,ROU,
NIC,RUS,
NIC,RWA,
NIC,KNA,
NIC,LCA,
NIC,WSM,
NIC,SMR,
NIC,STP,
NIC,SAU,
NIC,SEN,
NIC,SRB,
NIC,SYC,
NIC,SLE,
NIC,SGP,
NIC,SVK,
NIC,SVN,
NIC,SLB,
NIC,SOM,
NIC,ZAF,
NIC,KOR,
NIC,SSD,
NIC,ESP,
NIC,LKA,
NIC,VCT,
NIC,SDN,
NIC,SUR,
NIC,SWE,
NIC,CHE,
NIC,SYR,
NIC,TWN,
NIC,TJK,
NIC,TZA,
NIC,THA,
NIC,TLS,
NIC,TGO,
NIC,TON,
NIC,TTO,
NIC,TUN,
NIC,TKM,
NIC,TUV,
NIC,TUR,
NIC,UGA,
NIC,UKR,
NIC,ARE,
NIC,GBR,
NIC,USA,
NIC,URY,
NIC,UZB,
NIC,VUT,
NIC,VAT,
NIC,VEN,
NIC,VNM,
NIC,YEM,
NIC,ZMB,
NIC,ZWE,
NIC,AFG,
NER,ALB,
NER,DZA,
NER,AND,
NER,AGO,
NER,ATG,
NER,ARG,
NER,ARM,
NER,AUS,
NER,AUT,
NER,AZE,
NER,BHS,
NER,BHR,
NER,BGD,
NER,BRB,
NER,BLR,
NER,BEL,
NER,BLZ,
NER,BEN,
NER,BTN,
NER,BOL,
NER,BIH,
NER,BWA,
NER,BRA,
NER,BRN,
NER,BGR,
NER,BFA,
NER,BDI,
NER,KHM,
NER,CMR,
NER,CAN,
NER,CPV,
NER,CAF,
NER,TCD,
NER,CHL,
NER,CHN,
NER,COL,
NER,COM,
NER,COG,
NER,COD,
NER,CRI,
NER,CIV,
NER,HRV,
NER,CUB,
NER,CYP,
NER,CZE,
NER,DNK,
NER,DJI,
NER,DMA,
NER,DOM,
NER,ECU,
NER,EGY,
NER,SLV,
NER,GNQ,
NER,ERI,
NER,EST,
NER,SWZ,
NER,ETH,
NER,FJI,
NER,FIN,
NER,FRA,
NER,GAB,
NER,GMB,
NER,GEO,
NER,DEU,
NER,GHA,
NER,GRC,
NER,GRD,
NER,GTM,
NER,GIN,
NER,GNB,
NER,GUY,
NER,HTI,
NER,HND,
NER,HKG,
NER,HUN,
NER,ISL,
NER,IND,
NER,IDN,
NER,IRN,
NER,IRQ,
NER,IRL,
NER,ISR,
NER,ITA,
NER,JAM,
NER,JPN,
NER,JOR,
NER,KAZ,
NER,KEN,
NER,KIR,
NER,XKX,
NER,KWT,
NER,KGZ,
NER,LAO,
NER,LVA,
NER,LBN,
NER,LSO,
NER,LBR,
NER,LBY,
NER,LIE,
NER,LTU,
NER,LUX,
NER,MAC,
NER,MDG,
NER,MWI,
NER,MYS,
NER,MDV,
NER,MLI,
NER,MLT,
NER,MHL,
NER,MRT,
NER,MUS,
NER,MEX,
NER,FSM,
NER,MDA,
NER,MCO,
NER,MNG,
NER,MNE,
NER,MAR,
NER,MOZ,
NER,MMR,
NER,NAM,
NER,NRU,
NER,NPL,
NER,NLD,
NER,NZL,
NER,NIC,
NER,NER,-1
NER,NGA,
NER,PRK,
NER,MKD,
NER,NOR,
NER,OMN,
NER,PAK,
NER,PLW,
NER,PSE,
NER,PAN,
NER,PNG,
NER,PRY,
NER,PER,
NER,PHL,
NER,POL,
NER,PRT,
NER,QAT,
NER,ROU,
NER,RUS,
NER,RWA,
NER,KNA,
NER,LCA,
NER,WSM,
NER,SMR,
NER,STP,
NER,SAU,
NER,SEN,
NER,SRB,
NER,SYC,
NER,SLE,
NER,SGP,
NER,SVK,
NER,SVN,
NER,SLB,
NER,SOM,
NER,ZAF,
NER,KOR,
NER,SSD,
NER,ESP,
NER,LKA,
NER,VCT,
NER,SDN,
NER,SUR,
NER,SWE,
NER,CHE,
NER,SYR,
NER,TWN,
NER,TJK,
NER,TZA,
NER,THA,
NER,TLS,
NER,TGO,
NER,TON,
NER,TTO,
NER,TUN,
NER,TKM,
NER,TUV,
NER,TUR,
NER,UGA,
NER,UKR,
NER,ARE,
NER,GBR,
NER,USA,
NER,URY,
NER,UZB,
NER,VUT,
NER,VAT,
NER,VEN,
NER,VNM,
NER,YEM,
NER,ZMB,
NER,ZWE,
NER,AFG,
NGA,ALB,
NGA,DZA,
NGA,AND,
NGA,AGO,
NGA,ATG,
NGA,ARG,
NGA,ARM,
NGA,AUS,
NGA,AUT,
NGA,AZE,
NGA,BHS,
NGA,BHR,
NGA,BGD,
NGA,BRB,
NGA,BLR,
NGA,BEL,
NGA,BLZ,
NGA,BEN,
NGA,BTN,
NGA,BOL,
NGA,BIH,
NGA,BWA,
NGA,BRA,
NGA,BRN,
NGA,BGR,
NGA,BFA,
NGA,BDI,
NGA,KHM,
NGA,CMR,
NGA,CAN,
NGA,CPV,
NGA,CAF,
NGA,TCD,
NGA,CHL,
NGA,CHN,
NGA,COL,
NGA,COM,
NGA,COG,
NGA,COD,
NGA,CRI,
NGA,CIV,
NGA,HRV,
NGA,CUB,
NGA,CYP,
NGA,CZE,
NGA,DNK,
NGA,DJI,
NGA,DMA,
NGA,DOM,
NGA,ECU,
NGA,EGY,
NGA,SLV,
NGA,GNQ,
NGA,ERI,
NGA,EST,
NGA,SWZ,
NGA,ETH,
NGA,FJI,
NGA,FIN,
NGA,FRA,
NGA,GAB,
NGA,GMB,
NGA,GEO,
NGA,DEU,
NGA,GHA,
NGA,GRC,
NGA,GRD,
NGA,GTM,
NGA,GIN,
NGA,GNB,
NGA,GUY,
NGA,HTI,
NGA,HND,
NGA,HKG,
NGA,HUN,
NGA,ISL,
NGA,IND,
NGA,IDN,
NGA,IRN,
NGA,IRQ,
NGA,IRL,
NGA,ISR,
NGA,ITA,
NGA,JAM,
NGA,JPN,
NGA,JOR,
NGA,KAZ,
NGA,KEN,
NGA,KIR,
NGA,XKX,
NGA,KWT,
NGA,KGZ,
NGA,LAO,
NGA,LVA,
NGA,LBN,
NGA,LSO,
NGA,LBR,
NGA,LBY,
NGA,LIE,
NGA,LTU,
NGA,LUX,
NGA,MAC,
NGA,MDG,
NGA,MWI,
NGA,MYS,
NGA,MDV,
NGA,MLI,
NGA,MLT,
NGA,MHL,
NGA,MRT,
NGA,MUS,
NGA,MEX,
NGA,FSM,
NGA,MDA,
NGA,MCO,
NGA,MNG,
NGA,MNE,
NGA,MAR,
NGA,MOZ,
NGA,MMR,
NGA,NAM,
NGA,NRU,
NGA,NPL,
NGA,NLD,
NGA,NZL,
NGA,NIC,
NGA,NER,
NGA,NGA,-1
NGA,PRK,
NGA,MKD,
NGA,NOR,
NGA,OMN,
NGA,PAK,
NGA,PLW,
NGA,PSE,
NGA,PAN,
NGA,PNG,
NGA,PRY,
NGA,PER,
NGA,PHL,
NGA,POL,
NGA,PRT,
NGA,QAT,
NGA,ROU,
NGA,RUS,
NGA,RWA,
NGA,KNA,
NGA,LCA,
NGA,WSM,
NGA,SMR,
NGA,STP,
NGA,SAU,
NGA,SEN,
NGA,SRB,
NGA,SYC,
NGA,SLE,
NGA,SGP,
NGA,SVK,
NGA,SVN,
NGA,SLB,
NGA,SOM,
NGA,ZAF,
NGA,KOR,
NGA,SSD,
NGA,ESP,
NGA,LKA,
NGA,VCT,
NGA,SDN,
NGA,SUR,
NGA,SWE,
NGA,CHE,
NGA,SYR,
NGA,TWN,
NGA,TJK,
NGA,TZA,
NGA,THA,
NGA,TLS,
NGA,TGO,
NGA,TON,
NGA,TTO,
NGA,TUN,
NGA,TKM,
NGA,TUV,
NGA,TUR,
NGA,UGA,
NGA,UKR,
NGA,ARE,
NGA,GBR,
NGA,USA,
NGA,URY,
NGA,UZB,
NGA,VUT,
NGA,VAT,
NGA,VEN,
NGA,VNM,
NGA,YEM,
NGA,ZMB,
NGA,ZWE,
NGA,AFG,
PRK,ALB,
PRK,DZA,
PRK,AND,
PRK,AGO,
PRK,ATG,
PRK,ARG,
PRK,ARM,
PRK,AUS,
PRK,AUT,
PRK,AZE,
PRK,BHS,
PRK,BHR,
PRK,BGD,
PRK,BRB,
PRK,BLR,
PRK,BEL,
PRK,BLZ,
PRK,BEN,
PRK,BTN,
PRK,BOL,
PRK,BIH,
PRK,BWA,
PRK,BRA,
PRK,BRN,
PRK,BGR,
PRK,BFA,
PRK,BDI,
PRK,KHM,
PRK,CMR,
PRK,CAN,
PRK,CPV,
PRK,CAF,
PRK,TCD,
PRK,CHL,
PRK,CHN,
PRK,COL,
PRK,COM,
PRK,COG,
PRK,COD,
PRK,CRI,
PRK,CIV,
PRK,HRV,
PRK,CUB,
PRK,CYP,
PRK,CZE,
PRK,DNK,
PRK,DJI,
PRK,DMA,
PRK,DOM,
PRK,ECU,
PRK,EGY,
PRK,SLV,
PRK,GNQ,
PRK,ERI,
PRK,EST,
PRK,SWZ,
PRK,ETH,
PRK,FJI,
PRK,FIN,
PRK,FRA,
PRK,GAB,
PRK,GMB,
PRK,GEO,
PRK,DEU,
PRK,GHA,
PRK,GRC,
PRK,GRD,
PRK,GTM,
PRK,GIN,
PRK,GNB,
PRK,GUY,
PRK,HTI,
PRK,HND,
PRK,HKG,
PRK,HUN,
PRK,ISL,
PRK,IND,
PRK,IDN,
PRK,IRN,
PRK,IRQ,
PRK,IRL,
PRK,ISR,
PRK,ITA,
PRK,JAM,
PRK,JPN,
PRK,JOR,
PRK,KAZ,
PRK,KEN,
PRK,KIR,
PRK,XKX,
PRK,KWT,
PRK,KGZ,
PRK,LAO,
PRK,LVA,
PRK,LBN,
PRK,LSO,
PRK,LBR,
PRK,LBY,
PRK,LIE,
PRK,LTU,
PRK,LUX,
PRK,MAC,
PRK,MDG,
PRK,MWI,
PRK,MYS,
PRK,MDV,
PRK,MLI,
PRK,MLT,
PRK,MHL,
PRK,MRT,
PRK,MUS,
PRK,MEX,
PRK,FSM,
PRK,MDA,
PRK,MCO,
PRK,MNG,
PRK,MNE,
PRK,MAR,
PRK,MOZ,
PRK,MMR,
PRK,NAM,
PRK,NRU,
PRK,NPL,
PRK,NLD,
PRK,NZL,
PRK,NIC,
PRK,NER,
PRK,NGA,
PRK,PRK,-1
PRK,MKD,
PRK,NOR,
PRK,OMN,
PRK,PAK,
PRK,PLW,
PRK,PSE,
PRK,PAN,
PRK,PNG,
PRK,PRY,
PRK,PER,
PRK,PHL,
PRK,POL,
PRK,PRT,
PRK,QAT,
PRK,ROU,
PRK,RUS,
PRK,RWA,
PRK,KNA,
PRK,LCA,
PRK,WSM,
PRK,SMR,
PRK,STP,
PRK,SAU,
PRK,SEN,
PRK,SRB,
PRK,SYC,
PRK,SLE,
PRK,SGP,
PRK,SVK,
PRK,SVN,
PRK,SLB,
PRK,SOM,
PRK,ZAF,
PRK,KOR,
PRK,SSD,
PRK,ESP,
PRK,LKA,
PRK,VCT,
PRK,SDN,
PRK,SUR,
PRK,SWE,
PRK,CHE,
PRK,SYR,
PRK,TWN,
PRK,TJK,
PRK,TZA,
PRK,THA,
PRK,TLS,
PRK,TGO,
PRK,TON,
PRK,TTO,
PRK,TUN,
PRK,TKM,
PRK,TUV,
PRK,TUR,
PRK,UGA,
PRK,UKR,
PRK,ARE,
PRK,GBR,
PRK,USA,
PRK,URY,
PRK,UZB,
PRK,VUT,
PRK,VAT,
PRK,VEN,
PRK,VNM,
PRK,YEM,
PRK,ZMB,
PRK,ZWE,
PRK,AFG,
MKD,ALB,
MKD,DZA,
MKD,AND,
MKD,AGO,
MKD,ATG,
MKD,ARG,
MKD,ARM,
MKD,AUS,
MKD,AUT,
MKD,AZE,
MKD,BHS,
MKD,BHR,
MKD,BGD,
MKD,BRB,
MKD,BLR,
MKD,BEL,
MKD,BLZ,
MKD,BEN,
MKD,BTN,
MKD,BOL,
MKD,BIH,
MKD,BWA,
MKD,BRA,
MKD,BRN,
MKD,BGR,
MKD,BFA,
MKD,BDI,
MKD,KHM,
MKD,CMR,
MKD,CAN,
MKD,CPV,
MKD,CAF,
MKD,TCD,
MKD,CHL,
MKD,CHN,
MKD,COL,
MKD,COM,
MKD,COG,
MKD,COD,
MKD,CRI,
MKD,CIV,
MKD,HRV,
MKD,CUB,
MKD,CYP,
MKD,CZE,
MKD,DNK,
MKD,DJI,
MKD,DMA,
MKD,DOM,
MKD,ECU,
MKD,EGY,
MKD,SLV,
MKD,GNQ,
MKD,ERI,
MKD,EST,
MKD,SWZ,
MKD,ETH,
MKD,FJI,
MKD,FIN,
MKD,FRA,
MKD,GAB,
MKD,GMB,
MKD,GEO,
MKD,DEU,
MKD,GHA,
MKD,GRC,
MKD,GRD,
MKD,GTM,
MKD,GIN,
MKD,GNB,
MKD,GUY,
MKD,HTI,
MKD,HND,
MKD,HKG,
MKD,HUN,
MKD,ISL,
MKD,IND,
MKD,IDN,
MKD,IRN,
MKD,IRQ,
MKD,IRL,
MKD,ISR,
MKD,ITA,
MKD,JAM,
MKD,JPN,
MKD,JOR,
MKD,KAZ,
MKD,KEN,
MKD,KIR,
MKD,XKX,
MKD,KWT,
MKD,KGZ,
MKD,LAO,
MKD,LVA,
MKD,LBN,
MKD,LSO,
MKD,LBR,
MKD,LBY,
MKD,LIE,
MKD,LTU,
MKD,LUX,
MKD,MAC,
MKD,MDG,
MKD,MWI,
MKD,MYS,
MKD,MDV,
MKD,MLI,
MKD,MLT,
MKD,MHL,
MKD,MRT,
MKD,MUS,
MKD,MEX,
MKD,FSM,
MKD,MDA,
MKD,MCO,
MKD,MNG,
MKD,MNE,
MKD,MAR,
MKD,MOZ,
MKD,MMR,
MKD,NAM,
MKD,NRU,
MKD,NPL,
MKD,NLD,
MKD,NZL,
MKD,NIC,
MKD,NER,
MKD,NGA,
MKD,PRK,
MKD,MKD,-1
MKD,NOR,
MKD,OMN,
MKD,PAK,
MKD,PLW,
MKD,PSE,
MKD,PAN,
MKD,PNG,
MKD,PRY,
MKD,PER,
MKD,PHL,
MKD,POL,
MKD,PRT,
MKD,QAT,
MKD,ROU,
MKD,RUS,
MKD,RWA,
MKD,KNA,
MKD,LCA,
MKD,WSM,
MKD,SMR,
MKD,STP,
MKD,SAU,
MKD,SEN,
MKD,SRB,
MKD,SYC,
MKD,SLE,
MKD,SGP,
MKD,SVK,
MKD,SVN,
MKD,SLB,
MKD,SOM,
MKD,ZAF,
MKD,KOR,
MKD,SSD,
MKD,ESP,
MKD,LKA,
MKD,VCT,
MKD,SDN,
MKD,SUR,
MKD,SWE,
MKD,CHE,
MKD,SYR,
MKD,TWN,
MKD,TJK,
MKD,TZA,
MKD,THA,
MKD,TLS,
MKD,TGO,
MKD,TON,
MKD,TTO,
MKD,TUN,
MKD,TKM,
MKD,TUV,
MKD,TUR,
MKD,UGA,
MKD,UKR,
MKD,ARE,
MKD,GBR,
MKD,USA,
MKD,URY,
MKD,UZB,
MKD,VUT,
MKD,VAT,
MKD,VEN,
MKD,VNM,
MKD,YEM,
MKD,ZMB,
MKD,ZWE,
MKD,AFG,
NOR,ALB,
NOR,DZA,
NOR,AND,
NOR,AGO,
NOR,ATG,
NOR,ARG,
NOR,ARM,
NOR,AUS,
NOR,AUT,
NOR,AZE,
NOR,BHS,
NOR,BHR,
NOR,BGD,
NOR,BRB,
NOR,BLR,
NOR,BEL,
NOR,BLZ,
NOR,BEN,
NOR,BTN,
NOR,BOL,
NOR,BIH,
NOR,BWA,
NOR,BRA,
NOR,BRN,
NOR,BGR,
NOR,BFA,
NOR,BDI,
NOR,KHM,
NOR,CMR,
NOR,CAN,
NOR,CPV,
NOR,CAF,
NOR,TCD,
NOR,CHL,
NOR,CHN,
NOR,COL,
NOR,COM,
NOR,COG,
NOR,COD,
NOR,CRI,
NOR,CIV,
NOR,HRV,
NOR,CUB,
NOR,CYP,
NOR,CZE,
NOR,DNK,
NOR,DJI,
NOR,DMA,
NOR,DOM,
NOR,ECU,
NOR,EGY,
NOR,SLV,
NOR,GNQ,
NOR,ERI,
NOR,EST,
NOR,SWZ,
NOR,ETH,
NOR,FJI,
NOR,FIN,
NOR,FRA,
NOR,GAB,
NOR,GMB,
NOR,GEO,
NOR,DEU,
NOR,GHA,
NOR,GRC,
NOR,GRD,
NOR,GTM,
NOR,GIN,
NOR,GNB,
NOR,GUY,
NOR,HTI,
NOR,HND,
NOR,HKG,
NOR,HUN,
NOR,ISL,
NOR,IND,
NOR,IDN,
NOR,IRN,
NOR,IRQ,
NOR,IRL,
NOR,ISR,
NOR,ITA,
NOR,JAM,
NOR,JPN,
NOR,JOR,
NOR,KAZ,
NOR,KEN,
NOR,KIR,
NOR,XKX,
NOR,KWT,
NOR,KGZ,
NOR,LAO,
NOR,LVA,
NOR,LBN,
NOR,LSO,
NOR,LBR,
NOR,LBY,
NOR,LIE,
NOR,LTU,
NOR,LUX,
NOR,MAC,
NOR,MDG,
NOR,MWI,
NOR,MYS,
NOR,MDV,
NOR,MLI,
NOR,MLT,
NOR,MHL,
NOR,MRT,
NOR,MUS,
NOR,MEX,
NOR,FSM,
NOR,MDA,
NOR,MCO,
NOR,MNG,
NOR,MNE,
NOR,MAR,
NOR,MOZ,
NOR,MMR,
NOR,NAM,
NOR,NRU,
NOR,NPL,
NOR,NLD,
NOR,NZL,
NOR,NIC,
NOR,NER,
NOR,NGA,
NOR,PRK,
NOR,MKD,
NOR,NOR,-1
NOR,OMN,
NOR,PAK,
NOR,PLW,
NOR,PSE,
NOR,PAN,
NOR,PNG,
NOR,PRY,
NOR,PER,
NOR,PHL,
NOR,POL,
NOR,PRT,
NOR,QAT,
NOR,ROU,
NOR,RUS,
NOR,RWA,
NOR,KNA,
NOR,LCA,
NOR,WSM,
NOR,SMR,
NOR,STP,
NOR,SAU,
NOR,SEN,
NOR,SRB,
NOR,SYC,
NOR,SLE,
NOR,SGP,
NOR,SVK,
NOR,SVN,
NOR,SLB,
NOR,SOM,
NOR,ZAF,
NOR,KOR,
NOR,SSD,
NOR,ESP,
NOR,LKA,
NOR,VCT,
NOR,SDN,
NOR,SUR,
NOR,SWE,
NOR,CHE,
NOR,SYR,
NOR,TWN,
NOR,TJK,
NOR,TZA,
NOR,THA,
NOR,TLS,
NOR,TGO,
NOR,TON,
NOR,TTO,
NOR,TUN,
NOR,TKM,
NOR,TUV,
NOR,TUR,
NOR,UGA,
NOR,UKR,
NOR,ARE,
NOR,GBR,
NOR,USA,
NOR,URY,
NOR,UZB,
NOR,VUT,
NOR,VAT,
NOR,VEN,
NOR,VNM,
NOR,YEM,
NOR,ZMB,
NOR,ZWE,
NOR,AFG,
OMN,ALB,
OMN,DZA,
OMN,AND,
OMN,AGO,
OMN,ATG,
OMN,ARG,
OMN,ARM,
OMN,AUS,
OMN,AUT,
OMN,AZE,
OMN,BHS,
OMN,BHR,
OMN,BGD,
OMN,BRB,
OMN,BLR,
OMN,BEL,
OMN,BLZ,
OMN,BEN,
OMN,BTN,
OMN,BOL,
OMN,BIH,
OMN,BWA,
OMN,BRA,
OMN,BRN,
OMN,BGR,
OMN,BFA,
OMN,BDI,
OMN,KHM,
OMN,CMR,
OMN,CAN,
OMN,CPV,
OMN,CAF,
OMN,TCD,
OMN,CHL,
OMN,CHN,
OMN,COL,
OMN,COM,
OMN,COG,
OMN,COD,
OMN,CRI,
OMN,CIV,
OMN,HRV,
OMN,CUB,
OMN,CYP,
OMN,CZE,
OMN,DNK,
OMN,DJI,
OMN,DMA,
OMN,DOM,
OMN,ECU,
OMN,EGY,
OMN,SLV,
OMN,GNQ,
OMN,ERI,
OMN,EST,
OMN,SWZ,
OMN,ETH,
OMN,FJI,
OMN,FIN,
OMN,FRA,
OMN,GAB,
OMN,GMB,
OMN,GEO,
OMN,DEU,
OMN,GHA,
OMN,GRC,
OMN,GRD,
OMN,GTM,
OMN,GIN,
OMN,GNB,
OMN,GUY,
OMN,HTI,
OMN,HND,
OMN,HKG,
OMN,HUN,
OMN,ISL,
OMN,IND,
OMN,IDN,
OMN,IRN,
OMN,IRQ,
OMN,IRL,
OMN,ISR,
OMN,ITA,
OMN,JAM,
OMN,JPN,
OMN,JOR,
OMN,KAZ,
OMN,KEN,
OMN,KIR,
OMN,XKX,
OMN,KWT,
OMN,KGZ,
OMN,LAO,
OMN,LVA,
OMN,LBN,
OMN,LSO,
OMN,LBR,
OMN,LBY,
OMN,LIE,
OMN,LTU,
OMN,LUX,
OMN,MAC,
OMN,MDG,
OMN,MWI,
OMN,MYS,
OMN,MDV,
OMN,MLI,
OMN,MLT,
OMN,MHL,
OMN,MRT,
OMN,MUS,
OMN,MEX,
OMN,FSM,
OMN,MDA,
OMN,MCO,
OMN,MNG,
OMN,MNE,
OMN,MAR,
OMN,MOZ,
OMN,MMR,
OMN,NAM,
OMN,NRU,
OMN,NPL,
OMN,NLD,
OMN,NZL,
OMN,NIC,
OMN,NER,
OMN,NGA,
OMN,PRK,
OMN,MKD,
OMN,NOR,
OMN,OMN,-1
OMN,PAK,
OMN,PLW,
OMN,PSE,
OMN,PAN,
OMN,PNG,
OMN,PRY,
OMN,PER,
OMN,PHL,
OMN,POL,
OMN,PRT,
OMN,QAT,
OMN,ROU,
OMN,RUS,
OMN,RWA,
OMN,KNA,
OMN,LCA,
OMN,WSM,
OMN,SMR,
OMN,STP,
OMN,SAU,
OMN,SEN,
OMN,SRB,
OMN,SYC,
OMN,SLE,
OMN,SGP,
OMN,SVK,
OMN,SVN,
OMN,SLB,
OMN,SOM,
OMN,ZAF,
OMN,KOR,
OMN,SSD,
OMN,ESP,
OMN,LKA,
OMN,VCT,
OMN,SDN,
OMN,SUR,
OMN,SWE,
OMN,CHE,
OMN,SYR,
OMN,TWN,
OMN,TJK,
OMN,TZA,
OMN,THA,
OMN,TLS,
OMN,TGO,
OMN,TON,
OMN,TTO,
OMN,TUN,
OMN,TKM,
OMN,TUV,
OMN,TUR,
OMN,UGA,
OMN,UKR,
OMN,ARE,
OMN,GBR,
OMN,USA,
OMN,URY,
OMN,UZB,
OMN,VUT,
OMN,VAT,
OMN,VEN,
OMN,VNM,
OMN,YEM,
OMN,ZMB,
OMN,ZWE,
OMN,AFG,
PAK,ALB,
PAK,DZA,
PAK,AND,
PAK,AGO,
PAK,ATG,
PAK,ARG,
PAK,ARM,
PAK,AUS,
PAK,AUT,
PAK,AZE,
PAK,BHS,
PAK,BHR,
PAK,BGD,
PAK,BRB,
PAK,BLR,
PAK,BEL,
PAK,BLZ,
PAK,BEN,
PAK,BTN,
PAK,BOL,
PAK,BIH,
PAK,BWA,
PAK,BRA,
PAK,BRN,
PAK,BGR,
PAK,BFA,
PAK,BDI,
PAK,KHM,
PAK,CMR,
PAK,CAN,
PAK,CPV,
PAK,CAF,
PAK,TCD,
PAK,CHL,
PAK,CHN,
PAK,COL,
PAK,COM,
PAK,COG,
PAK,COD,
PAK,CRI,
PAK,CIV,
PAK,HRV,
PAK,CUB,
PAK,CYP,
PAK,CZE,
PAK,DNK,
PAK,DJI,
PAK,DMA,
PAK,DOM,
PAK,ECU,
PAK,EGY,
PAK,SLV,
PAK,GNQ,
PAK,ERI,
PAK,EST,
PAK,SWZ,
PAK,ETH,
PAK,FJI,
PAK,FIN,
PAK,FRA,
PAK,GAB,
PAK,GMB,
PAK,GEO,
PAK,DEU,
PAK,GHA,
PAK,GRC,
PAK,GRD,
PAK,GTM,
PAK,GIN,
PAK,GNB,
PAK,GUY,
PAK,HTI,
PAK,HND,
PAK,HKG,
PAK,HUN,
PAK,ISL,
PAK,IND,
PAK,IDN,
PAK,IRN,
PAK,IRQ,
PAK,IRL,
PAK,ISR,
PAK,ITA,
PAK,JAM,
PAK,JPN,
PAK,JOR,
PAK,KAZ,
PAK,KEN,
PAK,KIR,
PAK,XKX,
PAK,KWT,
PAK,KGZ,
PAK,LAO,
PAK,LVA,
PAK,LBN,
PAK,LSO,
PAK,LBR,
PAK,LBY,
PAK,LIE,
PAK,LTU,
PAK,LUX,
PAK,MAC,
PAK,MDG,
PAK,MWI,
PAK,MYS,
PAK,MDV,
PAK,MLI,
PAK,MLT,
PAK,MHL,
PAK,MRT,
PAK,MUS,
PAK,MEX,
PAK,FSM,
PAK,MDA,
PAK,MCO,
PAK,MNG,
PAK,MNE,
PAK,MAR,
PAK,MOZ,
PAK,MMR,
PAK,NAM,
PAK,NRU,
PAK,NPL,
PAK,NLD,
PAK,NZL,
PAK,NIC,
PAK,NER,
PAK,NGA,
PAK,PRK,
PAK,MKD,
PAK,NOR,
PAK,OMN,
PAK,PAK,-1
PAK,PLW,
PAK,PSE,
PAK,PAN,
PAK,PNG,
PAK,PRY,
PAK,PER,
PAK,PHL,
PAK,POL,
PAK,PRT,
PAK,QAT,
PAK,ROU,
PAK,RUS,
PAK,RWA,
PAK,KNA,
PAK,LCA,
PAK,WSM,
PAK,SMR,
PAK,STP,
PAK,SAU,
PAK,SEN,
PAK,SRB,
PAK,SYC,
PAK,SLE,
PAK,SGP,
PAK,SVK,
PAK,SVN,
PAK,SLB,
PAK,SOM,
PAK,ZAF,
PAK,KOR,
PAK,SSD,
PAK,ESP,
PAK,LKA,
PAK,VCT,
PAK,SDN,
PAK,SUR,
PAK,SWE,
PAK,CHE,
PAK,SYR,
PAK,TWN,
PAK,TJK,
PAK,TZA,
PAK,THA,
PAK,TLS,
PAK,TGO,
PAK,TON,
PAK,TTO,
PAK,TUN,
PAK,TKM,
PAK,TUV,
PAK,TUR,
PAK,UGA,
PAK,UKR,
PAK,ARE,
PAK,GBR,
PAK,USA,
PAK,URY,
PAK,UZB,
PAK,VUT,
PAK,VAT,
PAK,VEN,
PAK,VNM,
PAK,YEM,
PAK,ZMB,
PAK,ZWE,
PAK,AFG,
PLW,ALB,
PLW,DZA,
PLW,AND,
PLW,AGO,
PLW,ATG,
PLW,ARG,
PLW,ARM,
PLW,AUS,
PLW,AUT,
PLW,AZE,
PLW,BHS,
PLW,BHR,
PLW,BGD,
PLW,BRB,
PLW,BLR,
PLW,BEL,
PLW,BLZ,
PLW,BEN,
PLW,BTN,
PLW,BOL,
PLW,BIH,
PLW,BWA,
PLW,BRA,
PLW,BRN,
PLW,BGR,
PLW,BFA,
PLW,BDI,
PLW,KHM,
PLW,CMR,
PLW,CAN,
PLW,CPV,
PLW,CAF,
PLW,TCD,
PLW,CHL,
PLW,CHN,
PLW,COL,
PLW,COM,
PLW,COG,
PLW,COD,
PLW,CRI,
PLW,CIV,
PLW,HRV,
PLW,CUB,
PLW,CYP,
PLW,CZE,
PLW,DNK,
PLW,DJI,
PLW,DMA,
PLW,DOM,
PLW,ECU,
PLW,EGY,
PLW,SLV,
PLW,GNQ,
PLW,ERI,
PLW,EST,
PLW,SWZ,
PLW,ETH,
PLW,FJI,
PLW,FIN,
PLW,FRA,
PLW,GAB,
PLW,GMB,
PLW,GEO,
PLW,DEU,
PLW,GHA,
PLW,GRC,
PLW,GRD,
PLW,GTM,
PLW,GIN,
PLW,GNB,
PLW,GUY,
PLW,HTI,
PLW,HND,
PLW,HKG,
PLW,HUN,
PLW,ISL,
PLW,IND,
PLW,IDN,
PLW,IRN,
PLW,IRQ,
PLW,IRL,
PLW,ISR,
PLW,ITA,
PLW,JAM,
PLW,JPN,
PLW,JOR,
PLW,KAZ,
PLW,KEN,
PLW,KIR,
PLW,XKX,
PLW,KWT,
PLW,KGZ,
PLW,LAO,
PLW,LVA,
PLW,LBN,
PLW,LSO,
PLW,LBR,
PLW,LBY,
PLW,LIE,
PLW,LTU,
PLW,LUX,
PLW,MAC,
PLW,MDG,
PLW,MWI,
PLW,MYS,
PLW,MDV,
PLW,MLI,
PLW,MLT,
PLW,MHL,
PLW,MRT,
PLW,MUS,
PLW,MEX,
PLW,FSM,
PLW,MDA,
PLW,MCO,
PLW,MNG,
PLW,MNE,
PLW,MAR,
PLW,MOZ,
PLW,MMR,
PLW,NAM,
PLW,NRU,
PLW,NPL,
PLW,NLD,
PLW,NZL,
PLW,NIC,
PLW,NER,
PLW,NGA,
PLW,PRK,
PLW,MKD,
PLW,NOR,
PLW,OMN,
PLW,PAK,
PLW,PLW,-1
PLW,PSE,
PLW,PAN,
PLW,PNG,
PLW,PRY,
PLW,PER,
PLW,PHL,
PLW,POL,
PLW,PRT,
PLW,QAT,
PLW,ROU,
PLW,RUS,
PLW,RWA,
PLW,KNA,
PLW,LCA,
PLW,WSM,
PLW,SMR,
PLW,STP,
PLW,SAU,
PLW,SEN,
PLW,SRB,
PLW,SYC,
PLW,SLE,
PLW,SGP,
PLW,SVK,
PLW,SVN,
PLW,SLB,
PLW,SOM,
PLW,ZAF,
PLW,KOR,
PLW,SSD,
PLW,ESP,
PLW,LKA,
PLW,VCT,
PLW,SDN,
PLW,SUR,
PLW,SWE,
PLW,CHE,
PLW,SYR,
PLW,TWN,
PLW,TJK,
PLW,TZA,
PLW,THA,
PLW,TLS,
PLW,TGO,
PLW,TON,
PLW,TTO,
PLW,TUN,
PLW,TKM,
PLW,TUV,
PLW,TUR,
PLW,UGA,
PLW,UKR,
PLW,ARE,
PLW,GBR,
PLW,USA,
PLW,URY,
PLW,UZB,
PLW,VUT,
PLW,VAT,
PLW,VEN,
PLW,VNM,
PLW,YEM,
PLW,ZMB,
PLW,ZWE,
PLW,AFG,
PSE,ALB,
PSE,DZA,
PSE,AND,
PSE,AGO,
PSE,ATG,
PSE,ARG,
PSE,ARM,
PSE,AUS,
PSE,AUT,
PSE,AZE,
PSE,BHS,
PSE,BHR,
PSE,BGD,
PSE,BRB,
PSE,BLR,
PSE,BEL,
PSE,BLZ,
PSE,BEN,
PSE,BTN,
PSE,BOL,
PSE,BIH,
PSE,BWA,
PSE,BRA,
PSE,BRN,
PSE,BGR,
PSE,BFA,
PSE,BDI,
PSE,KHM,
PSE,CMR,
PSE,CAN,
PSE,CPV,
PSE,CAF,
PSE,TCD,
PSE,CHL,
PSE,CHN,
PSE,COL,
PSE,COM,
PSE,COG,
PSE,COD,
PSE,CRI,
PSE,CIV,
PSE,HRV,
PSE,CUB,
PSE,CYP,
PSE,CZE,
PSE,DNK,
PSE,DJI,
PSE,DMA,
PSE,DOM,
PSE,ECU,
PSE,EGY,
PSE,SLV,
PSE,GNQ,
PSE,ERI,
PSE,EST,
PSE,SWZ,
PSE,ETH,
PSE,FJI,
PSE,FIN,
PSE,FRA,
PSE,GAB,
PSE,GMB,
PSE,GEO,
PSE,DEU,
PSE,GHA,
PSE,GRC,
PSE,GRD,
PSE,GTM,
PSE,GIN,
PSE,GNB,
PSE,GUY,
PSE,HTI,
PSE,HND,
PSE,HKG,
PSE,HUN,
PSE,ISL,
PSE,IND,
PSE,IDN,
PSE,IRN,
PSE,IRQ,
PSE,IRL,
PSE,ISR,
PSE,ITA,
PSE,JAM,
PSE,JPN,
PSE,JOR,
PSE,KAZ,
PSE,KEN,
PSE,KIR,
PSE,XKX,
PSE,KWT,
PSE,KGZ,
PSE,LAO,
PSE,LVA,
PSE,LBN,
PSE,LSO,
PSE,LBR,
PSE,LBY,
PSE,LIE,
PSE,LTU,
PSE,LUX,
PSE,MAC,
PSE,MDG,
PSE,MWI,
PSE,MYS,
PSE,MDV,
PSE,MLI,
PSE,MLT,
PSE,MHL,
PSE,MRT,
PSE,MUS,
PSE,MEX,
PSE,FSM,
PSE,MDA,
PSE,MCO,
PSE,MNG,
PSE,MNE,
PSE,MAR,
PSE,MOZ,
PSE,MMR,
PSE,NAM,
PSE,NRU,
PSE,NPL,
PSE,NLD,
PSE,NZL,
PSE,NIC,
PSE,NER,
PSE,NGA,
PSE,PRK,
PSE,MKD,
PSE,NOR,
PSE,OMN,
PSE,PAK,
PSE,PLW,
PSE,PSE,-1
PSE,PAN,
PSE,PNG,
PSE,PRY,
PSE,PER,
PSE,PHL,
PSE,POL,
PSE,PRT,
PSE,QAT,
PSE,ROU,
PSE,RUS,
PSE,RWA,
PSE,KNA,
PSE,LCA,
PSE,WSM,
PSE,SMR,
PSE,STP,
PSE,SAU,
PSE,SEN,
PSE,SRB,
PSE,SYC,
PSE,SLE,
PSE,SGP,
PSE,SVK,
PSE,SVN,
PSE,SLB,
PSE,SOM,
PSE,ZAF,
PSE,KOR,
PSE,SSD,
PSE,ESP,
PSE,LKA,
PSE,VCT,
PSE,SDN,
PSE,SUR,
PSE,SWE,
PSE,CHE,
PSE,SYR,
PSE,TWN,
PSE,TJK,
PSE,TZA,
PSE,THA,
PSE,TLS,
PSE,TGO,
PSE,TON,
PSE,TTO,
PSE,TUN,
PSE,TKM,
PSE,TUV,
PSE,TUR,
PSE,UGA,
PSE,UKR,
PSE,ARE,
PSE,GBR,
PSE,USA,
PSE,URY,
PSE,UZB,
PSE,VUT,
PSE,VAT,
PSE,VEN,
PSE,VNM,
PSE,YEM,
PSE,ZMB,
PSE,ZWE,
PSE,AFG,
PAN,ALB,
PAN,DZA,
PAN,AND,
PAN,AGO,
PAN,ATG,
PAN,ARG,
PAN,ARM,
PAN,AUS,
PAN,AUT,
PAN,AZE,
PAN,BHS,
PAN,BHR,
PAN,BGD,
PAN,BRB,
PAN,BLR,
PAN,BEL,
PAN,BLZ,
PAN,BEN,
PAN,BTN,
PAN,BOL,
PAN,BIH,
PAN,BWA,
PAN,BRA,
PAN,BRN,
PAN,BGR,
PAN,BFA,
PAN,BDI,
PAN,KHM,
PAN,CMR,
PAN,CAN,
PAN,CPV,
PAN,CAF,
PAN,TCD,
PAN,CHL,
PAN,CHN,
PAN,COL,
PAN,COM,
PAN,COG,
PAN,COD,
PAN,CRI,
PAN,CIV,
PAN,HRV,
PAN,CUB,
PAN,CYP,
PAN,CZE,
PAN,DNK,
PAN,DJI,
PAN,DMA,
PAN,DOM,
PAN,ECU,
PAN,EGY,
PAN,SLV,
PAN,GNQ,
PAN,ERI,
PAN,EST,
PAN,SWZ,
PAN,ETH,
PAN,FJI,
PAN,FIN,
PAN,FRA,
PAN,GAB,
PAN,GMB,
PAN,GEO,
PAN,DEU,
PAN,GHA,
PAN,GRC,
PAN,GRD,
PAN,GTM,
PAN,GIN,
PAN,GNB,
PAN,GUY,
PAN,HTI,
PAN,HND,
PAN,HKG,
PAN,HUN,
PAN,ISL,
PAN,IND,
PAN,IDN,
PAN,IRN,
PAN,IRQ,
PAN,IRL,
PAN,ISR,
PAN,ITA,
PAN,JAM,
PAN,JPN,
PAN,JOR,
PAN,KAZ,
PAN,KEN,
PAN,KIR,
PAN,XKX,
PAN,KWT,
PAN,KGZ,
PAN,LAO,
PAN,LVA,
PAN,LBN,
PAN,LSO,
PAN,LBR,
PAN,LBY,
PAN,LIE,
PAN,LTU,
PAN,LUX,
PAN,MAC,
PAN,MDG,
PAN,MWI,
PAN,MYS,
PAN,MDV,
PAN,MLI,
PAN,MLT,
PAN,MHL,
PAN,MRT,
PAN,MUS,
PAN,MEX,
PAN,FSM,
PAN,MDA,
PAN,MCO,
PAN,MNG,
PAN,MNE,
PAN,MAR,
PAN,MOZ,
PAN,MMR,
PAN,NAM,
PAN,NRU,
PAN,NPL,
PAN,NLD,
PAN,NZL,
PAN,NIC,
PAN,NER,
PAN,NGA,
PAN,PRK,
PAN,MKD,
PAN,NOR,
PAN,OMN,
PAN,PAK,
PAN,PLW,
PAN,PSE,
PAN,PAN,-1
PAN,PNG,
PAN,PRY,
PAN,PER,
PAN,PHL,
PAN,POL,
PAN,PRT,
PAN,QAT,
PAN,ROU,
PAN,RUS,
PAN,RWA,
PAN,KNA,
PAN,LCA,
PAN,WSM,
PAN,SMR,
PAN,STP,
PAN,SAU,
PAN,SEN,
PAN,SRB,
PAN,SYC,
PAN,SLE,
PAN,SGP,
PAN,SVK,
PAN,SVN,
PAN,SLB,
PAN,SOM,
PAN,ZAF,
PAN,KOR,
PAN,SSD,
PAN,ESP,
PAN,LKA,
PAN,VCT,
PAN,SDN,
PAN,SUR,
PAN,SWE,
PAN,CHE,
PAN,SYR,
PAN,TWN,
PAN,TJK,
PAN,TZA,
PAN,THA,
PAN,TLS,
PAN,TGO,
PAN,TON,
PAN,TTO,
PAN,TUN,
PAN,TKM,
PAN,TUV,
PAN,TUR,
PAN,UGA,
PAN,UKR,
PAN,ARE,
PAN,GBR,
PAN,USA,
PAN,URY,
PAN,UZB,
PAN,VUT,
PAN,VAT,
PAN,VEN,
PAN,VNM,
PAN,YEM,
PAN,ZMB,
PAN,ZWE,
PAN,AFG,
PNG,ALB,
PNG,DZA,
PNG,AND,
PNG,AGO,
PNG,ATG,
PNG,ARG,
PNG,ARM,
PNG,AUS,
PNG,AUT,
PNG,AZE,
PNG,BHS,
PNG,BHR,
PNG,BGD,
PNG,BRB,
PNG,BLR,
PNG,BEL,
PNG,BLZ,
PNG,BEN,
PNG,BTN,
PNG,BOL,
PNG,BIH,
PNG,BWA,
PNG,BRA,
PNG,BRN,
PNG,BGR,
PNG,BFA,
PNG,BDI,
PNG,KHM,
PNG,CMR,
PNG,CAN,
PNG,CPV,
PNG,CAF,
PNG,TCD,
PNG,CHL,
PNG,CHN,
PNG,COL,
PNG,COM,
PNG,COG,
PNG,COD,
PNG,CRI,
PNG,CIV,
PNG,HRV,
PNG,CUB,
PNG,CYP,
PNG,CZE,
PNG,DNK,
PNG,DJI,
PNG,DMA,
PNG,DOM,
PNG,ECU,
PNG,EGY,
PNG,SLV,
PNG,GNQ,
PNG,ERI,
PNG,EST,
PNG,SWZ,
PNG,ETH,
PNG,FJI,
PNG,FIN,
PNG,FRA,
PNG,GAB,
PNG,GMB,
PNG,GEO,
PNG,DEU,
PNG,GHA,
PNG,GRC,
PNG,GRD,
PNG,GTM,
PNG,GIN,
PNG,GNB,
PNG,GUY,
PNG,HTI,
PNG,HND,
PNG,HKG,
PNG,HUN,
PNG,ISL,
PNG,IND,
PNG,IDN,
PNG,IRN,
PNG,IRQ,
PNG,IRL,
PNG,ISR,
PNG,ITA,
PNG,JAM,
PNG,JPN,
PNG,JOR,
PNG,KAZ,
PNG,KEN,
PNG,KIR,
PNG,XKX,
PNG,KWT,
PNG,KGZ,
PNG,LAO,
PNG,LVA,
PNG,LBN,
PNG,LSO,
PNG,LBR,
PNG,LBY,
PNG,LIE,
PNG,LTU,
PNG,LUX,
PNG,MAC,
PNG,MDG,
PNG,MWI,
PNG,MYS,
PNG,MDV,
PNG,MLI,
PNG,MLT,
PNG,MHL,
PNG,MRT,
PNG,MUS,
PNG,MEX,
PNG,FSM,
PNG,MDA,
PNG,MCO,
PNG,MNG,
PNG,MNE,
PNG,MAR,
PNG,MOZ,
PNG,MMR,
PNG,NAM,
PNG,NRU,
PNG,NPL,
PNG,NLD,
PNG,NZL,
PNG,NIC,
PNG,NER,
PNG,NGA,
PNG,PRK,
PNG,MKD,
PNG,NOR,
PNG,OMN,
PNG,PAK,
PNG,PLW,
PNG,PSE,
PNG,PAN,
PNG,PNG,-1
PNG,PRY,
PNG,PER,
PNG,PHL,
PNG,POL,
PNG,PRT,
PNG,QAT,
PNG,ROU,
PNG,RUS,
PNG,RWA,
PNG,KNA,
PNG,LCA,
PNG,WSM,
PNG,SMR,
PNG,STP,
PNG,SAU,
PNG,SEN,
PNG,SRB,
PNG,SYC,
PNG,SLE,
PNG,SGP,
PNG,SVK,
PNG,SVN,
PNG,SLB,
PNG,SOM,
PNG,ZAF,
PNG,KOR,
PNG,SSD,
PNG,ESP,
PNG,LKA,
PNG,VCT,
PNG,SDN,
PNG,SUR,
PNG,SWE,
PNG,CHE,
PNG,SYR,
PNG,TWN,
PNG,TJK,
PNG,TZA,
PNG,THA,
PNG,TLS,
PNG,TGO,
PNG,TON,
PNG,TTO,
PNG,TUN,
PNG,TKM,
PNG,TUV,
PNG,TUR,
PNG,UGA,
PNG,UKR,
PNG,ARE,
PNG,GBR,
PNG,USA,
PNG,URY,
PNG,UZB,
PNG,VUT,
PNG,VAT,
PNG,VEN,
PNG,VNM,
PNG,YEM,
PNG,ZMB,
PNG,ZWE,
PNG,AFG,
PRY,ALB,
PRY,DZA,
PRY,AND,
PRY,AGO,
PRY,ATG,
PRY,ARG,
PRY,ARM,
PRY,AUS,
PRY,AUT,
PRY,AZE,
PRY,BHS,
PRY,BHR,
PRY,BGD,
PRY,BRB,
PRY,BLR,
PRY,BEL,
PRY,BLZ,
PRY,BEN,
PRY,BTN,
PRY,BOL,
PRY,BIH,
PRY,BWA,
PRY,BRA,
PRY,BRN,
PRY,BGR,
PRY,BFA,
PRY,BDI,
PRY,KHM,
PRY,CMR,
PRY,CAN,
PRY,CPV,
PRY,CAF,
PRY,TCD,
PRY,CHL,
PRY,CHN,
PRY,COL,
PRY,COM,
PRY,COG,
PRY,COD,
PRY,CRI,
PRY,CIV,
PRY,HRV,
PRY,CUB,
PRY,CYP,
PRY,CZE,
PRY,DNK,
PRY,DJI,
PRY,DMA,
PRY,DOM,
PRY,ECU,
PRY,EGY,
PRY,SLV,
PRY,GNQ,
PRY,ERI,
PRY,EST,
PRY,SWZ,
PRY,ETH,
PRY,FJI,
PRY,FIN,
PRY,FRA,
PRY,GAB,
PRY,GMB,
PRY,GEO,
PRY,DEU,
PRY,GHA,
PRY,GRC,
PRY,GRD,
PRY,GTM,
PRY,GIN,
PRY,GNB,
PRY,GUY,
PRY,HTI,
PRY,HND,
PRY,HKG,
PRY,HUN,
PRY,ISL,
PRY,IND,
PRY,IDN,
PRY,IRN,
PRY,IRQ,
PRY,IRL,
PRY,ISR,
PRY,ITA,
PRY,JAM,
PRY,JPN,
PRY,JOR,
PRY,KAZ,
PRY,KEN,
PRY,KIR,
PRY,XKX,
PRY,KWT,
PRY,KGZ,
PRY,LAO,
PRY,LVA,
PRY,LBN,
PRY,LSO,
PRY,LBR,
PRY,LBY,
PRY,LIE,
PRY,LTU,
PRY,LUX,
PRY,MAC,
PRY,MDG,
PRY,MWI,
PRY,MYS,
PRY,MDV,
PRY,MLI,
PRY,MLT,
PRY,MHL,
PRY,MRT,
PRY,MUS,
PRY,MEX,
PRY,FSM,
PRY,MDA,
PRY,MCO,
PRY,MNG,
PRY,MNE,
PRY,MAR,
PRY,MOZ,
PRY,MMR,
PRY,NAM,
PRY,NRU,
PRY,NPL,
PRY,NLD,
PRY,NZL,
PRY,NIC,
PRY,NER,
PRY,NGA,
PRY,PRK,
PRY,MKD,
PRY,NOR,
PRY,OMN,
PRY,PAK,
PRY,PLW,
PRY,PSE,
PRY,PAN,
PRY,PNG,
PRY,PRY,-1
PRY,PER,
PRY,PHL,
PRY,POL,
PRY,PRT,
PRY,QAT,
PRY,ROU,
PRY,RUS,
PRY,RWA,
PRY,KNA,
PRY,LCA,
PRY,WSM,
PRY,SMR,
PRY,STP,
PRY,SAU,
PRY,SEN,
PRY,SRB,
PRY,SYC,
PRY,SLE,
PRY,SGP,
PRY,SVK,
PRY,SVN,
PRY,SLB,
PRY,SOM,
PRY,ZAF,
PRY,KOR,
PRY,SSD,
PRY,ESP,
PRY,LKA,
PRY,VCT,
PRY,SDN,
PRY,SUR,
PRY,SWE,
PRY,CHE,
PRY,SYR,
PRY,TWN,
PRY,TJK,
PRY,TZA,
PRY,THA,
PRY,TLS,
PRY,TGO,
PRY,TON,
PRY,TTO,
PRY,TUN,
PRY,TKM,
PRY,TUV,
PRY,TUR,
PRY,UGA,
PRY,UKR,
PRY,ARE,
PRY,GBR,
PRY,USA,
PRY,URY,
PRY,UZB,
PRY,VUT,
PRY,VAT,
PRY,VEN,
PRY,VNM,
PRY,YEM,
PRY,ZMB,
PRY,ZWE,
PRY,AFG,
PER,ALB,
PER,DZA,
PER,AND,
PER,AGO,
PER,ATG,
PER,ARG,
PER,ARM,
PER,AUS,
PER,AUT,
PER,AZE,
PER,BHS,
PER,BHR,
PER,BGD,
PER,BRB,
PER,BLR,
PER,BEL,
PER,BLZ,
PER,BEN,
PER,BTN,
PER,BOL,
PER,BIH,
PER,BWA,
PER,BRA,
PER,BRN,
PER,BGR,
PER,BFA,
PER,BDI,
PER,KHM,
PER,CMR,
PER,CAN,
PER,CPV,
PER,CAF,
PER,TCD,
PER,CHL,
PER,CHN,
PER,COL,
PER,COM,
PER,COG,
PER,COD,
PER,CRI,
PER,CIV,
PER,HRV,
PER,CUB,
PER,CYP,
PER,CZE,
PER,DNK,
PER,DJI,
PER,DMA,
PER,DOM,
PER,ECU,
PER,EGY,
PER,SLV,
PER,GNQ,
PER,ERI,
PER,EST,
PER,SWZ,
PER,ETH,
PER,FJI,
PER,FIN,
PER,FRA,
PER,GAB,
PER,GMB,
PER,GEO,
PER,DEU,
PER,GHA,
PER,GRC,
PER,GRD,
PER,GTM,
PER,GIN,
PER,GNB,
PER,GUY,
PER,HTI,
PER,HND,
PER,HKG,
PER,HUN,
PER,ISL,
PER,IND,
PER,IDN,
PER,IRN,
PER,IRQ,
PER,IRL,
PER,ISR,
PER,ITA,
PER,JAM,
PER,JPN,
PER,JOR,
PER,KAZ,
PER,KEN,
PER,KIR,
PER,XKX,
PER,KWT,
PER,KGZ,
PER,LAO,
PER,LVA,
PER,LBN,
PER,LSO,
PER,LBR,
PER,LBY,
PER,LIE,
PER,LTU,
PER,LUX,
PER,MAC,
PER,MDG,
PER,MWI,
PER,MYS,
PER,MDV,
PER,MLI,
PER,MLT,
PER,MHL,
PER,MRT,
PER,MUS,
PER,MEX,
PER,FSM,
PER,MDA,
PER,MCO,
PER,MNG,
PER,MNE,
PER,MAR,
PER,MOZ,
PER,MMR,
PER,NAM,
PER,NRU,
PER,NPL,
PER,NLD,
PER,NZL,
PER,NIC,
PER,NER,
PER,NGA,
PER,PRK,
PER,MKD,
PER,NOR,
PER,OMN,
PER,PAK,
PER,PLW,
PER,PSE,
PER,PAN,
PER,PNG,
PER,PRY,
PER,PER,-1
PER,PHL,
PER,POL,
PER,PRT,
PER,QAT,
PER,ROU,
PER,RUS,
PER,RWA,
PER,KNA,
PER,LCA,
PER,WSM,
PER,SMR,
PER,STP,
PER,SAU,
PER,SEN,
PER,SRB,
PER,SYC,
PER,SLE,
PER,SGP,
PER,SVK,
PER,SVN,
PER,SLB,
PER,SOM,
PER,ZAF,
PER,KOR,
PER,SSD,
PER,ESP,
PER,LKA,
PER,VCT,
PER,SDN,
PER,SUR,
PER,SWE,
PER,CHE,
PER,SYR,
PER,TWN,
PER,TJK,
PER,TZA,
PER,THA,
PER,TLS,
PER,TGO,
PER,TON,
PER,TTO,
PER,TUN,
PER,TKM,
PER,TUV,
PER,TUR,
PER,UGA,
PER,UKR,
PER,ARE,
PER,GBR,
PER,USA,
PER,URY,
PER,UZB,
PER,VUT,
PER,VAT,
PER,VEN,
PER,VNM,
PER,YEM,
PER,ZMB,
PER,ZWE,
PER,AFG,
PHL,ALB,
PHL,DZA,
PHL,AND,
PHL,AGO,
PHL,ATG,
PHL,ARG,
PHL,ARM,
PHL,AUS,
PHL,AUT,
PHL,AZE,
PHL,BHS,
PHL,BHR,
PHL,BGD,
PHL,BRB,
PHL,BLR,
PHL,BEL,
PHL,BLZ,
PHL,BEN,
PHL,BTN,
PHL,BOL,
PHL,BIH,
PHL,BWA,
PHL,BRA,
PHL,BRN,
PHL,BGR,
PHL,BFA,
PHL,BDI,
PHL,KHM,
PHL,CMR,
PHL,CAN,
PHL,CPV,
PHL,CAF,
PHL,TCD,
PHL,CHL,
PHL,CHN,
PHL,COL,
PHL,COM,
PHL,COG,
PHL,COD,
PHL,CRI,
PHL,CIV,
PHL,HRV,
PHL,CUB,
PHL,CYP,
PHL,CZE,
PHL,DNK,
PHL,DJI,
PHL,DMA,
PHL,DOM,
PHL,ECU,
PHL,EGY,
PHL,SLV,
PHL,GNQ,
PHL,ERI,
PHL,EST,
PHL,SWZ,
PHL,ETH,
PHL,FJI,
PHL,FIN,
PHL,FRA,
PHL,GAB,
PHL,GMB,
PHL,GEO,
PHL,DEU,
PHL,GHA,
PHL,GRC,
PHL,GRD,
PHL,GTM,
PHL,GIN,
PHL,GNB,
PHL,GUY,
PHL,HTI,
PHL,HND,
PHL,HKG,
PHL,HUN,
PHL,ISL,
PHL,IND,
PHL,IDN,
PHL,IRN,
PHL,IRQ,
PHL,IRL,
PHL,ISR,
PHL,ITA,
PHL,JAM,
PHL,JPN,
PHL,JOR,
PHL,KAZ,
PHL,KEN,
PHL,KIR,
PHL,XKX,
PHL,KWT,
PHL,KGZ,
PHL,LAO,
PHL,LVA,
PHL,LBN,
PHL,LSO,
PHL,LBR,
PHL,LBY,
PHL,LIE,
PHL,LTU,
PHL,LUX,
PHL,MAC,
PHL,MDG,
PHL,MWI,
PHL,MYS,
PHL,MDV,
PHL,MLI,
PHL,MLT,
PHL,MHL,
PHL,MRT,
PHL,MUS,
PHL,MEX,
PHL,FSM,
PHL,MDA,
PHL,MCO,
PHL,MNG,
PHL,MNE,
PHL,MAR,
PHL,MOZ,
PHL,MMR,
PHL,NAM,
PHL,NRU,
PHL,NPL,
PHL,NLD,
PHL,NZL,
PHL,NIC,
PHL,NER,
PHL,NGA,
PHL,PRK,
PHL,MKD,
PHL,NOR,
PHL,OMN,
PHL,PAK,
PHL,PLW,
PHL,PSE,
PHL,PAN,
PHL,PNG,
PHL,PRY,
PHL,PER,
PHL,PHL,-1
PHL,POL,
PHL,PRT,
PHL,QAT,
PHL,ROU,
PHL,RUS,
PHL,RWA,
PHL,KNA,
PHL,LCA,
PHL,WSM,
PHL,SMR,
PHL,STP,
PHL,SAU,
PHL,SEN,
PHL,SRB,
PHL,SYC,
PHL,SLE,
PHL,SGP,
PHL,SVK,
PHL,SVN,
PHL,SLB,
PHL,SOM,
PHL,ZAF,
PHL,KOR,
PHL,SSD,
PHL,ESP,
PHL,LKA,
PHL,VCT,
PHL,SDN,
PHL,SUR,
PHL,SWE,
PHL,CHE,
PHL,SYR,
PHL,TWN,
PHL,TJK,
PHL,TZA,
PHL,THA,
PHL,TLS,
PHL,TGO,
PHL,TON,
PHL,TTO,
PHL,TUN,
PHL,TKM,
PHL,TUV,
PHL,TUR,
PHL,UGA,
PHL,UKR,
PHL,ARE,
PHL,GBR,
PHL,USA,
PHL,URY,
PHL,UZB,
PHL,VUT,
PHL,VAT,
PHL,VEN,
PHL,VNM,
PHL,YEM,
PHL,ZMB,
PHL,ZWE,
PHL,AFG,
POL,ALB,
POL,DZA,
POL,AND,
POL,AGO,
POL,ATG,
POL,ARG,
POL,ARM,
POL,AUS,
POL,AUT,
POL,AZE,
POL,BHS,
POL,BHR,
POL,BGD,
POL,BRB,
POL,BLR,
POL,BEL,
POL,BLZ,
POL,BEN,
POL,BTN,
POL,BOL,
POL,BIH,
POL,BWA,
POL,BRA,
POL,BRN,
POL,BGR,
POL,BFA,
POL,BDI,
POL,KHM,
POL,CMR,
POL,CAN,
POL,CPV,
POL,CAF,
POL,TCD,
POL,CHL,
POL,CHN,
POL,COL,
POL,COM,
POL,COG,
POL,COD,
POL,CRI,
POL,CIV,
POL,HRV,
POL,CUB,
POL,CYP,
POL,CZE,
POL,DNK,
POL,DJI,
POL,DMA,
POL,DOM,
POL,ECU,
POL,EGY,
POL,SLV,
POL,GNQ,
POL,ERI,
POL,EST,
POL,SWZ,
POL,ETH,
POL,FJI,
POL,FIN,
POL,FRA,
POL,GAB,
POL,GMB,
POL,GEO,
POL,DEU,
POL,GHA,
POL,GRC,
POL,GRD,
POL,GTM,
POL,GIN,
POL,GNB,
POL,GUY,
POL,HTI,
POL,HND,
POL,HKG,
POL,HUN,
POL,ISL,
POL,IND,
POL,IDN,
POL,IRN,
POL,IRQ,
POL,IRL,
POL,ISR,
POL,ITA,
POL,JAM,
POL,JPN,
POL,JOR,
POL,KAZ,
POL,KEN,
POL,KIR,
POL,XKX,
POL,KWT,
POL,KGZ,
POL,LAO,
POL,LVA,
POL,LBN,
POL,LSO,
POL,LBR,
POL,LBY,
POL,LIE,
POL,LTU,
POL,LUX,
POL,MAC,
POL,MDG,
POL,MWI,
POL,MYS,
POL,MDV,
POL,MLI,
POL,MLT,
POL,MHL,
POL,MRT,
POL,MUS,
POL,MEX,
POL,FSM,
POL,MDA,
POL,MCO,
POL,MNG,
POL,MNE,
POL,MAR,
POL,MOZ,
POL,MMR,
POL,NAM,
POL,NRU,
POL,NPL,
POL,NLD,
POL,NZL,
POL,NIC,
POL,NER,
POL,NGA,
POL,PRK,
POL,MKD,
POL,NOR,
POL,OMN,
POL,PAK,
POL,PLW,
POL,PSE,
POL,PAN,
POL,PNG,
POL,PRY,
POL,PER,
POL,PHL,
POL,POL,-1
POL,PRT,
POL,QAT,
POL,ROU,
POL,RUS,
POL,RWA,
POL,KNA,
POL,LCA,
POL,WSM,
POL,SMR,
POL,STP,
POL,SAU,
POL,SEN,
POL,SRB,
POL,SYC,
POL,SLE,
POL,SGP,
POL,SVK,
POL,SVN,
POL,SLB,
POL,SOM,
POL,ZAF,
POL,KOR,
POL,SSD,
POL,ESP,
POL,LKA,
POL,VCT,
POL,SDN,
POL,SUR,
POL,SWE,
POL,CHE,
POL,SYR,
POL,TWN,
POL,TJK,
POL,TZA,
POL,THA,
POL,TLS,
POL,TGO,
POL,TON,
POL,TTO,
POL,TUN,
POL,TKM,
POL,TUV,
POL,TUR,
POL,UGA,
POL,UKR,
POL,ARE,
POL,GBR,
POL,USA,
POL,URY,
POL,UZB,
POL,VUT,
POL,VAT,
POL,VEN,
POL,VNM,
POL,YEM,
POL,ZMB,
POL,ZWE,
POL,AFG,
PRT,ALB,
PRT,DZA,
PRT,AND,
PRT,AGO,
PRT,ATG,
PRT,ARG,
PRT,ARM,
PRT,AUS,
PRT,AUT,
PRT,AZE,
PRT,BHS,
PRT,BHR,
PRT,BGD,
PRT,BRB,
PRT,BLR,
PRT,BEL,
PRT,BLZ,
PRT,BEN,
PRT,BTN,
PRT,BOL,
PRT,BIH,
PRT,BWA,
PRT,BRA,
PRT,BRN,
PRT,BGR,
PRT,BFA,
PRT,BDI,
PRT,KHM,
PRT,CMR,
PRT,CAN,
PRT,CPV,
PRT,CAF,
PRT,TCD,
PRT,CHL,
PRT,CHN,
PRT,COL,
PRT,COM,
PRT,COG,
PRT,COD,
PRT,CRI,
PRT,CIV,
PRT,HRV,
PRT,CUB,
PRT,CYP,
PRT,CZE,
PRT,DNK,
PRT,DJI,
PRT,DMA,
PRT,DOM,
PRT,ECU,
PRT,EGY,
PRT,SLV,
PRT,GNQ,
PRT,ERI,
PRT,EST,
PRT,SWZ,
PRT,ETH,
PRT,FJI,
PRT,FIN,
PRT,FRA,
PRT,GAB,
PRT,GMB,
PRT,GEO,
PRT,DEU,
PRT,GHA,
PRT,GRC,
PRT,GRD,
PRT,GTM,
PRT,GIN,
PRT,GNB,
PRT,GUY,
PRT,HTI,
PRT,HND,
PRT,HKG,
PRT,HUN,
PRT,ISL,
PRT,IND,
PRT,IDN,
PRT,IRN,
PRT,IRQ,
PRT,IRL,
PRT,ISR,
PRT,ITA,
PRT,JAM,
PRT,JPN,
PRT,JOR,
PRT,KAZ,
PRT,KEN,
PRT,KIR,
PRT,XKX,
PRT,KWT,
PRT,KGZ,
PRT,LAO,
PRT,LVA,
PRT,LBN,
PRT,LSO,
PRT,LBR,
PRT,LBY,
PRT,LIE,
PRT,LTU,
PRT,LUX,
PRT,MAC,
PRT,MDG,
PRT,MWI,
PRT,MYS,
PRT,MDV,
PRT,MLI,
PRT,MLT,
PRT,MHL,
PRT,MRT,
PRT,MUS,
PRT,MEX,
PRT,FSM,
PRT,MDA,
PRT,MCO,
PRT,MNG,
PRT,MNE,
PRT,MAR,
PRT,MOZ,
PRT,MMR,
PRT,NAM,
PRT,NRU,
PRT,NPL,
PRT,NLD,
PRT,NZL,
PRT,NIC,
PRT,NER,
PRT,NGA,
PRT,PRK,
PRT,MKD,
PRT,NOR,
PRT,OMN,
PRT,PAK,
PRT,PLW,
PRT,PSE,
PRT,PAN,
PRT,PNG,
PRT,PRY,
PRT,PER,
PRT,PHL,
PRT,POL,
PRT,PRT,-1
PRT,QAT,
PRT,ROU,
PRT,RUS,
PRT,RWA,
PRT,KNA,
PRT,LCA,
PRT,WSM,
PRT,SMR,
PRT,STP,
PRT,SAU,
PRT,SEN,
PRT,SRB,
PRT,SYC,
PRT,SLE,
PRT,SGP,
PRT,SVK,
PRT,SVN,
PRT,SLB,
PRT,SOM,
PRT,ZAF,
PRT,KOR,
PRT,SSD,
PRT,ESP,
PRT,LKA,
PRT,VCT,
PRT,SDN,
PRT,SUR,
PRT,SWE,
PRT,CHE,
PRT,SYR,
PRT,TWN,
PRT,TJK,
PRT,TZA,
PRT,THA,
PRT,TLS,
PRT,TGO,
PRT,TON,
PRT,TTO,
PRT,TUN,
PRT,TKM,
PRT,TUV,
PRT,TUR,
PRT,UGA,
PRT,UKR,
PRT,ARE,
PRT,GBR,
PRT,USA,
PRT,URY,
PRT,UZB,
PRT,VUT,
PRT,VAT,
PRT,VEN,
PRT,VNM,
PRT,YEM,
PRT,ZMB,
PRT,ZWE,
PRT,AFG,
QAT,ALB,
QAT,DZA,
QAT,AND,
QAT,AGO,
QAT,ATG,
QAT,ARG,
QAT,ARM,
QAT,AUS,
QAT,AUT,
QAT,AZE,
QAT,BHS,
QAT,BHR,
QAT,BGD,
QAT,BRB,
QAT,BLR,
QAT,BEL,
QAT,BLZ,
QAT,BEN,
QAT,BTN,
QAT,BOL,
QAT,BIH,
QAT,BWA,
QAT,BRA,
QAT,BRN,
QAT,BGR,
QAT,BFA,
QAT,BDI,
QAT,KHM,
QAT,CMR,
QAT,CAN,
QAT,CPV,
QAT,CAF,
QAT,TCD,
QAT,CHL,
QAT,CHN,
QAT,COL,
QAT,COM,
QAT,COG,
QAT,COD,
QAT,CRI,
QAT,CIV,
QAT,HRV,
QAT,CUB,
QAT,CYP,
QAT,CZE,
QAT,DNK,
QAT,DJI,
QAT,DMA,
QAT,DOM,
QAT,ECU,
QAT,EGY,
QAT,SLV,
QAT,GNQ,
QAT,ERI,
QAT,EST,
QAT,SWZ,
QAT,ETH,
QAT,FJI,
QAT,FIN,
QAT,FRA,
QAT,GAB,
QAT,GMB,
QAT,GEO,
QAT,DEU,
QAT,GHA,
QAT,GRC,
QAT,GRD,
QAT,GTM,
QAT,GIN,
QAT,GNB,
QAT,GUY,
QAT,HTI,
QAT,HND,
QAT,HKG,
QAT,HUN,
QAT,ISL,
QAT,IND,
QAT,IDN,
QAT,IRN,
QAT,IRQ,
QAT,IRL,
QAT,ISR,
QAT,ITA,
QAT,JAM,
QAT,JPN,
QAT,JOR,
QAT,KAZ,
QAT,KEN,
QAT,KIR,
QAT,XKX,
QAT,KWT,
QAT,KGZ,
QAT,LAO,
QAT,LVA,
QAT,LBN,
QAT,LSO,
QAT,LBR,
QAT,LBY,
QAT,LIE,
QAT,LTU,
QAT,LUX,
QAT,MAC,
QAT,MDG,
QAT,MWI,
QAT,MYS,
QAT,MDV,
QAT,MLI,
QAT,MLT,
QAT,MHL,
QAT,MRT,
QAT,MUS,
QAT,MEX,
QAT,FSM,
QAT,MDA,
QAT,MCO,
QAT,MNG,
QAT,MNE,
QAT,MAR,
QAT,MOZ,
QAT,MMR,
QAT,NAM,
QAT,NRU,
QAT,NPL,
QAT,NLD,
QAT,NZL,
QAT,NIC,
QAT,NER,
QAT,NGA,
QAT,PRK,
QAT,MKD,
QAT,NOR,
QAT,OMN,
QAT,PAK,
QAT,PLW,
QAT,PSE,
QAT,PAN,
QAT,PNG,
QAT,PRY,
QAT,PER,
QAT,PHL,
QAT,POL,
QAT,PRT,
QAT,QAT,-1
QAT,ROU,
QAT,RUS,
QAT,RWA,
QAT,KNA,
QAT,LCA,
QAT,WSM,
QAT,SMR,
QAT,STP,
QAT,SAU,
QAT,SEN,
QAT,SRB,
QAT,SYC,
QAT,SLE,
QAT,SGP,
QAT,SVK,
QAT,SVN,
QAT,SLB,
QAT,SOM,
QAT,ZAF,
QAT,KOR,
QAT,SSD,
QAT,ESP,
QAT,LKA,
QAT,VCT,
QAT,SDN,
QAT,SUR,
QAT,SWE,
QAT,CHE,
QAT,SYR,
QAT,TWN,
QAT,TJK,
QAT,TZA,
QAT,THA,
QAT,TLS,
QAT,TGO,
QAT,TON,
QAT,TTO,
QAT,TUN,
QAT,TKM,
QAT,TUV,
QAT,TUR,
QAT,UGA,
QAT,UKR,
QAT,ARE,
QAT,GBR,
QAT,USA,
QAT,URY,
QAT,UZB,
QAT,VUT,
QAT,VAT,
QAT,VEN,
QAT,VNM,
QAT,YEM,
QAT,ZMB,
QAT,ZWE,
QAT,AFG,
ROU,ALB,
ROU,DZA,
ROU,AND,
ROU,AGO,
ROU,ATG,
ROU,ARG,
ROU,ARM,
ROU,AUS,
ROU,AUT,
ROU,AZE,
ROU,BHS,
ROU,BHR,
ROU,BGD,
ROU,BRB,
ROU,BLR,
ROU,BEL,
ROU,BLZ,
ROU,BEN,
ROU,BTN,
ROU,BOL,
ROU,BIH,
ROU,BWA,
ROU,BRA,
ROU,BRN,
ROU,BGR,
ROU,BFA,
ROU,BDI,
ROU,KHM,
ROU,CMR,
ROU,CAN,
ROU,CPV,
ROU,CAF,
ROU,TCD,
ROU,CHL,
ROU,CHN,
ROU,COL,
ROU,COM,
ROU,COG,
ROU,COD,
ROU,CRI,
ROU,CIV,
ROU,HRV,
ROU,CUB,
ROU,CYP,
ROU,CZE,
ROU,DNK,
ROU,DJI,
ROU,DMA,
ROU,DOM,
ROU,ECU,
ROU,EGY,
ROU,SLV,
ROU,GNQ,
ROU,ERI,
ROU,EST,
ROU,SWZ,
ROU,ETH,
ROU,FJI,
ROU,FIN,
ROU,FRA,
ROU,GAB,
ROU,GMB,
ROU,GEO,
ROU,DEU,
ROU,GHA,
ROU,GRC,
ROU,GRD,
ROU,GTM,
ROU,GIN,
ROU,GNB,
ROU,GUY,
ROU,HTI,
ROU,HND,
ROU,HKG,
ROU,HUN,
ROU,ISL,
ROU,IND,
ROU,IDN,
ROU,IRN,
ROU,IRQ,
ROU,IRL,
ROU,ISR,
ROU,ITA,
ROU,JAM,
ROU,JPN,
ROU,JOR,
ROU,KAZ,
ROU,KEN,
ROU,KIR,
ROU,XKX,
ROU,KWT,
ROU,KGZ,
ROU,LAO,
ROU,LVA,
ROU,LBN,
ROU,LSO,
ROU,LBR,
ROU,LBY,
ROU,LIE,
ROU,LTU,
ROU,LUX,
ROU,MAC,
ROU,MDG,
ROU,MWI,
ROU,MYS,
ROU,MDV,
ROU,MLI,
ROU,MLT,
ROU,MHL,
ROU,MRT,
ROU,MUS,
ROU,MEX,
ROU,FSM,
ROU,MDA,
ROU,MCO,
ROU,MNG,
ROU,MNE,
ROU,MAR,
ROU,MOZ,
ROU,MMR,
ROU,NAM,
ROU,NRU,
ROU,NPL,
ROU,NLD,
ROU,NZL,
ROU,NIC,
ROU,NER,
ROU,NGA,
ROU,PRK,
ROU,MKD,
ROU,NOR,
ROU,OMN,
ROU,PAK,
ROU,PLW,
ROU,PSE,
ROU,PAN,
ROU,PNG,
ROU,PRY,
ROU,PER,
ROU,PHL,
ROU,POL,
ROU,PRT,
ROU,QAT,
ROU,ROU,-1
ROU,RUS,
ROU,RWA,
ROU,KNA,
ROU,LCA,
ROU,WSM,
ROU,SMR,
ROU,STP,
ROU,SAU,
ROU,SEN,
ROU,SRB,
ROU,SYC,
ROU,SLE,
ROU,SGP,
ROU,SVK,
ROU,SVN,
ROU,SLB,
ROU,SOM,
ROU,ZAF,
ROU,KOR,
ROU,SSD,
ROU,ESP,
ROU,LKA,
ROU,VCT,
ROU,SDN,
ROU,SUR,
ROU,SWE,
ROU,CHE,
ROU,SYR,
ROU,TWN,
ROU,TJK,
ROU,TZA,
ROU,THA,
ROU,TLS,
ROU,TGO,
ROU,TON,
ROU,TTO,
ROU,TUN,
ROU,TKM,
ROU,TUV,
ROU,TUR,
ROU,UGA,
ROU,UKR,
ROU,ARE,
ROU,GBR,
ROU,USA,
ROU,URY,
ROU,UZB,
ROU,VUT,
ROU,VAT,
ROU,VEN,
ROU,VNM,
ROU,YEM,
ROU,ZMB,
ROU,ZWE,
ROU,AFG,
RUS,ALB,
RUS,DZA,
RUS,AND,
RUS,AGO,
RUS,ATG,
RUS,ARG,
RUS,ARM,
RUS,AUS,
RUS,AUT,
RUS,AZE,
RUS,BHS,
RUS,BHR,
RUS,BGD,
RUS,BRB,
RUS,BLR,
RUS,BEL,
RUS,BLZ,
RUS,BEN,
RUS,BTN,
RUS,BOL,
RUS,BIH,
RUS,BWA,
RUS,BRA,
RUS,BRN,
RUS,BGR,
RUS,BFA,
RUS,BDI,
RUS,KHM,
RUS,CMR,
RUS,CAN,
RUS,CPV,
RUS,CAF,
RUS,TCD,
RUS,CHL,
RUS,CHN,
RUS,COL,
RUS,COM,
RUS,COG,
RUS,COD,
RUS,CRI,
RUS,CIV,
RUS,HRV,
RUS,CUB,
RUS,CYP,
RUS,CZE,
RUS,DNK,
RUS,DJI,
RUS,DMA,
RUS,DOM,
RUS,ECU,
RUS,EGY,
RUS,SLV,
RUS,GNQ,
RUS,ERI,
RUS,EST,
RUS,SWZ,
RUS,ETH,
RUS,FJI,
RUS,FIN,
RUS,FRA,
RUS,GAB,
RUS,GMB,
RUS,GEO,
RUS,DEU,
RUS,GHA,
RUS,GRC,
RUS,GRD,
RUS,GTM,
RUS,GIN,
RUS,GNB,
RUS,GUY,
RUS,HTI,
RUS,HND,
RUS,HKG,
RUS,HUN,
RUS,ISL,
RUS,IND,
RUS,IDN,
RUS,IRN,
RUS,IRQ,
RUS,IRL,
RUS,ISR,
RUS,ITA,
RUS,JAM,
RUS,JPN,
RUS,JOR,
RUS,KAZ,
RUS,KEN,
RUS,KIR,
RUS,XKX,
RUS,KWT,
RUS,KGZ,
RUS,LAO,
RUS,LVA,
RUS,LBN,
RUS,LSO,
RUS,LBR,
RUS,LBY,
RUS,LIE,
RUS,LTU,
RUS,LUX,
RUS,MAC,
RUS,MDG,
RUS,MWI,
RUS,MYS,
RUS,MDV,
RUS,MLI,
RUS,MLT,
RUS,MHL,
RUS,MRT,
RUS,MUS,
RUS,MEX,
RUS,FSM,
RUS,MDA,
RUS,MCO,
RUS,MNG,
RUS,MNE,
RUS,MAR,
RUS,MOZ,
RUS,MMR,
RUS,NAM,
RUS,NRU,
RUS,NPL,
RUS,NLD,
RUS,NZL,
RUS,NIC,
RUS,NER,
RUS,NGA,
RUS,PRK,
RUS,MKD,
RUS,NOR,
RUS,OMN,
RUS,PAK,
RUS,PLW,
RUS,PSE,
RUS,PAN,
RUS,PNG,
RUS,PRY,
RUS,PER,
RUS,PHL,
RUS,POL,
RUS,PRT,
RUS,QAT,
RUS,ROU,
RUS,RUS,-1
RUS,RWA,
RUS,KNA,
RUS,LCA,
RUS,WSM,
RUS,SMR,
RUS,STP,
RUS,SAU,
RUS,SEN,
RUS,SRB,
RUS,SYC,
RUS,SLE,
RUS,SGP,
RUS,SVK,
RUS,SVN,
RUS,SLB,
RUS,SOM,
RUS,ZAF,
RUS,KOR,
RUS,SSD,
RUS,ESP,
RUS,LKA,
RUS,VCT,
RUS,SDN,
RUS,SUR,
RUS,SWE,
RUS,CHE,
RUS,SYR,
RUS,TWN,
RUS,TJK,
RUS,TZA,
RUS,THA,
RUS,TLS,
RUS,TGO,
RUS,TON,
RUS,TTO,
RUS,TUN,
RUS,TKM,
RUS,TUV,
RUS,TUR,
RUS,UGA,
RUS,UKR,
RUS,ARE,
RUS,GBR,
RUS,USA,
RUS,URY,
RUS,UZB,
RUS,VUT,
RUS,VAT,
RUS,VEN,
RUS,VNM,
RUS,YEM,
RUS,ZMB,
RUS,ZWE,
RUS,AFG,
RWA,ALB,
RWA,DZA,
RWA,AND,
RWA,AGO,
RWA,ATG,
RWA,ARG,
RWA,ARM,
RWA,AUS,
RWA,AUT,
RWA,AZE,
RWA,BHS,
RWA,BHR,
RWA,BGD,
RWA,BRB,
RWA,BLR,
RWA,BEL,
RWA,BLZ,
RWA,BEN,
RWA,BTN,
RWA,BOL,
RWA,BIH,
RWA,BWA,
RWA,BRA,
RWA,BRN,
RWA,BGR,
RWA,BFA,
RWA,BDI,
RWA,KHM,
RWA,CMR,
RWA,CAN,
RWA,CPV,
RWA,CAF,
RWA,TCD,
RWA,CHL,
RWA,CHN,
RWA,COL,
RWA,COM,
RWA,COG,
RWA,COD,
RWA,CRI,
RWA,CIV,
RWA,HRV,
RWA,CUB,
RWA,CYP,
RWA,CZE,
RWA,DNK,
RWA,DJI,
RWA,DMA,
RWA,DOM,
RWA,ECU,
RWA,EGY,
RWA,SLV,
RWA,GNQ,
RWA,ERI,
RWA,EST,
RWA,SWZ,
RWA,ETH,
RWA,FJI,
RWA,FIN,
RWA,FRA,
RWA,GAB,
RWA,GMB,
RWA,GEO,
RWA,DEU,
RWA,GHA,
RWA,GRC,
RWA,GRD,
RWA,GTM,
RWA,GIN,
RWA,GNB,
RWA,GUY,
RWA,HTI,
RWA,HND,
RWA,HKG,
RWA,HUN,
RWA,ISL,
RWA,IND,
RWA,IDN,
RWA,IRN,
RWA,IRQ,
RWA,IRL,
RWA,ISR,
RWA,ITA,
RWA,JAM,
RWA,JPN,
RWA,JOR,
RWA,KAZ,
RWA,KEN,
RWA,KIR,
RWA,XKX,
RWA,KWT,
RWA,KGZ,
RWA,LAO,
RWA,LVA,
RWA,LBN,
RWA,LSO,
RWA,LBR,
RWA,LBY,
RWA,LIE,
RWA,LTU,
RWA,LUX,
RWA,MAC,
RWA,MDG,
RWA,MWI,
RWA,MYS,
RWA,MDV,
RWA,MLI,
RWA,MLT,
RWA,MHL,
RWA,MRT,
RWA,MUS,
RWA,MEX,
RWA,FSM,
RWA,MDA,
RWA,MCO,
RWA,MNG,
RWA,MNE,
RWA,MAR,
RWA,MOZ,
RWA,MMR,
RWA,NAM,
RWA,NRU,
RWA,NPL,
RWA,NLD,
RWA,NZL,
RWA,NIC,
RWA,NER,
RWA,NGA,
RWA,PRK,
RWA,MKD,
RWA,NOR,
RWA,OMN,
RWA,PAK,
RWA,PLW,
RWA,PSE,
RWA,PAN,
RWA,PNG,
RWA,PRY,
RWA,PER,
RWA,PHL,
RWA,POL,
RWA,PRT,
RWA,QAT,
RWA,ROU,
RWA,RUS,
RWA,RWA,-1
RWA,KNA,
RWA,LCA,
RWA,WSM,
RWA,SMR,
RWA,STP,
RWA,SAU,
RWA,SEN,
RWA,SRB,
RWA,SYC,
RWA,SLE,
RWA,SGP,
RWA,SVK,
RWA,SVN,
RWA,SLB,
RWA,SOM,
RWA,ZAF,
RWA,KOR,
RWA,SSD,
RWA,ESP,
RWA,LKA,
RWA,VCT,
RWA,SDN,
RWA,SUR,
RWA,SWE,
RWA,CHE,
RWA,SYR,
RWA,TWN,
RWA,TJK,
RWA,TZA,
RWA,THA,
RWA,TLS,
RWA,TGO,
RWA,TON,
RWA,TTO,
RWA,TUN,
RWA,TKM,
RWA,TUV,
RWA,TUR,
RWA,UGA,
RWA,UKR,
RWA,ARE,
RWA,GBR,
RWA,USA,
RWA,URY,
RWA,UZB,
RWA,VUT,
RWA,VAT,
RWA,VEN,
RWA,VNM,
RWA,YEM,
RWA,ZMB,
RWA,ZWE,
RWA,AFG,
KNA,ALB,
KNA,DZA,
KNA,AND,
KNA,AGO,
KNA,ATG,
KNA,ARG,
KNA,ARM,
KNA,AUS,
KNA,AUT,
KNA,AZE,
KNA,BHS,
KNA,BHR,
KNA,BGD,
KNA,BRB,
KNA,BLR,
KNA,BEL,
KNA,BLZ,
KNA,BEN,
KNA,BTN,
KNA,BOL,
KNA,BIH,
KNA,BWA,
KNA,BRA,
KNA,BRN,
KNA,BGR,
KNA,BFA,
KNA,BDI,
KNA,KHM,
KNA,CMR,
KNA,CAN,
KNA,CPV,
KNA,CAF,
KNA,TCD,
KNA,CHL,
KNA,CHN,
KNA,COL,
KNA,COM,
KNA,COG,
KNA,COD,
KNA,CRI,
KNA,CIV,
KNA,HRV,
KNA,CUB,
KNA,CYP,
KNA,CZE,
KNA,DNK,
KNA,DJI,
KNA,DMA,
KNA,DOM,
KNA,ECU,
KNA,EGY,
KNA,SLV,
KNA,GNQ,
KNA,ERI,
KNA,EST,
KNA,SWZ,
KNA,ETH,
KNA,FJI,
KNA,FIN,
KNA,FRA,
KNA,GAB,
KNA,GMB,
KNA,GEO,
KNA,DEU,
KNA,GHA,
KNA,GRC,
KNA,GRD,
KNA,GTM,
KNA,GIN,
KNA,GNB,
KNA,GUY,
KNA,HTI,
KNA,HND,
KNA,HKG,
KNA,HUN,
KNA,ISL,
KNA,IND,
KNA,IDN,
KNA,IRN,
KNA,IRQ,
KNA,IRL,
KNA,ISR,
KNA,ITA,
KNA,JAM,
KNA,JPN,
KNA,JOR,
KNA,KAZ,
KNA,KEN,
KNA,KIR,
KNA,XKX,
KNA,KWT,
KNA,KGZ,
KNA,LAO,
KNA,LVA,
KNA,LBN,
KNA,LSO,
KNA,LBR,
KNA,LBY,
KNA,LIE,
KNA,LTU,
KNA,LUX,
KNA,MAC,
KNA,MDG,
KNA,MWI,
KNA,MYS,
KNA,MDV,
KNA,MLI,
KNA,MLT,
KNA,MHL,
KNA,MRT,
KNA,MUS,
KNA,MEX,
KNA,FSM,
KNA,MDA,
KNA,MCO,
KNA,MNG,
KNA,MNE,
KNA,MAR,
KNA,MOZ,
KNA,MMR,
KNA,NAM,
KNA,NRU,
KNA,NPL,
KNA,NLD,
KNA,NZL,
KNA,NIC,
KNA,NER,
KNA,NGA,
KNA,PRK,
KNA,MKD,
KNA,NOR,
KNA,OMN,
KNA,PAK,
KNA,PLW,
KNA,PSE,
KNA,PAN,
KNA,PNG,
KNA,PRY,
KNA,PER,
KNA,PHL,
KNA,POL,
KNA,PRT,
KNA,QAT,
KNA,ROU,
KNA,RUS,
KNA,RWA,
KNA,KNA,-1
KNA,LCA,
KNA,WSM,
KNA,SMR,
KNA,STP,
KNA,SAU,
KNA,SEN,
KNA,SRB,
KNA,SYC,
KNA,SLE,
KNA,SGP,
KNA,SVK,
KNA,SVN,
KNA,SLB,
KNA,SOM,
KNA,ZAF,
KNA,KOR,
KNA,SSD,
KNA,ESP,
KNA,LKA,
KNA,VCT,
KNA,SDN,
KNA,SUR,
KNA,SWE,
KNA,CHE,
KNA,SYR,
KNA,TWN,
KNA,TJK,
KNA,TZA,
KNA,THA,
KNA,TLS,
KNA,TGO,
KNA,TON,
KNA,TTO,
KNA,TUN,
KNA,TKM,
KNA,TUV,
KNA,TUR,
KNA,UGA,
KNA,UKR,
KNA,ARE,
KNA,GBR,
KNA,USA,
KNA,URY,
KNA,UZB,
KNA,VUT,
KNA,VAT,
KNA,VEN,
KNA,VNM,
KNA,YEM,
KNA,ZMB,
KNA,ZWE,
KNA,AFG,
LCA,ALB,
LCA,DZA,
LCA,AND,
LCA,AGO,
LCA,ATG,
LCA,ARG,
LCA,ARM,
LCA,AUS,
LCA,AUT,
LCA,AZE,
LCA,BHS,
LCA,BHR,
LCA,BGD,
LCA,BRB,
LCA,BLR,
LCA,BEL,
LCA,BLZ,
LCA,BEN,
LCA,BTN,
LCA,BOL,
LCA,BIH,
LCA,BWA,
LCA,BRA,
LCA,BRN,
LCA,BGR,
LCA,BFA,
LCA,BDI,
LCA,KHM,
LCA,CMR,
LCA,CAN,
LCA,CPV,
LCA,CAF,
LCA,TCD,
LCA,CHL,
LCA,CHN,
LCA,COL,
LCA,COM,
LCA,COG,
LCA,COD,
LCA,CRI,
LCA,CIV,
LCA,HRV,
LCA,CUB,
LCA,CYP,
LCA,CZE,
LCA,DNK,
LCA,DJI,
LCA,DMA,
LCA,DOM,
LCA,ECU,
LCA,EGY,
LCA,SLV,
LCA,GNQ,
LCA,ERI,
LCA,EST,
LCA,SWZ,
LCA,ETH,
LCA,FJI,
LCA,FIN,
LCA,FRA,
LCA,GAB,
LCA,GMB,
LCA,GEO,
LCA,DEU,
LCA,GHA,
LCA,GRC,
LCA,GRD,
LCA,GTM,
LCA,GIN,
LCA,GNB,
LCA,GUY,
LCA,HTI,
LCA,HND,
LCA,HKG,
LCA,HUN,
LCA,ISL,
LCA,IND,
LCA,IDN,
LCA,IRN,
LCA,IRQ,
LCA,IRL,
LCA,ISR,
LCA,ITA,
LCA,JAM,
LCA,JPN,
LCA,JOR,
LCA,KAZ,
LCA,KEN,
LCA,KIR,
LCA,XKX,
LCA,KWT,
LCA,KGZ,
LCA,LAO,
LCA,LVA,
LCA,LBN,
LCA,LSO,
LCA,LBR,
LCA,LBY,
LCA,LIE,
LCA,LTU,
LCA,LUX,
LCA,MAC,
LCA,MDG,
LCA,MWI,
LCA,MYS,
LCA,MDV,
LCA,MLI,
LCA,MLT,
LCA,MHL,
LCA,MRT,
LCA,MUS,
LCA,MEX,
LCA,FSM,
LCA,MDA,
LCA,MCO,
LCA,MNG,
LCA,MNE,
LCA,MAR,
LCA,MOZ,
LCA,MMR,
LCA,NAM,
LCA,NRU,
LCA,NPL,
LCA,NLD,
LCA,NZL,
LCA,NIC,
LCA,NER,
LCA,NGA,
LCA,PRK,
LCA,MKD,
LCA,NOR,
LCA,OMN,
LCA,PAK,
LCA,PLW,
LCA,PSE,
LCA,PAN,
LCA,PNG,
LCA,PRY,
LCA,PER,
LCA,PHL,
LCA,POL,
LCA,PRT,
LCA,QAT,
LCA,ROU,
LCA,RUS,
LCA,RWA,
LCA,KNA,
LCA,LCA,-1
LCA,WSM,
LCA,SMR,
LCA,STP,
LCA,SAU,
LCA,SEN,
LCA,SRB,
LCA,SYC,
LCA,SLE,
LCA,SGP,
LCA,SVK,
LCA,SVN,
LCA,SLB,
LCA,SOM,
LCA,ZAF,
LCA,KOR,
LCA,SSD,
LCA,ESP,
LCA,LKA,
LCA,VCT,
LCA,SDN,
LCA,SUR,
LCA,SWE,
LCA,CHE,
LCA,SYR,
LCA,TWN,
LCA,TJK,
LCA,TZA,
LCA,THA,
LCA,TLS,
LCA,TGO,
LCA,TON,
LCA,TTO,
LCA,TUN,
LCA,TKM,
LCA,TUV,
LCA,TUR,
LCA,UGA,
LCA,UKR,
LCA,ARE,
LCA,GBR,
LCA,USA,
LCA,URY,
LCA,UZB,
LCA,VUT,
LCA,VAT,
LCA,VEN,
LCA,VNM,
LCA,YEM,
LCA,ZMB,
LCA,ZWE,
LCA,AFG,
WSM,ALB,
WSM,DZA,
WSM,AND,
WSM,AGO,
WSM,ATG,
WSM,ARG,
WSM,ARM,
WSM,AUS,
WSM,AUT,
WSM,AZE,
WSM,BHS,
WSM,BHR,
WSM,BGD,
WSM,BRB,
WSM,BLR,
WSM,BEL,
WSM,BLZ,
WSM,BEN,
WSM,BTN,
WSM,BOL,
WSM,BIH,
WSM,BWA,
WSM,BRA,
WSM,BRN,
WSM,BGR,
WSM,BFA,
WSM,BDI,
WSM,KHM,
WSM,CMR,
WSM,CAN,
WSM,CPV,
WSM,CAF,
WSM,TCD,
WSM,CHL,
WSM,CHN,
WSM,COL,
WSM,COM,
WSM,COG,
WSM,COD,
WSM,CRI,
WSM,CIV,
WSM,HRV,
WSM,CUB,
WSM,CYP,
WSM,CZE,
WSM,DNK,
WSM,DJI,
WSM,DMA,
WSM,DOM,
WSM,ECU,
WSM,EGY,
WSM,SLV,
WSM,GNQ,
WSM,ERI,
WSM,EST,
WSM,SWZ,
WSM,ETH,
WSM,FJI,
WSM,FIN,
WSM,FRA,
WSM,GAB,
WSM,GMB,
WSM,GEO,
WSM,DEU,
WSM,GHA,
WSM,GRC,
WSM,GRD,
WSM,GTM,
WSM,GIN,
WSM,GNB,
WSM,GUY,
WSM,HTI,
WSM,HND,
WSM,HKG,
WSM,HUN,
WSM,ISL,
WSM,IND,
WSM,IDN,
WSM,IRN,
WSM,IRQ,
WSM,IRL,
WSM,ISR,
WSM,ITA,
WSM,JAM,
WSM,JPN,
WSM,JOR,
WSM,KAZ,
WSM,KEN,
WSM,KIR,
WSM,XKX,
WSM,KWT,
WSM,KGZ,
WSM,LAO,
WSM,LVA,
WSM,LBN,
WSM,LSO,
WSM,LBR,
WSM,LBY,
WSM,LIE,
WSM,LTU,
WSM,LUX,
WSM,MAC,
WSM,MDG,
WSM,MWI,
WSM,MYS,
WSM,MDV,
WSM,MLI,
WSM,MLT,
WSM,MHL,
WSM,MRT,
WSM,MUS,
WSM,MEX,
WSM,FSM,
WSM,MDA,
WSM,MCO,
WSM,MNG,
WSM,MNE,
WSM,MAR,
WSM,MOZ,
WSM,MMR,
WSM,NAM,
WSM,NRU,
WSM,NPL,
WSM,NLD,
WSM,NZL,
WSM,NIC,
WSM,NER,
WSM,NGA,
WSM,PRK,
WSM,MKD,
WSM,NOR,
WSM,OMN,
WSM,PAK,
WSM,PLW,
WSM,PSE,
WSM,PAN,
WSM,PNG,
WSM,PRY,
WSM,PER,
WSM,PHL,
WSM,POL,
WSM,PRT,
WSM,QAT,
WSM,ROU,
WSM,RUS,
WSM,RWA,
WSM,KNA,
WSM,LCA,
WSM,WSM,-1
WSM,SMR,
WSM,STP,
WSM,SAU,
WSM,SEN,
WSM,SRB,
WSM,SYC,
WSM,SLE,
WSM,SGP,
WSM,SVK,
WSM,SVN,
WSM,SLB,
WSM,SOM,
WSM,ZAF,
WSM,KOR,
WSM,SSD,
WSM,ESP,
WSM,LKA,
WSM,VCT,
WSM,SDN,
WSM,SUR,
WSM,SWE,
WSM,CHE,
WSM,SYR,
WSM,TWN,
WSM,TJK,
WSM,TZA,
WSM,THA,
WSM,TLS,
WSM,TGO,
WSM,TON,
WSM,TTO,
WSM,TUN,
WSM,TKM,
WSM,TUV,
WSM,TUR,
WSM,UGA,
WSM,UKR,
WSM,ARE,
WSM,GBR,
WSM,USA,
WSM,URY,
WSM,UZB,
WSM,VUT,
WSM,VAT,
WSM,VEN,
WSM,VNM,
WSM,YEM,
WSM,ZMB,
WSM,ZWE,
WSM,AFG,
SMR,ALB,
SMR,DZA,
SMR,AND,
SMR,AGO,
SMR,ATG,
SMR,ARG,
SMR,ARM,
SMR,AUS,
SMR,AUT,
SMR,AZE,
SMR,BHS,
SMR,BHR,
SMR,BGD,
SMR,BRB,
SMR,BLR,
SMR,BEL,
SMR,BLZ,
SMR,BEN,
SMR,BTN,
SMR,BOL,
SMR,BIH,
SMR,BWA,
SMR,BRA,
SMR,BRN,
SMR,BGR,
SMR,BFA,
SMR,BDI,
SMR,KHM,
SMR,CMR,
SMR,CAN,
SMR,CPV,
SMR,CAF,
SMR,TCD,
SMR,CHL,
SMR,CHN,
SMR,COL,
SMR,COM,
SMR,COG,
SMR,COD,
SMR,CRI,
SMR,CIV,
SMR,HRV,
SMR,CUB,
SMR,CYP,
SMR,CZE,
SMR,DNK,
SMR,DJI,
SMR,DMA,
SMR,DOM,
SMR,ECU,
SMR,EGY,
SMR,SLV,
SMR,GNQ,
SMR,ERI,
SMR,EST,
SMR,SWZ,
SMR,ETH,
SMR,FJI,
SMR,FIN,
SMR,FRA,
SMR,GAB,
SMR,GMB,
SMR,GEO,
SMR,DEU,
SMR,GHA,
SMR,GRC,
SMR,GRD,
SMR,GTM,
SMR,GIN,
SMR,GNB,
SMR,GUY,
SMR,HTI,
SMR,HND,
SMR,HKG,
SMR,HUN,
SMR,ISL,
SMR,IND,
SMR,IDN,
SMR,IRN,
SMR,IRQ,
SMR,IRL,
SMR,ISR,
SMR,ITA,
SMR,JAM,
SMR,JPN,
SMR,JOR,
SMR,KAZ,
SMR,KEN,
SMR,KIR,
SMR,XKX,
SMR,KWT,
SMR,KGZ,
SMR,LAO,
SMR,LVA,
SMR,LBN,
SMR,LSO,
SMR,LBR,
SMR,LBY,
SMR,LIE,
SMR,LTU,
SMR,LUX,
SMR,MAC,
SMR,MDG,
SMR,MWI,
SMR,MYS,
SMR,MDV,
SMR,MLI,
SMR,MLT,
SMR,MHL,
SMR,MRT,
SMR,MUS,
SMR,MEX,
SMR,FSM,
SMR,MDA,
SMR,MCO,
SMR,MNG,
SMR,MNE,
SMR,MAR,
SMR,MOZ,
SMR,MMR,
SMR,NAM,
SMR,NRU,
SMR,NPL,
SMR,NLD,
SMR,NZL,
SMR,NIC,
SMR,NER,
SMR,NGA,
SMR,PRK,
SMR,MKD,
SMR,NOR,
SMR,OMN,
SMR,PAK,
SMR,PLW,
SMR,PSE,
SMR,PAN,
SMR,PNG,
SMR,PRY,
SMR,PER,
SMR,PHL,
SMR,POL,
SMR,PRT,
SMR,QAT,
SMR,ROU,
SMR,RUS,
SMR,RWA,
SMR,KNA,
SMR,LCA,
SMR,WSM,
SMR,SMR,-1
SMR,STP,
SMR,SAU,
SMR,SEN,
SMR,SRB,
SMR,SYC,
SMR,SLE,
SMR,SGP,
SMR,SVK,
SMR,SVN,
SMR,SLB,
SMR,SOM,
SMR,ZAF,
SMR,KOR,
SMR,SSD,
SMR,ESP,
SMR,LKA,
SMR,VCT,
SMR,SDN,
SMR,SUR,
SMR,SWE,
SMR,CHE,
SMR,SYR,
SMR,TWN,
SMR,TJK,
SMR,TZA,
SMR,THA,
SMR,TLS,
SMR,TGO,
SMR,TON,
SMR,TTO,
SMR,TUN,
SMR,TKM,
SMR,TUV,
SMR,TUR,
SMR,UGA,
SMR,UKR,
SMR,ARE,
SMR,GBR,
SMR,USA,
SMR,URY,
SMR,UZB,
SMR,VUT,
SMR,VAT,
SMR,VEN,
SMR,VNM,
SMR,YEM,
SMR,ZMB,
SMR,ZWE,
SMR,AFG,
STP,ALB,
STP,DZA,
STP,AND,
STP,AGO,
STP,ATG,
STP,ARG,
STP,ARM,
STP,AUS,
STP,AUT,
STP,AZE,
STP,BHS,
STP,BHR,
STP,BGD,
STP,BRB,
STP,BLR,
STP,BEL,
STP,BLZ,
STP,BEN,
STP,BTN,
STP,BOL,
STP,BIH,
STP,BWA,
STP,BRA,
STP,BRN,
STP,BGR,
STP,BFA,
STP,BDI,
STP,KHM,
STP,CMR,
STP,CAN,
STP,CPV,
STP,CAF,
STP,TCD,
STP,CHL,
STP,CHN,
STP,COL,
STP,COM,
STP,COG,
STP,COD,
STP,CRI,
STP,CIV,
STP,HRV,
STP,CUB,
STP,CYP,
STP,CZE,
STP,DNK,
STP,DJI,
STP,DMA,
STP,DOM,
STP,ECU,
STP,EGY,
STP,SLV,
STP,GNQ,
STP,ERI,
STP,EST,
STP,SWZ,
STP,ETH,
STP,FJI,
STP,FIN,
STP,FRA,
STP,GAB,
STP,GMB,
STP,GEO,
STP,DEU,
STP,GHA,
STP,GRC,
STP,GRD,
STP,GTM,
STP,GIN,
STP,GNB,
STP,GUY,
STP,HTI,
STP,HND,
STP,HKG,
STP,HUN,
STP,ISL,
STP,IND,
STP,IDN,
STP,IRN,
STP,IRQ,
STP,IRL,
STP,ISR,
STP,ITA,
STP,JAM,
STP,JPN,
STP,JOR,
STP,KAZ,
STP,KEN,
STP,KIR,
STP,XKX,
STP,KWT,
STP,KGZ,
STP,LAO,
STP,LVA,
STP,LBN,
STP,LSO,
STP,LBR,
STP,LBY,
STP,LIE,
STP,LTU,
STP,LUX,
STP,MAC,
STP,MDG,
STP,MWI,
STP,MYS,
STP,MDV,
STP,MLI,
STP,MLT,
STP,MHL,
STP,MRT,
STP,MUS,
STP,MEX,
STP,FSM,
STP,MDA,
STP,MCO,
STP,MNG,
STP,MNE,
STP,MAR,
STP,MOZ,
STP,MMR,
STP,NAM,
STP,NRU,
STP,NPL,
STP,NLD,
STP,NZL,
STP,NIC,
STP,NER,
STP,NGA,
STP,PRK,
STP,MKD,
STP,NOR,
STP,OMN,
STP,PAK,
STP,PLW,
STP,PSE,
STP,PAN,
STP,PNG,
STP,PRY,
STP,PER,
STP,PHL,
STP,POL,
STP,PRT,
STP,QAT,
STP,ROU,
STP,RUS,
STP,RWA,
STP,KNA,
STP,LCA,
STP,WSM,
STP,SMR,
STP,STP,-1
STP,SAU,
STP,SEN,
STP,SRB,
STP,SYC,
STP,SLE,
STP,SGP,
STP,SVK,
STP,SVN,
STP,SLB,
STP,SOM,
STP,ZAF,
STP,KOR,
STP,SSD,
STP,ESP,
STP,LKA,
STP,VCT,
STP,SDN,
STP,SUR,
STP,SWE,
STP,CHE,
STP,SYR,
STP,TWN,
STP,TJK,
STP,TZA,
STP,THA,
STP,TLS,
STP,TGO,
STP,TON,
STP,TTO,
STP,TUN,
STP,TKM,
STP,TUV,
STP,TUR,
STP,UGA,
STP,UKR,
STP,ARE,
STP,GBR,
STP,USA,
STP,URY,
STP,UZB,
STP,VUT,
STP,VAT,
STP,VEN,
STP,VNM,
STP,YEM,
STP,ZMB,
STP,ZWE,
STP,AFG,
SAU,ALB,
SAU,DZA,
SAU,AND,
SAU,AGO,
SAU,ATG,
SAU,ARG,
SAU,ARM,
SAU,AUS,
SAU,AUT,
SAU,AZE,
SAU,BHS,
SAU,BHR,
SAU,BGD,
SAU,BRB,
SAU,BLR,
SAU,BEL,
SAU,BLZ,
SAU,BEN,
SAU,BTN,
SAU,BOL,
SAU,BIH,
SAU,BWA,
SAU,BRA,
SAU,BRN,
SAU,BGR,
SAU,BFA,
SAU,BDI,
SAU,KHM,
SAU,CMR,
SAU,CAN,
SAU,CPV,
SAU,CAF,
SAU,TCD,
SAU,CHL,
SAU,CHN,
SAU,COL,
SAU,COM,
SAU,COG,
SAU,COD,
SAU,CRI,
SAU,CIV,
SAU,HRV,
SAU,CUB,
SAU,CYP,
SAU,CZE,
SAU,DNK,
SAU,DJI,
SAU,DMA,
SAU,DOM,
SAU,ECU,
SAU,EGY,
SAU,SLV,
SAU,GNQ,
SAU,ERI,
SAU,EST,
SAU,SWZ,
SAU,ETH,
SAU,FJI,
SAU,FIN,
SAU,FRA,
SAU,GAB,
SAU,GMB,
SAU,GEO,
SAU,DEU,
SAU,GHA,
SAU,GRC,
SAU,GRD,
SAU,GTM,
SAU,GIN,
SAU,GNB,
SAU,GUY,
SAU,HTI,
SAU,HND,
SAU,HKG,
SAU,HUN,
SAU,ISL,
SAU,IND,
SAU,IDN,
SAU,IRN,
SAU,IRQ,
SAU,IRL,
SAU,ISR,
SAU,ITA,
SAU,JAM,
SAU,JPN,
SAU,JOR,
SAU,KAZ,
SAU,KEN,
SAU,KIR,
SAU,XKX,
SAU,KWT,
SAU,KGZ,
SAU,LAO,
SAU,LVA,
SAU,LBN,
SAU,LSO,
SAU,LBR,
SAU,LBY,
SAU,LIE,
SAU,LTU,
SAU,LUX,
SAU,MAC,
SAU,MDG,
SAU,MWI,
SAU,MYS,
SAU,MDV,
SAU,MLI,
SAU,MLT,
SAU,MHL,
SAU,MRT,
SAU,MUS,
SAU,MEX,
SAU,FSM,
SAU,MDA,
SAU,MCO,
SAU,MNG,
SAU,MNE,
SAU,MAR,
SAU,MOZ,
SAU,MMR,
SAU,NAM,
SAU,NRU,
SAU,NPL,
SAU,NLD,
SAU,NZL,
SAU,NIC,
SAU,NER,
SAU,NGA,
SAU,PRK,
SAU,MKD,
SAU,NOR,
SAU,OMN,
SAU,PAK,
SAU,PLW,
SAU,PSE,
SAU,PAN,
SAU,PNG,
SAU,PRY,
SAU,PER,
SAU,PHL,
SAU,POL,
SAU,PRT,
SAU,QAT,
SAU,ROU,
SAU,RUS,
SAU,RWA,
SAU,KNA,
SAU,LCA,
SAU,WSM,
SAU,SMR,
SAU,STP,
SAU,SAU,-1
SAU,SEN,
SAU,SRB,
SAU,SYC,
SAU,SLE,
SAU,SGP,
SAU,SVK,
SAU,SVN,
SAU,SLB,
SAU,SOM,
SAU,ZAF,
SAU,KOR,
SAU,SSD,
SAU,ESP,
SAU,LKA,
SAU,VCT,
SAU,SDN,
SAU,SUR,
SAU,SWE,
SAU,CHE,
SAU,SYR,
SAU,TWN,
SAU,TJK,
SAU,TZA,
SAU,THA,
SAU,TLS,
SAU,TGO,
SAU,TON,
SAU,TTO,
SAU,TUN,
SAU,TKM,
SAU,TUV,
SAU,TUR,
SAU,UGA,
SAU,UKR,
SAU,ARE,
SAU,GBR,
SAU,USA,
SAU,URY,
SAU,UZB,
SAU,VUT,
SAU,VAT,
SAU,VEN,
SAU,VNM,
SAU,YEM,
SAU,ZMB,
SAU,ZWE,
SAU,AFG,
SEN,ALB,
SEN,DZA,
SEN,AND,
SEN,AGO,
SEN,ATG,
SEN,ARG,
SEN,ARM,
SEN,AUS,
SEN,AUT,
SEN,AZE,
SEN,BHS,
SEN,BHR,
SEN,BGD,
SEN,BRB,
SEN,BLR,
SEN,BEL,
SEN,BLZ,
SEN,BEN,
SEN,BTN,
SEN,BOL,
SEN,BIH,
SEN,BWA,
SEN,BRA,
SEN,BRN,
SEN,BGR,
SEN,BFA,
SEN,BDI,
SEN,KHM,
SEN,CMR,
SEN,CAN,
SEN,CPV,
SEN,CAF,
SEN,TCD,
SEN,CHL,
SEN,CHN,
SEN,COL,
SEN,COM,
SEN,COG,
SEN,COD,
SEN,CRI,
SEN,CIV,
SEN,HRV,
SEN,CUB,
SEN,CYP,
SEN,CZE,
SEN,DNK,
SEN,DJI,
SEN,DMA,
SEN,DOM,
SEN,ECU,
SEN,EGY,
SEN,SLV,
SEN,GNQ,
SEN,ERI,
SEN,EST,
SEN,SWZ,
SEN,ETH,
SEN,FJI,
SEN,FIN,
SEN,FRA,
SEN,GAB,
SEN,GMB,
SEN,GEO,
SEN,DEU,
SEN,GHA,
SEN,GRC,
SEN,GRD,
SEN,GTM,
SEN,GIN,
SEN,GNB,
SEN,GUY,
SEN,HTI,
SEN,HND,
SEN,HKG,
SEN,HUN,
SEN,ISL,
SEN,IND,
SEN,IDN,
SEN,IRN,
SEN,IRQ,
SEN,IRL,
SEN,ISR,
SEN,ITA,
SEN,JAM,
SEN,JPN,
SEN,JOR,
SEN,KAZ,
SEN,KEN,
SEN,KIR,
SEN,XKX,
SEN,KWT,
SEN,KGZ,
SEN,LAO,
SEN,LVA,
SEN,LBN,
SEN,LSO,
SEN,LBR,
SEN,LBY,
SEN,LIE,
SEN,LTU,
SEN,LUX,
SEN,MAC,
SEN,MDG,
SEN,MWI,
SEN,MYS,
SEN,MDV,
SEN,MLI,
SEN,MLT,
SEN,MHL,
SEN,MRT,
SEN,MUS,
SEN,MEX,
SEN,FSM,
SEN,MDA,
SEN,MCO,
SEN,MNG,
SEN,MNE,
SEN,MAR,
SEN,MOZ,
SEN,MMR,
SEN,NAM,
SEN,NRU,
SEN,NPL,
SEN,NLD,
SEN,NZL,
SEN,NIC,
SEN,NER,
SEN,NGA,
SEN,PRK,
SEN,MKD,
SEN,NOR,
SEN,OMN,
SEN,PAK,
SEN,PLW,
SEN,PSE,
SEN,PAN,
SEN,PNG,
SEN,PRY,
SEN,PER,
SEN,PHL,
SEN,POL,
SEN,PRT,
SEN,QAT,
SEN,ROU,
SEN,RUS,
SEN,RWA,
SEN,KNA,
SEN,LCA,
SEN,WSM,
SEN,SMR,
SEN,STP,
SEN,SAU,
SEN,SEN,-1
SEN,SRB,
SEN,SYC,
SEN,SLE,
SEN,SGP,
SEN,SVK,
SEN,SVN,
SEN,SLB,
SEN,SOM,
SEN,ZAF,
SEN,KOR,
SEN,SSD,
SEN,ESP,
SEN,LKA,
SEN,VCT,
SEN,SDN,
SEN,SUR,
SEN,SWE,
SEN,CHE,
SEN,SYR,
SEN,TWN,
SEN,TJK,
SEN,TZA,
SEN,THA,
SEN,TLS,
SEN,TGO,
SEN,TON,
SEN,TTO,
SEN,TUN,
SEN,TKM,
SEN,TUV,
SEN,TUR,
SEN,UGA,
SEN,UKR,
SEN,ARE,
SEN,GBR,
SEN,USA,
SEN,URY,
SEN,UZB,
SEN,VUT,
SEN,VAT,
SEN,VEN,
SEN,VNM,
SEN,YEM,
SEN,ZMB,
SEN,ZWE,
SEN,AFG,
SRB,ALB,
SRB,DZA,
SRB,AND,
SRB,AGO,
SRB,ATG,
SRB,ARG,
SRB,ARM,
SRB,AUS,
SRB,AUT,
SRB,AZE,
SRB,BHS,
SRB,BHR,
SRB,BGD,
SRB,BRB,
SRB,BLR,
SRB,BEL,
SRB,BLZ,
SRB,BEN,
SRB,BTN,
SRB,BOL,
SRB,BIH,
SRB,BWA,
SRB,BRA,
SRB,BRN,
SRB,BGR,
SRB,BFA,
SRB,BDI,
SRB,KHM,
SRB,CMR,
SRB,CAN,
SRB,CPV,
SRB,CAF,
SRB,TCD,
SRB,CHL,
SRB,CHN,
SRB,COL,
SRB,COM,
SRB,COG,
SRB,COD,
SRB,CRI,
SRB,CIV,
SRB,HRV,
SRB,CUB,
SRB,CYP,
SRB,CZE,
SRB,DNK,
SRB,DJI,
SRB,DMA,
SRB,DOM,
SRB,ECU,
SRB,EGY,
SRB,SLV,
SRB,GNQ,
SRB,ERI,
SRB,EST,
SRB,SWZ,
SRB,ETH,
SRB,FJI,
SRB,FIN,
SRB,FRA,
SRB,GAB,
SRB,GMB,
SRB,GEO,
SRB,DEU,
SRB,GHA,
SRB,GRC,
SRB,GRD,
SRB,GTM,
SRB,GIN,
SRB,GNB,
SRB,GUY,
SRB,HTI,
SRB,HND,
SRB,HKG,
SRB,HUN,
SRB,ISL,
SRB,IND,
SRB,IDN,
SRB,IRN,
SRB,IRQ,
SRB,IRL,
SRB,ISR,
SRB,ITA,
SRB,JAM,
SRB,JPN,
SRB,JOR,
SRB,KAZ,
SRB,KEN,
SRB,KIR,
SRB,XKX,
SRB,KWT,
SRB,KGZ,
SRB,LAO,
SRB,LVA,
SRB,LBN,
SRB,LSO,
SRB,LBR,
SRB,LBY,
SRB,LIE,
SRB,LTU,
SRB,LUX,
SRB,MAC,
SRB,MDG,
SRB,MWI,
SRB,MYS,
SRB,MDV,
SRB,MLI,
SRB,MLT,
SRB,MHL,
SRB,MRT,
SRB,MUS,
SRB,MEX,
SRB,FSM,
SRB,MDA,
SRB,MCO,
SRB,MNG,
SRB,MNE,
SRB,MAR,
SRB,MOZ,
SRB,MMR,
SRB,NAM,
SRB,NRU,
SRB,NPL,
SRB,NLD,
SRB,NZL,
SRB,NIC,
SRB,NER,
SRB,NGA,
SRB,PRK,
SRB,MKD,
SRB,NOR,
SRB,OMN,
SRB,PAK,
SRB,PLW,
SRB,PSE,
SRB,PAN,
SRB,PNG,
SRB,PRY,
SRB,PER,
SRB,PHL,
SRB,POL,
SRB,PRT,
SRB,QAT,
SRB,ROU,
SRB,RUS,
SRB,RWA,
SRB,KNA,
SRB,LCA,
SRB,WSM,
SRB,SMR,
SRB,STP,
SRB,SAU,
SRB,SEN,
SRB,SRB,-1
SRB,SYC,
SRB,SLE,
SRB,SGP,
SRB,SVK,
SRB,SVN,
SRB,SLB,
SRB,SOM,
SRB,ZAF,
SRB,KOR,
SRB,SSD,
SRB,ESP,
SRB,LKA,
SRB,VCT,
SRB,SDN,
SRB,SUR,
SRB,SWE,
SRB,CHE,
SRB,SYR,
SRB,TWN,
SRB,TJK,
SRB,TZA,
SRB,THA,
SRB,TLS,
SRB,TGO,
SRB,TON,
SRB,TTO,
SRB,TUN,
SRB,TKM,
SRB,TUV,
SRB,TUR,
SRB,UGA,
SRB,UKR,
SRB,ARE,
SRB,GBR,
SRB,USA,
SRB,URY,
SRB,UZB,
SRB,VUT,
SRB,VAT,
SRB,VEN,
SRB,VNM,
SRB,YEM,
SRB,ZMB,
SRB,ZWE,
SRB,AFG,
SYC,ALB,
SYC,DZA,
SYC,AND,
SYC,AGO,
SYC,ATG,
SYC,ARG,
SYC,ARM,
SYC,AUS,
SYC,AUT,
SYC,AZE,
SYC,BHS,
SYC,BHR,
SYC,BGD,
SYC,BRB,
SYC,BLR,
SYC,BEL,
SYC,BLZ,
SYC,BEN,
SYC,BTN,
SYC,BOL,
SYC,BIH,
SYC,BWA,
SYC,BRA,
SYC,BRN,
SYC,BGR,
SYC,BFA,
SYC,BDI,
SYC,KHM,
SYC,CMR,
SYC,CAN,
SYC,CPV,
SYC,CAF,
SYC,TCD,
SYC,CHL,
SYC,CHN,
SYC,COL,
SYC,COM,
SYC,COG,
SYC,COD,
SYC,CRI,
SYC,CIV,
SYC,HRV,
SYC,CUB,
SYC,CYP,
SYC,CZE,
SYC,DNK,
SYC,DJI,
SYC,DMA,
SYC,DOM,
SYC,ECU,
SYC,EGY,
SYC,SLV,
SYC,GNQ,
SYC,ERI,
SYC,EST,
SYC,SWZ,
SYC,ETH,
SYC,FJI,
SYC,FIN,
SYC,FRA,
SYC,GAB,
SYC,GMB,
SYC,GEO,
SYC,DEU,
SYC,GHA,
SYC,GRC,
SYC,GRD,
SYC,GTM,
SYC,GIN,
SYC,GNB,
SYC,GUY,
SYC,HTI,
SYC,HND,
SYC,HKG,
SYC,HUN,
SYC,ISL,
SYC,IND,
SYC,IDN,
SYC,IRN,
SYC,IRQ,
SYC,IRL,
SYC,ISR,
SYC,ITA,
SYC,JAM,
SYC,JPN,
SYC,JOR,
SYC,KAZ,
SYC,KEN,
SYC,KIR,
SYC,XKX,
SYC,KWT,
SYC,KGZ,
SYC,LAO,
SYC,LVA,
SYC,LBN,
SYC,LSO,
SYC,LBR,
SYC,LBY,
SYC,LIE,
SYC,LTU,
SYC,LUX,
SYC,MAC,
SYC,MDG,
SYC,MWI,
SYC,MYS,
SYC,MDV,
SYC,MLI,
SYC,MLT,
SYC,MHL,
SYC,MRT,
SYC,MUS,
SYC,MEX,
SYC,FSM,
SYC,MDA,
SYC,MCO,
SYC,MNG,
SYC,MNE,
SYC,MAR,
SYC,MOZ,
SYC,MMR,
SYC,NAM,
SYC,NRU,
SYC,NPL,
SYC,NLD,
SYC,NZL,
SYC,NIC,
SYC,NER,
SYC,NGA,
SYC,PRK,
SYC,MKD,
SYC,NOR,
SYC,OMN,
SYC,PAK,
SYC,PLW,
SYC,PSE,
SYC,PAN,
SYC,PNG,
SYC,PRY,
SYC,PER,
SYC,PHL,
SYC,POL,
SYC,PRT,
SYC,QAT,
SYC,ROU,
SYC,RUS,
SYC,RWA,
SYC,KNA,
SYC,LCA,
SYC,WSM,
SYC,SMR,
SYC,STP,
SYC,SAU,
SYC,SEN,
SYC,SRB,
SYC,SYC,-1
SYC,SLE,
SYC,SGP,
SYC,SVK,
SYC,SVN,
SYC,SLB,
SYC,SOM,
SYC,ZAF,
SYC,KOR,
SYC,SSD,
SYC,ESP,
SYC,LKA,
SYC,VCT,
SYC,SDN,
SYC,SUR,
SYC,SWE,
SYC,CHE,
SYC,SYR,
SYC,TWN,
SYC,TJK,
SYC,TZA,
SYC,THA,
SYC,TLS,
SYC,TGO,
SYC,TON,
SYC,TTO,
SYC,TUN,
SYC,TKM,
SYC,TUV,
SYC,TUR,
SYC,UGA,
SYC,UKR,
SYC,ARE,
SYC,GBR,
SYC,USA,
SYC,URY,
SYC,UZB,
SYC,VUT,
SYC,VAT,
SYC,VEN,
SYC,VNM,
SYC,YEM,
SYC,ZMB,
SYC,ZWE,
SYC,AFG,
SLE,ALB,
SLE,DZA,
SLE,AND,
SLE,AGO,
SLE,ATG,
SLE,ARG,
SLE,ARM,
SLE,AUS,
SLE,AUT,
SLE,AZE,
SLE,BHS,
SLE,BHR,
SLE,BGD,
SLE,BRB,
SLE,BLR,
SLE,BEL,
SLE,BLZ,
SLE,BEN,
SLE,BTN,
SLE,BOL,
SLE,BIH,
SLE,BWA,
SLE,BRA,
SLE,BRN,
SLE,BGR,
SLE,BFA,
SLE,BDI,
SLE,KHM,
SLE,CMR,
SLE,CAN,
SLE,CPV,
SLE,CAF,
SLE,TCD,
SLE,CHL,
SLE,CHN,
SLE,COL,
SLE,COM,
SLE,COG,
SLE,COD,
SLE,CRI,
SLE,CIV,
SLE,HRV,
SLE,CUB,
SLE,CYP,
SLE,CZE,
SLE,DNK,
SLE,DJI,
SLE,DMA,
SLE,DOM,
SLE,ECU,
SLE,EGY,
SLE,SLV,
SLE,GNQ,
SLE,ERI,
SLE,EST,
SLE,SWZ,
SLE,ETH,
SLE,FJI,
SLE,FIN,
SLE,FRA,
SLE,GAB,
SLE,GMB,
SLE,GEO,
SLE,DEU,
SLE,GHA,
SLE,GRC,
SLE,GRD,
SLE,GTM,
SLE,GIN,
SLE,GNB,
SLE,GUY,
SLE,HTI,
SLE,HND,
SLE,HKG,
SLE,HUN,
SLE,ISL,
SLE,IND,
SLE,IDN,
SLE,IRN,
SLE,IRQ,
SLE,IRL,
SLE,ISR,
SLE,ITA,
SLE,JAM,
SLE,JPN,
SLE,JOR,
SLE,KAZ,
SLE,KEN,
SLE,KIR,
SLE,XKX,
SLE,KWT,
SLE,KGZ,
SLE,LAO,
SLE,LVA,
SLE,LBN,
SLE,LSO,
SLE,LBR,
SLE,LBY,
SLE,LIE,
SLE,LTU,
SLE,LUX,
SLE,MAC,
SLE,MDG,
SLE,MWI,
SLE,MYS,
SLE,MDV,
SLE,MLI,
SLE,MLT,
SLE,MHL,
SLE,MRT,
SLE,MUS,
SLE,MEX,
SLE,FSM,
SLE,MDA,
SLE,MCO,
SLE,MNG,
SLE,MNE,
SLE,MAR,
SLE,MOZ,
SLE,MMR,
SLE,NAM,
SLE,NRU,
SLE,NPL,
SLE,NLD,
SLE,NZL,
SLE,NIC,
SLE,NER,
SLE,NGA,
SLE,PRK,
SLE,MKD,
SLE,NOR,
SLE,OMN,
SLE,PAK,
SLE,PLW,
SLE,PSE,
SLE,PAN,
SLE,PNG,
SLE,PRY,
SLE,PER,
SLE,PHL,
SLE,POL,
SLE,PRT,
SLE,QAT,
SLE,ROU,
SLE,RUS,
SLE,RWA,
SLE,KNA,
SLE,LCA,
SLE,WSM,
SLE,SMR,
SLE,STP,
SLE,SAU,
SLE,SEN,
SLE,SRB,
SLE,SYC,
SLE,SLE,-1
SLE,SGP,
SLE,SVK,
SLE,SVN,
SLE,SLB,
SLE,SOM,
SLE,ZAF,
SLE,KOR,
SLE,SSD,
SLE,ESP,
SLE,LKA,
SLE,VCT,
SLE,SDN,
SLE,SUR,
SLE,SWE,
SLE,CHE,
SLE,SYR,
SLE,TWN,
SLE,TJK,
SLE,TZA,
SLE,THA,
SLE,TLS,
SLE,TGO,
SLE,TON,
SLE,TTO,
SLE,TUN,
SLE,TKM,
SLE,TUV,
SLE,TUR,
SLE,UGA,
SLE,UKR,
SLE,ARE,
SLE,GBR,
SLE,USA,
SLE,URY,
SLE,UZB,
SLE,VUT,
SLE,VAT,
SLE,VEN,
SLE,VNM,
SLE,YEM,
SLE,ZMB,
SLE,ZWE,
SLE,AFG,
SGP,ALB,
SGP,DZA,
SGP,AND,
SGP,AGO,
SGP,ATG,
SGP,ARG,
SGP,ARM,
SGP,AUS,
SGP,AUT,
SGP,AZE,
SGP,BHS,
SGP,BHR,
SGP,BGD,
SGP,BRB,
SGP,BLR,
SGP,BEL,
SGP,BLZ,
SGP,BEN,
SGP,BTN,
SGP,BOL,
SGP,BIH,
SGP,BWA,
SGP,BRA,
SGP,BRN,
SGP,BGR,
SGP,BFA,
SGP,BDI,
SGP,KHM,
SGP,CMR,
SGP,CAN,
SGP,CPV,
SGP,CAF,
SGP,TCD,
SGP,CHL,
SGP,CHN,
SGP,COL,
SGP,COM,
SGP,COG,
SGP,COD,
SGP,CRI,
SGP,CIV,
SGP,HRV,
SGP,CUB,
SGP,CYP,
SGP,CZE,
SGP,DNK,
SGP,DJI,
SGP,DMA,
SGP,DOM,
SGP,ECU,
SGP,EGY,
SGP,SLV,
SGP,GNQ,
SGP,ERI,
SGP,EST,
SGP,SWZ,
SGP,ETH,
SGP,FJI,
SGP,FIN,
SGP,FRA,
SGP,GAB,
SGP,GMB,
SGP,GEO,
SGP,DEU,
SGP,GHA,
SGP,GRC,
SGP,GRD,
SGP,GTM,
SGP,GIN,
SGP,GNB,
SGP,GUY,
SGP,HTI,
SGP,HND,
SGP,HKG,
SGP,HUN,
SGP,ISL,
SGP,IND,
SGP,IDN,
SGP,IRN,
SGP,IRQ,
SGP,IRL,
SGP,ISR,
SGP,ITA,
SGP,JAM,
SGP,JPN,
SGP,JOR,
SGP,KAZ,
SGP,KEN,
SGP,KIR,
SGP,XKX,
SGP,KWT,
SGP,KGZ,
SGP,LAO,
SGP,LVA,
SGP,LBN,
SGP,LSO,
SGP,LBR,
SGP,LBY,
SGP,LIE,
SGP,LTU,
SGP,LUX,
SGP,MAC,
SGP,MDG,
SGP,MWI,
SGP,MYS,
SGP,MDV,
SGP,MLI,
SGP,MLT,
SGP,MHL,
SGP,MRT,
SGP,MUS,
SGP,MEX,
SGP,FSM,
SGP,MDA,
SGP,MCO,
SGP,MNG,
SGP,MNE,
SGP,MAR,
SGP,MOZ,
SGP,MMR,
SGP,NAM,
SGP,NRU,
SGP,NPL,
SGP,NLD,
SGP,NZL,
SGP,NIC,
SGP,NER,
SGP,NGA,
SGP,PRK,
SGP,MKD,
SGP,NOR,
SGP,OMN,
SGP,PAK,
SGP,PLW,
SGP,PSE,
SGP,PAN,
SGP,PNG,
SGP,PRY,
SGP,PER,
SGP,PHL,
SGP,POL,
SGP,PRT,
SGP,QAT,
SGP,ROU,
SGP,RUS,
SGP,RWA,
SGP,KNA,
SGP,LCA,
SGP,WSM,
SGP,SMR,
SGP,STP,
SGP,SAU,
SGP,SEN,
SGP,SRB,
SGP,SYC,
SGP,SLE,
SGP,SGP,-1
SGP,SVK,
SGP,SVN,
SGP,SLB,
SGP,SOM,
SGP,ZAF,
SGP,KOR,
SGP,SSD,
SGP,ESP,
SGP,LKA,
SGP,VCT,
SGP,SDN,
SGP,SUR,
SGP,SWE,
SGP,CHE,
SGP,SYR,
SGP,TWN,
SGP,TJK,
SGP,TZA,
SGP,THA,
SGP,TLS,
SGP,TGO,
SGP,TON,
SGP,TTO,
SGP,TUN,
SGP,TKM,
SGP,TUV,
SGP,TUR,
SGP,UGA,
SGP,UKR,
SGP,ARE,
SGP,GBR,
SGP,USA,
SGP,URY,
SGP,UZB,
SGP,VUT,
SGP,VAT,
SGP,VEN,
SGP,VNM,
SGP,YEM,
SGP,ZMB,
SGP,ZWE,
SGP,AFG,
SVK,ALB,
SVK,DZA,
SVK,AND,
SVK,AGO,
SVK,ATG,
SVK,ARG,
SVK,ARM,
SVK,AUS,
SVK,AUT,
SVK,AZE,
SVK,BHS,
SVK,BHR,
SVK,BGD,
SVK,BRB,
SVK,BLR,
SVK,BEL,
SVK,BLZ,
SVK,BEN,
SVK,BTN,
SVK,BOL,
SVK,BIH,
SVK,BWA,
SVK,BRA,
SVK,BRN,
SVK,BGR,
SVK,BFA,
SVK,BDI,
SVK,KHM,
SVK,CMR,
SVK,CAN,
SVK,CPV,
SVK,CAF,
SVK,TCD,
SVK,CHL,
SVK,CHN,
SVK,COL,
SVK,COM,
SVK,COG,
SVK,COD,
SVK,CRI,
SVK,CIV,
SVK,HRV,
SVK,CUB,
SVK,CYP,
SVK,CZE,
SVK,DNK,
SVK,DJI,
SVK,DMA,
SVK,DOM,
SVK,ECU,
SVK,EGY,
SVK,SLV,
SVK,GNQ,
SVK,ERI,
SVK,EST,
SVK,SWZ,
SVK,ETH,
SVK,FJI,
SVK,FIN,
SVK,FRA,
SVK,GAB,
SVK,GMB,
SVK,GEO,
SVK,DEU,
SVK,GHA,
SVK,GRC,
SVK,GRD,
SVK,GTM,
SVK,GIN,
SVK,GNB,
SVK,GUY,
SVK,HTI,
SVK,HND,
SVK,HKG,
SVK,HUN,
SVK,ISL,
SVK,IND,
SVK,IDN,
SVK,IRN,
SVK,IRQ,
SVK,IRL,
SVK,ISR,
SVK,ITA,
SVK,JAM,
SVK,JPN,
SVK,JOR,
SVK,KAZ,
SVK,KEN,
SVK,KIR,
SVK,XKX,
SVK,KWT,
SVK,KGZ,
SVK,LAO,
SVK,LVA,
SVK,LBN,
SVK,LSO,
SVK,LBR,
SVK,LBY,
SVK,LIE,
SVK,LTU,
SVK,LUX,
SVK,MAC,
SVK,MDG,
SVK,MWI,
SVK,MYS,
SVK,MDV,
SVK,MLI,
SVK,MLT,
SVK,MHL,
SVK,MRT,
SVK,MUS,
SVK,MEX,
SVK,FSM,
SVK,MDA,
SVK,MCO,
SVK,MNG,
SVK,MNE,
SVK,MAR,
SVK,MOZ,
SVK,MMR,
SVK,NAM,
SVK,NRU,
SVK,NPL,
SVK,NLD,
SVK,NZL,
SVK,NIC,
SVK,NER,
SVK,NGA,
SVK,PRK,
SVK,MKD,
SVK,NOR,
SVK,OMN,
SVK,PAK,
SVK,PLW,
SVK,PSE,
SVK,PAN,
SVK,PNG,
SVK,PRY,
SVK,PER,
SVK,PHL,
SVK,POL,
SVK,PRT,
SVK,QAT,
SVK,ROU,
SVK,RUS,
SVK,RWA,
SVK,KNA,
SVK,LCA,
SVK,WSM,
SVK,SMR,
SVK,STP,
SVK,SAU,
SVK,SEN,
SVK,SRB,
SVK,SYC,
SVK,SLE,
SVK,SGP,
SVK,SVK,-1
SVK,SVN,
SVK,SLB,
SVK,SOM,
SVK,ZAF,
SVK,KOR,
SVK,SSD,
SVK,ESP,
SVK,LKA,
SVK,VCT,
SVK,SDN,
SVK,SUR,
SVK,SWE,
SVK,CHE,
SVK,SYR,
SVK,TWN,
SVK,TJK,
SVK,TZA,
SVK,THA,
SVK,TLS,
SVK,TGO,
SVK,TON,
SVK,TTO,
SVK,TUN,
SVK,TKM,
SVK,TUV,
SVK,TUR,
SVK,UGA,
SVK,UKR,
SVK,ARE,
SVK,GBR,
SVK,USA,
SVK,URY,
SVK,UZB,
SVK,VUT,
SVK,VAT,
SVK,VEN,
SVK,VNM,
SVK,YEM,
SVK,ZMB,
SVK,ZWE,
SVK,AFG,
SVN,ALB,
SVN,DZA,
SVN,AND,
SVN,AGO,
SVN,ATG,
SVN,ARG,
SVN,ARM,
SVN,AUS,
SVN,AUT,
SVN,AZE,
SVN,BHS,
SVN,BHR,
SVN,BGD,
SVN,BRB,
SVN,BLR,
SVN,BEL,
SVN,BLZ,
SVN,BEN,
SVN,BTN,
SVN,BOL,
SVN,BIH,
SVN,BWA,
SVN,BRA,
SVN,BRN,
SVN,BGR,
SVN,BFA,
SVN,BDI,
SVN,KHM,
SVN,CMR,
SVN,CAN,
SVN,CPV,
SVN,CAF,
SVN,TCD,
SVN,CHL,
SVN,CHN,
SVN,COL,
SVN,COM,
SVN,COG,
SVN,COD,
SVN,CRI,
SVN,CIV,
SVN,HRV,
SVN,CUB,
SVN,CYP,
SVN,CZE,
SVN,DNK,
SVN,DJI,
SVN,DMA,
SVN,DOM,
SVN,ECU,
SVN,EGY,
SVN,SLV,
SVN,GNQ,
SVN,ERI,
SVN,EST,
SVN,SWZ,
SVN,ETH,
SVN,FJI,
SVN,FIN,
SVN,FRA,
SVN,GAB,
SVN,GMB,
SVN,GEO,
SVN,DEU,
SVN,GHA,
SVN,GRC,
SVN,GRD,
SVN,GTM,
SVN,GIN,
SVN,GNB,
SVN,GUY,
SVN,HTI,
SVN,HND,
SVN,HKG,
SVN,HUN,
SVN,ISL,
SVN,IND,
SVN,IDN,
SVN,IRN,
SVN,IRQ,
SVN,IRL,
SVN,ISR,
SVN,ITA,
SVN,JAM,
SVN,JPN,
SVN,JOR,
SVN,KAZ,
SVN,KEN,
SVN,KIR,
SVN,XKX,
SVN,KWT,
SVN,KGZ,
SVN,LAO,
SVN,LVA,
SVN,LBN,
SVN,LSO,
SVN,LBR,
SVN,LBY,
SVN,LIE,
SVN,LTU,
SVN,LUX,
SVN,MAC,
SVN,MDG,
SVN,MWI,
SVN,MYS,
SVN,MDV,
SVN,MLI,
SVN,MLT,
SVN,MHL,
SVN,MRT,
SVN,MUS,
SVN,MEX,
SVN,FSM,
SVN,MDA,
SVN,MCO,
SVN,MNG,
SVN,MNE,
SVN,MAR,
SVN,MOZ,
SVN,MMR,
SVN,NAM,
SVN,NRU,
SVN,NPL,
SVN,NLD,
SVN,NZL,
SVN,NIC,
SVN,NER,
SVN,NGA,
SVN,PRK,
SVN,MKD,
SVN,NOR,
SVN,OMN,
SVN,PAK,
SVN,PLW,
SVN,PSE,
SVN,PAN,
SVN,PNG,
SVN,PRY,
SVN,PER,
SVN,PHL,
SVN,POL,
SVN,PRT,
SVN,QAT,
SVN,ROU,
SVN,RUS,
SVN,RWA,
SVN,KNA,
SVN,LCA,
SVN,WSM,
SVN,SMR,
SVN,STP,
SVN,SAU,
SVN,SEN,
SVN,SRB,
SVN,SYC,
SVN,SLE,
SVN,SGP,
SVN,SVK,
SVN,SVN,-1
SVN,SLB,
SVN,SOM,
SVN,ZAF,
SVN,KOR,
SVN,SSD,
SVN,ESP,
SVN,LKA,
SVN,VCT,
SVN,SDN,
SVN,SUR,
SVN,SWE,
SVN,CHE,
SVN,SYR,
SVN,TWN,
SVN,TJK,
SVN,TZA,
SVN,THA,
SVN,TLS,
SVN,TGO,
SVN,TON,
SVN,TTO,
SVN,TUN,
SVN,TKM,
SVN,TUV,
SVN,TUR,
SVN,UGA,
SVN,UKR,
SVN,ARE,
SVN,GBR,
SVN,USA,
SVN,URY,
SVN,UZB,
SVN,VUT,
SVN,VAT,
SVN,VEN,
SVN,VNM,
SVN,YEM,
SVN,ZMB,
SVN,ZWE,
SVN,AFG,
SLB,ALB,
SLB,DZA,
SLB,AND,
SLB,AGO,
SLB,ATG,
SLB,ARG,
SLB,ARM,
SLB,AUS,
SLB,AUT,
SLB,AZE,
SLB,BHS,
SLB,BHR,
SLB,BGD,
SLB,BRB,
SLB,BLR,
SLB,BEL,
SLB,BLZ,
SLB,BEN,
SLB,BTN,
SLB,BOL,
SLB,BIH,
SLB,BWA,
SLB,BRA,
SLB,BRN,
SLB,BGR,
SLB,BFA,
SLB,BDI,
SLB,KHM,
SLB,CMR,
SLB,CAN,
SLB,CPV,
SLB,CAF,
SLB,TCD,
SLB,CHL,
SLB,CHN,
SLB,COL,
SLB,COM,
SLB,COG,
SLB,COD,
SLB,CRI,
SLB,CIV,
SLB,HRV,
SLB,CUB,
SLB,CYP,
SLB,CZE,
SLB,DNK,
SLB,DJI,
SLB,DMA,
SLB,DOM,
SLB,ECU,
SLB,EGY,
SLB,SLV,
SLB,GNQ,
SLB,ERI,
SLB,EST,
SLB,SWZ,
SLB,ETH,
SLB,FJI,
SLB,FIN,
SLB,FRA,
SLB,GAB,
SLB,GMB,
SLB,GEO,
SLB,DEU,
SLB,GHA,
SLB,GRC,
SLB,GRD,
SLB,GTM,
SLB,GIN,
SLB,GNB,
SLB,GUY,
SLB,HTI,
SLB,HND,
SLB,HKG,
SLB,HUN,
SLB,ISL,
SLB,IND,
SLB,IDN,
SLB,IRN,
SLB,IRQ,
SLB,IRL,
SLB,ISR,
SLB,ITA,
SLB,JAM,
SLB,JPN,
SLB,JOR,
SLB,KAZ,
SLB,KEN,
SLB,KIR,
SLB,XKX,
SLB,KWT,
SLB,KGZ,
SLB,LAO,
SLB,LVA,
SLB,LBN,
SLB,LSO,
SLB,LBR,
SLB,LBY,
SLB,LIE,
SLB,LTU,
SLB,LUX,
SLB,MAC,
SLB,MDG,
SLB,MWI,
SLB,MYS,
SLB,MDV,
SLB,MLI,
SLB,MLT,
SLB,MHL,
SLB,MRT,
SLB,MUS,
SLB,MEX,
SLB,FSM,
SLB,MDA,
SLB,MCO,
SLB,MNG,
SLB,MNE,
SLB,MAR,
SLB,MOZ,
SLB,MMR,
SLB,NAM,
SLB,NRU,
SLB,NPL,
SLB,NLD,
SLB,NZL,
SLB,NIC,
SLB,NER,
SLB,NGA,
SLB,PRK,
SLB,MKD,
SLB,NOR,
SLB,OMN,
SLB,PAK,
SLB,PLW,
SLB,PSE,
SLB,PAN,
SLB,PNG,
SLB,PRY,
SLB,PER,
SLB,PHL,
SLB,POL,
SLB,PRT,
SLB,QAT,
SLB,ROU,
SLB,RUS,
SLB,RWA,
SLB,KNA,
SLB,LCA,
SLB,WSM,
SLB,SMR,
SLB,STP,
SLB,SAU,
SLB,SEN,
SLB,SRB,
SLB,SYC,
SLB,SLE,
SLB,SGP,
SLB,SVK,
SLB,SVN,
SLB,SLB,-1
SLB,SOM,
SLB,ZAF,
SLB,KOR,
SLB,SSD,
SLB,ESP,
SLB,LKA,
SLB,VCT,
SLB,SDN,
SLB,SUR,
SLB,SWE,
SLB,CHE,
SLB,SYR,
SLB,TWN,
SLB,TJK,
SLB,TZA,
SLB,THA,
SLB,TLS,
SLB,TGO,
SLB,TON,
SLB,TTO,
SLB,TUN,
SLB,TKM,
SLB,TUV,
SLB,TUR,
SLB,UGA,
SLB,UKR,
SLB,ARE,
SLB,GBR,
SLB,USA,
SLB,URY,
SLB,UZB,
SLB,VUT,
SLB,VAT,
SLB,VEN,
SLB,VNM,
SLB,YEM,
SLB,ZMB,
SLB,ZWE,
SLB,AFG,
SOM,ALB,
SOM,DZA,
SOM,AND,
SOM,AGO,
SOM,ATG,
SOM,ARG,
SOM,ARM,
SOM,AUS,
SOM,AUT,
SOM,AZE,
SOM,BHS,
SOM,BHR,
SOM,BGD,
SOM,BRB,
SOM,BLR,
SOM,BEL,
SOM,BLZ,
SOM,BEN,
SOM,BTN,
SOM,BOL,
SOM,BIH,
SOM,BWA,
SOM,BRA,
SOM,BRN,
SOM,BGR,
SOM,BFA,
SOM,BDI,
SOM,KHM,
SOM,CMR,
SOM,CAN,
SOM,CPV,
SOM,CAF,
SOM,TCD,
SOM,CHL,
SOM,CHN,
SOM,COL,
SOM,COM,
SOM,COG,
SOM,COD,
SOM,CRI,
SOM,CIV,
SOM,HRV,
SOM,CUB,
SOM,CYP,
SOM,CZE,
SOM,DNK,
SOM,DJI,
SOM,DMA,
SOM,DOM,
SOM,ECU,
SOM,EGY,
SOM,SLV,
SOM,GNQ,
SOM,ERI,
SOM,EST,
SOM,SWZ,
SOM,ETH,
SOM,FJI,
SOM,FIN,
SOM,FRA,
SOM,GAB,
SOM,GMB,
SOM,GEO,
SOM,DEU,
SOM,GHA,
SOM,GRC,
SOM,GRD,
SOM,GTM,
SOM,GIN,
SOM,GNB,
SOM,GUY,
SOM,HTI,
SOM,HND,
SOM,HKG,
SOM,HUN,
SOM,ISL,
SOM,IND,
SOM,IDN,
SOM,IRN,
SOM,IRQ,
SOM,IRL,
SOM,ISR,
SOM,ITA,
SOM,JAM,
SOM,JPN,
SOM,JOR,
SOM,KAZ,
SOM,KEN,
SOM,KIR,
SOM,XKX,
SOM,KWT,
SOM,KGZ,
SOM,LAO,
SOM,LVA,
SOM,LBN,
SOM,LSO,
SOM,LBR,
SOM,LBY,
SOM,LIE,
SOM,LTU,
SOM,LUX,
SOM,MAC,
SOM,MDG,
SOM,MWI,
SOM,MYS,
SOM,MDV,
SOM,MLI,
SOM,MLT,
SOM,MHL,
SOM,MRT,
SOM,MUS,
SOM,MEX,
SOM,FSM,
SOM,MDA,
SOM,MCO,
SOM,MNG,
SOM,MNE,
SOM,MAR,
SOM,MOZ,
SOM,MMR,
SOM,NAM,
SOM,NRU,
SOM,NPL,
SOM,NLD,
SOM,NZL,
SOM,NIC,
SOM,NER,
SOM,NGA,
SOM,PRK,
SOM,MKD,
SOM,NOR,
SOM,OMN,
SOM,PAK,
SOM,PLW,
SOM,PSE,
SOM,PAN,
SOM,PNG,
SOM,PRY,
SOM,PER,
SOM,PHL,
SOM,POL,
SOM,PRT,
SOM,QAT,
SOM,ROU,
SOM,RUS,
SOM,RWA,
SOM,KNA,
SOM,LCA,
SOM,WSM,
SOM,SMR,
SOM,STP,
SOM,SAU,
SOM,SEN,
SOM,SRB,
SOM,SYC,
SOM,SLE,
SOM,SGP,
SOM,SVK,
SOM,SVN,
SOM,SLB,
SOM,SOM,-1
SOM,ZAF,
SOM,KOR,
SOM,SSD,
SOM,ESP,
SOM,LKA,
SOM,VCT,
SOM,SDN,
SOM,SUR,
SOM,SWE,
SOM,CHE,
SOM,SYR,
SOM,TWN,
SOM,TJK,
SOM,TZA,
SOM,THA,
SOM,TLS,
SOM,TGO,
SOM,TON,
SOM,TTO,
SOM,TUN,
SOM,TKM,
SOM,TUV,
SOM,TUR,
SOM,UGA,
SOM,UKR,
SOM,ARE,
SOM,GBR,
SOM,USA,
SOM,URY,
SOM,UZB,
SOM,VUT,
SOM,VAT,
SOM,VEN,
SOM,VNM,
SOM,YEM,
SOM,ZMB,
SOM,ZWE,
SOM,AFG,
ZAF,ALB,
ZAF,DZA,
ZAF,AND,
ZAF,AGO,
ZAF,ATG,
ZAF,ARG,
ZAF,ARM,
ZAF,AUS,
ZAF,AUT,
ZAF,AZE,
ZAF,BHS,
ZAF,BHR,
ZAF,BGD,
ZAF,BRB,
ZAF,BLR,
ZAF,BEL,
ZAF,BLZ,
ZAF,BEN,
ZAF,BTN,
ZAF,BOL,
ZAF,BIH,
ZAF,BWA,
ZAF,BRA,
ZAF,BRN,
ZAF,BGR,
ZAF,BFA,
ZAF,BDI,
ZAF,KHM,
ZAF,CMR,
ZAF,CAN,
ZAF,CPV,
ZAF,CAF,
ZAF,TCD,
ZAF,CHL,
ZAF,CHN,
ZAF,COL,
ZAF,COM,
ZAF,COG,
ZAF,COD,
ZAF,CRI,
ZAF,CIV,
ZAF,HRV,
ZAF,CUB,
ZAF,CYP,
ZAF,CZE,
ZAF,DNK,
ZAF,DJI,
ZAF,DMA,
ZAF,DOM,
ZAF,ECU,
ZAF,EGY,
ZAF,SLV,
ZAF,GNQ,
ZAF,ERI,
ZAF,EST,
ZAF,SWZ,
ZAF,ETH,
ZAF,FJI,
ZAF,FIN,
ZAF,FRA,
ZAF,GAB,
ZAF,GMB,
ZAF,GEO,
ZAF,DEU,
ZAF,GHA,
ZAF,GRC,
ZAF,GRD,
ZAF,GTM,
ZAF,GIN,
ZAF,GNB,
ZAF,GUY,
ZAF,HTI,
ZAF,HND,
ZAF,HKG,
ZAF,HUN,
ZAF,ISL,
ZAF,IND,
ZAF,IDN,
ZAF,IRN,
ZAF,IRQ,
ZAF,IRL,
ZAF,ISR,
ZAF,ITA,
ZAF,JAM,
ZAF,JPN,
ZAF,JOR,
ZAF,KAZ,
ZAF,KEN,
ZAF,KIR,
ZAF,XKX,
ZAF,KWT,
ZAF,KGZ,
ZAF,LAO,
ZAF,LVA,
ZAF,LBN,
ZAF,LSO,
ZAF,LBR,
ZAF,LBY,
ZAF,LIE,
ZAF,LTU,
ZAF,LUX,
ZAF,MAC,
ZAF,MDG,
ZAF,MWI,
ZAF,MYS,
ZAF,MDV,
ZAF,MLI,
ZAF,MLT,
ZAF,MHL,
ZAF,MRT,
ZAF,MUS,
ZAF,MEX,
ZAF,FSM,
ZAF,MDA,
ZAF,MCO,
ZAF,MNG,
ZAF,MNE,
ZAF,MAR,
ZAF,MOZ,
ZAF,MMR,
ZAF,NAM,
ZAF,NRU,
ZAF,NPL,
ZAF,NLD,
ZAF,NZL,
ZAF,NIC,
ZAF,NER,
ZAF,NGA,
ZAF,PRK,
ZAF,MKD,
ZAF,NOR,
ZAF,OMN,
ZAF,PAK,
ZAF,PLW,
ZAF,PSE,
ZAF,PAN,
ZAF,PNG,
ZAF,PRY,
ZAF,PER,
ZAF,PHL,
ZAF,POL,
ZAF,PRT,
ZAF,QAT,
ZAF,ROU,
ZAF,RUS,
ZAF,RWA,
ZAF,KNA,
ZAF,LCA,
ZAF,WSM,
ZAF,SMR,
ZAF,STP,
ZAF,SAU,
ZAF,SEN,
ZAF,SRB,
ZAF,SYC,
ZAF,SLE,
ZAF,SGP,
ZAF,SVK,
ZAF,SVN,
ZAF,SLB,
ZAF,SOM,
ZAF,ZAF,-1
ZAF,KOR,
ZAF,SSD,
ZAF,ESP,
ZAF,LKA,
ZAF,VCT,
ZAF,SDN,
ZAF,SUR,
ZAF,SWE,
ZAF,CHE,
ZAF,SYR,
ZAF,TWN,
ZAF,TJK,
ZAF,TZA,
ZAF,THA,
ZAF,TLS,
ZAF,TGO,
ZAF,TON,
ZAF,TTO,
ZAF,TUN,
ZAF,TKM,
ZAF,TUV,
ZAF,TUR,
ZAF,UGA,
ZAF,UKR,
ZAF,ARE,
ZAF,GBR,
ZAF,USA,
ZAF,URY,
ZAF,UZB,
ZAF,VUT,
ZAF,VAT,
ZAF,VEN,
ZAF,VNM,
ZAF,YEM,
ZAF,ZMB,
ZAF,ZWE,
ZAF,AFG,
KOR,ALB,
KOR,DZA,
KOR,AND,
KOR,AGO,
KOR,ATG,
KOR,ARG,
KOR,ARM,
KOR,AUS,
KOR,AUT,
KOR,AZE,
KOR,BHS,
KOR,BHR,
KOR,BGD,
KOR,BRB,
KOR,BLR,
KOR,BEL,
KOR,BLZ,
KOR,BEN,
KOR,BTN,
KOR,BOL,
KOR,BIH,
KOR,BWA,
KOR,BRA,
KOR,BRN,
KOR,BGR,
KOR,BFA,
KOR,BDI,
KOR,KHM,
KOR,CMR,
KOR,CAN,
KOR,CPV,
KOR,CAF,
KOR,TCD,
KOR,CHL,
KOR,CHN,
KOR,COL,
KOR,COM,
KOR,COG,
KOR,COD,
KOR,CRI,
KOR,CIV,
KOR,HRV,
KOR,CUB,
KOR,CYP,
KOR,CZE,
KOR,DNK,
KOR,DJI,
KOR,DMA,
KOR,DOM,
KOR,ECU,
KOR,EGY,
KOR,SLV,
KOR,GNQ,
KOR,ERI,
KOR,EST,
KOR,SWZ,
KOR,ETH,
KOR,FJI,
KOR,FIN,
KOR,FRA,
KOR,GAB,
KOR,GMB,
KOR,GEO,
KOR,DEU,
KOR,GHA,
KOR,GRC,
KOR,GRD,
KOR,GTM,
KOR,GIN,
KOR,GNB,
KOR,GUY,
KOR,HTI,
KOR,HND,
KOR,HKG,
KOR,HUN,
KOR,ISL,
KOR,IND,
KOR,IDN,
KOR,IRN,
KOR,IRQ,
KOR,IRL,
KOR,ISR,
KOR,ITA,
KOR,JAM,
KOR,JPN,
KOR,JOR,
KOR,KAZ,
KOR,KEN,
KOR,KIR,
KOR,XKX,
KOR,KWT,
KOR,KGZ,
KOR,LAO,
KOR,LVA,
KOR,LBN,
KOR,LSO,
KOR,LBR,
KOR,LBY,
KOR,LIE,
KOR,LTU,
KOR,LUX,
KOR,MAC,
KOR,MDG,
KOR,MWI,
KOR,MYS,
KOR,MDV,
KOR,MLI,
KOR,MLT,
KOR,MHL,
KOR,MRT,
KOR,MUS,
KOR,MEX,
KOR,FSM,
KOR,MDA,
KOR,MCO,
KOR,MNG,
KOR,MNE,
KOR,MAR,
KOR,MOZ,
KOR,MMR,
KOR,NAM,
KOR,NRU,
KOR,NPL,
KOR,NLD,
KOR,NZL,
KOR,NIC,
KOR,NER,
KOR,NGA,
KOR,PRK,
KOR,MKD,
KOR,NOR,
KOR,OMN,
KOR,PAK,
KOR,PLW,
KOR,PSE,
KOR,PAN,
KOR,PNG,
KOR,PRY,
KOR,PER,
KOR,PHL,
KOR,POL,
KOR,PRT,
KOR,QAT,
KOR,ROU,
KOR,RUS,
KOR,RWA,
KOR,KNA,
KOR,LCA,
KOR,WSM,
KOR,SMR,
KOR,STP,
KOR,SAU,
KOR,SEN,
KOR,SRB,
KOR,SYC,
KOR,SLE,
KOR,SGP,
KOR,SVK,
KOR,SVN,
KOR,SLB,
KOR,SOM,
KOR,ZAF,
KOR,KOR,-1
KOR,SSD,
KOR,ESP,
KOR,LKA,
KOR,VCT,
KOR,SDN,
KOR,SUR,
KOR,SWE,
KOR,CHE,
KOR,SYR,
KOR,TWN,
KOR,TJK,
KOR,TZA,
KOR,THA,
KOR,TLS,
KOR,TGO,
KOR,TON,
KOR,TTO,
KOR,TUN,
KOR,TKM,
KOR,TUV,
KOR,TUR,
KOR,UGA,
KOR,UKR,
KOR,ARE,
KOR,GBR,
KOR,USA,
KOR,URY,
KOR,UZB,
KOR,VUT,
KOR,VAT,
KOR,VEN,
KOR,VNM,
KOR,YEM,
KOR,ZMB,
KOR,ZWE,
KOR,AFG,
SSD,ALB,
SSD,DZA,
SSD,AND,
SSD,AGO,
SSD,ATG,
SSD,ARG,
SSD,ARM,
SSD,AUS,
SSD,AUT,
SSD,AZE,
SSD,BHS,
SSD,BHR,
SSD,BGD,
SSD,BRB,
SSD,BLR,
SSD,BEL,
SSD,BLZ,
SSD,BEN,
SSD,BTN,
SSD,BOL,
SSD,BIH,
SSD,BWA,
SSD,BRA,
SSD,BRN,
SSD,BGR,
SSD,BFA,
SSD,BDI,
SSD,KHM,
SSD,CMR,
SSD,CAN,
SSD,CPV,
SSD,CAF,
SSD,TCD,
SSD,CHL,
SSD,CHN,
SSD,COL,
SSD,COM,
SSD,COG,
SSD,COD,
SSD,CRI,
SSD,CIV,
SSD,HRV,
SSD,CUB,
SSD,CYP,
SSD,CZE,
SSD,DNK,
SSD,DJI,
SSD,DMA,
SSD,DOM,
SSD,ECU,
SSD,EGY,
SSD,SLV,
SSD,GNQ,
SSD,ERI,
SSD,EST,
SSD,SWZ,
SSD,ETH,
SSD,FJI,
SSD,FIN,
SSD,FRA,
SSD,GAB,
SSD,GMB,
SSD,GEO,
SSD,DEU,
SSD,GHA,
SSD,GRC,
SSD,GRD,
SSD,GTM,
SSD,GIN,
SSD,GNB,
SSD,GUY,
SSD,HTI,
SSD,HND,
SSD,HKG,
SSD,HUN,
SSD,ISL,
SSD,IND,
SSD,IDN,
SSD,IRN,
SSD,IRQ,
SSD,IRL,
SSD,ISR,
SSD,ITA,
SSD,JAM,
SSD,JPN,
SSD,JOR,
SSD,KAZ,
SSD,KEN,
SSD,KIR,
SSD,XKX,
SSD,KWT,
SSD,KGZ,
SSD,LAO,
SSD,LVA,
SSD,LBN,
SSD,LSO,
SSD,LBR,
SSD,LBY,
SSD,LIE,
SSD,LTU,
SSD,LUX,
SSD,MAC,
SSD,MDG,
SSD,MWI,
SSD,MYS,
SSD,MDV,
SSD,MLI,
SSD,MLT,
SSD,MHL,
SSD,MRT,
SSD,MUS,
SSD,MEX,
SSD,FSM,
SSD,MDA,
SSD,MCO,
SSD,MNG,
SSD,MNE,
SSD,MAR,
SSD,MOZ,
SSD,MMR,
SSD,NAM,
SSD,NRU,
SSD,NPL,
SSD,NLD,
SSD,NZL,
SSD,NIC,
SSD,NER,
SSD,NGA,
SSD,PRK,
SSD,MKD,
SSD,NOR,
SSD,OMN,
SSD,PAK,
SSD,PLW,
SSD,PSE,
SSD,PAN,
SSD,PNG,
SSD,PRY,
SSD,PER,
SSD,PHL,
SSD,POL,
SSD,PRT,
SSD,QAT,
SSD,ROU,
SSD,RUS,
SSD,RWA,
SSD,KNA,
SSD,LCA,
SSD,WSM,
SSD,SMR,
SSD,STP,
SSD,SAU,
SSD,SEN,
SSD,SRB,
SSD,SYC,
SSD,SLE,
SSD,SGP,
SSD,SVK,
SSD,SVN,
SSD,SLB,
SSD,SOM,
SSD,ZAF,
SSD,KOR,
SSD,SSD,-1
SSD,ESP,
SSD,LKA,
SSD,VCT,
SSD,SDN,
SSD,SUR,
SSD,SWE,
SSD,CHE,
SSD,SYR,
SSD,TWN,
SSD,TJK,
SSD,TZA,
SSD,THA,
SSD,TLS,
SSD,TGO,
SSD,TON,
SSD,TTO,
SSD,TUN,
SSD,TKM,
SSD,TUV,
SSD,TUR,
SSD,UGA,
SSD,UKR,
SSD,ARE,
SSD,GBR,
SSD,USA,
SSD,URY,
SSD,UZB,
SSD,VUT,
SSD,VAT,
SSD,VEN,
SSD,VNM,
SSD,YEM,
SSD,ZMB,
SSD,ZWE,
SSD,AFG,
ESP,ALB,
ESP,DZA,
ESP,AND,
ESP,AGO,
ESP,ATG,
ESP,ARG,
ESP,ARM,
ESP,AUS,
ESP,AUT,
ESP,AZE,
ESP,BHS,
ESP,BHR,
ESP,BGD,
ESP,BRB,
ESP,BLR,
ESP,BEL,
ESP,BLZ,
ESP,BEN,
ESP,BTN,
ESP,BOL,
ESP,BIH,
ESP,BWA,
ESP,BRA,
ESP,BRN,
ESP,BGR,
ESP,BFA,
ESP,BDI,
ESP,KHM,
ESP,CMR,
ESP,CAN,
ESP,CPV,
ESP,CAF,
ESP,TCD,
ESP,CHL,
ESP,CHN,
ESP,COL,
ESP,COM,
ESP,COG,
ESP,COD,
ESP,CRI,
ESP,CIV,
ESP,HRV,
ESP,CUB,
ESP,CYP,
ESP,CZE,
ESP,DNK,
ESP,DJI,
ESP,DMA,
ESP,DOM,
ESP,ECU,
ESP,EGY,
ESP,SLV,
ESP,GNQ,
ESP,ERI,
ESP,EST,
ESP,SWZ,
ESP,ETH,
ESP,FJI,
ESP,FIN,
ESP,FRA,
ESP,GAB,
ESP,GMB,
ESP,GEO,
ESP,DEU,
ESP,GHA,
ESP,GRC,
ESP,GRD,
ESP,GTM,
ESP,GIN,
ESP,GNB,
ESP,GUY,
ESP,HTI,
ESP,HND,
ESP,HKG,
ESP,HUN,
ESP,ISL,
ESP,IND,
ESP,IDN,
ESP,IRN,
ESP,IRQ,
ESP,IRL,
ESP,ISR,
ESP,ITA,
ESP,JAM,
ESP,JPN,
ESP,JOR,
ESP,KAZ,
ESP,KEN,
ESP,KIR,
ESP,XKX,
ESP,KWT,
ESP,KGZ,
ESP,LAO,
ESP,LVA,
ESP,LBN,
ESP,LSO,
ESP,LBR,
ESP,LBY,
ESP,LIE,
ESP,LTU,
ESP,LUX,
ESP,MAC,
ESP,MDG,
ESP,MWI,
ESP,MYS,
ESP,MDV,
ESP,MLI,
ESP,MLT,
ESP,MHL,
ESP,MRT,
ESP,MUS,
ESP,MEX,
ESP,FSM,
ESP,MDA,
ESP,MCO,
ESP,MNG,
ESP,MNE,
ESP,MAR,
ESP,MOZ,
ESP,MMR,
ESP,NAM,
ESP,NRU,
ESP,NPL,
ESP,NLD,
ESP,NZL,
ESP,NIC,
ESP,NER,
ESP,NGA,
ESP,PRK,
ESP,MKD,
ESP,NOR,
ESP,OMN,
ESP,PAK,
ESP,PLW,
ESP,PSE,
ESP,PAN,
ESP,PNG,
ESP,PRY,
ESP,PER,
ESP,PHL,
ESP,POL,
ESP,PRT,
ESP,QAT,
ESP,ROU,
ESP,RUS,
ESP,RWA,
ESP,KNA,
ESP,LCA,
ESP,WSM,
ESP,SMR,
ESP,STP,
ESP,SAU,
ESP,SEN,
ESP,SRB,
ESP,SYC,
ESP,SLE,
ESP,SGP,
ESP,SVK,
ESP,SVN,
ESP,SLB,
ESP,SOM,
ESP,ZAF,
ESP,KOR,
ESP,SSD,
ESP,ESP,-1
ESP,LKA,
ESP,VCT,
ESP,SDN,
ESP,SUR,
ESP,SWE,
ESP,CHE,
ESP,SYR,
ESP,TWN,
ESP,TJK,
ESP,TZA,
ESP,THA,
ESP,TLS,
ESP,TGO,
ESP,TON,
ESP,TTO,
ESP,TUN,
ESP,TKM,
ESP,TUV,
ESP,TUR,
ESP,UGA,
ESP,UKR,
ESP,ARE,
ESP,GBR,
ESP,USA,
ESP,URY,
ESP,UZB,
ESP,VUT,
ESP,VAT,
ESP,VEN,
ESP,VNM,
ESP,YEM,
ESP,ZMB,
ESP,ZWE,
ESP,AFG,
LKA,ALB,
LKA,DZA,
LKA,AND,
LKA,AGO,
LKA,ATG,
LKA,ARG,
LKA,ARM,
LKA,AUS,
LKA,AUT,
LKA,AZE,
LKA,BHS,
LKA,BHR,
LKA,BGD,
LKA,BRB,
LKA,BLR,
LKA,BEL,
LKA,BLZ,
LKA,BEN,
LKA,BTN,
LKA,BOL,
LKA,BIH,
LKA,BWA,
LKA,BRA,
LKA,BRN,
LKA,BGR,
LKA,BFA,
LKA,BDI,
LKA,KHM,
LKA,CMR,
LKA,CAN,
LKA,CPV,
LKA,CAF,
LKA,TCD,
LKA,CHL,
LKA,CHN,
LKA,COL,
LKA,COM,
LKA,COG,
LKA,COD,
LKA,CRI,
LKA,CIV,
LKA,HRV,
LKA,CUB,
LKA,CYP,
LKA,CZE,
LKA,DNK,
LKA,DJI,
LKA,DMA,
LKA,DOM,
LKA,ECU,
LKA,EGY,
LKA,SLV,
LKA,GNQ,
LKA,ERI,
LKA,EST,
LKA,SWZ,
LKA,ETH,
LKA,FJI,
LKA,FIN,
LKA,FRA,
LKA,GAB,
LKA,GMB,
LKA,GEO,
LKA,DEU,
LKA,GHA,
LKA,GRC,
LKA,GRD,
LKA,GTM,
LKA,GIN,
LKA,GNB,
LKA,GUY,
LKA,HTI,
LKA,HND,
LKA,HKG,
LKA,HUN,
LKA,ISL,
LKA,IND,
LKA,IDN,
LKA,IRN,
LKA,IRQ,
LKA,IRL,
LKA,ISR,
LKA,ITA,
LKA,JAM,
LKA,JPN,
LKA,JOR,
LKA,KAZ,
LKA,KEN,
LKA,KIR,
LKA,XKX,
LKA,KWT,
LKA,KGZ,
LKA,LAO,
LKA,LVA,
LKA,LBN,
LKA,LSO,
LKA,LBR,
LKA,LBY,
LKA,LIE,
LKA,LTU,
LKA,LUX,
LKA,MAC,
LKA,MDG,
LKA,MWI,
LKA,MYS,
LKA,MDV,
LKA,MLI,
LKA,MLT,
LKA,MHL,
LKA,MRT,
LKA,MUS,
LKA,MEX,
LKA,FSM,
LKA,MDA,
LKA,MCO,
LKA,MNG,
LKA,MNE,
LKA,MAR,
LKA,MOZ,
LKA,MMR,
LKA,NAM,
LKA,NRU,
LKA,NPL,
LKA,NLD,
LKA,NZL,
LKA,NIC,
LKA,NER,
LKA,NGA,
LKA,PRK,
LKA,MKD,
LKA,NOR,
LKA,OMN,
LKA,PAK,
LKA,PLW,
LKA,PSE,
LKA,PAN,
LKA,PNG,
LKA,PRY,
LKA,PER,
LKA,PHL,
LKA,POL,
LKA,PRT,
LKA,QAT,
LKA,ROU,
LKA,RUS,
LKA,RWA,
LKA,KNA,
LKA,LCA,
LKA,WSM,
LKA,SMR,
LKA,STP,
LKA,SAU,
LKA,SEN,
LKA,SRB,
LKA,SYC,
LKA,SLE,
LKA,SGP,
LKA,SVK,
LKA,SVN,
LKA,SLB,
LKA,SOM,
LKA,ZAF,
LKA,KOR,
LKA,SSD,
LKA,ESP,
LKA,LKA,-1
LKA,VCT,
LKA,SDN,
LKA,SUR,
LKA,SWE,
LKA,CHE,
LKA,SYR,
LKA,TWN,
LKA,TJK,
LKA,TZA,
LKA,THA,
LKA,TLS,
LKA,TGO,
LKA,TON,
LKA,TTO,
LKA,TUN,
LKA,TKM,
LKA,TUV,
LKA,TUR,
LKA,UGA,
LKA,UKR,
LKA,ARE,
LKA,GBR,
LKA,USA,
LKA,URY,
LKA,UZB,
LKA,VUT,
LKA,VAT,
LKA,VEN,
LKA,VNM,
LKA,YEM,
LKA,ZMB,
LKA,ZWE,
LKA,AFG,
VCT,ALB,
VCT,DZA,
VCT,AND,
VCT,AGO,
VCT,ATG,
VCT,ARG,
VCT,ARM,
VCT,AUS,
VCT,AUT,
VCT,AZE,
VCT,BHS,
VCT,BHR,
VCT,BGD,
VCT,BRB,
VCT,BLR,
VCT,BEL,
VCT,BLZ,
VCT,BEN,
VCT,BTN,
VCT,BOL,
VCT,BIH,
VCT,BWA,
VCT,BRA,
VCT,BRN,
VCT,BGR,
VCT,BFA,
VCT,BDI,
VCT,KHM,
VCT,CMR,
VCT,CAN,
VCT,CPV,
VCT,CAF,
VCT,TCD,
VCT,CHL,
VCT,CHN,
VCT,COL,
VCT,COM,
VCT,COG,
VCT,COD,
VCT,CRI,
VCT,CIV,
VCT,HRV,
VCT,CUB,
VCT,CYP,
VCT,CZE,
VCT,DNK,
VCT,DJI,
VCT,DMA,
VCT,DOM,
VCT,ECU,
VCT,EGY,
VCT,SLV,
VCT,GNQ,
VCT,ERI,
VCT,EST,
VCT,SWZ,
VCT,ETH,
VCT,FJI,
VCT,FIN,
VCT,FRA,
VCT,GAB,
VCT,GMB,
VCT,GEO,
VCT,DEU,
VCT,GHA,
VCT,GRC,
VCT,GRD,
VCT,GTM,
VCT,GIN,
VCT,GNB,
VCT,GUY,
VCT,HTI,
VCT,HND,
VCT,HKG,
VCT,HUN,
VCT,ISL,
VCT,IND,
VCT,IDN,
VCT,IRN,
VCT,IRQ,
VCT,IRL,
VCT,ISR,
VCT,ITA,
VCT,JAM,
VCT,JPN,
VCT,JOR,
VCT,KAZ,
VCT,KEN,
VCT,KIR,
VCT,XKX,
VCT,KWT,
VCT,KGZ,
VCT,LAO,
VCT,LVA,
VCT,LBN,
VCT,LSO,
VCT,LBR,
VCT,LBY,
VCT,LIE,
VCT,LTU,
VCT,LUX,
VCT,MAC,
VCT,MDG,
VCT,MWI,
VCT,MYS,
VCT,MDV,
VCT,MLI,
VCT,MLT,
VCT,MHL,
VCT,MRT,
VCT,MUS,
VCT,MEX,
VCT,FSM,
VCT,MDA,
VCT,MCO,
VCT,MNG,
VCT,MNE,
VCT,MAR,
VCT,MOZ,
VCT,MMR,
VCT,NAM,
VCT,NRU,
VCT,NPL,
VCT,NLD,
VCT,NZL,
VCT,NIC,
VCT,NER,
VCT,NGA,
VCT,PRK,
VCT,MKD,
VCT,NOR,
VCT,OMN,
VCT,PAK,
VCT,PLW,
VCT,PSE,
VCT,PAN,
VCT,PNG,
VCT,PRY,
VCT,PER,
VCT,PHL,
VCT,POL,
VCT,PRT,
VCT,QAT,
VCT,ROU,
VCT,RUS,
VCT,RWA,
VCT,KNA,
VCT,LCA,
VCT,WSM,
VCT,SMR,
VCT,STP,
VCT,SAU,
VCT,SEN,
VCT,SRB,
VCT,SYC,
VCT,SLE,
VCT,SGP,
VCT,SVK,
VCT,SVN,
VCT,SLB,
VCT,SOM,
VCT,ZAF,
VCT,KOR,
VCT,SSD,
VCT,ESP,
VCT,LKA,
VCT,VCT,-1
VCT,SDN,
VCT,SUR,
VCT,SWE,
VCT,CHE,
VCT,SYR,
VCT,TWN,
VCT,TJK,
VCT,TZA,
VCT,THA,
VCT,TLS,
VCT,TGO,
VCT,TON,
VCT,TTO,
VCT,TUN,
VCT,TKM,
VCT,TUV,
VCT,TUR,
VCT,UGA,
VCT,UKR,
VCT,ARE,
VCT,GBR,
VCT,USA,
VCT,URY,
VCT,UZB,
VCT,VUT,
VCT,VAT,
VCT,VEN,
VCT,VNM,
VCT,YEM,
VCT,ZMB,
VCT,ZWE,
VCT,AFG,
SDN,ALB,
SDN,DZA,
SDN,AND,
SDN,AGO,
SDN,ATG,
SDN,ARG,
SDN,ARM,
SDN,AUS,
SDN,AUT,
SDN,AZE,
SDN,BHS,
SDN,BHR,
SDN,BGD,
SDN,BRB,
SDN,BLR,
SDN,BEL,
SDN,BLZ,
SDN,BEN,
SDN,BTN,
SDN,BOL,
SDN,BIH,
SDN,BWA,
SDN,BRA,
SDN,BRN,
SDN,BGR,
SDN,BFA,
SDN,BDI,
SDN,KHM,
SDN,CMR,
SDN,CAN,
SDN,CPV,
SDN,CAF,
SDN,TCD,
SDN,CHL,
SDN,CHN,
SDN,COL,
SDN,COM,
SDN,COG,
SDN,COD,
SDN,CRI,
SDN,CIV,
SDN,HRV,
SDN,CUB,
SDN,CYP,
SDN,CZE,
SDN,DNK,
SDN,DJI,
SDN,DMA,
SDN,DOM,
SDN,ECU,
SDN,EGY,
SDN,SLV,
SDN,GNQ,
SDN,ERI,
SDN,EST,
SDN,SWZ,
SDN,ETH,
SDN,FJI,
SDN,FIN,
SDN,FRA,
SDN,GAB,
SDN,GMB,
SDN,GEO,
SDN,DEU,
SDN,GHA,
SDN,GRC,
SDN,GRD,
SDN,GTM,
SDN,GIN,
SDN,GNB,
SDN,GUY,
SDN,HTI,
SDN,HND,
SDN,HKG,
SDN,HUN,
SDN,ISL,
SDN,IND,
SDN,IDN,
SDN,IRN,
SDN,IRQ,
SDN,IRL,
SDN,ISR,
SDN,ITA,
SDN,JAM,
SDN,JPN,
SDN,JOR,
SDN,KAZ,
SDN,KEN,
SDN,KIR,
SDN,XKX,
SDN,KWT,
SDN,KGZ,
SDN,LAO,
SDN,LVA,
SDN,LBN,
SDN,LSO,
SDN,LBR,
SDN,LBY,
SDN,LIE,
SDN,LTU,
SDN,LUX,
SDN,MAC,
SDN,MDG,
SDN,MWI,
SDN,MYS,
SDN,MDV,
SDN,MLI,
SDN,MLT,
SDN,MHL,
SDN,MRT,
SDN,MUS,
SDN,MEX,
SDN,FSM,
SDN,MDA,
SDN,MCO,
SDN,MNG,
SDN,MNE,
SDN,MAR,
SDN,MOZ,
SDN,MMR,
SDN,NAM,
SDN,NRU,
SDN,NPL,
SDN,NLD,
SDN,NZL,
SDN,NIC,
SDN,NER,
SDN,NGA,
SDN,PRK,
SDN,MKD,
SDN,NOR,
SDN,OMN,
SDN,PAK,
SDN,PLW,
SDN,PSE,
SDN,PAN,
SDN,PNG,
SDN,PRY,
SDN,PER,
SDN,PHL,
SDN,POL,
SDN,PRT,
SDN,QAT,
SDN,ROU,
SDN,RUS,
SDN,RWA,
SDN,KNA,
SDN,LCA,
SDN,WSM,
SDN,SMR,
SDN,STP,
SDN,SAU,
SDN,SEN,
SDN,SRB,
SDN,SYC,
SDN,SLE,
SDN,SGP,
SDN,SVK,
SDN,SVN,
SDN,SLB,
SDN,SOM,
SDN,ZAF,
SDN,KOR,
SDN,SSD,
SDN,ESP,
SDN,LKA,
SDN,VCT,
SDN,SDN,-1
SDN,SUR,
SDN,SWE,
SDN,CHE,
SDN,SYR,
SDN,TWN,
SDN,TJK,
SDN,TZA,
SDN,THA,
SDN,TLS,
SDN,TGO,
SDN,TON,
SDN,TTO,
SDN,TUN,
SDN,TKM,
SDN,TUV,
SDN,TUR,
SDN,UGA,
SDN,UKR,
SDN,ARE,
SDN,GBR,
SDN,USA,
SDN,URY,
SDN,UZB,
SDN,VUT,
SDN,VAT,
SDN,VEN,
SDN,VNM,
SDN,YEM,
SDN,ZMB,
SDN,ZWE,
SDN,AFG,
SUR,ALB,
SUR,DZA,
SUR,AND,
SUR,AGO,
SUR,ATG,
SUR,ARG,
SUR,ARM,
SUR,AUS,
SUR,AUT,
SUR,AZE,
SUR,BHS,
SUR,BHR,
SUR,BGD,
SUR,BRB,
SUR,BLR,
SUR,BEL,
SUR,BLZ,
SUR,BEN,
SUR,BTN,
SUR,BOL,
SUR,BIH,
SUR,BWA,
SUR,BRA,
SUR,BRN,
SUR,BGR,
SUR,BFA,
SUR,BDI,
SUR,KHM,
SUR,CMR,
SUR,CAN,
SUR,CPV,
SUR,CAF,
SUR,TCD,
SUR,CHL,
SUR,CHN,
SUR,COL,
SUR,COM,
SUR,COG,
SUR,COD,
SUR,CRI,
SUR,CIV,
SUR,HRV,
SUR,CUB,
SUR,CYP,
SUR,CZE,
SUR,DNK,
SUR,DJI,
SUR,DMA,
SUR,DOM,
SUR,ECU,
SUR,EGY,
SUR,SLV,
SUR,GNQ,
SUR,ERI,
SUR,EST,
SUR,SWZ,
SUR,ETH,
SUR,FJI,
SUR,FIN,
SUR,FRA,
SUR,GAB,
SUR,GMB,
SUR,GEO,
SUR,DEU,
SUR,GHA,
SUR,GRC,
SUR,GRD,
SUR,GTM,
SUR,GIN,
SUR,GNB,
SUR,GUY,
SUR,HTI,
SUR,HND,
SUR,HKG,
SUR,HUN,
SUR,ISL,
SUR,IND,
SUR,IDN,
SUR,IRN,
SUR,IRQ,
SUR,IRL,
SUR,ISR,
SUR,ITA,
SUR,JAM,
SUR,JPN,
SUR,JOR,
SUR,KAZ,
SUR,KEN,
SUR,KIR,
SUR,XKX,
SUR,KWT,
SUR,KGZ,
SUR,LAO,
SUR,LVA,
SUR,LBN,
SUR,LSO,
SUR,LBR,
SUR,LBY,
SUR,LIE,
SUR,LTU,
SUR,LUX,
SUR,MAC,
SUR,MDG,
SUR,MWI,
SUR,MYS,
SUR,MDV,
SUR,MLI,
SUR,MLT,
SUR,MHL,
SUR,MRT,
SUR,MUS,
SUR,MEX,
SUR,FSM,
SUR,MDA,
SUR,MCO,
SUR,MNG,
SUR,MNE,
SUR,MAR,
SUR,MOZ,
SUR,MMR,
SUR,NAM,
SUR,NRU,
SUR,NPL,
SUR,NLD,
SUR,NZL,
SUR,NIC,
SUR,NER,
SUR,NGA,
SUR,PRK,
SUR,MKD,
SUR,NOR,
SUR,OMN,
SUR,PAK,
SUR,PLW,
SUR,PSE,
SUR,PAN,
SUR,PNG,
SUR,PRY,
SUR,PER,
SUR,PHL,
SUR,POL,
SUR,PRT,
SUR,QAT,
SUR,ROU,
SUR,RUS,
SUR,RWA,
SUR,KNA,
SUR,LCA,
SUR,WSM,
SUR,SMR,
SUR,STP,
SUR,SAU,
SUR,SEN,
SUR,SRB,
SUR,SYC,
SUR,SLE,
SUR,SGP,
SUR,SVK,
SUR,SVN,
SUR,SLB,
SUR,SOM,
SUR,ZAF,
SUR,KOR,
SUR,SSD,
SUR,ESP,
SUR,LKA,
SUR,VCT,
SUR,SDN,
SUR,SUR,-1
SUR,SWE,
SUR,CHE,
SUR,SYR,
SUR,TWN,
SUR,TJK,
SUR,TZA,
SUR,THA,
SUR,TLS,
SUR,TGO,
SUR,TON,
SUR,TTO,
SUR,TUN,
SUR,TKM,
SUR,TUV,
SUR,TUR,
SUR,UGA,
SUR,UKR,
SUR,ARE,
SUR,GBR,
SUR,USA,
SUR,URY,
SUR,UZB,
SUR,VUT,
SUR,VAT,
SUR,VEN,
SUR,VNM,
SUR,YEM,
SUR,ZMB,
SUR,ZWE,
SUR,AFG,
SWE,ALB,
SWE,DZA,
SWE,AND,
SWE,AGO,
SWE,ATG,
SWE,ARG,
SWE,ARM,
SWE,AUS,
SWE,AUT,
SWE,AZE,
SWE,BHS,
SWE,BHR,
SWE,BGD,
SWE,BRB,
SWE,BLR,
SWE,BEL,
SWE,BLZ,
SWE,BEN,
SWE,BTN,
SWE,BOL,
SWE,BIH,
SWE,BWA,
SWE,BRA,
SWE,BRN,
SWE,BGR,
SWE,BFA,
SWE,BDI,
SWE,KHM,
SWE,CMR,
SWE,CAN,
SWE,CPV,
SWE,CAF,
SWE,TCD,
SWE,CHL,
SWE,CHN,
SWE,COL,
SWE,COM,
SWE,COG,
SWE,COD,
SWE,CRI,
SWE,CIV,
SWE,HRV,
SWE,CUB,
SWE,CYP,
SWE,CZE,
SWE,DNK,
SWE,DJI,
SWE,DMA,
SWE,DOM,
SWE,ECU,
SWE,EGY,
SWE,SLV,
SWE,GNQ,
SWE,ERI,
SWE,EST,
SWE,SWZ,
SWE,ETH,
SWE,FJI,
SWE,FIN,
SWE,FRA,
SWE,GAB,
SWE,GMB,
SWE,GEO,
SWE,DEU,
SWE,GHA,
SWE,GRC,
SWE,GRD,
SWE,GTM,
SWE,GIN,
SWE,GNB,
SWE,GUY,
SWE,HTI,
SWE,HND,
SWE,HKG,
SWE,HUN,
SWE,ISL,
SWE,IND,
SWE,IDN,
SWE,IRN,
SWE,IRQ,
SWE,IRL,
SWE,ISR,
SWE,ITA,
SWE,JAM,
SWE,JPN,
SWE,JOR,
SWE,KAZ,
SWE,KEN,
SWE,KIR,
SWE,XKX,
SWE,KWT,
SWE,KGZ,
SWE,LAO,
SWE,LVA,
SWE,LBN,
SWE,LSO,
SWE,LBR,
SWE,LBY,
SWE,LIE,
SWE,LTU,
SWE,LUX,
SWE,MAC,
SWE,MDG,
SWE,MWI,
SWE,MYS,
SWE,MDV,
SWE,MLI,
SWE,MLT,
SWE,MHL,
SWE,MRT,
SWE,MUS,
SWE,MEX,
SWE,FSM,
SWE,MDA,
SWE,MCO,
SWE,MNG,
SWE,MNE,
SWE,MAR,
SWE,MOZ,
SWE,MMR,
SWE,NAM,
SWE,NRU,
SWE,NPL,
SWE,NLD,
SWE,NZL,
SWE,NIC,
SWE,NER,
SWE,NGA,
SWE,PRK,
SWE,MKD,
SWE,NOR,
SWE,OMN,
SWE,PAK,
SWE,PLW,
SWE,PSE,
SWE,PAN,
SWE,PNG,
SWE,PRY,
SWE,PER,
SWE,PHL,
SWE,POL,
SWE,PRT,
SWE,QAT,
SWE,ROU,
SWE,RUS,
SWE,RWA,
SWE,KNA,
SWE,LCA,
SWE,WSM,
SWE,SMR,
SWE,STP,
SWE,SAU,
SWE,SEN,
SWE,SRB,
SWE,SYC,
SWE,SLE,
SWE,SGP,
SWE,SVK,
SWE,SVN,
SWE,SLB,
SWE,SOM,
SWE,ZAF,
SWE,KOR,
SWE,SSD,
SWE,ESP,
SWE,LKA,
SWE,VCT,
SWE,SDN,
SWE,SUR,
SWE,SWE,-1
SWE,CHE,
SWE,SYR,
SWE,TWN,
SWE,TJK,
SWE,TZA,
SWE,THA,
SWE,TLS,
SWE,TGO,
SWE,TON,
SWE,TTO,
SWE,TUN,
SWE,TKM,
SWE,TUV,
SWE,TUR,
SWE,UGA,
SWE,UKR,
SWE,ARE,
SWE,GBR,
SWE,USA,
SWE,URY,
SWE,UZB,
SWE,VUT,
SWE,VAT,
SWE,VEN,
SWE,VNM,
SWE,YEM,
SWE,ZMB,
SWE,ZWE,
SWE,AFG,
CHE,ALB,
CHE,DZA,
CHE,AND,
CHE,AGO,
CHE,ATG,
CHE,ARG,
CHE,ARM,
CHE,AUS,
CHE,AUT,
CHE,AZE,
CHE,BHS,
CHE,BHR,
CHE,BGD,
CHE,BRB,
CHE,BLR,
CHE,BEL,
CHE,BLZ,
CHE,BEN,
CHE,BTN,
CHE,BOL,
CHE,BIH,
CHE,BWA,
CHE,BRA,
CHE,BRN,
CHE,BGR,
CHE,BFA,
CHE,BDI,
CHE,KHM,
CHE,CMR,
CHE,CAN,
CHE,CPV,
CHE,CAF,
CHE,TCD,
CHE,CHL,
CHE,CHN,
CHE,COL,
CHE,COM,
CHE,COG,
CHE,COD,
CHE,CRI,
CHE,CIV,
CHE,HRV,
CHE,CUB,
CHE,CYP,
CHE,CZE,
CHE,DNK,
CHE,DJI,
CHE,DMA,
CHE,DOM,
CHE,ECU,
CHE,EGY,
CHE,SLV,
CHE,GNQ,
CHE,ERI,
CHE,EST,
CHE,SWZ,
CHE,ETH,
CHE,FJI,
CHE,FIN,
CHE,FRA,
CHE,GAB,
CHE,GMB,
CHE,GEO,
CHE,DEU,
CHE,GHA,
CHE,GRC,
CHE,GRD,
CHE,GTM,
CHE,GIN,
CHE,GNB,
CHE,GUY,
CHE,HTI,
CHE,HND,
CHE,HKG,
CHE,HUN,
CHE,ISL,
CHE,IND,
CHE,IDN,
CHE,IRN,
CHE,IRQ,
CHE,IRL,
CHE,ISR,
CHE,ITA,
CHE,JAM,
CHE,JPN,
CHE,JOR,
CHE,KAZ,
CHE,KEN,
CHE,KIR,
CHE,XKX,
CHE,KWT,
CHE,KGZ,
CHE,LAO,
CHE,LVA,
CHE,LBN,
CHE,LSO,
CHE,LBR,
CHE,LBY,
CHE,LIE,
CHE,LTU,
CHE,LUX,
CHE,MAC,
CHE,MDG,
CHE,MWI,
CHE,MYS,
CHE,MDV,
CHE,MLI,
CHE,MLT,
CHE,MHL,
CHE,MRT,
CHE,MUS,
CHE,MEX,
CHE,FSM,
CHE,MDA,
CHE,MCO,
CHE,MNG,
CHE,MNE,
CHE,MAR,
CHE,MOZ,
CHE,MMR,
CHE,NAM,
CHE,NRU,
CHE,NPL,
CHE,NLD,
CHE,NZL,
CHE,NIC,
CHE,NER,
CHE,NGA,
CHE,PRK,
CHE,MKD,
CHE,NOR,
CHE,OMN,
CHE,PAK,
CHE,PLW,
CHE,PSE,
CHE,PAN,
CHE,PNG,
CHE,PRY,
CHE,PER,
CHE,PHL,
CHE,POL,
CHE,PRT,
CHE,QAT,
CHE,ROU,
CHE,RUS,
CHE,RWA,
CHE,KNA,
CHE,LCA,
CHE,WSM,
CHE,SMR,
CHE,STP,
CHE,SAU,
CHE,SEN,
CHE,SRB,
CHE,SYC,
CHE,SLE,
CHE,SGP,
CHE,SVK,
CHE,SVN,
CHE,SLB,
CHE,SOM,
CHE,ZAF,
CHE,KOR,
CHE,SSD,
CHE,ESP,
CHE,LKA,
CHE,VCT,
CHE,SDN,
CHE,SUR,
CHE,SWE,
CHE,CHE,-1
CHE,SYR,
CHE,TWN,
CHE,TJK,
CHE,TZA,
CHE,THA,
CHE,TLS,
CHE,TGO,
CHE,TON,
CHE,TTO,
CHE,TUN,
CHE,TKM,
CHE,TUV,
CHE,TUR,
CHE,UGA,
CHE,UKR,
CHE,ARE,
CHE,GBR,
CHE,USA,
CHE,URY,
CHE,UZB,
CHE,VUT,
CHE,VAT,
CHE,VEN,
CHE,VNM,
CHE,YEM,
CHE,ZMB,
CHE,ZWE,
CHE,AFG,
SYR,ALB,
SYR,DZA,
SYR,AND,
SYR,AGO,
SYR,ATG,
SYR,ARG,
SYR,ARM,
SYR,AUS,
SYR,AUT,
SYR,AZE,
SYR,BHS,
SYR,BHR,
SYR,BGD,
SYR,BRB,
SYR,BLR,
SYR,BEL,
SYR,BLZ,
SYR,BEN,
SYR,BTN,
SYR,BOL,
SYR,BIH,
SYR,BWA,
SYR,BRA,
SYR,BRN,
SYR,BGR,
SYR,BFA,
SYR,BDI,
SYR,KHM,
SYR,CMR,
SYR,CAN,
SYR,CPV,
SYR,CAF,
SYR,TCD,
SYR,CHL,
SYR,CHN,
SYR,COL,
SYR,COM,
SYR,COG,
SYR,COD,
SYR,CRI,
SYR,CIV,
SYR,HRV,
SYR,CUB,
SYR,CYP,
SYR,CZE,
SYR,DNK,
SYR,DJI,
SYR,DMA,
SYR,DOM,
SYR,ECU,
SYR,EGY,
SYR,SLV,
SYR,GNQ,
SYR,ERI,
SYR,EST,
SYR,SWZ,
SYR,ETH,
SYR,FJI,
SYR,FIN,
SYR,FRA,
SYR,GAB,
SYR,GMB,
SYR,GEO,
SYR,DEU,
SYR,GHA,
SYR,GRC,
SYR,GRD,
SYR,GTM,
SYR,GIN,
SYR,GNB,
SYR,GUY,
SYR,HTI,
SYR,HND,
SYR,HKG,
SYR,HUN,
SYR,ISL,
SYR,IND,
SYR,IDN,
SYR,IRN,
SYR,IRQ,
SYR,IRL,
SYR,ISR,
SYR,ITA,
SYR,JAM,
SYR,JPN,
SYR,JOR,
SYR,KAZ,
SYR,KEN,
SYR,KIR,
SYR,XKX,
SYR,KWT,
SYR,KGZ,
SYR,LAO,
SYR,LVA,
SYR,LBN,
SYR,LSO,
SYR,LBR,
SYR,LBY,
SYR,LIE,
SYR,LTU,
SYR,LUX,
SYR,MAC,
SYR,MDG,
SYR,MWI,
SYR,MYS,
SYR,MDV,
SYR,MLI,
SYR,MLT,
SYR,MHL,
SYR,MRT,
SYR,MUS,
SYR,MEX,
SYR,FSM,
SYR,MDA,
SYR,MCO,
SYR,MNG,
SYR,MNE,
SYR,MAR,
SYR,MOZ,
SYR,MMR,
SYR,NAM,
SYR,NRU,
SYR,NPL,
SYR,NLD,
SYR,NZL,
SYR,NIC,
SYR,NER,
SYR,NGA,
SYR,PRK,
SYR,MKD,
SYR,NOR,
SYR,OMN,
SYR,PAK,
SYR,PLW,
SYR,PSE,
SYR,PAN,
SYR,PNG,
SYR,PRY,
SYR,PER,
SYR,PHL,
SYR,POL,
SYR,PRT,
SYR,QAT,
SYR,ROU,
SYR,RUS,
SYR,RWA,
SYR,KNA,
SYR,LCA,
SYR,WSM,
SYR,SMR,
SYR,STP,
SYR,SAU,
SYR,SEN,
SYR,SRB,
SYR,SYC,
SYR,SLE,
SYR,SGP,
SYR,SVK,
SYR,SVN,
SYR,SLB,
SYR,SOM,
SYR,ZAF,
SYR,KOR,
SYR,SSD,
SYR,ESP,
SYR,LKA,
SYR,VCT,
SYR,SDN,
SYR,SUR,
SYR,SWE,
SYR,CHE,
SYR,SYR,-1
SYR,TWN,
SYR,TJK,
SYR,TZA,
SYR,THA,
SYR,TLS,
SYR,TGO,
SYR,TON,
SYR,TTO,
SYR,TUN,
SYR,TKM,
SYR,TUV,
SYR,TUR,
SYR,UGA,
SYR,UKR,
SYR,ARE,
SYR,GBR,
SYR,USA,
SYR,URY,
SYR,UZB,
SYR,VUT,
SYR,VAT,
SYR,VEN,
SYR,VNM,
SYR,YEM,
SYR,ZMB,
SYR,ZWE,
SYR,AFG,
TWN,ALB,
TWN,DZA,
TWN,AND,
TWN,AGO,
TWN,ATG,
TWN,ARG,
TWN,ARM,
TWN,AUS,
TWN,AUT,
TWN,AZE,
TWN,BHS,
TWN,BHR,
TWN,BGD,
TWN,BRB,
TWN,BLR,
TWN,BEL,
TWN,BLZ,
TWN,BEN,
TWN,BTN,
TWN,BOL,
TWN,BIH,
TWN,BWA,
TWN,BRA,
TWN,BRN,
TWN,BGR,
TWN,BFA,
TWN,BDI,
TWN,KHM,
TWN,CMR,
TWN,CAN,
TWN,CPV,
TWN,CAF,
TWN,TCD,
TWN,CHL,
TWN,CHN,
TWN,COL,
TWN,COM,
TWN,COG,
TWN,COD,
TWN,CRI,
TWN,CIV,
TWN,HRV,
TWN,CUB,
TWN,CYP,
TWN,CZE,
TWN,DNK,
TWN,DJI,
TWN,DMA,
TWN,DOM,
TWN,ECU,
TWN,EGY,
TWN,SLV,
TWN,GNQ,
TWN,ERI,
TWN,EST,
TWN,SWZ,
TWN,ETH,
TWN,FJI,
TWN,FIN,
TWN,FRA,
TWN,GAB,
TWN,GMB,
TWN,GEO,
TWN,DEU,
TWN,GHA,
TWN,GRC,
TWN,GRD,
TWN,GTM,
TWN,GIN,
TWN,GNB,
TWN,GUY,
TWN,HTI,
TWN,HND,
TWN,HKG,
TWN,HUN,
TWN,ISL,
TWN,IND,
TWN,IDN,
TWN,IRN,
TWN,IRQ,
TWN,IRL,
TWN,ISR,
TWN,ITA,
TWN,JAM,
TWN,JPN,
TWN,JOR,
TWN,KAZ,
TWN,KEN,
TWN,KIR,
TWN,XKX,
TWN,KWT,
TWN,KGZ,
TWN,LAO,
TWN,LVA,
TWN,LBN,
TWN,LSO,
TWN,LBR,
TWN,LBY,
TWN,LIE,
TWN,LTU,
TWN,LUX,
TWN,MAC,
TWN,MDG,
TWN,MWI,
TWN,MYS,
TWN,MDV,
TWN,MLI,
TWN,MLT,
TWN,MHL,
TWN,MRT,
TWN,MUS,
TWN,MEX,
TWN,FSM,
TWN,MDA,
TWN,MCO,
TWN,MNG,
TWN,MNE,
TWN,MAR,
TWN,MOZ,
TWN,MMR,
TWN,NAM,
TWN,NRU,
TWN,NPL,
TWN,NLD,
TWN,NZL,
TWN,NIC,
TWN,NER,
TWN,NGA,
TWN,PRK,
TWN,MKD,
TWN,NOR,
TWN,OMN,
TWN,PAK,
TWN,PLW,
TWN,PSE,
TWN,PAN,
TWN,PNG,
TWN,PRY,
TWN,PER,
TWN,PHL,
TWN,POL,
TWN,PRT,
TWN,QAT,
TWN,ROU,
TWN,RUS,
TWN,RWA,
TWN,KNA,
TWN,LCA,
TWN,WSM,
TWN,SMR,
TWN,STP,
TWN,SAU,
TWN,SEN,
TWN,SRB,
TWN,SYC,
TWN,SLE,
TWN,SGP,
TWN,SVK,
TWN,SVN,
TWN,SLB,
TWN,SOM,
TWN,ZAF,
TWN,KOR,
TWN,SSD,
TWN,ESP,
TWN,LKA,
TWN,VCT,
TWN,SDN,
TWN,SUR,
TWN,SWE,
TWN,CHE,
TWN,SYR,
TWN,TWN,-1
TWN,TJK,
TWN,TZA,
TWN,THA,
TWN,TLS,
TWN,TGO,
TWN,TON,
TWN,TTO,
TWN,TUN,
TWN,TKM,
TWN,TUV,
TWN,TUR,
TWN,UGA,
TWN,UKR,
TWN,ARE,
TWN,GBR,
TWN,USA,
TWN,URY,
TWN,UZB,
TWN,VUT,
TWN,VAT,
TWN,VEN,
TWN,VNM,
TWN,YEM,
TWN,ZMB,
TWN,ZWE,
TWN,AFG,
TJK,ALB,
TJK,DZA,
TJK,AND,
TJK,AGO,
TJK,ATG,
TJK,ARG,
TJK,ARM,
TJK,AUS,
TJK,AUT,
TJK,AZE,
TJK,BHS,
TJK,BHR,
TJK,BGD,
TJK,BRB,
TJK,BLR,
TJK,BEL,
TJK,BLZ,
TJK,BEN,
TJK,BTN,
TJK,BOL,
TJK,BIH,
TJK,BWA,
TJK,BRA,
TJK,BRN,
TJK,BGR,
TJK,BFA,
TJK,BDI,
TJK,KHM,
TJK,CMR,
TJK,CAN,
TJK,CPV,
TJK,CAF,
TJK,TCD,
TJK,CHL,
TJK,CHN,
TJK,COL,
TJK,COM,
TJK,COG,
TJK,COD,
TJK,CRI,
TJK,CIV,
TJK,HRV,
TJK,CUB,
TJK,CYP,
TJK,CZE,
TJK,DNK,
TJK,DJI,
TJK,DMA,
TJK,DOM,
TJK,ECU,
TJK,EGY,
TJK,SLV,
TJK,GNQ,
TJK,ERI,
TJK,EST,
TJK,SWZ,
TJK,ETH,
TJK,FJI,
TJK,FIN,
TJK,FRA,
TJK,GAB,
TJK,GMB,
TJK,GEO,
TJK,DEU,
TJK,GHA,
TJK,GRC,
TJK,GRD,
TJK,GTM,
TJK,GIN,
TJK,GNB,
TJK,GUY,
TJK,HTI,
TJK,HND,
TJK,HKG,
TJK,HUN,
TJK,ISL,
TJK,IND,
TJK,IDN,
TJK,IRN,
TJK,IRQ,
TJK,IRL,
TJK,ISR,
TJK,ITA,
TJK,JAM,
TJK,JPN,
TJK,JOR,
TJK,KAZ,
TJK,KEN,
TJK,KIR,
TJK,XKX,
TJK,KWT,
TJK,KGZ,
TJK,LAO,
TJK,LVA,
TJK,LBN,
TJK,LSO,
TJK,LBR,
TJK,LBY,
TJK,LIE,
TJK,LTU,
TJK,LUX,
TJK,MAC,
TJK,MDG,
TJK,MWI,
TJK,MYS,
TJK,MDV,
TJK,MLI,
TJK,MLT,
TJK,MHL,
TJK,MRT,
TJK,MUS,
TJK,MEX,
TJK,FSM,
TJK,MDA,
TJK,MCO,
TJK,MNG,
TJK,MNE,
TJK,MAR,
TJK,MOZ,
TJK,MMR,
TJK,NAM,
TJK,NRU,
TJK,NPL,
TJK,NLD,
TJK,NZL,
TJK,NIC,
TJK,NER,
TJK,NGA,
TJK,PRK,
TJK,MKD,
TJK,NOR,
TJK,OMN,
TJK,PAK,
TJK,PLW,
TJK,PSE,
TJK,PAN,
TJK,PNG,
TJK,PRY,
TJK,PER,
TJK,PHL,
TJK,POL,
TJK,PRT,
TJK,QAT,
TJK,ROU,
TJK,RUS,
TJK,RWA,
TJK,KNA,
TJK,LCA,
TJK,WSM,
TJK,SMR,
TJK,STP,
TJK,SAU,
TJK,SEN,
TJK,SRB,
TJK,SYC,
TJK,SLE,
TJK,SGP,
TJK,SVK,
TJK,SVN,
TJK,SLB,
TJK,SOM,
TJK,ZAF,
TJK,KOR,
TJK,SSD,
TJK,ESP,
TJK,LKA,
TJK,VCT,
TJK,SDN,
TJK,SUR,
TJK,SWE,
TJK,CHE,
TJK,SYR,
TJK,TWN,
TJK,TJK,-1
TJK,TZA,
TJK,THA,
TJK,TLS,
TJK,TGO,
TJK,TON,
TJK,TTO,
TJK,TUN,
TJK,TKM,
TJK,TUV,
TJK,TUR,
TJK,UGA,
TJK,UKR,
TJK,ARE,
TJK,GBR,
TJK,USA,
TJK,URY,
TJK,UZB,
TJK,VUT,
TJK,VAT,
TJK,VEN,
TJK,VNM,
TJK,YEM,
TJK,ZMB,
TJK,ZWE,
TJK,AFG,
TZA,ALB,
TZA,DZA,
TZA,AND,
TZA,AGO,
TZA,ATG,
TZA,ARG,
TZA,ARM,
TZA,AUS,
TZA,AUT,
TZA,AZE,
TZA,BHS,
TZA,BHR,
TZA,BGD,
TZA,BRB,
TZA,BLR,
TZA,BEL,
TZA,BLZ,
TZA,BEN,
TZA,BTN,
TZA,BOL,
TZA,BIH,
TZA,BWA,
TZA,BRA,
TZA,BRN,
TZA,BGR,
TZA,BFA,
TZA,BDI,
TZA,KHM,
TZA,CMR,
TZA,CAN,
TZA,CPV,
TZA,CAF,
TZA,TCD,
TZA,CHL,
TZA,CHN,
TZA,COL,
TZA,COM,
TZA,COG,
TZA,COD,
TZA,CRI,
TZA,CIV,
TZA,HRV,
TZA,CUB,
TZA,CYP,
TZA,CZE,
TZA,DNK,
TZA,DJI,
TZA,DMA,
TZA,DOM,
TZA,ECU,
TZA,EGY,
TZA,SLV,
TZA,GNQ,
TZA,ERI,
TZA,EST,
TZA,SWZ,
TZA,ETH,
TZA,FJI,
TZA,FIN,
TZA,FRA,
TZA,GAB,
TZA,GMB,
TZA,GEO,
TZA,DEU,
TZA,GHA,
TZA,GRC,
TZA,GRD,
TZA,GTM,
TZA,GIN,
TZA,GNB,
TZA,GUY,
TZA,HTI,
TZA,HND,
TZA,HKG,
TZA,HUN,
TZA,ISL,
TZA,IND,
TZA,IDN,
TZA,IRN,
TZA,IRQ,
TZA,IRL,
TZA,ISR,
TZA,ITA,
TZA,JAM,
TZA,JPN,
TZA,JOR,
TZA,KAZ,
TZA,KEN,
TZA,KIR,
TZA,XKX,
TZA,KWT,
TZA,KGZ,
TZA,LAO,
TZA,LVA,
TZA,LBN,
TZA,LSO,
TZA,LBR,
TZA,LBY,
TZA,LIE,
TZA,LTU,
TZA,LUX,
TZA,MAC,
TZA,MDG,
TZA,MWI,
TZA,MYS,
TZA,MDV,
TZA,MLI,
TZA,MLT,
TZA,MHL,
TZA,MRT,
TZA,MUS,
TZA,MEX,
TZA,FSM,
TZA,MDA,
TZA,MCO,
TZA,MNG,
TZA,MNE,
TZA,MAR,
TZA,MOZ,
TZA,MMR,
TZA,NAM,
TZA,NRU,
TZA,NPL,
TZA,NLD,
TZA,NZL,
TZA,NIC,
TZA,NER,
TZA,NGA,
TZA,PRK,
TZA,MKD,
TZA,NOR,
TZA,OMN,
TZA,PAK,
TZA,PLW,
TZA,PSE,
TZA,PAN,
TZA,PNG,
TZA,PRY,
TZA,PER,
TZA,PHL,
TZA,POL,
TZA,PRT,
TZA,QAT,
TZA,ROU,
TZA,RUS,
TZA,RWA,
TZA,KNA,
TZA,LCA,
TZA,WSM,
TZA,SMR,
TZA,STP,
TZA,SAU,
TZA,SEN,
TZA,SRB,
TZA,SYC,
TZA,SLE,
TZA,SGP,
TZA,SVK,
TZA,SVN,
TZA,SLB,
TZA,SOM,
TZA,ZAF,
TZA,KOR,
TZA,SSD,
TZA,ESP,
TZA,LKA,
TZA,VCT,
TZA,SDN,
TZA,SUR,
TZA,SWE,
TZA,CHE,
TZA,SYR,
TZA,TWN,
TZA,TJK,
TZA,TZA,-1
TZA,THA,
TZA,TLS,
TZA,TGO,
TZA,TON,
TZA,TTO,
TZA,TUN,
TZA,TKM,
TZA,TUV,
TZA,TUR,
TZA,UGA,
TZA,UKR,
TZA,ARE,
TZA,GBR,
TZA,USA,
TZA,URY,
TZA,UZB,
TZA,VUT,
TZA,VAT,
TZA,VEN,
TZA,VNM,
TZA,YEM,
TZA,ZMB,
TZA,ZWE,
TZA,AFG,
THA,ALB,
THA,DZA,
THA,AND,
THA,AGO,
THA,ATG,
THA,ARG,
THA,ARM,
THA,AUS,
THA,AUT,
THA,AZE,
THA,BHS,
THA,BHR,
THA,BGD,
THA,BRB,
THA,BLR,
THA,BEL,
THA,BLZ,
THA,BEN,
THA,BTN,
THA,BOL,
THA,BIH,
THA,BWA,
THA,BRA,
THA,BRN,
THA,BGR,
THA,BFA,
THA,BDI,
THA,KHM,
THA,CMR,
THA,CAN,
THA,CPV,
THA,CAF,
THA,TCD,
THA,CHL,
THA,CHN,
THA,COL,
THA,COM,
THA,COG,
THA,COD,
THA,CRI,
THA,CIV,
THA,HRV,
THA,CUB,
THA,CYP,
THA,CZE,
THA,DNK,
THA,DJI,
THA,DMA,
THA,DOM,
THA,ECU,
THA,EGY,
THA,SLV,
THA,GNQ,
THA,ERI,
THA,EST,
THA,SWZ,
THA,ETH,
THA,FJI,
THA,FIN,
THA,FRA,
THA,GAB,
THA,GMB,
THA,GEO,
THA,DEU,
THA,GHA,
THA,GRC,
THA,GRD,
THA,GTM,
THA,GIN,
THA,GNB,
THA,GUY,
THA,HTI,
THA,HND,
THA,HKG,
THA,HUN,
THA,ISL,
THA,IND,
THA,IDN,
THA,IRN,
THA,IRQ,
THA,IRL,
THA,ISR,
THA,ITA,
THA,JAM,
THA,JPN,
THA,JOR,
THA,KAZ,
THA,KEN,
THA,KIR,
THA,XKX,
THA,KWT,
THA,KGZ,
THA,LAO,
THA,LVA,
THA,LBN,
THA,LSO,
THA,LBR,
THA,LBY,
THA,LIE,
THA,LTU,
THA,LUX,
THA,MAC,
THA,MDG,
THA,MWI,
THA,MYS,
THA,MDV,
THA,MLI,
THA,MLT,
THA,MHL,
THA,MRT,
THA,MUS,
THA,MEX,
THA,FSM,
THA,MDA,
THA,MCO,
THA,MNG,
THA,MNE,
THA,MAR,
THA,MOZ,
THA,MMR,
THA,NAM,
THA,NRU,
THA,NPL,
THA,NLD,
THA,NZL,
THA,NIC,
THA,NER,
THA,NGA,
THA,PRK,
THA,MKD,
THA,NOR,
THA,OMN,
THA,PAK,
THA,PLW,
THA,PSE,
THA,PAN,
THA,PNG,
THA,PRY,
THA,PER,
THA,PHL,
THA,POL,
THA,PRT,
THA,QAT,
THA,ROU,
THA,RUS,
THA,RWA,
THA,KNA,
THA,LCA,
THA,WSM,
THA,SMR,
THA,STP,
THA,SAU,
THA,SEN,
THA,SRB,
THA,SYC,
THA,SLE,
THA,SGP,
THA,SVK,
THA,SVN,
THA,SLB,
THA,SOM,
THA,ZAF,
THA,KOR,
THA,SSD,
THA,ESP,
THA,LKA,
THA,VCT,
THA,SDN,
THA,SUR,
THA,SWE,
THA,CHE,
THA,SYR,
THA,TWN,
THA,TJK,
THA,TZA,
THA,THA,-1
THA,TLS,
THA,TGO,
THA,TON,
THA,TTO,
THA,TUN,
THA,TKM,
THA,TUV,
THA,TUR,
THA,UGA,
THA,UKR,
THA,ARE,
THA,GBR,
THA,USA,
THA,URY,
THA,UZB,
THA,VUT,
THA,VAT,
THA,VEN,
THA,VNM,
THA,YEM,
THA,ZMB,
THA,ZWE,
THA,AFG,
TLS,ALB,
TLS,DZA,
TLS,AND,
TLS,AGO,
TLS,ATG,
TLS,ARG,
TLS,ARM,
TLS,AUS,
TLS,AUT,
TLS,AZE,
TLS,BHS,
TLS,BHR,
TLS,BGD,
TLS,BRB,
TLS,BLR,
TLS,BEL,
TLS,BLZ,
TLS,BEN,
TLS,BTN,
TLS,BOL,
TLS,BIH,
TLS,BWA,
TLS,BRA,
TLS,BRN,
TLS,BGR,
TLS,BFA,
TLS,BDI,
TLS,KHM,
TLS,CMR,
TLS,CAN,
TLS,CPV,
TLS,CAF,
TLS,TCD,
TLS,CHL,
TLS,CHN,
TLS,COL,
TLS,COM,
TLS,COG,
TLS,COD,
TLS,CRI,
TLS,CIV,
TLS,HRV,
TLS,CUB,
TLS,CYP,
TLS,CZE,
TLS,DNK,
TLS,DJI,
TLS,DMA,
TLS,DOM,
TLS,ECU,
TLS,EGY,
TLS,SLV,
TLS,GNQ,
TLS,ERI,
TLS,EST,
TLS,SWZ,
TLS,ETH,
TLS,FJI,
TLS,FIN,
TLS,FRA,
TLS,GAB,
TLS,GMB,
TLS,GEO,
TLS,DEU,
TLS,GHA,
TLS,GRC,
TLS,GRD,
TLS,GTM,
TLS,GIN,
TLS,GNB,
TLS,GUY,
TLS,HTI,
TLS,HND,
TLS,HKG,
TLS,HUN,
TLS,ISL,
TLS,IND,
TLS,IDN,
TLS,IRN,
TLS,IRQ,
TLS,IRL,
TLS,ISR,
TLS,ITA,
TLS,JAM,
TLS,JPN,
TLS,JOR,
TLS,KAZ,
TLS,KEN,
TLS,KIR,
TLS,XKX,
TLS,KWT,
TLS,KGZ,
TLS,LAO,
TLS,LVA,
TLS,LBN,
TLS,LSO,
TLS,LBR,
TLS,LBY,
TLS,LIE,
TLS,LTU,
TLS,LUX,
TLS,MAC,
TLS,MDG,
TLS,MWI,
TLS,MYS,
TLS,MDV,
TLS,MLI,
TLS,MLT,
TLS,MHL,
TLS,MRT,
TLS,MUS,
TLS,MEX,
TLS,FSM,
TLS,MDA,
TLS,MCO,
TLS,MNG,
TLS,MNE,
TLS,MAR,
TLS,MOZ,
TLS,MMR,
TLS,NAM,
TLS,NRU,
TLS,NPL,
TLS,NLD,
TLS,NZL,
TLS,NIC,
TLS,NER,
TLS,NGA,
TLS,PRK,
TLS,MKD,
TLS,NOR,
TLS,OMN,
TLS,PAK,
TLS,PLW,
TLS,PSE,
TLS,PAN,
TLS,PNG,
TLS,PRY,
TLS,PER,
TLS,PHL,
TLS,POL,
TLS,PRT,
TLS,QAT,
TLS,ROU,
TLS,RUS,
TLS,RWA,
TLS,KNA,
TLS,LCA,
TLS,WSM,
TLS,SMR,
TLS,STP,
TLS,SAU,
TLS,SEN,
TLS,SRB,
TLS,SYC,
TLS,SLE,
TLS,SGP,
TLS,SVK,
TLS,SVN,
TLS,SLB,
TLS,SOM,
TLS,ZAF,
TLS,KOR,
TLS,SSD,
TLS,ESP,
TLS,LKA,
TLS,VCT,
TLS,SDN,
TLS,SUR,
TLS,SWE,
TLS,CHE,
TLS,SYR,
TLS,TWN,
TLS,TJK,
TLS,TZA,
TLS,THA,
TLS,TLS,-1
TLS,TGO,
TLS,TON,
TLS,TTO,
TLS,TUN,
TLS,TKM,
TLS,TUV,
TLS,TUR,
TLS,UGA,
TLS,UKR,
TLS,ARE,
TLS,GBR,
TLS,USA,
TLS,URY,
TLS,UZB,
TLS,VUT,
TLS,VAT,
TLS,VEN,
TLS,VNM,
TLS,YEM,
TLS,ZMB,
TLS,ZWE,
TLS,AFG,
TGO,ALB,
TGO,DZA,
TGO,AND,
TGO,AGO,
TGO,ATG,
TGO,ARG,
TGO,ARM,
TGO,AUS,
TGO,AUT,
TGO,AZE,
TGO,BHS,
TGO,BHR,
TGO,BGD,
TGO,BRB,
TGO,BLR,
TGO,BEL,
TGO,BLZ,
TGO,BEN,
TGO,BTN,
TGO,BOL,
TGO,BIH,
TGO,BWA,
TGO,BRA,
TGO,BRN,
TGO,BGR,
TGO,BFA,
TGO,BDI,
TGO,KHM,
TGO,CMR,
TGO,CAN,
TGO,CPV,
TGO,CAF,
TGO,TCD,
TGO,CHL,
TGO,CHN,
TGO,COL,
TGO,COM,
TGO,COG,
TGO,COD,
TGO,CRI,
TGO,CIV,
TGO,HRV,
TGO,CUB,
TGO,CYP,
TGO,CZE,
TGO,DNK,
TGO,DJI,
TGO,DMA,
TGO,DOM,
TGO,ECU,
TGO,EGY,
TGO,SLV,
TGO,GNQ,
TGO,ERI,
TGO,EST,
TGO,SWZ,
TGO,ETH,
TGO,FJI,
TGO,FIN,
TGO,FRA,
TGO,GAB,
TGO,GMB,
TGO,GEO,
TGO,DEU,
TGO,GHA,
TGO,GRC,
TGO,GRD,
TGO,GTM,
TGO,GIN,
TGO,GNB,
TGO,GUY,
TGO,HTI,
TGO,HND,
TGO,HKG,
TGO,HUN,
TGO,ISL,
TGO,IND,
TGO,IDN,
TGO,IRN,
TGO,IRQ,
TGO,IRL,
TGO,ISR,
TGO,ITA,
TGO,JAM,
TGO,JPN,
TGO,JOR,
TGO,KAZ,
TGO,KEN,
TGO,KIR,
TGO,XKX,
TGO,KWT,
TGO,KGZ,
TGO,LAO,
TGO,LVA,
TGO,LBN,
TGO,LSO,
TGO,LBR,
TGO,LBY,
TGO,LIE,
TGO,LTU,
TGO,LUX,
TGO,MAC,
TGO,MDG,
TGO,MWI,
TGO,MYS,
TGO,MDV,
TGO,MLI,
TGO,MLT,
TGO,MHL,
TGO,MRT,
TGO,MUS,
TGO,MEX,
TGO,FSM,
TGO,MDA,
TGO,MCO,
TGO,MNG,
TGO,MNE,
TGO,MAR,
TGO,MOZ,
TGO,MMR,
TGO,NAM,
TGO,NRU,
TGO,NPL,
TGO,NLD,
TGO,NZL,
TGO,NIC,
TGO,NER,
TGO,NGA,
TGO,PRK,
TGO,MKD,
TGO,NOR,
TGO,OMN,
TGO,PAK,
TGO,PLW,
TGO,PSE,
TGO,PAN,
TGO,PNG,
TGO,PRY,
TGO,PER,
TGO,PHL,
TGO,POL,
TGO,PRT,
TGO,QAT,
TGO,ROU,
TGO,RUS,
TGO,RWA,
TGO,KNA,
TGO,LCA,
TGO,WSM,
TGO,SMR,
TGO,STP,
TGO,SAU,
TGO,SEN,
TGO,SRB,
TGO,SYC,
TGO,SLE,
TGO,SGP,
TGO,SVK,
TGO,SVN,
TGO,SLB,
TGO,SOM,
TGO,ZAF,
TGO,KOR,
TGO,SSD,
TGO,ESP,
TGO,LKA,
TGO,VCT,
TGO,SDN,
TGO,SUR,
TGO,SWE,
TGO,CHE,
TGO,SYR,
TGO,TWN,
TGO,TJK,
TGO,TZA,
TGO,THA,
TGO,TLS,
TGO,TGO,-1
TGO,TON,
TGO,TTO,
TGO,TUN,
TGO,TKM,
TGO,TUV,
TGO,TUR,
TGO,UGA,
TGO,UKR,
TGO,ARE,
TGO,GBR,
TGO,USA,
TGO,URY,
TGO,UZB,
TGO,VUT,
TGO,VAT,
TGO,VEN,
TGO,VNM,
TGO,YEM,
TGO,ZMB,
TGO,ZWE,
TGO,AFG,
TON,ALB,
TON,DZA,
TON,AND,
TON,AGO,
TON,ATG,
TON,ARG,
TON,ARM,
TON,AUS,
TON,AUT,
TON,AZE,
TON,BHS,
TON,BHR,
TON,BGD,
TON,BRB,
TON,BLR,
TON,BEL,
TON,BLZ,
TON,BEN,
TON,BTN,
TON,BOL,
TON,BIH,
TON,BWA,
TON,BRA,
TON,BRN,
TON,BGR,
TON,BFA,
TON,BDI,
TON,KHM,
TON,CMR,
TON,CAN,
TON,CPV,
TON,CAF,
TON,TCD,
TON,CHL,
TON,CHN,
TON,COL,
TON,COM,
TON,COG,
TON,COD,
TON,CRI,
TON,CIV,
TON,HRV,
TON,CUB,
TON,CYP,
TON,CZE,
TON,DNK,
TON,DJI,
TON,DMA,
TON,DOM,
TON,ECU,
TON,EGY,
TON,SLV,
TON,GNQ,
TON,ERI,
TON,EST,
TON,SWZ,
TON,ETH,
TON,FJI,
TON,FIN,
TON,FRA,
TON,GAB,
TON,GMB,
TON,GEO,
TON,DEU,
TON,GHA,
TON,GRC,
TON,GRD,
TON,GTM,
TON,GIN,
TON,GNB,
TON,GUY,
TON,HTI,
TON,HND,
TON,HKG,
TON,HUN,
TON,ISL,
TON,IND,
TON,IDN,
TON,IRN,
TON,IRQ,
TON,IRL,
TON,ISR,
TON,ITA,
TON,JAM,
TON,JPN,
TON,JOR,
TON,KAZ,
TON,KEN,
TON,KIR,
TON,XKX,
TON,KWT,
TON,KGZ,
TON,LAO,
TON,LVA,
TON,LBN,
TON,LSO,
TON,LBR,
TON,LBY,
TON,LIE,
TON,LTU,
TON,LUX,
TON,MAC,
TON,MDG,
TON,MWI,
TON,MYS,
TON,MDV,
TON,MLI,
TON,MLT,
TON,MHL,
TON,MRT,
TON,MUS,
TON,MEX,
TON,FSM,
TON,MDA,
TON,MCO,
TON,MNG,
TON,MNE,
TON,MAR,
TON,MOZ,
TON,MMR,
TON,NAM,
TON,NRU,
TON,NPL,
TON,NLD,
TON,NZL,
TON,NIC,
TON,NER,
TON,NGA,
TON,PRK,
TON,MKD,
TON,NOR,
TON,OMN,
TON,PAK,
TON,PLW,
TON,PSE,
TON,PAN,
TON,PNG,
TON,PRY,
TON,PER,
TON,PHL,
TON,POL,
TON,PRT,
TON,QAT,
TON,ROU,
TON,RUS,
TON,RWA,
TON,KNA,
TON,LCA,
TON,WSM,
TON,SMR,
TON,STP,
TON,SAU,
TON,SEN,
TON,SRB,
TON,SYC,
TON,SLE,
TON,SGP,
TON,SVK,
TON,SVN,
TON,SLB,
TON,SOM,
TON,ZAF,
TON,KOR,
TON,SSD,
TON,ESP,
TON,LKA,
TON,VCT,
TON,SDN,
TON,SUR,
TON,SWE,
TON,CHE,
TON,SYR,
TON,TWN,
TON,TJK,
TON,TZA,
TON,THA,
TON,TLS,
TON,TGO,
TON,TON,-1
TON,TTO,
TON,TUN,
TON,TKM,
TON,TUV,
TON,TUR,
TON,UGA,
TON,UKR,
TON,ARE,
TON,GBR,
TON,USA,
TON,URY,
TON,UZB,
TON,VUT,
TON,VAT,
TON,VEN,
TON,VNM,
TON,YEM,
TON,ZMB,
TON,ZWE,
TON,AFG,
TTO,ALB,
TTO,DZA,
TTO,AND,
TTO,AGO,
TTO,ATG,
TTO,ARG,
TTO,ARM,
TTO,AUS,
TTO,AUT,
TTO,AZE,
TTO,BHS,
TTO,BHR,
TTO,BGD,
TTO,BRB,
TTO,BLR,
TTO,BEL,
TTO,BLZ,
TTO,BEN,
TTO,BTN,
TTO,BOL,
TTO,BIH,
TTO,BWA,
TTO,BRA,
TTO,BRN,
TTO,BGR,
TTO,BFA,
TTO,BDI,
TTO,KHM,
TTO,CMR,
TTO,CAN,
TTO,CPV,
TTO,CAF,
TTO,TCD,
TTO,CHL,
TTO,CHN,
TTO,COL,
TTO,COM,
TTO,COG,
TTO,COD,
TTO,CRI,
TTO,CIV,
TTO,HRV,
TTO,CUB,
TTO,CYP,
TTO,CZE,
TTO,DNK,
TTO,DJI,
TTO,DMA,
TTO,DOM,
TTO,ECU,
TTO,EGY,
TTO,SLV,
TTO,GNQ,
TTO,ERI,
TTO,EST,
TTO,SWZ,
TTO,ETH,
TTO,FJI,
TTO,FIN,
TTO,FRA,
TTO,GAB,
TTO,GMB,
TTO,GEO,
TTO,DEU,
TTO,GHA,
TTO,GRC,
TTO,GRD,
TTO,GTM,
TTO,GIN,
TTO,GNB,
TTO,GUY,
TTO,HTI,
TTO,HND,
TTO,HKG,
TTO,HUN,
TTO,ISL,
TTO,IND,
TTO,IDN,
TTO,IRN,
TTO,IRQ,
TTO,IRL,
TTO,ISR,
TTO,ITA,
TTO,JAM,
TTO,JPN,
TTO,JOR,
TTO,KAZ,
TTO,KEN,
TTO,KIR,
TTO,XKX,
TTO,KWT,
TTO,KGZ,
TTO,LAO,
TTO,LVA,
TTO,LBN,
TTO,LSO,
TTO,LBR,
TTO,LBY,
TTO,LIE,
TTO,LTU,
TTO,LUX,
TTO,MAC,
TTO,MDG,
TTO,MWI,
TTO,MYS,
TTO,MDV,
TTO,MLI,
TTO,MLT,
TTO,MHL,
TTO,MRT,
TTO,MUS,
TTO,MEX,
TTO,FSM,
TTO,MDA,
TTO,MCO,
TTO,MNG,
TTO,MNE,
TTO,MAR,
TTO,MOZ,
TTO,MMR,
TTO,NAM,
TTO,NRU,
TTO,NPL,
TTO,NLD,
TTO,NZL,
TTO,NIC,
TTO,NER,
TTO,NGA,
TTO,PRK,
TTO,MKD,
TTO,NOR,
TTO,OMN,
TTO,PAK,
TTO,PLW,
TTO,PSE,
TTO,PAN,
TTO,PNG,
TTO,PRY,
TTO,PER,
TTO,PHL,
TTO,POL,
TTO,PRT,
TTO,QAT,
TTO,ROU,
TTO,RUS,
TTO,RWA,
TTO,KNA,
TTO,LCA,
TTO,WSM,
TTO,SMR,
TTO,STP,
TTO,SAU,
TTO,SEN,
TTO,SRB,
TTO,SYC,
TTO,SLE,
TTO,SGP,
TTO,SVK,
TTO,SVN,
TTO,SLB,
TTO,SOM,
TTO,ZAF,
TTO,KOR,
TTO,SSD,
TTO,ESP,
TTO,LKA,
TTO,VCT,
TTO,SDN,
TTO,SUR,
TTO,SWE,
TTO,CHE,
TTO,SYR,
TTO,TWN,
TTO,TJK,
TTO,TZA,
TTO,THA,
TTO,TLS,
TTO,TGO,
TTO,TON,
TTO,TTO,-1
TTO,TUN,
TTO,TKM,
TTO,TUV,
TTO,TUR,
TTO,UGA,
TTO,UKR,
TTO,ARE,
TTO,GBR,
TTO,USA,
TTO,URY,
TTO,UZB,
TTO,VUT,
TTO,VAT,
TTO,VEN,
TTO,VNM,
TTO,YEM,
TTO,ZMB,
TTO,ZWE,
TTO,AFG,
TUN,ALB,
TUN,DZA,
TUN,AND,
TUN,AGO,
TUN,ATG,
TUN,ARG,
TUN,ARM,
TUN,AUS,
TUN,AUT,
TUN,AZE,
TUN,BHS,
TUN,BHR,
TUN,BGD,
TUN,BRB,
TUN,BLR,
TUN,BEL,
TUN,BLZ,
TUN,BEN,
TUN,BTN,
TUN,BOL,
TUN,BIH,
TUN,BWA,
TUN,BRA,
TUN,BRN,
TUN,BGR,
TUN,BFA,
TUN,BDI,
TUN,KHM,
TUN,CMR,
TUN,CAN,
TUN,CPV,
TUN,CAF,
TUN,TCD,
TUN,CHL,
TUN,CHN,
TUN,COL,
TUN,COM,
TUN,COG,
TUN,COD,
TUN,CRI,
TUN,CIV,
TUN,HRV,
TUN,CUB,
TUN,CYP,
TUN,CZE,
TUN,DNK,
TUN,DJI,
TUN,DMA,
TUN,DOM,
TUN,ECU,
TUN,EGY,
TUN,SLV,
TUN,GNQ,
TUN,ERI,
TUN,EST,
TUN,SWZ,
TUN,ETH,
TUN,FJI,
TUN,FIN,
TUN,FRA,
TUN,GAB,
TUN,GMB,
TUN,GEO,
TUN,DEU,
TUN,GHA,
TUN,GRC,
TUN,GRD,
TUN,GTM,
TUN,GIN,
TUN,GNB,
TUN,GUY,
TUN,HTI,
TUN,HND,
TUN,HKG,
TUN,HUN,
TUN,ISL,
TUN,IND,
TUN,IDN,
TUN,IRN,
TUN,IRQ,
TUN,IRL,
TUN,ISR,
TUN,ITA,
TUN,JAM,
TUN,JPN,
TUN,JOR,
TUN,KAZ,
TUN,KEN,
TUN,KIR,
TUN,XKX,
TUN,KWT,
TUN,KGZ,
TUN,LAO,
TUN,LVA,
TUN,LBN,
TUN,LSO,
TUN,LBR,
TUN,LBY,
TUN,LIE,
TUN,LTU,
TUN,LUX,
TUN,MAC,
TUN,MDG,
TUN,MWI,
TUN,MYS,
TUN,MDV,
TUN,MLI,
TUN,MLT,
TUN,MHL,
TUN,MRT,
TUN,MUS,
TUN,MEX,
TUN,FSM,
TUN,MDA,
TUN,MCO,
TUN,MNG,
TUN,MNE,
TUN,MAR,
TUN,MOZ,
TUN,MMR,
TUN,NAM,
TUN,NRU,
TUN,NPL,
TUN,NLD,
TUN,NZL,
TUN,NIC,
TUN,NER,
TUN,NGA,
TUN,PRK,
TUN,MKD,
TUN,NOR,
TUN,OMN,
TUN,PAK,
TUN,PLW,
TUN,PSE,
TUN,PAN,
TUN,PNG,
TUN,PRY,
TUN,PER,
TUN,PHL,
TUN,POL,
TUN,PRT,
TUN,QAT,
TUN,ROU,
TUN,RUS,
TUN,RWA,
TUN,KNA,
TUN,LCA,
TUN,WSM,
TUN,SMR,
TUN,STP,
TUN,SAU,
TUN,SEN,
TUN,SRB,
TUN,SYC,
TUN,SLE,
TUN,SGP,
TUN,SVK,
TUN,SVN,
TUN,SLB,
TUN,SOM,
TUN,ZAF,
TUN,KOR,
TUN,SSD,
TUN,ESP,
TUN,LKA,
TUN,VCT,
TUN,SDN,
TUN,SUR,
TUN,SWE,
TUN,CHE,
TUN,SYR,
TUN,TWN,
TUN,TJK,
TUN,TZA,
TUN,THA,
TUN,TLS,
TUN,TGO,
TUN,TON,
TUN,TTO,
TUN,TUN,-1
TUN,TKM,
TUN,TUV,
TUN,TUR,
TUN,UGA,
TUN,UKR,
TUN,ARE,
TUN,GBR,
TUN,USA,
TUN,URY,
TUN,UZB,
TUN,VUT,
TUN,VAT,
TUN,VEN,
TUN,VNM,
TUN,YEM,
TUN,ZMB,
TUN,ZWE,
TUN,AFG,
TUR,ALB,
TUR,DZA,
TUR,AND,
TUR,AGO,
TUR,ATG,
TUR,ARG,
TUR,ARM,
TUR,AUS,
TUR,AUT,
TUR,AZE,
TUR,BHS,
TUR,BHR,
TUR,BGD,
TUR,BRB,
TUR,BLR,
TUR,BEL,
TUR,BLZ,
TUR,BEN,
TUR,BTN,
TUR,BOL,
TUR,BIH,
TUR,BWA,
TUR,BRA,
TUR,BRN,
TUR,BGR,
TUR,BFA,
TUR,BDI,
TUR,KHM,
TUR,CMR,
TUR,CAN,
TUR,CPV,
TUR,CAF,
TUR,TCD,
TUR,CHL,
TUR,CHN,
TUR,COL,
TUR,COM,
TUR,COG,
TUR,COD,
TUR,CRI,
TUR,CIV,
TUR,HRV,
TUR,CUB,
TUR,CYP,
TUR,CZE,
TUR,DNK,
TUR,DJI,
TUR,DMA,
TUR,DOM,
TUR,ECU,
TUR,EGY,
TUR,SLV,
TUR,GNQ,
TUR,ERI,
TUR,EST,
TUR,SWZ,
TUR,ETH,
TUR,FJI,
TUR,FIN,
TUR,FRA,
TUR,GAB,
TUR,GMB,
TUR,GEO,
TUR,DEU,
TUR,GHA,
TUR,GRC,
TUR,GRD,
TUR,GTM,
TUR,GIN,
TUR,GNB,
TUR,GUY,
TUR,HTI,
TUR,HND,
TUR,HKG,
TUR,HUN,
TUR,ISL,
TUR,IND,
TUR,IDN,
TUR,IRN,
TUR,IRQ,
TUR,IRL,
TUR,ISR,
TUR,ITA,
TUR,JAM,
TUR,JPN,
TUR,JOR,
TUR,KAZ,
TUR,KEN,
TUR,KIR,
TUR,XKX,
TUR,KWT,
TUR,KGZ,
TUR,LAO,
TUR,LVA,
TUR,LBN,
TUR,LSO,
TUR,LBR,
TUR,LBY,
TUR,LIE,
TUR,LTU,
TUR,LUX,
TUR,MAC,
TUR,MDG,
TUR,MWI,
TUR,MYS,
TUR,MDV,
TUR,MLI,
TUR,MLT,
TUR,MHL,
TUR,MRT,
TUR,MUS,
TUR,MEX,
TUR,FSM,
TUR,MDA,
TUR,MCO,
TUR,MNG,
TUR,MNE,
TUR,MAR,
TUR,MOZ,
TUR,MMR,
TUR,NAM,
TUR,NRU,
TUR,NPL,
TUR,NLD,
TUR,NZL,
TUR,NIC,
TUR,NER,
TUR,NGA,
TUR,PRK,
TUR,MKD,
TUR,NOR,
TUR,OMN,
TUR,PAK,
TUR,PLW,
TUR,PSE,
TUR,PAN,
TUR,PNG,
TUR,PRY,
TUR,PER,
TUR,PHL,
TUR,POL,
TUR,PRT,
TUR,QAT,
TUR,ROU,
TUR,RUS,
TUR,RWA,
TUR,KNA,
TUR,LCA,
TUR,WSM,
TUR,SMR,
TUR,STP,
TUR,SAU,
TUR,SEN,
TUR,SRB,
TUR,SYC,
TUR,SLE,
TUR,SGP,
TUR,SVK,
TUR,SVN,
TUR,SLB,
TUR,SOM,
TUR,ZAF,
TUR,KOR,
TUR,SSD,
TUR,ESP,
TUR,LKA,
TUR,VCT,
TUR,SDN,
TUR,SUR,
TUR,SWE,
TUR,CHE,
TUR,SYR,
TUR,TWN,
TUR,TJK,
TUR,TZA,
TUR,THA,
TUR,TLS,
TUR,TGO,
TUR,TON,
TUR,TTO,
TUR,TUN,
TUR,TKM,
TUR,TUV,
TUR,TUR,-1
TUR,UGA,
TUR,UKR,
TUR,ARE,
TUR,GBR,
TUR,USA,
TUR,URY,
TUR,UZB,
TUR,VUT,
TUR,VAT,
TUR,VEN,
TUR,VNM,
TUR,YEM,
TUR,ZMB,
TUR,ZWE,
TUR,AFG,
TKM,ALB,
TKM,DZA,
TKM,AND,
TKM,AGO,
TKM,ATG,
TKM,ARG,
TKM,ARM,
TKM,AUS,
TKM,AUT,
TKM,AZE,
TKM,BHS,
TKM,BHR,
TKM,BGD,
TKM,BRB,
TKM,BLR,
TKM,BEL,
TKM,BLZ,
TKM,BEN,
TKM,BTN,
TKM,BOL,
TKM,BIH,
TKM,BWA,
TKM,BRA,
TKM,BRN,
TKM,BGR,
TKM,BFA,
TKM,BDI,
TKM,KHM,
TKM,CMR,
TKM,CAN,
TKM,CPV,
TKM,CAF,
TKM,TCD,
TKM,CHL,
TKM,CHN,
TKM,COL,
TKM,COM,
TKM,COG,
TKM,COD,
TKM,CRI,
TKM,CIV,
TKM,HRV,
TKM,CUB,
TKM,CYP,
TKM,CZE,
TKM,DNK,
TKM,DJI,
TKM,DMA,
TKM,DOM,
TKM,ECU,
TKM,EGY,
TKM,SLV,
TKM,GNQ,
TKM,ERI,
TKM,EST,
TKM,SWZ,
TKM,ETH,
TKM,FJI,
TKM,FIN,
TKM,FRA,
TKM,GAB,
TKM,GMB,
TKM,GEO,
TKM,DEU,
TKM,GHA,
TKM,GRC,
TKM,GRD,
TKM,GTM,
TKM,GIN,
TKM,GNB,
TKM,GUY,
TKM,HTI,
TKM,HND,
TKM,HKG,
TKM,HUN,
TKM,ISL,
TKM,IND,
TKM,IDN,
TKM,IRN,
TKM,IRQ,
TKM,IRL,
TKM,ISR,
TKM,ITA,
TKM,JAM,
TKM,JPN,
TKM,JOR,
TKM,KAZ,
TKM,KEN,
TKM,KIR,
TKM,XKX,
TKM,KWT,
TKM,KGZ,
TKM,LAO,
TKM,LVA,
TKM,LBN,
TKM,LSO,
TKM,LBR,
TKM,LBY,
TKM,LIE,
TKM,LTU,
TKM,LUX,
TKM,MAC,
TKM,MDG,
TKM,MWI,
TKM,MYS,
TKM,MDV,
TKM,MLI,
TKM,MLT,
TKM,MHL,
TKM,MRT,
TKM,MUS,
TKM,MEX,
TKM,FSM,
TKM,MDA,
TKM,MCO,
TKM,MNG,
TKM,MNE,
TKM,MAR,
TKM,MOZ,
TKM,MMR,
TKM,NAM,
TKM,NRU,
TKM,NPL,
TKM,NLD,
TKM,NZL,
TKM,NIC,
TKM,NER,
TKM,NGA,
TKM,PRK,
TKM,MKD,
TKM,NOR,
TKM,OMN,
TKM,PAK,
TKM,PLW,
TKM,PSE,
TKM,PAN,
TKM,PNG,
TKM,PRY,
TKM,PER,
TKM,PHL,
TKM,POL,
TKM,PRT,
TKM,QAT,
TKM,ROU,
TKM,RUS,
TKM,RWA,
TKM,KNA,
TKM,LCA,
TKM,WSM,
TKM,SMR,
TKM,STP,
TKM,SAU,
TKM,SEN,
TKM,SRB,
TKM,SYC,
TKM,SLE,
TKM,SGP,
TKM,SVK,
TKM,SVN,
TKM,SLB,
TKM,SOM,
TKM,ZAF,
TKM,KOR,
TKM,SSD,
TKM,ESP,
TKM,LKA,
TKM,VCT,
TKM,SDN,
TKM,SUR,
TKM,SWE,
TKM,CHE,
TKM,SYR,
TKM,TWN,
TKM,TJK,
TKM,TZA,
TKM,THA,
TKM,TLS,
TKM,TGO,
TKM,TON,
TKM,TTO,
TKM,TUN,
TKM,TKM,-1
TKM,TUV,
TKM,TUR,
TKM,UGA,
TKM,UKR,
TKM,ARE,
TKM,GBR,
TKM,USA,
TKM,URY,
TKM,UZB,
TKM,VUT,
TKM,VAT,
TKM,VEN,
TKM,VNM,
TKM,YEM,
TKM,ZMB,
TKM,ZWE,
TKM,AFG,
TUV,ALB,
TUV,DZA,
TUV,AND,
TUV,AGO,
TUV,ATG,
TUV,ARG,
TUV,ARM,
TUV,AUS,
TUV,AUT,
TUV,AZE,
TUV,BHS,
TUV,BHR,
TUV,BGD,
TUV,BRB,
TUV,BLR,
TUV,BEL,
TUV,BLZ,
TUV,BEN,
TUV,BTN,
TUV,BOL,
TUV,BIH,
TUV,BWA,
TUV,BRA,
TUV,BRN,
TUV,BGR,
TUV,BFA,
TUV,BDI,
TUV,KHM,
TUV,CMR,
TUV,CAN,
TUV,CPV,
TUV,CAF,
TUV,TCD,
TUV,CHL,
TUV,CHN,
TUV,COL,
TUV,COM,
TUV,COG,
TUV,COD,
TUV,CRI,
TUV,CIV,
TUV,HRV,
TUV,CUB,
TUV,CYP,
TUV,CZE,
TUV,DNK,
TUV,DJI,
TUV,DMA,
TUV,DOM,
TUV,ECU,
TUV,EGY,
TUV,SLV,
TUV,GNQ,
TUV,ERI,
TUV,EST,
TUV,SWZ,
TUV,ETH,
TUV,FJI,
TUV,FIN,
TUV,FRA,
TUV,GAB,
TUV,GMB,
TUV,GEO,
TUV,DEU,
TUV,GHA,
TUV,GRC,
TUV,GRD,
TUV,GTM,
TUV,GIN,
TUV,GNB,
TUV,GUY,
TUV,HTI,
TUV,HND,
TUV,HKG,
TUV,HUN,
TUV,ISL,
TUV,IND,
TUV,IDN,
TUV,IRN,
TUV,IRQ,
TUV,IRL,
TUV,ISR,
TUV,ITA,
TUV,JAM,
TUV,JPN,
TUV,JOR,
TUV,KAZ,
TUV,KEN,
TUV,KIR,
TUV,XKX,
TUV,KWT,
TUV,KGZ,
TUV,LAO,
TUV,LVA,
TUV,LBN,
TUV,LSO,
TUV,LBR,
TUV,LBY,
TUV,LIE,
TUV,LTU,
TUV,LUX,
TUV,MAC,
TUV,MDG,
TUV,MWI,
TUV,MYS,
TUV,MDV,
TUV,MLI,
TUV,MLT,
TUV,MHL,
TUV,MRT,
TUV,MUS,
TUV,MEX,
TUV,FSM,
TUV,MDA,
TUV,MCO,
TUV,MNG,
TUV,MNE,
TUV,MAR,
TUV,MOZ,
TUV,MMR,
TUV,NAM,
TUV,NRU,
TUV,NPL,
TUV,NLD,
TUV,NZL,
TUV,NIC,
TUV,NER,
TUV,NGA,
TUV,PRK,
TUV,MKD,
TUV,NOR,
TUV,OMN,
TUV,PAK,
TUV,PLW,
TUV,PSE,
TUV,PAN,
TUV,PNG,
TUV,PRY,
TUV,PER,
TUV,PHL,
TUV,POL,
TUV,PRT,
TUV,QAT,
TUV,ROU,
TUV,RUS,
TUV,RWA,
TUV,KNA,
TUV,LCA,
TUV,WSM,
TUV,SMR,
TUV,STP,
TUV,SAU,
TUV,SEN,
TUV,SRB,
TUV,SYC,
TUV,SLE,
TUV,SGP,
TUV,SVK,
TUV,SVN,
TUV,SLB,
TUV,SOM,
TUV,ZAF,
TUV,KOR,
TUV,SSD,
TUV,ESP,
TUV,LKA,
TUV,VCT,
TUV,SDN,
TUV,SUR,
TUV,SWE,
TUV,CHE,
TUV,SYR,
TUV,TWN,
TUV,TJK,
TUV,TZA,
TUV,THA,
TUV,TLS,
TUV,TGO,
TUV,TON,
TUV,TTO,
TUV,TUN,
TUV,TKM,
TUV,TUV,-1
TUV,TUR,
TUV,UGA,
TUV,UKR,
TUV,ARE,
TUV,GBR,
TUV,USA,
TUV,URY,
TUV,UZB,
TUV,VUT,
TUV,VAT,
TUV,VEN,
TUV,VNM,
TUV,YEM,
TUV,ZMB,
TUV,ZWE,
TUV,AFG,
UGA,ALB,
UGA,DZA,
UGA,AND,
UGA,AGO,
UGA,ATG,
UGA,ARG,
UGA,ARM,
UGA,AUS,
UGA,AUT,
UGA,AZE,
UGA,BHS,
UGA,BHR,
UGA,BGD,
UGA,BRB,
UGA,BLR,
UGA,BEL,
UGA,BLZ,
UGA,BEN,
UGA,BTN,
UGA,BOL,
UGA,BIH,
UGA,BWA,
UGA,BRA,
UGA,BRN,
UGA,BGR,
UGA,BFA,
UGA,BDI,
UGA,KHM,
UGA,CMR,
UGA,CAN,
UGA,CPV,
UGA,CAF,
UGA,TCD,
UGA,CHL,
UGA,CHN,
UGA,COL,
UGA,COM,
UGA,COG,
UGA,COD,
UGA,CRI,
UGA,CIV,
UGA,HRV,
UGA,CUB,
UGA,CYP,
UGA,CZE,
UGA,DNK,
UGA,DJI,
UGA,DMA,
UGA,DOM,
UGA,ECU,
UGA,EGY,
UGA,SLV,
UGA,GNQ,
UGA,ERI,
UGA,EST,
UGA,SWZ,
UGA,ETH,
UGA,FJI,
UGA,FIN,
UGA,FRA,
UGA,GAB,
UGA,GMB,
UGA,GEO,
UGA,DEU,
UGA,GHA,
UGA,GRC,
UGA,GRD,
UGA,GTM,
UGA,GIN,
UGA,GNB,
UGA,GUY,
UGA,HTI,
UGA,HND,
UGA,HKG,
UGA,HUN,
UGA,ISL,
UGA,IND,
UGA,IDN,
UGA,IRN,
UGA,IRQ,
UGA,IRL,
UGA,ISR,
UGA,ITA,
UGA,JAM,
UGA,JPN,
UGA,JOR,
UGA,KAZ,
UGA,KEN,
UGA,KIR,
UGA,XKX,
UGA,KWT,
UGA,KGZ,
UGA,LAO,
UGA,LVA,
UGA,LBN,
UGA,LSO,
UGA,LBR,
UGA,LBY,
UGA,LIE,
UGA,LTU,
UGA,LUX,
UGA,MAC,
UGA,MDG,
UGA,MWI,
UGA,MYS,
UGA,MDV,
UGA,MLI,
UGA,MLT,
UGA,MHL,
UGA,MRT,
UGA,MUS,
UGA,MEX,
UGA,FSM,
UGA,MDA,
UGA,MCO,
UGA,MNG,
UGA,MNE,
UGA,MAR,
UGA,MOZ,
UGA,MMR,
UGA,NAM,
UGA,NRU,
UGA,NPL,
UGA,NLD,
UGA,NZL,
UGA,NIC,
UGA,NER,
UGA,NGA,
UGA,PRK,
UGA,MKD,
UGA,NOR,
UGA,OMN,
UGA,PAK,
UGA,PLW,
UGA,PSE,
UGA,PAN,
UGA,PNG,
UGA,PRY,
UGA,PER,
UGA,PHL,
UGA,POL,
UGA,PRT,
UGA,QAT,
UGA,ROU,
UGA,RUS,
UGA,RWA,
UGA,KNA,
UGA,LCA,
UGA,WSM,
UGA,SMR,
UGA,STP,
UGA,SAU,
UGA,SEN,
UGA,SRB,
UGA,SYC,
UGA,SLE,
UGA,SGP,
UGA,SVK,
UGA,SVN,
UGA,SLB,
UGA,SOM,
UGA,ZAF,
UGA,KOR,
UGA,SSD,
UGA,ESP,
UGA,LKA,
UGA,VCT,
UGA,SDN,
UGA,SUR,
UGA,SWE,
UGA,CHE,
UGA,SYR,
UGA,TWN,
UGA,TJK,
UGA,TZA,
UGA,THA,
UGA,TLS,
UGA,TGO,
UGA,TON,
UGA,TTO,
UGA,TUN,
UGA,TKM,
UGA,TUV,
UGA,TUR,
UGA,UGA,-1
UGA,UKR,
UGA,ARE,
UGA,GBR,
UGA,USA,
UGA,URY,
UGA,UZB,
UGA,VUT,
UGA,VAT,
UGA,VEN,
UGA,VNM,
UGA,YEM,
UGA,ZMB,
UGA,ZWE,
UGA,AFG,
UKR,ALB,
UKR,DZA,
UKR,AND,
UKR,AGO,
UKR,ATG,
UKR,ARG,
UKR,ARM,
UKR,AUS,
UKR,AUT,
UKR,AZE,
UKR,BHS,
UKR,BHR,
UKR,BGD,
UKR,BRB,
UKR,BLR,
UKR,BEL,
UKR,BLZ,
UKR,BEN,
UKR,BTN,
UKR,BOL,
UKR,BIH,
UKR,BWA,
UKR,BRA,
UKR,BRN,
UKR,BGR,
UKR,BFA,
UKR,BDI,
UKR,KHM,
UKR,CMR,
UKR,CAN,
UKR,CPV,
UKR,CAF,
UKR,TCD,
UKR,CHL,
UKR,CHN,
UKR,COL,
UKR,COM,
UKR,COG,
UKR,COD,
UKR,CRI,
UKR,CIV,
UKR,HRV,
UKR,CUB,
UKR,CYP,
UKR,CZE,
UKR,DNK,
UKR,DJI,
UKR,DMA,
UKR,DOM,
UKR,ECU,
UKR,EGY,
UKR,SLV,
UKR,GNQ,
UKR,ERI,
UKR,EST,
UKR,SWZ,
UKR,ETH,
UKR,FJI,
UKR,FIN,
UKR,FRA,
UKR,GAB,
UKR,GMB,
UKR,GEO,
UKR,DEU,
UKR,GHA,
UKR,GRC,
UKR,GRD,
UKR,GTM,
UKR,GIN,
UKR,GNB,
UKR,GUY,
UKR,HTI,
UKR,HND,
UKR,HKG,
UKR,HUN,
UKR,ISL,
UKR,IND,
UKR,IDN,
UKR,IRN,
UKR,IRQ,
UKR,IRL,
UKR,ISR,
UKR,ITA,
UKR,JAM,
UKR,JPN,
UKR,JOR,
UKR,KAZ,
UKR,KEN,
UKR,KIR,
UKR,XKX,
UKR,KWT,
UKR,KGZ,
UKR,LAO,
UKR,LVA,
UKR,LBN,
UKR,LSO,
UKR,LBR,
UKR,LBY,
UKR,LIE,
UKR,LTU,
UKR,LUX,
UKR,MAC,
UKR,MDG,
UKR,MWI,
UKR,MYS,
UKR,MDV,
UKR,MLI,
UKR,MLT,
UKR,MHL,
UKR,MRT,
UKR,MUS,
UKR,MEX,
UKR,FSM,
UKR,MDA,
UKR,MCO,
UKR,MNG,
UKR,MNE,
UKR,MAR,
UKR,MOZ,
UKR,MMR,
UKR,NAM,
UKR,NRU,
UKR,NPL,
UKR,NLD,
UKR,NZL,
UKR,NIC,
UKR,NER,
UKR,NGA,
UKR,PRK,
UKR,MKD,
UKR,NOR,
UKR,OMN,
UKR,PAK,
UKR,PLW,
UKR,PSE,
UKR,PAN,
UKR,PNG,
UKR,PRY,
UKR,PER,
UKR,PHL,
UKR,POL,
UKR,PRT,
UKR,QAT,
UKR,ROU,
UKR,RUS,
UKR,RWA,
UKR,KNA,
UKR,LCA,
UKR,WSM,
UKR,SMR,
UKR,STP,
UKR,SAU,
UKR,SEN,
UKR,SRB,
UKR,SYC,
UKR,SLE,
UKR,SGP,
UKR,SVK,
UKR,SVN,
UKR,SLB,
UKR,SOM,
UKR,ZAF,
UKR,KOR,
UKR,SSD,
UKR,ESP,
UKR,LKA,
UKR,VCT,
UKR,SDN,
UKR,SUR,
UKR,SWE,
UKR,CHE,
UKR,SYR,
UKR,TWN,
UKR,TJK,
UKR,TZA,
UKR,THA,
UKR,TLS,
UKR,TGO,
UKR,TON,
UKR,TTO,
UKR,TUN,
UKR,TKM,
UKR,TUV,
UKR,TUR,
UKR,UGA,
UKR,UKR,-1
UKR,ARE,
UKR,GBR,
UKR,USA,
UKR,URY,
UKR,UZB,
UKR,VUT,
UKR,VAT,
UKR,VEN,
UKR,VNM,
UKR,YEM,
UKR,ZMB,
UKR,ZWE,
UKR,AFG,
ARE,ALB,
ARE,DZA,
ARE,AND,
ARE,AGO,
ARE,ATG,
ARE,ARG,
ARE,ARM,
ARE,AUS,
ARE,AUT,
ARE,AZE,
ARE,BHS,
ARE,BHR,
ARE,BGD,
ARE,BRB,
ARE,BLR,
ARE,BEL,
ARE,BLZ,
ARE,BEN,
ARE,BTN,
ARE,BOL,
ARE,BIH,
ARE,BWA,
ARE,BRA,
ARE,BRN,
ARE,BGR,
ARE,BFA,
ARE,BDI,
ARE,KHM,
ARE,CMR,
ARE,CAN,
ARE,CPV,
ARE,CAF,
ARE,TCD,
ARE,CHL,
ARE,CHN,
ARE,COL,
ARE,COM,
ARE,COG,
ARE,COD,
ARE,CRI,
ARE,CIV,
ARE,HRV,
ARE,CUB,
ARE,CYP,
ARE,CZE,
ARE,DNK,
ARE,DJI,
ARE,DMA,
ARE,DOM,
ARE,ECU,
ARE,EGY,
ARE,SLV,
ARE,GNQ,
ARE,ERI,
ARE,EST,
ARE,SWZ,
ARE,ETH,
ARE,FJI,
ARE,FIN,
ARE,FRA,
ARE,GAB,
ARE,GMB,
ARE,GEO,
ARE,DEU,
ARE,GHA,
ARE,GRC,
ARE,GRD,
ARE,GTM,
ARE,GIN,
ARE,GNB,
ARE,GUY,
ARE,HTI,
ARE,HND,
ARE,HKG,
ARE,HUN,
ARE,ISL,
ARE,IND,
ARE,IDN,
ARE,IRN,
ARE,IRQ,
ARE,IRL,
ARE,ISR,
ARE,ITA,
ARE,JAM,
ARE,JPN,
ARE,JOR,
ARE,KAZ,
ARE,KEN,
ARE,KIR,
ARE,XKX,
ARE,KWT,
ARE,KGZ,
ARE,LAO,
ARE,LVA,
ARE,LBN,
ARE,LSO,
ARE,LBR,
ARE,LBY,
ARE,LIE,
ARE,LTU,
ARE,LUX,
ARE,MAC,
ARE,MDG,
ARE,MWI,
ARE,MYS,
ARE,MDV,
ARE,MLI,
ARE,MLT,
ARE,MHL,
ARE,MRT,
ARE,MUS,
ARE,MEX,
ARE,FSM,
ARE,MDA,
ARE,MCO,
ARE,MNG,
ARE,MNE,
ARE,MAR,
ARE,MOZ,
ARE,MMR,
ARE,NAM,
ARE,NRU,
ARE,NPL,
ARE,NLD,
ARE,NZL,
ARE,NIC,
ARE,NER,
ARE,NGA,
ARE,PRK,
ARE,MKD,
ARE,NOR,
ARE,OMN,
ARE,PAK,
ARE,PLW,
ARE,PSE,
ARE,PAN,
ARE,PNG,
ARE,PRY,
ARE,PER,
ARE,PHL,
ARE,POL,
ARE,PRT,
ARE,QAT,
ARE,ROU,
ARE,RUS,
ARE,RWA,
ARE,KNA,
ARE,LCA,
ARE,WSM,
ARE,SMR,
ARE,STP,
ARE,SAU,
ARE,SEN,
ARE,SRB,
ARE,SYC,
ARE,SLE,
ARE,SGP,
ARE,SVK,
ARE,SVN,
ARE,SLB,
ARE,SOM,
ARE,ZAF,
ARE,KOR,
ARE,SSD,
ARE,ESP,
ARE,LKA,
ARE,VCT,
ARE,SDN,
ARE,SUR,
ARE,SWE,
ARE,CHE,
ARE,SYR,
ARE,TWN,
ARE,TJK,
ARE,TZA,
ARE,THA,
ARE,TLS,
ARE,TGO,
ARE,TON,
ARE,TTO,
ARE,TUN,
ARE,TKM,
ARE,TUV,
ARE,TUR,
ARE,UGA,
ARE,UKR,
ARE,ARE,-1
ARE,GBR,
ARE,USA,
ARE,URY,
ARE,UZB,
ARE,VUT,
ARE,VAT,
ARE,VEN,
ARE,VNM,
ARE,YEM,
ARE,ZMB,
ARE,ZWE,
ARE,AFG,
GBR,ALB,
GBR,DZA,
GBR,AND,
GBR,AGO,
GBR,ATG,
GBR,ARG,
GBR,ARM,
GBR,AUS,
GBR,AUT,
GBR,AZE,
GBR,BHS,
GBR,BHR,
GBR,BGD,
GBR,BRB,
GBR,BLR,
GBR,BEL,
GBR,BLZ,
GBR,BEN,
GBR,BTN,
GBR,BOL,
GBR,BIH,
GBR,BWA,
GBR,BRA,
GBR,BRN,
GBR,BGR,
GBR,BFA,
GBR,BDI,
GBR,KHM,
GBR,CMR,
GBR,CAN,
GBR,CPV,
GBR,CAF,
GBR,TCD,
GBR,CHL,
GBR,CHN,
GBR,COL,
GBR,COM,
GBR,COG,
GBR,COD,
GBR,CRI,
GBR,CIV,
GBR,HRV,
GBR,CUB,
GBR,CYP,
GBR,CZE,
GBR,DNK,
GBR,DJI,
GBR,DMA,
GBR,DOM,
GBR,ECU,
GBR,EGY,
GBR,SLV,
GBR,GNQ,
GBR,ERI,
GBR,EST,
GBR,SWZ,
GBR,ETH,
GBR,FJI,
GBR,FIN,
GBR,FRA,
GBR,GAB,
GBR,GMB,
GBR,GEO,
GBR,DEU,
GBR,GHA,
GBR,GRC,
GBR,GRD,
GBR,GTM,
GBR,GIN,
GBR,GNB,
GBR,GUY,
GBR,HTI,
GBR,HND,
GBR,HKG,
GBR,HUN,
GBR,ISL,
GBR,IND,
GBR,IDN,
GBR,IRN,
GBR,IRQ,
GBR,IRL,
GBR,ISR,
GBR,ITA,
GBR,JAM,
GBR,JPN,
GBR,JOR,
GBR,KAZ,
GBR,KEN,
GBR,KIR,
GBR,XKX,
GBR,KWT,
GBR,KGZ,
GBR,LAO,
GBR,LVA,
GBR,LBN,
GBR,LSO,
GBR,LBR,
GBR,LBY,
GBR,LIE,
GBR,LTU,
GBR,LUX,
GBR,MAC,
GBR,MDG,
GBR,MWI,
GBR,MYS,
GBR,MDV,
GBR,MLI,
GBR,MLT,
GBR,MHL,
GBR,MRT,
GBR,MUS,
GBR,MEX,
GBR,FSM,
GBR,MDA,
GBR,MCO,
GBR,MNG,
GBR,MNE,
GBR,MAR,
GBR,MOZ,
GBR,MMR,
GBR,NAM,
GBR,NRU,
GBR,NPL,
GBR,NLD,
GBR,NZL,
GBR,NIC,
GBR,NER,
GBR,NGA,
GBR,PRK,
GBR,MKD,
GBR,NOR,
GBR,OMN,
GBR,PAK,
GBR,PLW,
GBR,PSE,
GBR,PAN,
GBR,PNG,
GBR,PRY,
GBR,PER,
GBR,PHL,
GBR,POL,
GBR,PRT,
GBR,QAT,
GBR,ROU,
GBR,RUS,
GBR,RWA,
GBR,KNA,
GBR,LCA,
GBR,WSM,
GBR,SMR,
GBR,STP,
GBR,SAU,
GBR,SEN,
GBR,SRB,
GBR,SYC,
GBR,SLE,
GBR,SGP,
GBR,SVK,
GBR,SVN,
GBR,SLB,
GBR,SOM,
GBR,ZAF,
GBR,KOR,
GBR,SSD,
GBR,ESP,
GBR,LKA,
GBR,VCT,
GBR,SDN,
GBR,SUR,
GBR,SWE,
GBR,CHE,
GBR,SYR,
GBR,TWN,
GBR,TJK,
GBR,TZA,
GBR,THA,
GBR,TLS,
GBR,TGO,
GBR,TON,
GBR,TTO,
GBR,TUN,
GBR,TKM,
GBR,TUV,
GBR,TUR,
GBR,UGA,
GBR,UKR,
GBR,ARE,
GBR,GBR,-1
GBR,USA,
GBR,URY,
GBR,UZB,
GBR,VUT,
GBR,VAT,
GBR,VEN,
GBR,VNM,
GBR,YEM,
GBR,ZMB,
GBR,ZWE,
GBR,AFG,
USA,ALB,
USA,DZA,
USA,AND,
USA,AGO,
USA,ATG,
USA,ARG,
USA,ARM,
USA,AUS,
USA,AUT,
USA,AZE,
USA,BHS,
USA,BHR,
USA,BGD,
USA,BRB,
USA,BLR,
USA,BEL,
USA,BLZ,
USA,BEN,
USA,BTN,
USA,BOL,
USA,BIH,
USA,BWA,
USA,BRA,
USA,BRN,
USA,BGR,
USA,BFA,
USA,BDI,
USA,KHM,
USA,CMR,
USA,CAN,
USA,CPV,
USA,CAF,
USA,TCD,
USA,CHL,
USA,CHN,
USA,COL,
USA,COM,
USA,COG,
USA,COD,
USA,CRI,
USA,CIV,
USA,HRV,
USA,CUB,
USA,CYP,
USA,CZE,
USA,DNK,
USA,DJI,
USA,DMA,
USA,DOM,
USA,ECU,
USA,EGY,
USA,SLV,
USA,GNQ,
USA,ERI,
USA,EST,
USA,SWZ,
USA,ETH,
USA,FJI,
USA,FIN,
USA,FRA,
USA,GAB,
USA,GMB,
USA,GEO,
USA,DEU,
USA,GHA,
USA,GRC,
USA,GRD,
USA,GTM,
USA,GIN,
USA,GNB,
USA,GUY,
USA,HTI,
USA,HND,
USA,HKG,
USA,HUN,
USA,ISL,
USA,IND,
USA,IDN,
USA,IRN,
USA,IRQ,
USA,IRL,
USA,ISR,
USA,ITA,
USA,JAM,
USA,JPN,
USA,JOR,
USA,KAZ,
USA,KEN,
USA,KIR,
USA,XKX,
USA,KWT,
USA,KGZ,
USA,LAO,
USA,LVA,
USA,LBN,
USA,LSO,
USA,LBR,
USA,LBY,
USA,LIE,
USA,LTU,
USA,LUX,
USA,MAC,
USA,MDG,
USA,MWI,
USA,MYS,
USA,MDV,
USA,MLI,
USA,MLT,
USA,MHL,
USA,MRT,
USA,MUS,
USA,MEX,
USA,FSM,
USA,MDA,
USA,MCO,
USA,MNG,
USA,MNE,
USA,MAR,
USA,MOZ,
USA,MMR,
USA,NAM,
USA,NRU,
USA,NPL,
USA,NLD,
USA,NZL,
USA,NIC,
USA,NER,
USA,NGA,
USA,PRK,
USA,MKD,
USA,NOR,
USA,OMN,
USA,PAK,
USA,PLW,
USA,PSE,
USA,PAN,
USA,PNG,
USA,PRY,
USA,PER,
USA,PHL,
USA,POL,
USA,PRT,
USA,QAT,
USA,ROU,
USA,RUS,
USA,RWA,
USA,KNA,
USA,LCA,
USA,WSM,
USA,SMR,
USA,STP,
USA,SAU,
USA,SEN,
USA,SRB,
USA,SYC,
USA,SLE,
USA,SGP,
USA,SVK,
USA,SVN,
USA,SLB,
USA,SOM,
USA,ZAF,
USA,KOR,
USA,SSD,
USA,ESP,
USA,LKA,
USA,VCT,
USA,SDN,
USA,SUR,
USA,SWE,
USA,CHE,
USA,SYR,
USA,TWN,
USA,TJK,
USA,TZA,
USA,THA,
USA,TLS,
USA,TGO,
USA,TON,
USA,TTO,
USA,TUN,
USA,TKM,
USA,TUV,
USA,TUR,
USA,UGA,
USA,UKR,
USA,ARE,
USA,GBR,
USA,USA,-1
USA,URY,
USA,UZB,
USA,VUT,
USA,VAT,
USA,VEN,
USA,VNM,
USA,YEM,
USA,ZMB,
USA,ZWE,
USA,AFG,
URY,ALB,
URY,DZA,
URY,AND,
URY,AGO,
URY,ATG,
URY,ARG,
URY,ARM,
URY,AUS,
URY,AUT,
URY,AZE,
URY,BHS,
URY,BHR,
URY,BGD,
URY,BRB,
URY,BLR,
URY,BEL,
URY,BLZ,
URY,BEN,
URY,BTN,
URY,BOL,
URY,BIH,
URY,BWA,
URY,BRA,
URY,BRN,
URY,BGR,
URY,BFA,
URY,BDI,
URY,KHM,
URY,CMR,
URY,CAN,
URY,CPV,
URY,CAF,
URY,TCD,
URY,CHL,
URY,CHN,
URY,COL,
URY,COM,
URY,COG,
URY,COD,
URY,CRI,
URY,CIV,
URY,HRV,
URY,CUB,
URY,CYP,
URY,CZE,
URY,DNK,
URY,DJI,
URY,DMA,
URY,DOM,
URY,ECU,
URY,EGY,
URY,SLV,
URY,GNQ,
URY,ERI,
URY,EST,
URY,SWZ,
URY,ETH,
URY,FJI,
URY,FIN,
URY,FRA,
URY,GAB,
URY,GMB,
URY,GEO,
URY,DEU,
URY,GHA,
URY,GRC,
URY,GRD,
URY,GTM,
URY,GIN,
URY,GNB,
URY,GUY,
URY,HTI,
URY,HND,
URY,HKG,
URY,HUN,
URY,ISL,
URY,IND,
URY,IDN,
URY,IRN,
URY,IRQ,
URY,IRL,
URY,ISR,
URY,ITA,
URY,JAM,
URY,JPN,
URY,JOR,
URY,KAZ,
URY,KEN,
URY,KIR,
URY,XKX,
URY,KWT,
URY,KGZ,
URY,LAO,
URY,LVA,
URY,LBN,
URY,LSO,
URY,LBR,
URY,LBY,
URY,LIE,
URY,LTU,
URY,LUX,
URY,MAC,
URY,MDG,
URY,MWI,
URY,MYS,
URY,MDV,
URY,MLI,
URY,MLT,
URY,MHL,
URY,MRT,
URY,MUS,
URY,MEX,
URY,FSM,
URY,MDA,
URY,MCO,
URY,MNG,
URY,MNE,
URY,MAR,
URY,MOZ,
URY,MMR,
URY,NAM,
URY,NRU,
URY,NPL,
URY,NLD,
URY,NZL,
URY,NIC,
URY,NER,
URY,NGA,
URY,PRK,
URY,MKD,
URY,NOR,
URY,OMN,
URY,PAK,
URY,PLW,
URY,PSE,
URY,PAN,
URY,PNG,
URY,PRY,
URY,PER,
URY,PHL,
URY,POL,
URY,PRT,
URY,QAT,
URY,ROU,
URY,RUS,
URY,RWA,
URY,KNA,
URY,LCA,
URY,WSM,
URY,SMR,
URY,STP,
URY,SAU,
URY,SEN,
URY,SRB,
URY,SYC,
URY,SLE,
URY,SGP,
URY,SVK,
URY,SVN,
URY,SLB,
URY,SOM,
URY,ZAF,
URY,KOR,
URY,SSD,
URY,ESP,
URY,LKA,
URY,VCT,
URY,SDN,
URY,SUR,
URY,SWE,
URY,CHE,
URY,SYR,
URY,TWN,
URY,TJK,
URY,TZA,
URY,THA,
URY,TLS,
URY,TGO,
URY,TON,
URY,TTO,
URY,TUN,
URY,TKM,
URY,TUV,
URY,TUR,
URY,UGA,
URY,UKR,
URY,ARE,
URY,GBR,
URY,USA,
URY,URY,-1
URY,UZB,
URY,VUT,
URY,VAT,
URY,VEN,
URY,VNM,
URY,YEM,
URY,ZMB,
URY,ZWE,
URY,AFG,
UZB,ALB,
UZB,DZA,
UZB,AND,
UZB,AGO,
UZB,ATG,
UZB,ARG,
UZB,ARM,
UZB,AUS,
UZB,AUT,
UZB,AZE,
UZB,BHS,
UZB,BHR,
UZB,BGD,
UZB,BRB,
UZB,BLR,
UZB,BEL,
UZB,BLZ,
UZB,BEN,
UZB,BTN,
UZB,BOL,
UZB,BIH,
UZB,BWA,
UZB,BRA,
UZB,BRN,
UZB,BGR,
UZB,BFA,
UZB,BDI,
UZB,KHM,
UZB,CMR,
UZB,CAN,
UZB,CPV,
UZB,CAF,
UZB,TCD,
UZB,CHL,
UZB,CHN,
UZB,COL,
UZB,COM,
UZB,COG,
UZB,COD,
UZB,CRI,
UZB,CIV,
UZB,HRV,
UZB,CUB,
UZB,CYP,
UZB,CZE,
UZB,DNK,
UZB,DJI,
UZB,DMA,
UZB,DOM,
UZB,ECU,
UZB,EGY,
UZB,SLV,
UZB,GNQ,
UZB,ERI,
UZB,EST,
UZB,SWZ,
UZB,ETH,
UZB,FJI,
UZB,FIN,
UZB,FRA,
UZB,GAB,
UZB,GMB,
UZB,GEO,
UZB,DEU,
UZB,GHA,
UZB,GRC,
UZB,GRD,
UZB,GTM,
UZB,GIN,
UZB,GNB,
UZB,GUY,
UZB,HTI,
UZB,HND,
UZB,HKG,
UZB,HUN,
UZB,ISL,
UZB,IND,
UZB,IDN,
UZB,IRN,
UZB,IRQ,
UZB,IRL,
UZB,ISR,
UZB,ITA,
UZB,JAM,
UZB,JPN,
UZB,JOR,
UZB,KAZ,
UZB,KEN,
UZB,KIR,
UZB,XKX,
UZB,KWT,
UZB,KGZ,
UZB,LAO,
UZB,LVA,
UZB,LBN,
UZB,LSO,
UZB,LBR,
UZB,LBY,
UZB,LIE,
UZB,LTU,
UZB,LUX,
UZB,MAC,
UZB,MDG,
UZB,MWI,
UZB,MYS,
UZB,MDV,
UZB,MLI,
UZB,MLT,
UZB,MHL,
UZB,MRT,
UZB,MUS,
UZB,MEX,
UZB,FSM,
UZB,MDA,
UZB,MCO,
UZB,MNG,
UZB,MNE,
UZB,MAR,
UZB,MOZ,
UZB,MMR,
UZB,NAM,
UZB,NRU,
UZB,NPL,
UZB,NLD,
UZB,NZL,
UZB,NIC,
UZB,NER,
UZB,NGA,
UZB,PRK,
UZB,MKD,
UZB,NOR,
UZB,OMN,
UZB,PAK,
UZB,PLW,
UZB,PSE,
UZB,PAN,
UZB,PNG,
UZB,PRY,
UZB,PER,
UZB,PHL,
UZB,POL,
UZB,PRT,
UZB,QAT,
UZB,ROU,
UZB,RUS,
UZB,RWA,
UZB,KNA,
UZB,LCA,
UZB,WSM,
UZB,SMR,
UZB,STP,
UZB,SAU,
UZB,SEN,
UZB,SRB,
UZB,SYC,
UZB,SLE,
UZB,SGP,
UZB,SVK,
UZB,SVN,
UZB,SLB,
UZB,SOM,
UZB,ZAF,
UZB,KOR,
UZB,SSD,
UZB,ESP,
UZB,LKA,
UZB,VCT,
UZB,SDN,
UZB,SUR,
UZB,SWE,
UZB,CHE,
UZB,SYR,
UZB,TWN,
UZB,TJK,
UZB,TZA,
UZB,THA,
UZB,TLS,
UZB,TGO,
UZB,TON,
UZB,TTO,
UZB,TUN,
UZB,TKM,
UZB,TUV,
UZB,TUR,
UZB,UGA,
UZB,UKR,
UZB,ARE,
UZB,GBR,
UZB,USA,
UZB,URY,
UZB,UZB,-1
UZB,VUT,
UZB,VAT,
UZB,VEN,
UZB,VNM,
UZB,YEM,
UZB,ZMB,
UZB,ZWE,
UZB,AFG,
VUT,ALB,
VUT,DZA,
VUT,AND,
VUT,AGO,
VUT,ATG,
VUT,ARG,
VUT,ARM,
VUT,AUS,
VUT,AUT,
VUT,AZE,
VUT,BHS,
VUT,BHR,
VUT,BGD,
VUT,BRB,
VUT,BLR,
VUT,BEL,
VUT,BLZ,
VUT,BEN,
VUT,BTN,
VUT,BOL,
VUT,BIH,
VUT,BWA,
VUT,BRA,
VUT,BRN,
VUT,BGR,
VUT,BFA,
VUT,BDI,
VUT,KHM,
VUT,CMR,
VUT,CAN,
VUT,CPV,
VUT,CAF,
VUT,TCD,
VUT,CHL,
VUT,CHN,
VUT,COL,
VUT,COM,
VUT,COG,
VUT,COD,
VUT,CRI,
VUT,CIV,
VUT,HRV,
VUT,CUB,
VUT,CYP,
VUT,CZE,
VUT,DNK,
VUT,DJI,
VUT,DMA,
VUT,DOM,
VUT,ECU,
VUT,EGY,
VUT,SLV,
VUT,GNQ,
VUT,ERI,
VUT,EST,
VUT,SWZ,
VUT,ETH,
VUT,FJI,
VUT,FIN,
VUT,FRA,
VUT,GAB,
VUT,GMB,
VUT,GEO,
VUT,DEU,
VUT,GHA,
VUT,GRC,
VUT,GRD,
VUT,GTM,
VUT,GIN,
VUT,GNB,
VUT,GUY,
VUT,HTI,
VUT,HND,
VUT,HKG,
VUT,HUN,
VUT,ISL,
VUT,IND,
VUT,IDN,
VUT,IRN,
VUT,IRQ,
VUT,IRL,
VUT,ISR,
VUT,ITA,
VUT,JAM,
VUT,JPN,
VUT,JOR,
VUT,KAZ,
VUT,KEN,
VUT,KIR,
VUT,XKX,
VUT,KWT,
VUT,KGZ,
VUT,LAO,
VUT,LVA,
VUT,LBN,
VUT,LSO,
VUT,LBR,
VUT,LBY,
VUT,LIE,
VUT,LTU,
VUT,LUX,
VUT,MAC,
VUT,MDG,
VUT,MWI,
VUT,MYS,
VUT,MDV,
VUT,MLI,
VUT,MLT,
VUT,MHL,
VUT,MRT,
VUT,MUS,
VUT,MEX,
VUT,FSM,
VUT,MDA,
VUT,MCO,
VUT,MNG,
VUT,MNE,
VUT,MAR,
VUT,MOZ,
VUT,MMR,
VUT,NAM,
VUT,NRU,
VUT,NPL,
VUT,NLD,
VUT,NZL,
VUT,NIC,
VUT,NER,
VUT,NGA,
VUT,PRK,
VUT,MKD,
VUT,NOR,
VUT,OMN,
VUT,PAK,
VUT,PLW,
VUT,PSE,
VUT,PAN,
VUT,PNG,
VUT,PRY,
VUT,PER,
VUT,PHL,
VUT,POL,
VUT,PRT,
VUT,QAT,
VUT,ROU,
VUT,RUS,
VUT,RWA,
VUT,KNA,
VUT,LCA,
VUT,WSM,
VUT,SMR,
VUT,STP,
VUT,SAU,
VUT,SEN,
VUT,SRB,
VUT,SYC,
VUT,SLE,
VUT,SGP,
VUT,SVK,
VUT,SVN,
VUT,SLB,
VUT,SOM,
VUT,ZAF,
VUT,KOR,
VUT,SSD,
VUT,ESP,
VUT,LKA,
VUT,VCT,
VUT,SDN,
VUT,SUR,
VUT,SWE,
VUT,CHE,
VUT,SYR,
VUT,TWN,
VUT,TJK,
VUT,TZA,
VUT,THA,
VUT,TLS,
VUT,TGO,
VUT,TON,
VUT,TTO,
VUT,TUN,
VUT,TKM,
VUT,TUV,
VUT,TUR,
VUT,UGA,
VUT,UKR,
VUT,ARE,
VUT,GBR,
VUT,USA,
VUT,URY,
VUT,UZB,
VUT,VUT,-1
VUT,VAT,
VUT,VEN,
VUT,VNM,
VUT,YEM,
VUT,ZMB,
VUT,ZWE,
VUT,AFG,
VAT,ALB,
VAT,DZA,
VAT,AND,
VAT,AGO,
VAT,ATG,
VAT,ARG,
VAT,ARM,
VAT,AUS,
VAT,AUT,
VAT,AZE,
VAT,BHS,
VAT,BHR,
VAT,BGD,
VAT,BRB,
VAT,BLR,
VAT,BEL,
VAT,BLZ,
VAT,BEN,
VAT,BTN,
VAT,BOL,
VAT,BIH,
VAT,BWA,
VAT,BRA,
VAT,BRN,
VAT,BGR,
VAT,BFA,
VAT,BDI,
VAT,KHM,
VAT,CMR,
VAT,CAN,
VAT,CPV,
VAT,CAF,
VAT,TCD,
VAT,CHL,
VAT,CHN,
VAT,COL,
VAT,COM,
VAT,COG,
VAT,COD,
VAT,CRI,
VAT,CIV,
VAT,HRV,
VAT,CUB,
VAT,CYP,
VAT,CZE,
VAT,DNK,
VAT,DJI,
VAT,DMA,
VAT,DOM,
VAT,ECU,
VAT,EGY,
VAT,SLV,
VAT,GNQ,
VAT,ERI,
VAT,EST,
VAT,SWZ,
VAT,ETH,
VAT,FJI,
VAT,FIN,
VAT,FRA,
VAT,GAB,
VAT,GMB,
VAT,GEO,
VAT,DEU,
VAT,GHA,
VAT,GRC,
VAT,GRD,
VAT,GTM,
VAT,GIN,
VAT,GNB,
VAT,GUY,
VAT,HTI,
VAT,HND,
VAT,HKG,
VAT,HUN,
VAT,ISL,
VAT,IND,
VAT,IDN,
VAT,IRN,
VAT,IRQ,
VAT,IRL,
VAT,ISR,
VAT,ITA,
VAT,JAM,
VAT,JPN,
VAT,JOR,
VAT,KAZ,
VAT,KEN,
VAT,KIR,
VAT,XKX,
VAT,KWT,
VAT,KGZ,
VAT,LAO,
VAT,LVA,
VAT,LBN,
VAT,LSO,
VAT,LBR,
VAT,LBY,
VAT,LIE,
VAT,LTU,
VAT,LUX,
VAT,MAC,
VAT,MDG,
VAT,MWI,
VAT,MYS,
VAT,MDV,
VAT,MLI,
VAT,MLT,
VAT,MHL,
VAT,MRT,
VAT,MUS,
VAT,MEX,
VAT,FSM,
VAT,MDA,
VAT,MCO,
VAT,MNG,
VAT,MNE,
VAT,MAR,
VAT,MOZ,
VAT,MMR,
VAT,NAM,
VAT,NRU,
VAT,NPL,
VAT,NLD,
VAT,NZL,
VAT,NIC,
VAT,NER,
VAT,NGA,
VAT,PRK,
VAT,MKD,
VAT,NOR,
VAT,OMN,
VAT,PAK,
VAT,PLW,
VAT,PSE,
VAT,PAN,
VAT,PNG,
VAT,PRY,
VAT,PER,
VAT,PHL,
VAT,POL,
VAT,PRT,
VAT,QAT,
VAT,ROU,
VAT,RUS,
VAT,RWA,
VAT,KNA,
VAT,LCA,
VAT,WSM,
VAT,SMR,
VAT,STP,
VAT,SAU,
VAT,SEN,
VAT,SRB,
VAT,SYC,
VAT,SLE,
VAT,SGP,
VAT,SVK,
VAT,SVN,
VAT,SLB,
VAT,SOM,
VAT,ZAF,
VAT,KOR,
VAT,SSD,
VAT,ESP,
VAT,LKA,
VAT,VCT,
VAT,SDN,
VAT,SUR,
VAT,SWE,
VAT,CHE,
VAT,SYR,
VAT,TWN,
VAT,TJK,
VAT,TZA,
VAT,THA,
VAT,TLS,
VAT,TGO,
VAT,TON,
VAT,TTO,
VAT,TUN,
VAT,TKM,
VAT,TUV,
VAT,TUR,
VAT,UGA,
VAT,UKR,
VAT,ARE,
VAT,GBR,
VAT,USA,
VAT,URY,
VAT,UZB,
VAT,VUT,
VAT,VAT,-1
VAT,VEN,
VAT,VNM,
VAT,YEM,
VAT,ZMB,
VAT,ZWE,
VAT,AFG,
VEN,ALB,
VEN,DZA,
VEN,AND,
VEN,AGO,
VEN,ATG,
VEN,ARG,
VEN,ARM,
VEN,AUS,
VEN,AUT,
VEN,AZE,
VEN,BHS,
VEN,BHR,
VEN,BGD,
VEN,BRB,
VEN,BLR,
VEN,BEL,
VEN,BLZ,
VEN,BEN,
VEN,BTN,
VEN,BOL,
VEN,BIH,
VEN,BWA,
VEN,BRA,
VEN,BRN,
VEN,BGR,
VEN,BFA,
VEN,BDI,
VEN,KHM,
VEN,CMR,
VEN,CAN,
VEN,CPV,
VEN,CAF,
VEN,TCD,
VEN,CHL,
VEN,CHN,
VEN,COL,
VEN,COM,
VEN,COG,
VEN,COD,
VEN,CRI,
VEN,CIV,
VEN,HRV,
VEN,CUB,
VEN,CYP,
VEN,CZE,
VEN,DNK,
VEN,DJI,
VEN,DMA,
VEN,DOM,
VEN,ECU,
VEN,EGY,
VEN,SLV,
VEN,GNQ,
VEN,ERI,
VEN,EST,
VEN,SWZ,
VEN,ETH,
VEN,FJI,
VEN,FIN,
VEN,FRA,
VEN,GAB,
VEN,GMB,
VEN,GEO,
VEN,DEU,
VEN,GHA,
VEN,GRC,
VEN,GRD,
VEN,GTM,
VEN,GIN,
VEN,GNB,
VEN,GUY,
VEN,HTI,
VEN,HND,
VEN,HKG,
VEN,HUN,
VEN,ISL,
VEN,IND,
VEN,IDN,
VEN,IRN,
VEN,IRQ,
VEN,IRL,
VEN,ISR,
VEN,ITA,
VEN,JAM,
VEN,JPN,
VEN,JOR,
VEN,KAZ,
VEN,KEN,
VEN,KIR,
VEN,XKX,
VEN,KWT,
VEN,KGZ,
VEN,LAO,
VEN,LVA,
VEN,LBN,
VEN,LSO,
VEN,LBR,
VEN,LBY,
VEN,LIE,
VEN,LTU,
VEN,LUX,
VEN,MAC,
VEN,MDG,
VEN,MWI,
VEN,MYS,
VEN,MDV,
VEN,MLI,
VEN,MLT,
VEN,MHL,
VEN,MRT,
VEN,MUS,
VEN,MEX,
VEN,FSM,
VEN,MDA,
VEN,MCO,
VEN,MNG,
VEN,MNE,
VEN,MAR,
VEN,MOZ,
VEN,MMR,
VEN,NAM,
VEN,NRU,
VEN,NPL,
VEN,NLD,
VEN,NZL,
VEN,NIC,
VEN,NER,
VEN,NGA,
VEN,PRK,
VEN,MKD,
VEN,NOR,
VEN,OMN,
VEN,PAK,
VEN,PLW,
VEN,PSE,
VEN,PAN,
VEN,PNG,
VEN,PRY,
VEN,PER,
VEN,PHL,
VEN,POL,
VEN,PRT,
VEN,QAT,
VEN,ROU,
VEN,RUS,
VEN,RWA,
VEN,KNA,
VEN,LCA,
VEN,WSM,
VEN,SMR,
VEN,STP,
VEN,SAU,
VEN,SEN,
VEN,SRB,
VEN,SYC,
VEN,SLE,
VEN,SGP,
VEN,SVK,
VEN,SVN,
VEN,SLB,
VEN,SOM,
VEN,ZAF,
VEN,KOR,
VEN,SSD,
VEN,ESP,
VEN,LKA,
VEN,VCT,
VEN,SDN,
VEN,SUR,
VEN,SWE,
VEN,CHE,
VEN,SYR,
VEN,TWN,
VEN,TJK,
VEN,TZA,
VEN,THA,
VEN,TLS,
VEN,TGO,
VEN,TON,
VEN,TTO,
VEN,TUN,
VEN,TKM,
VEN,TUV,
VEN,TUR,
VEN,UGA,
VEN,UKR,
VEN,ARE,
VEN,GBR,
VEN,USA,
VEN,URY,
VEN,UZB,
VEN,VUT,
VEN,VAT,
VEN,VEN,-1
VEN,VNM,
VEN,YEM,
VEN,ZMB,
VEN,ZWE,
VEN,AFG,
VNM,ALB,
VNM,DZA,
VNM,AND,
VNM,AGO,
VNM,ATG,
VNM,ARG,
VNM,ARM,
VNM,AUS,
VNM,AUT,
VNM,AZE,
VNM,BHS,
VNM,BHR,
VNM,BGD,
VNM,BRB,
VNM,BLR,
VNM,BEL,
VNM,BLZ,
VNM,BEN,
VNM,BTN,
VNM,BOL,
VNM,BIH,
VNM,BWA,
VNM,BRA,
VNM,BRN,
VNM,BGR,
VNM,BFA,
VNM,BDI,
VNM,KHM,
VNM,CMR,
VNM,CAN,
VNM,CPV,
VNM,CAF,
VNM,TCD,
VNM,CHL,
VNM,CHN,
VNM,COL,
VNM,COM,
VNM,COG,
VNM,COD,
VNM,CRI,
VNM,CIV,
VNM,HRV,
VNM,CUB,
VNM,CYP,
VNM,CZE,
VNM,DNK,
VNM,DJI,
VNM,DMA,
VNM,DOM,
VNM,ECU,
VNM,EGY,
VNM,SLV,
VNM,GNQ,
VNM,ERI,
VNM,EST,
VNM,SWZ,
VNM,ETH,
VNM,FJI,
VNM,FIN,
VNM,FRA,
VNM,GAB,
VNM,GMB,
VNM,GEO,
VNM,DEU,
VNM,GHA,
VNM,GRC,
VNM,GRD,
VNM,GTM,
VNM,GIN,
VNM,GNB,
VNM,GUY,
VNM,HTI,
VNM,HND,
VNM,HKG,
VNM,HUN,
VNM,ISL,
VNM,IND,
VNM,IDN,
VNM,IRN,
VNM,IRQ,
VNM,IRL,
VNM,ISR,
VNM,ITA,
VNM,JAM,
VNM,JPN,
VNM,JOR,
VNM,KAZ,
VNM,KEN,
VNM,KIR,
VNM,XKX,
VNM,KWT,
VNM,KGZ,
VNM,LAO,
VNM,LVA,
VNM,LBN,
VNM,LSO,
VNM,LBR,
VNM,LBY,
VNM,LIE,
VNM,LTU,
VNM,LUX,
VNM,MAC,
VNM,MDG,
VNM,MWI,
VNM,MYS,
VNM,MDV,
VNM,MLI,
VNM,MLT,
VNM,MHL,
VNM,MRT,
VNM,MUS,
VNM,MEX,
VNM,FSM,
VNM,MDA,
VNM,MCO,
VNM,MNG,
VNM,MNE,
VNM,MAR,
VNM,MOZ,
VNM,MMR,
VNM,NAM,
VNM,NRU,
VNM,NPL,
VNM,NLD,
VNM,NZL,
VNM,NIC,
VNM,NER,
VNM,NGA,
VNM,PRK,
VNM,MKD,
VNM,NOR,
VNM,OMN,
VNM,PAK,
VNM,PLW,
VNM,PSE,
VNM,PAN,
VNM,PNG,
VNM,PRY,
VNM,PER,
VNM,PHL,
VNM,POL,
VNM,PRT,
VNM,QAT,
VNM,ROU,
VNM,RUS,
VNM,RWA,
VNM,KNA,
VNM,LCA,
VNM,WSM,
VNM,SMR,
VNM,STP,
VNM,SAU,
VNM,SEN,
VNM,SRB,
VNM,SYC,
VNM,SLE,
VNM,SGP,
VNM,SVK,
VNM,SVN,
VNM,SLB,
VNM,SOM,
VNM,ZAF,
VNM,KOR,
VNM,SSD,
VNM,ESP,
VNM,LKA,
VNM,VCT,
VNM,SDN,
VNM,SUR,
VNM,SWE,
VNM,CHE,
VNM,SYR,
VNM,TWN,
VNM,TJK,
VNM,TZA,
VNM,THA,
VNM,TLS,
VNM,TGO,
VNM,TON,
VNM,TTO,
VNM,TUN,
VNM,TKM,
VNM,TUV,
VNM,TUR,
VNM,UGA,
VNM,UKR,
VNM,ARE,
VNM,GBR,
VNM,USA,
VNM,URY,
VNM,UZB,
VNM,VUT,
VNM,VAT,
VNM,VEN,
VNM,VNM,-1
VNM,YEM,
VNM,ZMB,
VNM,ZWE,
VNM,AFG,
YEM,ALB,
YEM,DZA,
YEM,AND,
YEM,AGO,
YEM,ATG,
YEM,ARG,
YEM,ARM,
YEM,AUS,
YEM,AUT,
YEM,AZE,
YEM,BHS,
YEM,BHR,
YEM,BGD,
YEM,BRB,
YEM,BLR,
YEM,BEL,
YEM,BLZ,
YEM,BEN,
YEM,BTN,
YEM,BOL,
YEM,BIH,
YEM,BWA,
YEM,BRA,
YEM,BRN,
YEM,BGR,
YEM,BFA,
YEM,BDI,
YEM,KHM,
YEM,CMR,
YEM,CAN,
YEM,CPV,
YEM,CAF,
YEM,TCD,
YEM,CHL,
YEM,CHN,
YEM,COL,
YEM,COM,
YEM,COG,
YEM,COD,
YEM,CRI,
YEM,CIV,
YEM,HRV,
YEM,CUB,
YEM,CYP,
YEM,CZE,
YEM,DNK,
YEM,DJI,
YEM,DMA,
YEM,DOM,
YEM,ECU,
YEM,EGY,
YEM,SLV,
YEM,GNQ,
YEM,ERI,
YEM,EST,
YEM,SWZ,
YEM,ETH,
YEM,FJI,
YEM,FIN,
YEM,FRA,
YEM,GAB,
YEM,GMB,
YEM,GEO,
YEM,DEU,
YEM,GHA,
YEM,GRC,
YEM,GRD,
YEM,GTM,
YEM,GIN,
YEM,GNB,
YEM,GUY,
YEM,HTI,
YEM,HND,
YEM,HKG,
YEM,HUN,
YEM,ISL,
YEM,IND,
YEM,IDN,
YEM,IRN,
YEM,IRQ,
YEM,IRL,
YEM,ISR,
YEM,ITA,
YEM,JAM,
YEM,JPN,
YEM,JOR,
YEM,KAZ,
YEM,KEN,
YEM,KIR,
YEM,XKX,
YEM,KWT,
YEM,KGZ,
YEM,LAO,
YEM,LVA,
YEM,LBN,
YEM,LSO,
YEM,LBR,
YEM,LBY,
YEM,LIE,
YEM,LTU,
YEM,LUX,
YEM,MAC,
YEM,MDG,
YEM,MWI,
YEM,MYS,
YEM,MDV,
YEM,MLI,
YEM,MLT,
YEM,MHL,
YEM,MRT,
YEM,MUS,
YEM,MEX,
YEM,FSM,
YEM,MDA,
YEM,MCO,
YEM,MNG,
YEM,MNE,
YEM,MAR,
YEM,MOZ,
YEM,MMR,
YEM,NAM,
YEM,NRU,
YEM,NPL,
YEM,NLD,
YEM,NZL,
YEM,NIC,
YEM,NER,
YEM,NGA,
YEM,PRK,
YEM,MKD,
YEM,NOR,
YEM,OMN,
YEM,PAK,
YEM,PLW,
YEM,PSE,
YEM,PAN,
YEM,PNG,
YEM,PRY,
YEM,PER,
YEM,PHL,
YEM,POL,
YEM,PRT,
YEM,QAT,
YEM,ROU,
YEM,RUS,
YEM,RWA,
YEM,KNA,
YEM,LCA,
YEM,WSM,
YEM,SMR,
YEM,STP,
YEM,SAU,
YEM,SEN,
YEM,SRB,
YEM,SYC,
YEM,SLE,
YEM,SGP,
YEM,SVK,
YEM,SVN,
YEM,SLB,
YEM,SOM,
YEM,ZAF,
YEM,KOR,
YEM,SSD,
YEM,ESP,
YEM,LKA,
YEM,VCT,
YEM,SDN,
YEM,SUR,
YEM,SWE,
YEM,CHE,
YEM,SYR,
YEM,TWN,
YEM,TJK,
YEM,TZA,
YEM,THA,
YEM,TLS,
YEM,TGO,
YEM,TON,
YEM,TTO,
YEM,TUN,
YEM,TKM,
YEM,TUV,
YEM,TUR,
YEM,UGA,
YEM,UKR,
YEM,ARE,
YEM,GBR,
YEM,USA,
YEM,URY,
YEM,UZB,
YEM,VUT,
YEM,VAT,
YEM,VEN,
YEM,VNM,
YEM,YEM,-1
YEM,ZMB,
YEM,ZWE,
YEM,AFG,
ZMB,ALB,
ZMB,DZA,
ZMB,AND,
ZMB,AGO,
ZMB,ATG,
ZMB,ARG,
ZMB,ARM,
ZMB,AUS,
ZMB,AUT,
ZMB,AZE,
ZMB,BHS,
ZMB,BHR,
ZMB,BGD,
ZMB,BRB,
ZMB,BLR,
ZMB,BEL,
ZMB,BLZ,
ZMB,BEN,
ZMB,BTN,
ZMB,BOL,
ZMB,BIH,
ZMB,BWA,
ZMB,BRA,
ZMB,BRN,
ZMB,BGR,
ZMB,BFA,
ZMB,BDI,
ZMB,KHM,
ZMB,CMR,
ZMB,CAN,
ZMB,CPV,
ZMB,CAF,
ZMB,TCD,
ZMB,CHL,
ZMB,CHN,
ZMB,COL,
ZMB,COM,
ZMB,COG,
ZMB,COD,
ZMB,CRI,
ZMB,CIV,
ZMB,HRV,
ZMB,CUB,
ZMB,CYP,
ZMB,CZE,
ZMB,DNK,
ZMB,DJI,
ZMB,DMA,
ZMB,DOM,
ZMB,ECU,
ZMB,EGY,
ZMB,SLV,
ZMB,GNQ,
ZMB,ERI,
ZMB,EST,
ZMB,SWZ,
ZMB,ETH,
ZMB,FJI,
ZMB,FIN,
ZMB,FRA,
ZMB,GAB,
ZMB,GMB,
ZMB,GEO,
ZMB,DEU,
ZMB,GHA,
ZMB,GRC,
ZMB,GRD,
ZMB,GTM,
ZMB,GIN,
ZMB,GNB,
ZMB,GUY,
ZMB,HTI,
ZMB,HND,
ZMB,HKG,
ZMB,HUN,
ZMB,ISL,
ZMB,IND,
ZMB,IDN,
ZMB,IRN,
ZMB,IRQ,
ZMB,IRL,
ZMB,ISR,
ZMB,ITA,
ZMB,JAM,
ZMB,JPN,
ZMB,JOR,
ZMB,KAZ,
ZMB,KEN,
ZMB,KIR,
ZMB,XKX,
ZMB,KWT,
ZMB,KGZ,
ZMB,LAO,
ZMB,LVA,
ZMB,LBN,
ZMB,LSO,
ZMB,LBR,
ZMB,LBY,
ZMB,LIE,
ZMB,LTU,
ZMB,LUX,
ZMB,MAC,
ZMB,MDG,
ZMB,MWI,
ZMB,MYS,
ZMB,MDV,
ZMB,MLI,
ZMB,MLT,
ZMB,MHL,
ZMB,MRT,
ZMB,MUS,
ZMB,MEX,
ZMB,FSM,
ZMB,MDA,
ZMB,MCO,
ZMB,MNG,
ZMB,MNE,
ZMB,MAR,
ZMB,MOZ,
ZMB,MMR,
ZMB,NAM,
ZMB,NRU,
ZMB,NPL,
ZMB,NLD,
ZMB,NZL,
ZMB,NIC,
ZMB,NER,
ZMB,NGA,
ZMB,PRK,
ZMB,MKD,
ZMB,NOR,
ZMB,OMN,
ZMB,PAK,
ZMB,PLW,
ZMB,PSE,
ZMB,PAN,
ZMB,PNG,
ZMB,PRY,
ZMB,PER,
ZMB,PHL,
ZMB,POL,
ZMB,PRT,
ZMB,QAT,
ZMB,ROU,
ZMB,RUS,
ZMB,RWA,
ZMB,KNA,
ZMB,LCA,
ZMB,WSM,
ZMB,SMR,
ZMB,STP,
ZMB,SAU,
ZMB,SEN,
ZMB,SRB,
ZMB,SYC,
ZMB,SLE,
ZMB,SGP,
ZMB,SVK,
ZMB,SVN,
ZMB,SLB,
ZMB,SOM,
ZMB,ZAF,
ZMB,KOR,
ZMB,SSD,
ZMB,ESP,
ZMB,LKA,
ZMB,VCT,
ZMB,SDN,
ZMB,SUR,
ZMB,SWE,
ZMB,CHE,
ZMB,SYR,
ZMB,TWN,
ZMB,TJK,
ZMB,TZA,
ZMB,THA,
ZMB,TLS,
ZMB,TGO,
ZMB,TON,
ZMB,TTO,
ZMB,TUN,
ZMB,TKM,
ZMB,TUV,
ZMB,TUR,
ZMB,UGA,
ZMB,UKR,
ZMB,ARE,
ZMB,GBR,
ZMB,USA,
ZMB,URY,
ZMB,UZB,
ZMB,VUT,
ZMB,VAT,
ZMB,VEN,
ZMB,VNM,
ZMB,YEM,
ZMB,ZMB,-1
ZMB,ZWE,
ZMB,AFG,
ZWE,ALB,
ZWE,DZA,
ZWE,AND,
ZWE,AGO,
ZWE,ATG,
ZWE,ARG,
ZWE,ARM,
ZWE,AUS,
ZWE,AUT,
ZWE,AZE,
ZWE,BHS,
ZWE,BHR,
ZWE,BGD,
ZWE,BRB,
ZWE,BLR,
ZWE,BEL,
ZWE,BLZ,
ZWE,BEN,
ZWE,BTN,
ZWE,BOL,
ZWE,BIH,
ZWE,BWA,
ZWE,BRA,
ZWE,BRN,
ZWE,BGR,
ZWE,BFA,
ZWE,BDI,
ZWE,KHM,
ZWE,CMR,
ZWE,CAN,
ZWE,CPV,
ZWE,CAF,
ZWE,TCD,
ZWE,CHL,
ZWE,CHN,
ZWE,COL,
ZWE,COM,
ZWE,COG,
ZWE,COD,
ZWE,CRI,
ZWE,CIV,
ZWE,HRV,
ZWE,CUB,
ZWE,CYP,
ZWE,CZE,
ZWE,DNK,
ZWE,DJI,
ZWE,DMA,
ZWE,DOM,
ZWE,ECU,
ZWE,EGY,
ZWE,SLV,
ZWE,GNQ,
ZWE,ERI,
ZWE,EST,
ZWE,SWZ,
ZWE,ETH,
ZWE,FJI,
ZWE,FIN,
ZWE,FRA,
ZWE,GAB,
ZWE,GMB,
ZWE,GEO,
ZWE,DEU,
ZWE,GHA,
ZWE,GRC,
ZWE,GRD,
ZWE,GTM,
ZWE,GIN,
ZWE,GNB,
ZWE,GUY,
ZWE,HTI,
ZWE,HND,
ZWE,HKG,
ZWE,HUN,
ZWE,ISL,
ZWE,IND,
ZWE,IDN,
ZWE,IRN,
ZWE,IRQ,
ZWE,IRL,
ZWE,ISR,
ZWE,ITA,
ZWE,JAM,
ZWE,JPN,
ZWE,JOR,
ZWE,KAZ,
ZWE,KEN,
ZWE,KIR,
ZWE,XKX,
ZWE,KWT,
ZWE,KGZ,
ZWE,LAO,
ZWE,LVA,
ZWE,LBN,
ZWE,LSO,
ZWE,LBR,
ZWE,LBY,
ZWE,LIE,
ZWE,LTU,
ZWE,LUX,
ZWE,MAC,
ZWE,MDG,
ZWE,MWI,
ZWE,MYS,
ZWE,MDV,
ZWE,MLI,
ZWE,MLT,
ZWE,MHL,
ZWE,MRT,
ZWE,MUS,
ZWE,MEX,
ZWE,FSM,
ZWE,MDA,
ZWE,MCO,
ZWE,MNG,
ZWE,MNE,
ZWE,MAR,
ZWE,MOZ,
ZWE,MMR,
ZWE,NAM,
ZWE,NRU,
ZWE,NPL,
ZWE,NLD,
ZWE,NZL,
ZWE,NIC,
ZWE,NER,
ZWE,NGA,
ZWE,PRK,
ZWE,MKD,
ZWE,NOR,
ZWE,OMN,
ZWE,PAK,
ZWE,PLW,
ZWE,PSE,
ZWE,PAN,
ZWE,PNG,
ZWE,PRY,
ZWE,PER,
ZWE,PHL,
ZWE,POL,
ZWE,PRT,
ZWE,QAT,
ZWE,ROU,
ZWE,RUS,
ZWE,RWA,
ZWE,KNA,
ZWE,LCA,
ZWE,WSM,
ZWE,SMR,
ZWE,STP,
ZWE,SAU,
ZWE,SEN,
ZWE,SRB,
ZWE,SYC,
ZWE,SLE,
ZWE,SGP,
ZWE,SVK,
ZWE,SVN,
ZWE,SLB,
ZWE,SOM,
ZWE,ZAF,
ZWE,KOR,
ZWE,SSD,
ZWE,ESP,
ZWE,LKA,
ZWE,VCT,
ZWE,SDN,
ZWE,SUR,
ZWE,SWE,
ZWE,CHE,
ZWE,SYR,
ZWE,TWN,
ZWE,TJK,
ZWE,TZA,
ZWE,THA,
ZWE,TLS,
ZWE,TGO,
ZWE,TON,
ZWE,TTO,
ZWE,TUN,
ZWE,TKM,
ZWE,TUV,
ZWE,TUR,
ZWE,UGA,
ZWE,UKR,
ZWE,ARE,
ZWE,GBR,
ZWE,USA,
ZWE,URY,
ZWE,UZB,
ZWE,VUT,
ZWE,VAT,
ZWE,VEN,
ZWE,VNM,
ZWE,YEM,
ZWE,ZMB,
ZWE,ZWE,-1
ZWE,AFG,
